
/workdir/out/ab1623m_evk/hid_ref_mouse_m20_pro/hid_device_ref_design_mouse/riscv/mouse_ref_design/hid_ref_mouse_m20_pro/mouse_ref_design.elf:     file format elf32-littleriscv
architecture: riscv:rv32, flags 0x00000112:
EXEC_P, HAS_SYMS, D_PAGED
start address 0x84064080

Sections:
Idx Name          Size      VMA       LMA       File off  Algn
  0 .vectors      00000098  84064000  84064000  00003000  2**0
                  CONTENTS, ALLOC, LOAD, READONLY, CODE
  1 .text         00006cda  840640a0  840640a0  000030a0  2**4
                  CONTENTS, ALLOC, LOAD, READONLY, CODE
  2 .rodata       000003f4  8406ad7c  8406ad7c  00009d7c  2**2
                  CONTENTS, ALLOC, LOAD, DATA
  3 .data         00000094  8406b170  8406b170  0000a170  2**2
                  CONTENTS, ALLOC, LOAD, DATA
  4 .tcm_rwdata."/workdir/airoha/risc-v/drivers/chip/ab162x/src/hal_eint_internal.c".73 00000004  8406b204  8406b204  0000a204  2**2
                  CONTENTS, ALLOC, LOAD, DATA
  5 .bss          0000079c  8406b208  8406b208  0000a208  2**2
                  ALLOC
  6 .stack        00000000  8406ba00  8406ba00  0000a208  2**0
                  CONTENTS
  7 .system_stack 00000000  8406bc00  8406bc00  0000a208  2**0
                  CONTENTS
  8 .cross_core_zi_data 00001f54  0400e580  0400e580  00000580  2**4
                  ALLOC
  9 .log_str      0000119a  06000000  06000000  00001000  2**2
                  CONTENTS, ALLOC, LOAD, READONLY, DATA
 10 .debug_info   000310ee  00000000  00000000  0000a208  2**0
                  CONTENTS, READONLY, DEBUGGING, OCTETS
 11 .debug_abbrev 000099b5  00000000  00000000  0003b2f6  2**0
                  CONTENTS, READONLY, DEBUGGING, OCTETS
 12 .debug_loclists 0000cf7c  00000000  00000000  00044cab  2**0
                  CONTENTS, READONLY, DEBUGGING, OCTETS
 13 .debug_aranges 00001b58  00000000  00000000  00051c28  2**3
                  CONTENTS, READONLY, DEBUGGING, OCTETS
 14 .debug_rnglists 00001c21  00000000  00000000  00053780  2**0
                  CONTENTS, READONLY, DEBUGGING, OCTETS
 15 .debug_line   00025cee  00000000  00000000  000553a1  2**0
                  CONTENTS, READONLY, DEBUGGING, OCTETS
 16 .debug_str    00010fea  00000000  00000000  0007b08f  2**0
                  CONTENTS, READONLY, DEBUGGING, OCTETS
 17 .debug_line_str 0000208a  00000000  00000000  0008c079  2**0
                  CONTENTS, READONLY, DEBUGGING, OCTETS
 18 .comment      00000033  00000000  00000000  0008e103  2**0
                  CONTENTS, READONLY
 19 .riscv.attributes 0000003a  00000000  00000000  0008e136  2**0
                  CONTENTS, READONLY
 20 .debug_frame  00004b68  00000000  00000000  0008e170  2**2
                  CONTENTS, READONLY, DEBUGGING, OCTETS

Disassembly of section .vectors:

84064000 <_vectors_start>:
84064000:	2400006f          	j	84064240 <aiorha_exc_handler>
84064004:	14c0006f          	j	84064150 <airoha_int_handler>
84064008:	1480006f          	j	84064150 <airoha_int_handler>
8406400c:	1440006f          	j	84064150 <airoha_int_handler>
84064010:	1400006f          	j	84064150 <airoha_int_handler>
84064014:	13c0006f          	j	84064150 <airoha_int_handler>
84064018:	1380006f          	j	84064150 <airoha_int_handler>
8406401c:	1340006f          	j	84064150 <airoha_int_handler>
84064020:	1300006f          	j	84064150 <airoha_int_handler>
84064024:	12c0006f          	j	84064150 <airoha_int_handler>
84064028:	1280006f          	j	84064150 <airoha_int_handler>
8406402c:	1240006f          	j	84064150 <airoha_int_handler>
84064030:	1200006f          	j	84064150 <airoha_int_handler>
84064034:	11c0006f          	j	84064150 <airoha_int_handler>
84064038:	1180006f          	j	84064150 <airoha_int_handler>
8406403c:	1140006f          	j	84064150 <airoha_int_handler>
84064040:	1100006f          	j	84064150 <airoha_int_handler>
84064044:	10c0006f          	j	84064150 <airoha_int_handler>
84064048:	1080006f          	j	84064150 <airoha_int_handler>
8406404c:	1040006f          	j	84064150 <airoha_int_handler>
84064050:	1000006f          	j	84064150 <airoha_int_handler>
84064054:	0fc0006f          	j	84064150 <airoha_int_handler>
84064058:	0f80006f          	j	84064150 <airoha_int_handler>
8406405c:	0f40006f          	j	84064150 <airoha_int_handler>
84064060:	0f00006f          	j	84064150 <airoha_int_handler>
84064064:	0ec0006f          	j	84064150 <airoha_int_handler>
84064068:	0e80006f          	j	84064150 <airoha_int_handler>
8406406c:	0e40006f          	j	84064150 <airoha_int_handler>
84064070:	0e00006f          	j	84064150 <airoha_int_handler>
84064074:	0dc0006f          	j	84064150 <airoha_int_handler>
84064078:	0d80006f          	j	84064150 <airoha_int_handler>
8406407c:	1c40006f          	j	84064240 <aiorha_exc_handler>
84064080:	0200006f          	j	840640a0 <_text_start>

84064084 <fix_data_init>:
84064084:	0041d863          	bge	gp,tp,84064094 <fix_data_init_end>
84064088:	0051a023          	sw	t0,0(gp)
8406408c:	00418193          	add	gp,gp,4
84064090:	ff5ff06f          	j	84064084 <fix_data_init>

84064094 <fix_data_init_end>:
84064094:	00008067          	ret

Disassembly of section .text:

840640a0 <_text_start>:
840640a0:	00000093          	li	ra,0
840640a4:	00000113          	li	sp,0
840640a8:	00000193          	li	gp,0
840640ac:	00000213          	li	tp,0
840640b0:	00000293          	li	t0,0
840640b4:	00000313          	li	t1,0
840640b8:	00000393          	li	t2,0
840640bc:	00000413          	li	s0,0
840640c0:	00000493          	li	s1,0
840640c4:	00000513          	li	a0,0
840640c8:	00000593          	li	a1,0
840640cc:	00000613          	li	a2,0
840640d0:	00000693          	li	a3,0
840640d4:	00000713          	li	a4,0
840640d8:	00000793          	li	a5,0
840640dc:	00008117          	auipc	sp,0x8
840640e0:	b2410113          	add	sp,sp,-1244 # 8406bc00 <_isr_stack_begin>

840640e4 <_start>:
840640e4:	00007197          	auipc	gp,0x7
840640e8:	12418193          	add	gp,gp,292 # 8406b208 <risv_app_sleep_lock_status>
840640ec:	00008217          	auipc	tp,0x8
840640f0:	8b820213          	add	tp,tp,-1864 # 8406b9a4 <__fp_pattern_ram_free_begin>
840640f4:	0041d763          	bge	gp,tp,84064102 <zero_loop_end>

840640f8 <zero_loop>:
840640f8:	0001a023          	sw	zero,0(gp)
840640fc:	0191                	add	gp,gp,4
840640fe:	fe325de3          	bge	tp,gp,840640f8 <zero_loop>

84064102 <zero_loop_end>:
84064102:	a5a5a2b7          	lui	t0,0xa5a5a
84064106:	5a528293          	add	t0,t0,1445 # a5a5a5a5 <_isr_stack_end+0x219ee5a5>
8406410a:	00008197          	auipc	gp,0x8
8406410e:	af618193          	add	gp,gp,-1290 # 8406bc00 <_isr_stack_begin>
84064112:	00008217          	auipc	tp,0x8
84064116:	eee20213          	add	tp,tp,-274 # 8406c000 <_isr_stack_end>
8406411a:	f6bff0ef          	jal	84064084 <fix_data_init>
8406411e:	00008197          	auipc	gp,0x8
84064122:	8e218193          	add	gp,gp,-1822 # 8406ba00 <__fp_pattern_ram_free_end>
84064126:	00008217          	auipc	tp,0x8
8406412a:	ada20213          	add	tp,tp,-1318 # 8406bc00 <_isr_stack_begin>
8406412e:	f57ff0ef          	jal	84064084 <fix_data_init>

84064132 <main_entry>:
84064132:	4501                	li	a0,0
84064134:	4581                	li	a1,0
84064136:	5ca000ef          	jal	84064700 <main>
8406413a:	a001                	j	8406413a <main_entry+0x8>
	...

84064150 <airoha_int_handler>:
84064150:	fb810113          	add	sp,sp,-72
84064154:	c006                	sw	ra,0(sp)
84064156:	c40e                	sw	gp,8(sp)
84064158:	c612                	sw	tp,12(sp)
8406415a:	c816                	sw	t0,16(sp)
8406415c:	ca1a                	sw	t1,20(sp)
8406415e:	cc1e                	sw	t2,24(sp)
84064160:	ce22                	sw	s0,28(sp)
84064162:	d026                	sw	s1,32(sp)
84064164:	d22a                	sw	a0,36(sp)
84064166:	d42e                	sw	a1,40(sp)
84064168:	d632                	sw	a2,44(sp)
8406416a:	d836                	sw	a3,48(sp)
8406416c:	da3a                	sw	a4,52(sp)
8406416e:	dc3e                	sw	a5,56(sp)
84064170:	341021f3          	csrr	gp,mepc
84064174:	30002273          	csrr	tp,mstatus
84064178:	304022f3          	csrr	t0,mie
8406417c:	de0e                	sw	gp,60(sp)
8406417e:	c092                	sw	tp,64(sp)
84064180:	c296                	sw	t0,68(sp)
84064182:	00007197          	auipc	gp,0x7
84064186:	1da18193          	add	gp,gp,474 # 8406b35c <exception_interrupt_nesting_flag>
8406418a:	0001a203          	lw	tp,0(gp)
8406418e:	00021c63          	bnez	tp,840641a6 <not_first_time_entry>
84064192:	00007317          	auipc	t1,0x7
84064196:	1c630313          	add	t1,t1,454 # 8406b358 <exception_thread_sp>
8406419a:	00232023          	sw	sp,0(t1)
8406419e:	00008117          	auipc	sp,0x8
840641a2:	e6210113          	add	sp,sp,-414 # 8406c000 <_isr_stack_end>

840641a6 <not_first_time_entry>:
840641a6:	0205                	add	tp,tp,1 # 1 <_min_stack+0x1>
840641a8:	0041a023          	sw	tp,0(gp)
840641ac:	34202373          	csrr	t1,mcause
840641b0:	800003b7          	lui	t2,0x80000
840641b4:	13fd                	add	t2,t2,-1 # 7fffffff <__log_strings_end+0x79ffee65>
840641b6:	00737333          	and	t1,t1,t2
840641ba:	0305                	add	t1,t1,1
840641bc:	4385                	li	t2,1
840641be:	00639333          	sll	t1,t2,t1
840641c2:	137d                	add	t1,t1,-1
840641c4:	fff34313          	not	t1,t1
840641c8:	0062f2b3          	and	t0,t0,t1
840641cc:	30429073          	csrw	mie,t0
840641d0:	30046073          	csrs	mstatus,8
840641d4:	0f1050ef          	jal	84069ac4 <isrC_main>
840641d8:	30047073          	csrc	mstatus,8
840641dc:	00007197          	auipc	gp,0x7
840641e0:	18018193          	add	gp,gp,384 # 8406b35c <exception_interrupt_nesting_flag>
840641e4:	0001a203          	lw	tp,0(gp)
840641e8:	127d                	add	tp,tp,-1 # ffffffff <_isr_stack_end+0x7bf93fff>
840641ea:	0041a023          	sw	tp,0(gp)
840641ee:	00021863          	bnez	tp,840641fe <not_first_time_exit>
840641f2:	00007317          	auipc	t1,0x7
840641f6:	16630313          	add	t1,t1,358 # 8406b358 <exception_thread_sp>
840641fa:	00032103          	lw	sp,0(t1)

840641fe <not_first_time_exit>:
840641fe:	4296                	lw	t0,68(sp)
84064200:	4206                	lw	tp,64(sp)
84064202:	51f2                	lw	gp,60(sp)
84064204:	30429073          	csrw	mie,t0
84064208:	30021073          	csrw	mstatus,tp
8406420c:	34119073          	csrw	mepc,gp
84064210:	57e2                	lw	a5,56(sp)
84064212:	5752                	lw	a4,52(sp)
84064214:	56c2                	lw	a3,48(sp)
84064216:	5632                	lw	a2,44(sp)
84064218:	55a2                	lw	a1,40(sp)
8406421a:	5512                	lw	a0,36(sp)
8406421c:	5482                	lw	s1,32(sp)
8406421e:	4472                	lw	s0,28(sp)
84064220:	43e2                	lw	t2,24(sp)
84064222:	4352                	lw	t1,20(sp)
84064224:	42c2                	lw	t0,16(sp)
84064226:	4232                	lw	tp,12(sp)
84064228:	41a2                	lw	gp,8(sp)
8406422a:	4082                	lw	ra,0(sp)
8406422c:	04810113          	add	sp,sp,72
84064230:	30200073          	mret
84064234:	00000013          	nop
84064238:	00000013          	nop
8406423c:	00000013          	nop

84064240 <aiorha_exc_handler>:
84064240:	34019073          	csrw	mscratch,gp
84064244:	00007197          	auipc	gp,0x7
84064248:	f6c18193          	add	gp,gp,-148 # 8406b1b0 <exception_context_regs_ptr>
8406424c:	0001a183          	lw	gp,0(gp)
84064250:	0011a023          	sw	ra,0(gp)
84064254:	0021a223          	sw	sp,4(gp)
84064258:	0041a623          	sw	tp,12(gp)
8406425c:	0051a823          	sw	t0,16(gp)
84064260:	0061aa23          	sw	t1,20(gp)
84064264:	0071ac23          	sw	t2,24(gp)
84064268:	0081ae23          	sw	s0,28(gp)
8406426c:	0291a023          	sw	s1,32(gp)
84064270:	02a1a223          	sw	a0,36(gp)
84064274:	02b1a423          	sw	a1,40(gp)
84064278:	02c1a623          	sw	a2,44(gp)
8406427c:	02d1a823          	sw	a3,48(gp)
84064280:	02e1aa23          	sw	a4,52(gp)
84064284:	02f1ac23          	sw	a5,56(gp)
84064288:	34102273          	csrr	tp,mepc
8406428c:	300022f3          	csrr	t0,mstatus
84064290:	30402373          	csrr	t1,mie
84064294:	340023f3          	csrr	t2,mscratch
84064298:	34202473          	csrr	s0,mcause
8406429c:	343024f3          	csrr	s1,mtval
840642a0:	0241ae23          	sw	tp,60(gp)
840642a4:	0451a023          	sw	t0,64(gp)
840642a8:	0461a223          	sw	t1,68(gp)
840642ac:	0071a423          	sw	t2,8(gp)
840642b0:	0481a423          	sw	s0,72(gp)
840642b4:	0491a623          	sw	s1,76(gp)
840642b8:	00007317          	auipc	t1,0x7
840642bc:	ef430313          	add	t1,t1,-268 # 8406b1ac <exception_stack_ptr>
840642c0:	00032103          	lw	sp,0(t1)
840642c4:	5db0506f          	j	8406a09e <exception_fault_handler>
	...

840642d0 <__mulsi3>:
840642d0:	862a                	mv	a2,a0
840642d2:	4501                	li	a0,0
840642d4:	0015f693          	and	a3,a1,1
840642d8:	c291                	beqz	a3,840642dc <__mulsi3+0xc>
840642da:	9532                	add	a0,a0,a2
840642dc:	8185                	srl	a1,a1,0x1
840642de:	0606                	sll	a2,a2,0x1
840642e0:	f9f5                	bnez	a1,840642d4 <__mulsi3+0x4>
840642e2:	8082                	ret
840642e4:	0000                	unimp
	...

840642e8 <__divsi3>:
840642e8:	02054e63          	bltz	a0,84064324 <__umodsi3+0x8>
840642ec:	0405c363          	bltz	a1,84064332 <__umodsi3+0x16>

840642f0 <__hidden___udivsi3>:
840642f0:	862e                	mv	a2,a1
840642f2:	85aa                	mv	a1,a0
840642f4:	557d                	li	a0,-1
840642f6:	c215                	beqz	a2,8406431a <__hidden___udivsi3+0x2a>
840642f8:	4685                	li	a3,1
840642fa:	00b67863          	bgeu	a2,a1,8406430a <__hidden___udivsi3+0x1a>
840642fe:	00c05663          	blez	a2,8406430a <__hidden___udivsi3+0x1a>
84064302:	0606                	sll	a2,a2,0x1
84064304:	0686                	sll	a3,a3,0x1
84064306:	feb66ce3          	bltu	a2,a1,840642fe <__hidden___udivsi3+0xe>
8406430a:	4501                	li	a0,0
8406430c:	00c5e463          	bltu	a1,a2,84064314 <__hidden___udivsi3+0x24>
84064310:	8d91                	sub	a1,a1,a2
84064312:	8d55                	or	a0,a0,a3
84064314:	8285                	srl	a3,a3,0x1
84064316:	8205                	srl	a2,a2,0x1
84064318:	faf5                	bnez	a3,8406430c <__hidden___udivsi3+0x1c>
8406431a:	8082                	ret

8406431c <__umodsi3>:
8406431c:	8286                	mv	t0,ra
8406431e:	3fc9                	jal	840642f0 <__hidden___udivsi3>
84064320:	852e                	mv	a0,a1
84064322:	8282                	jr	t0
84064324:	40a00533          	neg	a0,a0
84064328:	00b04763          	bgtz	a1,84064336 <__umodsi3+0x1a>
8406432c:	40b005b3          	neg	a1,a1
84064330:	b7c1                	j	840642f0 <__hidden___udivsi3>
84064332:	40b005b3          	neg	a1,a1
84064336:	8286                	mv	t0,ra
84064338:	3f65                	jal	840642f0 <__hidden___udivsi3>
8406433a:	40a00533          	neg	a0,a0
8406433e:	8282                	jr	t0

84064340 <__modsi3>:
84064340:	8286                	mv	t0,ra
84064342:	0005c763          	bltz	a1,84064350 <__modsi3+0x10>
84064346:	00054963          	bltz	a0,84064358 <__modsi3+0x18>
8406434a:	375d                	jal	840642f0 <__hidden___udivsi3>
8406434c:	852e                	mv	a0,a1
8406434e:	8282                	jr	t0
84064350:	40b005b3          	neg	a1,a1
84064354:	fe055be3          	bgez	a0,8406434a <__modsi3+0xa>
84064358:	40a00533          	neg	a0,a0
8406435c:	3f51                	jal	840642f0 <__hidden___udivsi3>
8406435e:	40b00533          	neg	a0,a1
84064362:	8282                	jr	t0
	...

84064366 <memset>:
84064366:	433d                	li	t1,15
84064368:	872a                	mv	a4,a0
8406436a:	02c37363          	bgeu	t1,a2,84064390 <memset+0x2a>
8406436e:	00f77793          	and	a5,a4,15
84064372:	efbd                	bnez	a5,840643f0 <memset+0x8a>
84064374:	e5ad                	bnez	a1,840643de <memset+0x78>
84064376:	ff067693          	and	a3,a2,-16
8406437a:	8a3d                	and	a2,a2,15
8406437c:	96ba                	add	a3,a3,a4
8406437e:	c30c                	sw	a1,0(a4)
84064380:	c34c                	sw	a1,4(a4)
84064382:	c70c                	sw	a1,8(a4)
84064384:	c74c                	sw	a1,12(a4)
84064386:	0741                	add	a4,a4,16
84064388:	fed76be3          	bltu	a4,a3,8406437e <memset+0x18>
8406438c:	e211                	bnez	a2,84064390 <memset+0x2a>
8406438e:	8082                	ret
84064390:	40c306b3          	sub	a3,t1,a2
84064394:	068a                	sll	a3,a3,0x2
84064396:	00000297          	auipc	t0,0x0
8406439a:	9696                	add	a3,a3,t0
8406439c:	00a68067          	jr	10(a3)
840643a0:	00b70723          	sb	a1,14(a4)
840643a4:	00b706a3          	sb	a1,13(a4)
840643a8:	00b70623          	sb	a1,12(a4)
840643ac:	00b705a3          	sb	a1,11(a4)
840643b0:	00b70523          	sb	a1,10(a4)
840643b4:	00b704a3          	sb	a1,9(a4)
840643b8:	00b70423          	sb	a1,8(a4)
840643bc:	00b703a3          	sb	a1,7(a4)
840643c0:	00b70323          	sb	a1,6(a4)
840643c4:	00b702a3          	sb	a1,5(a4)
840643c8:	00b70223          	sb	a1,4(a4)
840643cc:	00b701a3          	sb	a1,3(a4)
840643d0:	00b70123          	sb	a1,2(a4)
840643d4:	00b700a3          	sb	a1,1(a4)
840643d8:	00b70023          	sb	a1,0(a4)
840643dc:	8082                	ret
840643de:	0ff5f593          	zext.b	a1,a1
840643e2:	00859693          	sll	a3,a1,0x8
840643e6:	8dd5                	or	a1,a1,a3
840643e8:	01059693          	sll	a3,a1,0x10
840643ec:	8dd5                	or	a1,a1,a3
840643ee:	b761                	j	84064376 <memset+0x10>
840643f0:	00279693          	sll	a3,a5,0x2
840643f4:	00000297          	auipc	t0,0x0
840643f8:	9696                	add	a3,a3,t0
840643fa:	8286                	mv	t0,ra
840643fc:	fa8680e7          	jalr	-88(a3)
84064400:	8096                	mv	ra,t0
84064402:	17c1                	add	a5,a5,-16
84064404:	8f1d                	sub	a4,a4,a5
84064406:	963e                	add	a2,a2,a5
84064408:	f8c374e3          	bgeu	t1,a2,84064390 <memset+0x2a>
8406440c:	b7a5                	j	84064374 <memset+0xe>

8406440e <rv_sleep_lock_request>:
8406440e:	1141                	add	sp,sp,-16
84064410:	c422                	sw	s0,8(sp)
84064412:	c226                	sw	s1,4(sp)
84064414:	c606                	sw	ra,12(sp)
84064416:	00007497          	auipc	s1,0x7
8406441a:	df248493          	add	s1,s1,-526 # 8406b208 <risv_app_sleep_lock_status>
8406441e:	0004c783          	lbu	a5,0(s1)
84064422:	842a                	mv	s0,a0
84064424:	cd0d                	beqz	a0,8406445e <rv_sleep_lock_request+0x50>
84064426:	4501                	li	a0,0
84064428:	e791                	bnez	a5,84064434 <rv_sleep_lock_request+0x26>
8406442a:	455d                	li	a0,23
8406442c:	00848023          	sb	s0,0(s1)
84064430:	1ff050ef          	jal	84069e2e <hal_sleep_manager_lock_sleep>
84064434:	c02a                	sw	a0,0(sp)
84064436:	0004c783          	lbu	a5,0(s1)
8406443a:	8722                	mv	a4,s0
8406443c:	468d                	li	a3,3
8406443e:	81f9c617          	auipc	a2,0x81f9c
84064442:	d6660613          	add	a2,a2,-666 # 60001a4 <msg_id_string.3>
84064446:	4585                	li	a1,1
84064448:	00007517          	auipc	a0,0x7
8406444c:	cd450513          	add	a0,a0,-812 # 8406b11c <log_control_block_riscv_ps>
84064450:	63d050ef          	jal	8406a28c <print_module_msgid_log>
84064454:	40b2                	lw	ra,12(sp)
84064456:	4422                	lw	s0,8(sp)
84064458:	4492                	lw	s1,4(sp)
8406445a:	0141                	add	sp,sp,16
8406445c:	8082                	ret
8406445e:	4501                	li	a0,0
84064460:	dbf1                	beqz	a5,84064434 <rv_sleep_lock_request+0x26>
84064462:	455d                	li	a0,23
84064464:	00007797          	auipc	a5,0x7
84064468:	da078223          	sb	zero,-604(a5) # 8406b208 <risv_app_sleep_lock_status>
8406446c:	1c7050ef          	jal	84069e32 <hal_sleep_manager_unlock_sleep>
84064470:	b7d1                	j	84064434 <rv_sleep_lock_request+0x26>

84064472 <hal_ccni_event_callback3>:
84064472:	4705                	li	a4,1
84064474:	00007697          	auipc	a3,0x7
84064478:	dee68023          	sb	a4,-544(a3) # 8406b254 <g_riscv_ccni_irq_occur>
8406447c:	0005c703          	lbu	a4,0(a1)
84064480:	46b1                	li	a3,12
84064482:	1741                	add	a4,a4,-16
84064484:	0ff77713          	zext.b	a4,a4
84064488:	18e6ed63          	bltu	a3,a4,84064622 <hal_ccni_event_callback3+0x1b0>
8406448c:	00007697          	auipc	a3,0x7
84064490:	95068693          	add	a3,a3,-1712 # 8406addc <g_spi_master_register+0x48>
84064494:	070a                	sll	a4,a4,0x2
84064496:	9736                	add	a4,a4,a3
84064498:	4318                	lw	a4,0(a4)
8406449a:	1151                	add	sp,sp,-12
8406449c:	c406                	sw	ra,8(sp)
8406449e:	9736                	add	a4,a4,a3
840644a0:	c222                	sw	s0,4(sp)
840644a2:	c026                	sw	s1,0(sp)
840644a4:	87ae                	mv	a5,a1
840644a6:	8702                	jr	a4
840644a8:	4184                	lw	s1,0(a1)
840644aa:	4685                	li	a3,1
840644ac:	81f9c617          	auipc	a2,0x81f9c
840644b0:	cc060613          	add	a2,a2,-832 # 600016c <msg_id_string.2>
840644b4:	80a1                	srl	s1,s1,0x8
840644b6:	0ff4f413          	zext.b	s0,s1
840644ba:	8722                	mv	a4,s0
840644bc:	4585                	li	a1,1
840644be:	00007517          	auipc	a0,0x7
840644c2:	c5e50513          	add	a0,a0,-930 # 8406b11c <log_control_block_riscv_ps>
840644c6:	5c7050ef          	jal	8406a28c <print_module_msgid_log>
840644ca:	8522                	mv	a0,s0
840644cc:	2b35                	jal	84064a08 <riscv_mouse_key_change_state>
840644ce:	02200793          	li	a5,34
840644d2:	06f40863          	beq	s0,a5,84064542 <hal_ccni_event_callback3+0xd0>
840644d6:	0487e663          	bltu	a5,s0,84064522 <hal_ccni_event_callback3+0xb0>
840644da:	47cd                	li	a5,19
840644dc:	0287e363          	bltu	a5,s0,84064502 <hal_ccni_event_callback3+0x90>
840644e0:	0fe4f493          	and	s1,s1,254
840644e4:	c09d                	beqz	s1,8406450a <hal_ccni_event_callback3+0x98>
840644e6:	ffe40793          	add	a5,s0,-2
840644ea:	4745                	li	a4,17
840644ec:	00f76f63          	bltu	a4,a5,8406450a <hal_ccni_event_callback3+0x98>
840644f0:	00007717          	auipc	a4,0x7
840644f4:	92070713          	add	a4,a4,-1760 # 8406ae10 <g_spi_master_register+0x7c>
840644f8:	078a                	sll	a5,a5,0x2
840644fa:	97ba                	add	a5,a5,a4
840644fc:	439c                	lw	a5,0(a5)
840644fe:	97ba                	add	a5,a5,a4
84064500:	8782                	jr	a5
84064502:	02100793          	li	a5,33
84064506:	06f40c63          	beq	s0,a5,8406457e <hal_ccni_event_callback3+0x10c>
8406450a:	8522                	mv	a0,s0
8406450c:	511000ef          	jal	8406521c <peripheral_sampling_app_state_update>
84064510:	00007797          	auipc	a5,0x7
84064514:	ce87ae23          	sw	s0,-772(a5) # 8406b20c <last_app_state>
84064518:	40a2                	lw	ra,8(sp)
8406451a:	4412                	lw	s0,4(sp)
8406451c:	4482                	lw	s1,0(sp)
8406451e:	0131                	add	sp,sp,12
84064520:	8082                	ret
84064522:	08000793          	li	a5,128
84064526:	00f40e63          	beq	s0,a5,84064542 <hal_ccni_event_callback3+0xd0>
8406452a:	0087ee63          	bltu	a5,s0,84064546 <hal_ccni_event_callback3+0xd4>
8406452e:	04100793          	li	a5,65
84064532:	04f40d63          	beq	s0,a5,8406458c <hal_ccni_event_callback3+0x11a>
84064536:	0fd4f493          	and	s1,s1,253
8406453a:	04000793          	li	a5,64
8406453e:	fcf496e3          	bne	s1,a5,8406450a <hal_ccni_event_callback3+0x98>
84064542:	4505                	li	a0,1
84064544:	a819                	j	8406455a <hal_ccni_event_callback3+0xe8>
84064546:	08100793          	li	a5,129
8406454a:	04f40163          	beq	s0,a5,8406458c <hal_ccni_event_callback3+0x11a>
8406454e:	08300793          	li	a5,131
84064552:	fef408e3          	beq	s0,a5,84064542 <hal_ccni_event_callback3+0xd0>
84064556:	bf55                	j	8406450a <hal_ccni_event_callback3+0x98>
84064558:	4501                	li	a0,0
8406455a:	3d55                	jal	8406440e <rv_sleep_lock_request>
8406455c:	b77d                	j	8406450a <hal_ccni_event_callback3+0x98>
8406455e:	4525                	li	a0,9
84064560:	092020ef          	jal	840665f2 <hid_common_clear_hid_exp_flag>
84064564:	5ef020ef          	jal	84067352 <hid_experss_bt_clear_queue>
84064568:	bfe9                	j	84064542 <hal_ccni_event_callback3+0xd0>
8406456a:	469000ef          	jal	840651d2 <peripheral_sampling_init>
8406456e:	bf71                	j	8406450a <hal_ccni_event_callback3+0x98>
84064570:	4505                	li	a0,1
84064572:	3d71                	jal	8406440e <rv_sleep_lock_request>
84064574:	0a8020ef          	jal	8406661c <hid_common_get_dongle_scenario>
84064578:	794020ef          	jal	84066d0c <hid_express_dongle_scenario_update>
8406457c:	b779                	j	8406450a <hal_ccni_event_callback3+0x98>
8406457e:	4505                	li	a0,1
84064580:	3579                	jal	8406440e <rv_sleep_lock_request>
84064582:	7fe020ef          	jal	84066d80 <hid_express_clear_key_pushed>
84064586:	123000ef          	jal	84064ea8 <peripheral_sampling_state_change_active>
8406458a:	b741                	j	8406450a <hal_ccni_event_callback3+0x98>
8406458c:	4505                	li	a0,1
8406458e:	3541                	jal	8406440e <rv_sleep_lock_request>
84064590:	bfdd                	j	84064586 <hal_ccni_event_callback3+0x114>
84064592:	4412                	lw	s0,4(sp)
84064594:	0035a603          	lw	a2,3(a1)
84064598:	40a2                	lw	ra,8(sp)
8406459a:	4482                	lw	s1,0(sp)
8406459c:	0025c583          	lbu	a1,2(a1)
840645a0:	0017c503          	lbu	a0,1(a5)
840645a4:	0131                	add	sp,sp,12
840645a6:	3830306f          	j	84068128 <rv_fake_report_config>
840645aa:	068040ef          	jal	84068612 <key_remap_frontend_setting_update>
840645ae:	4412                	lw	s0,4(sp)
840645b0:	40a2                	lw	ra,8(sp)
840645b2:	4482                	lw	s1,0(sp)
840645b4:	0131                	add	sp,sp,12
840645b6:	2790406f          	j	8406902e <key_remap_backend_setting>
840645ba:	4412                	lw	s0,4(sp)
840645bc:	40a2                	lw	ra,8(sp)
840645be:	4482                	lw	s1,0(sp)
840645c0:	0015a503          	lw	a0,1(a1)
840645c4:	0131                	add	sp,sp,12
840645c6:	48b0306f          	j	84068250 <rv_fake_report_set>
840645ca:	4412                	lw	s0,4(sp)
840645cc:	0035c603          	lbu	a2,3(a1)
840645d0:	40a2                	lw	ra,8(sp)
840645d2:	4482                	lw	s1,0(sp)
840645d4:	0025c583          	lbu	a1,2(a1)
840645d8:	0017c503          	lbu	a0,1(a5)
840645dc:	0131                	add	sp,sp,12
840645de:	5650206f          	j	84067342 <hid_experss_bt_set_attr_handle>
840645e2:	4412                	lw	s0,4(sp)
840645e4:	40a2                	lw	ra,8(sp)
840645e6:	4482                	lw	s1,0(sp)
840645e8:	0131                	add	sp,sp,12
840645ea:	3790006f          	j	84065162 <peripheral_sampling_common_para_update>
840645ee:	0025c703          	lbu	a4,2(a1)
840645f2:	4581                	li	a1,0
840645f4:	c709                	beqz	a4,840645fe <hal_ccni_event_callback3+0x18c>
840645f6:	0017c503          	lbu	a0,1(a5)
840645fa:	2369                	jal	84064b84 <riscv_mouse_key_id_to_key_status>
840645fc:	85aa                	mv	a1,a0
840645fe:	4501                	li	a0,0
84064600:	4412                	lw	s0,4(sp)
84064602:	40a2                	lw	ra,8(sp)
84064604:	4482                	lw	s1,0(sp)
84064606:	0131                	add	sp,sp,12
84064608:	7840206f          	j	84066d8c <hid_express__push_to_key_queue>
8406460c:	0025a583          	lw	a1,2(a1)
84064610:	0017c503          	lbu	a0,1(a5)
84064614:	b7f5                	j	84064600 <hal_ccni_event_callback3+0x18e>
84064616:	4412                	lw	s0,4(sp)
84064618:	40a2                	lw	ra,8(sp)
8406461a:	4482                	lw	s1,0(sp)
8406461c:	0131                	add	sp,sp,12
8406461e:	08b0006f          	j	84064ea8 <peripheral_sampling_state_change_active>
84064622:	8082                	ret

84064624 <riscv_app_ccin_init>:
84064624:	01020537          	lui	a0,0x1020
84064628:	050d                	add	a0,a0,3 # 1020003 <__fp_pattern_ram_total+0x1018603>
8406462a:	6010106f          	j	8406642a <hal_ccni_unmask_event>

8406462e <riscv_app_ccin_send>:
8406462e:	4721                	li	a4,8
84064630:	08b76663          	bltu	a4,a1,840646bc <riscv_app_ccin_send+0x8e>
84064634:	87aa                	mv	a5,a0
84064636:	5571                	li	a0,-4
84064638:	c7c1                	beqz	a5,840646c0 <riscv_app_ccin_send+0x92>
8406463a:	1121                	add	sp,sp,-24
8406463c:	862e                	mv	a2,a1
8406463e:	0048                	add	a0,sp,4
84064640:	85be                	mv	a1,a5
84064642:	ca06                	sw	ra,20(sp)
84064644:	c822                	sw	s0,16(sp)
84064646:	739050ef          	jal	8406a57e <memcpy>
8406464a:	02010537          	lui	a0,0x2010
8406464e:	004c                	add	a1,sp,4
84064650:	050d                	add	a0,a0,3 # 2010003 <__fp_pattern_ram_total+0x2008603>
84064652:	5c9010ef          	jal	8406641a <hal_ccni_set_event>
84064656:	57f5                	li	a5,-3
84064658:	04f51e63          	bne	a0,a5,840646b4 <riscv_app_ccin_send+0x86>
8406465c:	4785                	li	a5,1
8406465e:	c03e                	sw	a5,0(sp)
84064660:	4401                	li	s0,0
84064662:	4702                	lw	a4,0(sp)
84064664:	4785                	li	a5,1
84064666:	02f71d63          	bne	a4,a5,840646a0 <riscv_app_ccin_send+0x72>
8406466a:	3e800793          	li	a5,1000
8406466e:	00f41f63          	bne	s0,a5,8406468c <riscv_app_ccin_send+0x5e>
84064672:	16f00613          	li	a2,367
84064676:	81f9c597          	auipc	a1,0x81f9c
8406467a:	a5258593          	add	a1,a1,-1454 # 60000c8 <file.0>
8406467e:	81f9c517          	auipc	a0,0x81f9c
84064682:	a9e50513          	add	a0,a0,-1378 # 600011c <exp.1>
84064686:	1cd050ef          	jal	8406a052 <light_assert>
8406468a:	a839                	j	840646a8 <riscv_app_ccin_send+0x7a>
8406468c:	0405                	add	s0,s0,1
8406468e:	02010537          	lui	a0,0x2010
84064692:	0442                	sll	s0,s0,0x10
84064694:	858a                	mv	a1,sp
84064696:	050d                	add	a0,a0,3 # 2010003 <__fp_pattern_ram_total+0x2008603>
84064698:	8041                	srl	s0,s0,0x10
8406469a:	45f010ef          	jal	840662f8 <hal_ccni_query_event_status>
8406469e:	b7d1                	j	84064662 <riscv_app_ccin_send+0x34>
840646a0:	3e800793          	li	a5,1000
840646a4:	fcf407e3          	beq	s0,a5,84064672 <riscv_app_ccin_send+0x44>
840646a8:	02010537          	lui	a0,0x2010
840646ac:	004c                	add	a1,sp,4
840646ae:	050d                	add	a0,a0,3 # 2010003 <__fp_pattern_ram_total+0x2008603>
840646b0:	56b010ef          	jal	8406641a <hal_ccni_set_event>
840646b4:	40d2                	lw	ra,20(sp)
840646b6:	4442                	lw	s0,16(sp)
840646b8:	0161                	add	sp,sp,24
840646ba:	8082                	ret
840646bc:	5571                	li	a0,-4
840646be:	8082                	ret
840646c0:	8082                	ret

840646c2 <riscv_app_ccin_fake_data_disable>:
840646c2:	1141                	add	sp,sp,-16
840646c4:	f8400793          	li	a5,-124
840646c8:	850a                	mv	a0,sp
840646ca:	4585                	li	a1,1
840646cc:	c606                	sw	ra,12(sp)
840646ce:	00f10023          	sb	a5,0(sp)
840646d2:	3fb1                	jal	8406462e <riscv_app_ccin_send>
840646d4:	40b2                	lw	ra,12(sp)
840646d6:	0141                	add	sp,sp,16
840646d8:	8082                	ret

840646da <riscv_app_ccni_key_remap_send>:
840646da:	1131                	add	sp,sp,-20
840646dc:	00b11123          	sh	a1,2(sp)
840646e0:	81c1                	srl	a1,a1,0x10
840646e2:	00a100a3          	sb	a0,1(sp)
840646e6:	00b10223          	sb	a1,4(sp)
840646ea:	f8300793          	li	a5,-125
840646ee:	850a                	mv	a0,sp
840646f0:	4595                	li	a1,5
840646f2:	c806                	sw	ra,16(sp)
840646f4:	00f10023          	sb	a5,0(sp)
840646f8:	3f1d                	jal	8406462e <riscv_app_ccin_send>
840646fa:	40c2                	lw	ra,16(sp)
840646fc:	0151                	add	sp,sp,20
840646fe:	8082                	ret

84064700 <main>:
84064700:	1141                	add	sp,sp,-16
84064702:	c606                	sw	ra,12(sp)
84064704:	c422                	sw	s0,8(sp)
84064706:	639000ef          	jal	8406553e <system_init>
8406470a:	4681                	li	a3,0
8406470c:	81f9c617          	auipc	a2,0x81f9c
84064710:	b0460613          	add	a2,a2,-1276 # 6000210 <msg_id_string.0>
84064714:	4585                	li	a1,1
84064716:	00007517          	auipc	a0,0x7
8406471a:	a0650513          	add	a0,a0,-1530 # 8406b11c <log_control_block_riscv_ps>
8406471e:	36f050ef          	jal	8406a28c <print_module_msgid_log>
84064722:	2b1000ef          	jal	840651d2 <peripheral_sampling_init>
84064726:	3dfd                	jal	84064624 <riscv_app_ccin_init>
84064728:	4505                	li	a0,1
8406472a:	31d5                	jal	8406440e <rv_sleep_lock_request>
8406472c:	00007417          	auipc	s0,0x7
84064730:	b7040413          	add	s0,s0,-1168 # 8406b29c <hid_flags>
84064734:	007040ef          	jal	84068f3a <key_remap_backend_postprocess>
84064738:	401c                	lw	a5,0(s0)
8406473a:	0207f793          	and	a5,a5,32
8406473e:	e391                	bnez	a5,84064742 <main+0x42>
84064740:	24fd                	jal	84064a2e <riscv_mouse_key_pairing_key_check>
84064742:	213000ef          	jal	84065154 <peripheral_sampling_debug_print>
84064746:	5da020ef          	jal	84066d20 <hid_express_debug_print>
8406474a:	850a                	mv	a0,sp
8406474c:	3c2050ef          	jal	84069b0e <hal_nvic_save_and_set_interrupt_mask>
84064750:	6e6050ef          	jal	84069e36 <hal_sleep_manager_riscv_sleep_routine>
84064754:	4502                	lw	a0,0(sp)
84064756:	3c0050ef          	jal	84069b16 <hal_nvic_restore_interrupt_mask>
8406475a:	bfe9                	j	84064734 <main+0x34>

8406475c <riscv_motion_sensor_data_get>:
8406475c:	1141                	add	sp,sp,-16
8406475e:	c422                	sw	s0,8(sp)
84064760:	c226                	sw	s1,4(sp)
84064762:	842e                	mv	s0,a1
84064764:	84aa                	mv	s1,a0
84064766:	00210593          	add	a1,sp,2
8406476a:	850a                	mv	a0,sp
8406476c:	c606                	sw	ra,12(sp)
8406476e:	00011023          	sh	zero,0(sp)
84064772:	00011123          	sh	zero,2(sp)
84064776:	61c050ef          	jal	84069d92 <mouse_sensor_get_data>
8406477a:	0004a023          	sw	zero,0(s1)
8406477e:	00042023          	sw	zero,0(s0)
84064782:	e911                	bnez	a0,84064796 <riscv_motion_sensor_data_get+0x3a>
84064784:	00011703          	lh	a4,0(sp)
84064788:	00211783          	lh	a5,2(sp)
8406478c:	00f766b3          	or	a3,a4,a5
84064790:	c299                	beqz	a3,84064796 <riscv_motion_sensor_data_get+0x3a>
84064792:	c098                	sw	a4,0(s1)
84064794:	c01c                	sw	a5,0(s0)
84064796:	40b2                	lw	ra,12(sp)
84064798:	4422                	lw	s0,8(sp)
8406479a:	4492                	lw	s1,4(sp)
8406479c:	0141                	add	sp,sp,16
8406479e:	8082                	ret

840647a0 <riscv_motion_sensor_init>:
840647a0:	4501                	li	a0,0
840647a2:	8082                	ret

840647a4 <riscv_mouse_key_polling_all_key_status>:
840647a4:	1121                	add	sp,sp,-24
840647a6:	002c                	add	a1,sp,8
840647a8:	0048                	add	a0,sp,4
840647aa:	ca06                	sw	ra,20(sp)
840647ac:	c822                	sw	s0,16(sp)
840647ae:	c626                	sw	s1,12(sp)
840647b0:	00007797          	auipc	a5,0x7
840647b4:	a607a423          	sw	zero,-1432(a5) # 8406b218 <mouse_5key>
840647b8:	285040ef          	jal	8406923c <hal_eint_get_debounce_out_value_by_mask>
840647bc:	00007797          	auipc	a5,0x7
840647c0:	a687c783          	lbu	a5,-1432(a5) # 8406b224 <IR_LED_status_on>
840647c4:	c03e                	sw	a5,0(sp)
840647c6:	29b1                	jal	84064c22 <riscv_mkey_ir_ctrl_off>
840647c8:	4512                	lw	a0,4(sp)
840647ca:	4322                	lw	t1,8(sp)
840647cc:	00007417          	auipc	s0,0x7
840647d0:	a4c40413          	add	s0,s0,-1460 # 8406b218 <mouse_5key>
840647d4:	4018                	lw	a4,0(s0)
840647d6:	fff54513          	not	a0,a0
840647da:	fff34313          	not	t1,t1
840647de:	00007397          	auipc	t2,0x7
840647e2:	a3e3a383          	lw	t2,-1474(t2) # 8406b21c <rv_key_num>
840647e6:	00007297          	auipc	t0,0x7
840647ea:	b8628293          	add	t0,t0,-1146 # 8406b36c <rv_key_ids>
840647ee:	4581                	li	a1,0
840647f0:	4681                	li	a3,0
840647f2:	40fd                	li	ra,31
840647f4:	02f00493          	li	s1,47
840647f8:	4605                	li	a2,1
840647fa:	02d39163          	bne	t2,a3,8406481c <riscv_mouse_key_polling_all_key_status+0x78>
840647fe:	c191                	beqz	a1,84064802 <riscv_mouse_key_polling_all_key_status+0x5e>
84064800:	c018                	sw	a4,0(s0)
84064802:	400c                	lw	a1,0(s0)
84064804:	4502                	lw	a0,0(sp)
84064806:	00007617          	auipc	a2,0x7
8406480a:	a0a62603          	lw	a2,-1526(a2) # 8406b210 <new_keys_status_record>
8406480e:	23b5                	jal	84064d7a <riscv_mkey_ir_ctrl__ir_key_check>
84064810:	40d2                	lw	ra,20(sp)
84064812:	c008                	sw	a0,0(s0)
84064814:	4442                	lw	s0,16(sp)
84064816:	44b2                	lw	s1,12(sp)
84064818:	0161                	add	sp,sp,24
8406481a:	8082                	ret
8406481c:	0002a783          	lw	a5,0(t0)
84064820:	00f0ed63          	bltu	ra,a5,8406483a <riscv_mouse_key_polling_all_key_status+0x96>
84064824:	00f617b3          	sll	a5,a2,a5
84064828:	8fe9                	and	a5,a5,a0
8406482a:	c789                	beqz	a5,84064834 <riscv_mouse_key_polling_all_key_status+0x90>
8406482c:	00d617b3          	sll	a5,a2,a3
84064830:	8f5d                	or	a4,a4,a5
84064832:	4585                	li	a1,1
84064834:	0685                	add	a3,a3,1
84064836:	0291                	add	t0,t0,4
84064838:	b7c9                	j	840647fa <riscv_mouse_key_polling_all_key_status+0x56>
8406483a:	fef4ede3          	bltu	s1,a5,84064834 <riscv_mouse_key_polling_all_key_status+0x90>
8406483e:	1781                	add	a5,a5,-32
84064840:	00f617b3          	sll	a5,a2,a5
84064844:	0067f7b3          	and	a5,a5,t1
84064848:	b7cd                	j	8406482a <riscv_mouse_key_polling_all_key_status+0x86>

8406484a <update_key_status>:
8406484a:	060a                	sll	a2,a2,0x2
8406484c:	00007797          	auipc	a5,0x7
84064850:	b2078793          	add	a5,a5,-1248 # 8406b36c <rv_key_ids>
84064854:	97b2                	add	a5,a5,a2
84064856:	4398                	lw	a4,0(a5)
84064858:	47fd                	li	a5,31
8406485a:	00e7eb63          	bltu	a5,a4,84064870 <update_key_status+0x26>
8406485e:	4785                	li	a5,1
84064860:	00e797b3          	sll	a5,a5,a4
84064864:	4118                	lw	a4,0(a0)
84064866:	ee99                	bnez	a3,84064884 <update_key_status+0x3a>
84064868:	fff7c793          	not	a5,a5
8406486c:	8ff9                	and	a5,a5,a4
8406486e:	a821                	j	84064886 <update_key_status+0x3c>
84064870:	1701                	add	a4,a4,-32
84064872:	4785                	li	a5,1
84064874:	00e797b3          	sll	a5,a5,a4
84064878:	4198                	lw	a4,0(a1)
8406487a:	ea81                	bnez	a3,8406488a <update_key_status+0x40>
8406487c:	fff7c793          	not	a5,a5
84064880:	8ff9                	and	a5,a5,a4
84064882:	a029                	j	8406488c <update_key_status+0x42>
84064884:	8fd9                	or	a5,a5,a4
84064886:	c11c                	sw	a5,0(a0)
84064888:	8082                	ret
8406488a:	8fd9                	or	a5,a5,a4
8406488c:	c19c                	sw	a5,0(a1)
8406488e:	8082                	ret

84064890 <riscv_mouse_key_combo_key_check>:
84064890:	1111                	add	sp,sp,-28
84064892:	006c                	add	a1,sp,12
84064894:	0028                	add	a0,sp,8
84064896:	cc06                	sw	ra,24(sp)
84064898:	ca22                	sw	s0,20(sp)
8406489a:	1a3040ef          	jal	8406923c <hal_eint_get_debounce_out_value_by_mask>
8406489e:	47a2                	lw	a5,8(sp)
840648a0:	00007417          	auipc	s0,0x7
840648a4:	97842403          	lw	s0,-1672(s0) # 8406b218 <mouse_5key>
840648a8:	00147693          	and	a3,s0,1
840648ac:	fff7c793          	not	a5,a5
840648b0:	c03e                	sw	a5,0(sp)
840648b2:	47b2                	lw	a5,12(sp)
840648b4:	4601                	li	a2,0
840648b6:	004c                	add	a1,sp,4
840648b8:	fff7c793          	not	a5,a5
840648bc:	850a                	mv	a0,sp
840648be:	c23e                	sw	a5,4(sp)
840648c0:	3769                	jal	8406484a <update_key_status>
840648c2:	00145693          	srl	a3,s0,0x1
840648c6:	8a85                	and	a3,a3,1
840648c8:	4605                	li	a2,1
840648ca:	004c                	add	a1,sp,4
840648cc:	850a                	mv	a0,sp
840648ce:	3fb5                	jal	8406484a <update_key_status>
840648d0:	00007797          	auipc	a5,0x7
840648d4:	ac478793          	add	a5,a5,-1340 # 8406b394 <combo_cfg>
840648d8:	43d4                	lw	a3,4(a5)
840648da:	4602                	lw	a2,0(sp)
840648dc:	4592                	lw	a1,4(sp)
840648de:	439c                	lw	a5,0(a5)
840648e0:	4501                	li	a0,0
840648e2:	00a69863          	bne	a3,a0,840648f2 <riscv_mouse_key_combo_key_check+0x62>
840648e6:	0ff00513          	li	a0,255
840648ea:	40e2                	lw	ra,24(sp)
840648ec:	4452                	lw	s0,20(sp)
840648ee:	0171                	add	sp,sp,28
840648f0:	8082                	ret
840648f2:	4398                	lw	a4,0(a5)
840648f4:	00e67333          	and	t1,a2,a4
840648f8:	00e31763          	bne	t1,a4,84064906 <riscv_mouse_key_combo_key_check+0x76>
840648fc:	43d8                	lw	a4,4(a5)
840648fe:	00e5f333          	and	t1,a1,a4
84064902:	fee304e3          	beq	t1,a4,840648ea <riscv_mouse_key_combo_key_check+0x5a>
84064906:	0505                	add	a0,a0,1
84064908:	07a1                	add	a5,a5,8
8406490a:	bfe1                	j	840648e2 <riscv_mouse_key_combo_key_check+0x52>

8406490c <riscv_mouse_key_early_handle>:
8406490c:	1151                	add	sp,sp,-12
8406490e:	00007597          	auipc	a1,0x7
84064912:	aae58593          	add	a1,a1,-1362 # 8406b3bc <riscv_app+0x4>
84064916:	4505                	li	a0,1
84064918:	c406                	sw	ra,8(sp)
8406491a:	1ab040ef          	jal	840692c4 <hal_gpt_get_free_run_count>
8406491e:	40a2                	lw	ra,8(sp)
84064920:	0131                	add	sp,sp,12
84064922:	a4e1                	j	84064bea <riscv_mkey_ir_ctrl_on>

84064924 <riscv_mouse_key_get_key_status>:
84064924:	1151                	add	sp,sp,-12
84064926:	c222                	sw	s0,4(sp)
84064928:	842a                	mv	s0,a0
8406492a:	4551                	li	a0,20
8406492c:	c406                	sw	ra,8(sp)
8406492e:	2451                	jal	84064bb2 <riscv_mkey_ir_ctrl_delay>
84064930:	00007797          	auipc	a5,0x7
84064934:	a8a7a623          	sw	a0,-1396(a5) # 8406b3bc <riscv_app+0x4>
84064938:	35b5                	jal	840647a4 <riscv_mouse_key_polling_all_key_status>
8406493a:	c008                	sw	a0,0(s0)
8406493c:	40a2                	lw	ra,8(sp)
8406493e:	4412                	lw	s0,4(sp)
84064940:	4501                	li	a0,0
84064942:	0131                	add	sp,sp,12
84064944:	8082                	ret

84064946 <riscv_mouse_key_post_process>:
84064946:	1151                	add	sp,sp,-12
84064948:	4501                	li	a0,0
8406494a:	c406                	sw	ra,8(sp)
8406494c:	2179                	jal	84064dda <riscv_mkey_ir_ctrl_post_process>
8406494e:	40a2                	lw	ra,8(sp)
84064950:	00007797          	auipc	a5,0x7
84064954:	8c87a783          	lw	a5,-1848(a5) # 8406b218 <mouse_5key>
84064958:	00007717          	auipc	a4,0x7
8406495c:	8af72c23          	sw	a5,-1864(a4) # 8406b210 <new_keys_status_record>
84064960:	0131                	add	sp,sp,12
84064962:	8082                	ret

84064964 <riscv_mouse_key_get_combo_key>:
84064964:	00007617          	auipc	a2,0x7
84064968:	a3860613          	add	a2,a2,-1480 # 8406b39c <combo_cfg+0x8>
8406496c:	00007597          	auipc	a1,0x7
84064970:	a2c58593          	add	a1,a1,-1492 # 8406b398 <combo_cfg+0x4>
84064974:	00007517          	auipc	a0,0x7
84064978:	a2050513          	add	a0,a0,-1504 # 8406b394 <combo_cfg>
8406497c:	4ad0106f          	j	84066628 <hid_common_get_combo_key_list>

84064980 <riscv_mouse_key_init>:
84064980:	fd810113          	add	sp,sp,-40
84064984:	d022                	sw	s0,32(sp)
84064986:	ce26                	sw	s1,28(sp)
84064988:	d206                	sw	ra,36(sp)
8406498a:	00006617          	auipc	a2,0x6
8406498e:	7f262603          	lw	a2,2034(a2) # 8406b17c <hid_common>
84064992:	03864683          	lbu	a3,56(a2)
84064996:	00007497          	auipc	s1,0x7
8406499a:	88648493          	add	s1,s1,-1914 # 8406b21c <rv_key_num>
8406499e:	00007717          	auipc	a4,0x7
840649a2:	9ce70713          	add	a4,a4,-1586 # 8406b36c <rv_key_ids>
840649a6:	c094                	sw	a3,0(s1)
840649a8:	4781                	li	a5,0
840649aa:	843a                	mv	s0,a4
840649ac:	04d7e663          	bltu	a5,a3,840649f8 <riscv_mouse_key_init+0x78>
840649b0:	3f55                	jal	84064964 <riscv_mouse_key_get_combo_key>
840649b2:	4c5c                	lw	a5,28(s0)
840649b4:	00006517          	auipc	a0,0x6
840649b8:	76850513          	add	a0,a0,1896 # 8406b11c <log_control_block_riscv_ps>
840649bc:	46a9                	li	a3,10
840649be:	cc3e                	sw	a5,24(sp)
840649c0:	4c1c                	lw	a5,24(s0)
840649c2:	81f9c617          	auipc	a2,0x81f9c
840649c6:	93260613          	add	a2,a2,-1742 # 60002f4 <msg_id_string.1>
840649ca:	4585                	li	a1,1
840649cc:	ca3e                	sw	a5,20(sp)
840649ce:	485c                	lw	a5,20(s0)
840649d0:	c83e                	sw	a5,16(sp)
840649d2:	481c                	lw	a5,16(s0)
840649d4:	c63e                	sw	a5,12(sp)
840649d6:	445c                	lw	a5,12(s0)
840649d8:	c43e                	sw	a5,8(sp)
840649da:	441c                	lw	a5,8(s0)
840649dc:	c23e                	sw	a5,4(sp)
840649de:	405c                	lw	a5,4(s0)
840649e0:	c03e                	sw	a5,0(sp)
840649e2:	401c                	lw	a5,0(s0)
840649e4:	4098                	lw	a4,0(s1)
840649e6:	0a7050ef          	jal	8406a28c <print_module_msgid_log>
840649ea:	5092                	lw	ra,36(sp)
840649ec:	5402                	lw	s0,32(sp)
840649ee:	44f2                	lw	s1,28(sp)
840649f0:	4501                	li	a0,0
840649f2:	02810113          	add	sp,sp,40
840649f6:	8082                	ret
840649f8:	00f605b3          	add	a1,a2,a5
840649fc:	02e5c583          	lbu	a1,46(a1)
84064a00:	0785                	add	a5,a5,1
84064a02:	c30c                	sw	a1,0(a4)
84064a04:	0711                	add	a4,a4,4
84064a06:	b75d                	j	840649ac <riscv_mouse_key_init+0x2c>

84064a08 <riscv_mouse_key_change_state>:
84064a08:	00007797          	auipc	a5,0x7
84064a0c:	98a7ac23          	sw	a0,-1640(a5) # 8406b3a0 <combo_cfg+0xc>
84064a10:	8082                	ret

84064a12 <riscv_mouse_keys_is_new_key_pressed>:
84064a12:	00007797          	auipc	a5,0x7
84064a16:	8067a783          	lw	a5,-2042(a5) # 8406b218 <mouse_5key>
84064a1a:	4501                	li	a0,0
84064a1c:	cb81                	beqz	a5,84064a2c <riscv_mouse_keys_is_new_key_pressed+0x1a>
84064a1e:	00006517          	auipc	a0,0x6
84064a22:	7f252503          	lw	a0,2034(a0) # 8406b210 <new_keys_status_record>
84064a26:	8d1d                	sub	a0,a0,a5
84064a28:	00a03533          	snez	a0,a0
84064a2c:	8082                	ret

84064a2e <riscv_mouse_key_pairing_key_check>:
84064a2e:	1131                	add	sp,sp,-20
84064a30:	c622                	sw	s0,12(sp)
84064a32:	00007417          	auipc	s0,0x7
84064a36:	96240413          	add	s0,s0,-1694 # 8406b394 <combo_cfg>
84064a3a:	445c                	lw	a5,12(s0)
84064a3c:	c806                	sw	ra,16(sp)
84064a3e:	c426                	sw	s1,8(sp)
84064a40:	0e07f713          	and	a4,a5,224
84064a44:	cb31                	beqz	a4,84064a98 <riscv_mouse_key_pairing_key_check+0x6a>
84064a46:	8b85                	and	a5,a5,1
84064a48:	cba1                	beqz	a5,84064a98 <riscv_mouse_key_pairing_key_check+0x6a>
84064a4a:	c002                	sw	zero,0(sp)
84064a4c:	c202                	sw	zero,4(sp)
84064a4e:	3589                	jal	84064890 <riscv_mouse_key_combo_key_check>
84064a50:	00006717          	auipc	a4,0x6
84064a54:	72a72023          	sw	a0,1824(a4) # 8406b170 <combo_key_result>
84064a58:	00006497          	auipc	s1,0x6
84064a5c:	7c848493          	add	s1,s1,1992 # 8406b220 <start_gpt_free_count>
84064a60:	4098                	lw	a4,0(s1)
84064a62:	c71d                	beqz	a4,84064a90 <riscv_mouse_key_pairing_key_check+0x62>
84064a64:	e10d                	bnez	a0,84064a86 <riscv_mouse_key_pairing_key_check+0x58>
84064a66:	858a                	mv	a1,sp
84064a68:	05d040ef          	jal	840692c4 <hal_gpt_get_free_run_count>
84064a6c:	4582                	lw	a1,0(sp)
84064a6e:	4088                	lw	a0,0(s1)
84064a70:	0050                	add	a2,sp,4
84064a72:	0d3040ef          	jal	84069344 <hal_gpt_get_duration_count>
84064a76:	441c                	lw	a5,8(s0)
84064a78:	4712                	lw	a4,4(sp)
84064a7a:	07be                	sll	a5,a5,0xf
84064a7c:	00f76e63          	bltu	a4,a5,84064a98 <riscv_mouse_key_pairing_key_check+0x6a>
84064a80:	4525                	li	a0,9
84064a82:	35b010ef          	jal	840665dc <hid_common_set_hid_exp_flag>
84064a86:	00006797          	auipc	a5,0x6
84064a8a:	7807ad23          	sw	zero,1946(a5) # 8406b220 <start_gpt_free_count>
84064a8e:	a029                	j	84064a98 <riscv_mouse_key_pairing_key_check+0x6a>
84064a90:	f97d                	bnez	a0,84064a86 <riscv_mouse_key_pairing_key_check+0x58>
84064a92:	85a6                	mv	a1,s1
84064a94:	031040ef          	jal	840692c4 <hal_gpt_get_free_run_count>
84064a98:	40c2                	lw	ra,16(sp)
84064a9a:	4432                	lw	s0,12(sp)
84064a9c:	44a2                	lw	s1,8(sp)
84064a9e:	0151                	add	sp,sp,20
84064aa0:	8082                	ret

84064aa2 <riscv_mouse_key__app_state_update>:
84064aa2:	ae2d                	j	84064ddc <riscv_mkey_ir_ctrl__app_state_update>

84064aa4 <riscv_mouse_key_common_para_update>:
84064aa4:	8082                	ret

84064aa6 <riscv_mouse_key_debug_print>:
84064aa6:	1101                	add	sp,sp,-32
84064aa8:	cc22                	sw	s0,24(sp)
84064aaa:	ca26                	sw	s1,20(sp)
84064aac:	ce06                	sw	ra,28(sp)
84064aae:	00006417          	auipc	s0,0x6
84064ab2:	76640413          	add	s0,s0,1894 # 8406b214 <mouse_5key_printed>
84064ab6:	2e61                	jal	84064e4e <riscv_mkey_ir_ctrl_debug_print>
84064ab8:	00006497          	auipc	s1,0x6
84064abc:	76048493          	add	s1,s1,1888 # 8406b218 <mouse_5key>
84064ac0:	4018                	lw	a4,0(s0)
84064ac2:	409c                	lw	a5,0(s1)
84064ac4:	04f70663          	beq	a4,a5,84064b10 <riscv_mouse_key_debug_print+0x6a>
84064ac8:	00006597          	auipc	a1,0x6
84064acc:	6b45a583          	lw	a1,1716(a1) # 8406b17c <hid_common>
84064ad0:	45ac                	lw	a1,72(a1)
84064ad2:	00007617          	auipc	a2,0x7
84064ad6:	8c260613          	add	a2,a2,-1854 # 8406b394 <combo_cfg>
84064ada:	4214                	lw	a3,0(a2)
84064adc:	c82e                	sw	a1,16(sp)
84064ade:	00006597          	auipc	a1,0x6
84064ae2:	6925a583          	lw	a1,1682(a1) # 8406b170 <combo_key_result>
84064ae6:	c62e                	sw	a1,12(sp)
84064ae8:	4250                	lw	a2,4(a2)
84064aea:	4585                	li	a1,1
84064aec:	00006517          	auipc	a0,0x6
84064af0:	63050513          	add	a0,a0,1584 # 8406b11c <log_control_block_riscv_ps>
84064af4:	c432                	sw	a2,8(sp)
84064af6:	42d0                	lw	a2,4(a3)
84064af8:	c232                	sw	a2,4(sp)
84064afa:	4294                	lw	a3,0(a3)
84064afc:	81f9b617          	auipc	a2,0x81f9b
84064b00:	75c60613          	add	a2,a2,1884 # 6000258 <msg_id_string.0>
84064b04:	c036                	sw	a3,0(sp)
84064b06:	469d                	li	a3,7
84064b08:	784050ef          	jal	8406a28c <print_module_msgid_log>
84064b0c:	409c                	lw	a5,0(s1)
84064b0e:	c01c                	sw	a5,0(s0)
84064b10:	40f2                	lw	ra,28(sp)
84064b12:	4462                	lw	s0,24(sp)
84064b14:	44d2                	lw	s1,20(sp)
84064b16:	6105                	add	sp,sp,32
84064b18:	8082                	ret

84064b1a <riscv_mouse_key__ccni_send_status>:
84064b1a:	1131                	add	sp,sp,-20
84064b1c:	f8600793          	li	a5,-122
84064b20:	00f10023          	sb	a5,0(sp)
84064b24:	00855793          	srl	a5,a0,0x8
84064b28:	00a100a3          	sb	a0,1(sp)
84064b2c:	00f10123          	sb	a5,2(sp)
84064b30:	01055793          	srl	a5,a0,0x10
84064b34:	8161                	srl	a0,a0,0x18
84064b36:	00a10223          	sb	a0,4(sp)
84064b3a:	4595                	li	a1,5
84064b3c:	850a                	mv	a0,sp
84064b3e:	c806                	sw	ra,16(sp)
84064b40:	00f101a3          	sb	a5,3(sp)
84064b44:	34ed                	jal	8406462e <riscv_app_ccin_send>
84064b46:	40c2                	lw	ra,16(sp)
84064b48:	0151                	add	sp,sp,20
84064b4a:	8082                	ret

84064b4c <riscv_mouse_key__notify_cm33_key_status>:
84064b4c:	1151                	add	sp,sp,-12
84064b4e:	c222                	sw	s0,4(sp)
84064b50:	842a                	mv	s0,a0
84064b52:	450d                	li	a0,3
84064b54:	c026                	sw	s1,0(sp)
84064b56:	c406                	sw	ra,8(sp)
84064b58:	736000ef          	jal	8406528e <peripheral_sampling__check_condiction>
84064b5c:	00006497          	auipc	s1,0x6
84064b60:	6b448493          	add	s1,s1,1716 # 8406b210 <new_keys_status_record>
84064b64:	e911                	bnez	a0,84064b78 <riscv_mouse_key__notify_cm33_key_status+0x2c>
84064b66:	409c                	lw	a5,0(s1)
84064b68:	00878863          	beq	a5,s0,84064b78 <riscv_mouse_key__notify_cm33_key_status+0x2c>
84064b6c:	8522                	mv	a0,s0
84064b6e:	3775                	jal	84064b1a <riscv_mouse_key__ccni_send_status>
84064b70:	85a2                	mv	a1,s0
84064b72:	4501                	li	a0,0
84064b74:	218020ef          	jal	84066d8c <hid_express__push_to_key_queue>
84064b78:	c080                	sw	s0,0(s1)
84064b7a:	40a2                	lw	ra,8(sp)
84064b7c:	4412                	lw	s0,4(sp)
84064b7e:	4482                	lw	s1,0(sp)
84064b80:	0131                	add	sp,sp,12
84064b82:	8082                	ret

84064b84 <riscv_mouse_key_id_to_key_status>:
84064b84:	00006717          	auipc	a4,0x6
84064b88:	7e870713          	add	a4,a4,2024 # 8406b36c <rv_key_ids>
84064b8c:	00006697          	auipc	a3,0x6
84064b90:	6906a683          	lw	a3,1680(a3) # 8406b21c <rv_key_num>
84064b94:	4781                	li	a5,0
84064b96:	00d79463          	bne	a5,a3,84064b9e <riscv_mouse_key_id_to_key_status+0x1a>
84064b9a:	4501                	li	a0,0
84064b9c:	8082                	ret
84064b9e:	4310                	lw	a2,0(a4)
84064ba0:	0711                	add	a4,a4,4
84064ba2:	00a60463          	beq	a2,a0,84064baa <riscv_mouse_key_id_to_key_status+0x26>
84064ba6:	0785                	add	a5,a5,1
84064ba8:	b7fd                	j	84064b96 <riscv_mouse_key_id_to_key_status+0x12>
84064baa:	4505                	li	a0,1
84064bac:	00f51533          	sll	a0,a0,a5
84064bb0:	8082                	ret

84064bb2 <riscv_mkey_ir_ctrl_delay>:
84064bb2:	1131                	add	sp,sp,-20
84064bb4:	c426                	sw	s1,8(sp)
84064bb6:	421504b7          	lui	s1,0x42150
84064bba:	c622                	sw	s0,12(sp)
84064bbc:	c806                	sw	ra,16(sp)
84064bbe:	842a                	mv	s0,a0
84064bc0:	20048493          	add	s1,s1,512 # 42150200 <__log_strings_end+0x3c14f066>
84064bc4:	4c8c                	lw	a1,24(s1)
84064bc6:	0050                	add	a2,sp,4
84064bc8:	00006517          	auipc	a0,0x6
84064bcc:	7dc52503          	lw	a0,2012(a0) # 8406b3a4 <irpt>
84064bd0:	c02e                	sw	a1,0(sp)
84064bd2:	772040ef          	jal	84069344 <hal_gpt_get_duration_count>
84064bd6:	4792                	lw	a5,4(sp)
84064bd8:	4582                	lw	a1,0(sp)
84064bda:	fe87e5e3          	bltu	a5,s0,84064bc4 <riscv_mkey_ir_ctrl_delay+0x12>
84064bde:	40c2                	lw	ra,16(sp)
84064be0:	4432                	lw	s0,12(sp)
84064be2:	44a2                	lw	s1,8(sp)
84064be4:	852e                	mv	a0,a1
84064be6:	0151                	add	sp,sp,20
84064be8:	8082                	ret

84064bea <riscv_mkey_ir_ctrl_on>:
84064bea:	1151                	add	sp,sp,-12
84064bec:	c222                	sw	s0,4(sp)
84064bee:	00006417          	auipc	s0,0x6
84064bf2:	7b640413          	add	s0,s0,1974 # 8406b3a4 <irpt>
84064bf6:	440c                	lw	a1,8(s0)
84064bf8:	4048                	lw	a0,4(s0)
84064bfa:	c406                	sw	ra,8(sp)
84064bfc:	0015b593          	seqz	a1,a1
84064c00:	68e040ef          	jal	8406928e <hal_gpio_set_output>
84064c04:	4785                	li	a5,1
84064c06:	00006717          	auipc	a4,0x6
84064c0a:	60f70f23          	sb	a5,1566(a4) # 8406b224 <IR_LED_status_on>
84064c0e:	421507b7          	lui	a5,0x42150
84064c12:	20078793          	add	a5,a5,512 # 42150200 <__log_strings_end+0x3c14f066>
84064c16:	4f9c                	lw	a5,24(a5)
84064c18:	40a2                	lw	ra,8(sp)
84064c1a:	c01c                	sw	a5,0(s0)
84064c1c:	4412                	lw	s0,4(sp)
84064c1e:	0131                	add	sp,sp,12
84064c20:	8082                	ret

84064c22 <riscv_mkey_ir_ctrl_off>:
84064c22:	00006797          	auipc	a5,0x6
84064c26:	78278793          	add	a5,a5,1922 # 8406b3a4 <irpt>
84064c2a:	478c                	lw	a1,8(a5)
84064c2c:	43c8                	lw	a0,4(a5)
84064c2e:	1151                	add	sp,sp,-12
84064c30:	c406                	sw	ra,8(sp)
84064c32:	65c040ef          	jal	8406928e <hal_gpio_set_output>
84064c36:	40a2                	lw	ra,8(sp)
84064c38:	00006797          	auipc	a5,0x6
84064c3c:	5e078623          	sb	zero,1516(a5) # 8406b224 <IR_LED_status_on>
84064c40:	0131                	add	sp,sp,12
84064c42:	8082                	ret

84064c44 <riscv_mkey_ir_ctrl_idle_state_scan>:
84064c44:	1141                	add	sp,sp,-16
84064c46:	c606                	sw	ra,12(sp)
84064c48:	c422                	sw	s0,8(sp)
84064c4a:	3745                	jal	84064bea <riscv_mkey_ir_ctrl_on>
84064c4c:	00006417          	auipc	s0,0x6
84064c50:	75840413          	add	s0,s0,1880 # 8406b3a4 <irpt>
84064c54:	4448                	lw	a0,12(s0)
84064c56:	0d1040ef          	jal	84069526 <hal_gpt_sw_stop_timer_us>
84064c5a:	00006717          	auipc	a4,0x6
84064c5e:	76e72703          	lw	a4,1902(a4) # 8406b3c8 <riscv_app+0x10>
84064c62:	4799                	li	a5,6
84064c64:	4448                	lw	a0,12(s0)
84064c66:	07d00593          	li	a1,125
84064c6a:	00e7e563          	bltu	a5,a4,84064c74 <riscv_mkey_ir_ctrl_idle_state_scan+0x30>
84064c6e:	8f99                	sub	a5,a5,a4
84064c70:	00f595b3          	sll	a1,a1,a5
84064c74:	4681                	li	a3,0
84064c76:	00000617          	auipc	a2,0x0
84064c7a:	fce60613          	add	a2,a2,-50 # 84064c44 <riscv_mkey_ir_ctrl_idle_state_scan>
84064c7e:	0a5040ef          	jal	84069522 <hal_gpt_sw_start_timer_us>
84064c82:	421507b7          	lui	a5,0x42150
84064c86:	20078793          	add	a5,a5,512 # 42150200 <__log_strings_end+0x3c14f066>
84064c8a:	4f8c                	lw	a1,24(a5)
84064c8c:	4008                	lw	a0,0(s0)
84064c8e:	860a                	mv	a2,sp
84064c90:	6b4040ef          	jal	84069344 <hal_gpt_get_duration_count>
84064c94:	4782                	lw	a5,0(sp)
84064c96:	474d                	li	a4,19
84064c98:	00f76663          	bltu	a4,a5,84064ca4 <riscv_mkey_ir_ctrl_idle_state_scan+0x60>
84064c9c:	4551                	li	a0,20
84064c9e:	8d1d                	sub	a0,a0,a5
84064ca0:	6b2040ef          	jal	84069352 <hal_gpt_delay_us>
84064ca4:	3601                	jal	840647a4 <riscv_mouse_key_polling_all_key_status>
84064ca6:	355d                	jal	84064b4c <riscv_mouse_key__notify_cm33_key_status>
84064ca8:	3fad                	jal	84064c22 <riscv_mkey_ir_ctrl_off>
84064caa:	40b2                	lw	ra,12(sp)
84064cac:	4422                	lw	s0,8(sp)
84064cae:	0141                	add	sp,sp,16
84064cb0:	8082                	ret

84064cb2 <riscv_mkey_ir_ctrl_init>:
84064cb2:	1151                	add	sp,sp,-12
84064cb4:	c222                	sw	s0,4(sp)
84064cb6:	00006417          	auipc	s0,0x6
84064cba:	6ee40413          	add	s0,s0,1774 # 8406b3a4 <irpt>
84064cbe:	445c                	lw	a5,12(s0)
84064cc0:	c406                	sw	ra,8(sp)
84064cc2:	e799                	bnez	a5,84064cd0 <riscv_mkey_ir_ctrl_init+0x1e>
84064cc4:	00006517          	auipc	a0,0x6
84064cc8:	6ec50513          	add	a0,a0,1772 # 8406b3b0 <irpt+0xc>
84064ccc:	6c8040ef          	jal	84069394 <hal_gpt_sw_get_timer>
84064cd0:	4058                	lw	a4,4(s0)
84064cd2:	4685                	li	a3,1
84064cd4:	81f9b617          	auipc	a2,0x81f9b
84064cd8:	6f060613          	add	a2,a2,1776 # 60003c4 <msg_id_string.1>
84064cdc:	4585                	li	a1,1
84064cde:	00006517          	auipc	a0,0x6
84064ce2:	43e50513          	add	a0,a0,1086 # 8406b11c <log_control_block_riscv_ps>
84064ce6:	5a6050ef          	jal	8406a28c <print_module_msgid_log>
84064cea:	00006797          	auipc	a5,0x6
84064cee:	4927a783          	lw	a5,1170(a5) # 8406b17c <hid_common>
84064cf2:	0147c703          	lbu	a4,20(a5)
84064cf6:	0157c783          	lbu	a5,21(a5)
84064cfa:	40a2                	lw	ra,8(sp)
84064cfc:	c058                	sw	a4,4(s0)
84064cfe:	8b85                	and	a5,a5,1
84064d00:	c41c                	sw	a5,8(s0)
84064d02:	4412                	lw	s0,4(sp)
84064d04:	0131                	add	sp,sp,12
84064d06:	8082                	ret

84064d08 <riscv_mkey_ir_ctrl_deinit>:
84064d08:	1151                	add	sp,sp,-12
84064d0a:	00006517          	auipc	a0,0x6
84064d0e:	41250513          	add	a0,a0,1042 # 8406b11c <log_control_block_riscv_ps>
84064d12:	4681                	li	a3,0
84064d14:	81f9b617          	auipc	a2,0x81f9b
84064d18:	64c60613          	add	a2,a2,1612 # 6000360 <msg_id_string.0>
84064d1c:	4585                	li	a1,1
84064d1e:	c406                	sw	ra,8(sp)
84064d20:	c222                	sw	s0,4(sp)
84064d22:	56a050ef          	jal	8406a28c <print_module_msgid_log>
84064d26:	00006417          	auipc	s0,0x6
84064d2a:	67e40413          	add	s0,s0,1662 # 8406b3a4 <irpt>
84064d2e:	3dd5                	jal	84064c22 <riscv_mkey_ir_ctrl_off>
84064d30:	4448                	lw	a0,12(s0)
84064d32:	c911                	beqz	a0,84064d46 <riscv_mkey_ir_ctrl_deinit+0x3e>
84064d34:	7f2040ef          	jal	84069526 <hal_gpt_sw_stop_timer_us>
84064d38:	4448                	lw	a0,12(s0)
84064d3a:	776040ef          	jal	840694b0 <hal_gpt_sw_free_timer>
84064d3e:	00006797          	auipc	a5,0x6
84064d42:	6607a923          	sw	zero,1650(a5) # 8406b3b0 <irpt+0xc>
84064d46:	40a2                	lw	ra,8(sp)
84064d48:	4412                	lw	s0,4(sp)
84064d4a:	0131                	add	sp,sp,12
84064d4c:	8082                	ret

84064d4e <riscv_mkey_ir_ctrl__reset_cnt>:
84064d4e:	00006717          	auipc	a4,0x6
84064d52:	66a70713          	add	a4,a4,1642 # 8406b3b8 <riscv_app>
84064d56:	4b50                	lw	a2,20(a4)
84064d58:	46c9                	li	a3,18
84064d5a:	478d                	li	a5,3
84064d5c:	00d60a63          	beq	a2,a3,84064d70 <riscv_mkey_ir_ctrl__reset_cnt+0x22>
84064d60:	4b18                	lw	a4,16(a4)
84064d62:	00006797          	auipc	a5,0x6
84064d66:	01a78793          	add	a5,a5,26 # 8406ad7c <protect_cnt_non_bt_mode_tbl>
84064d6a:	97ba                	add	a5,a5,a4
84064d6c:	0007c783          	lbu	a5,0(a5)
84064d70:	00006717          	auipc	a4,0x6
84064d74:	64f72223          	sw	a5,1604(a4) # 8406b3b4 <irpt+0x10>
84064d78:	8082                	ret

84064d7a <riscv_mkey_ir_ctrl__ir_key_check>:
84064d7a:	1151                	add	sp,sp,-12
84064d7c:	c222                	sw	s0,4(sp)
84064d7e:	c026                	sw	s1,0(sp)
84064d80:	c406                	sw	ra,8(sp)
84064d82:	842e                	mv	s0,a1
84064d84:	84b2                	mv	s1,a2
84064d86:	e511                	bnez	a0,84064d92 <riscv_mkey_ir_ctrl__ir_key_check+0x18>
84064d88:	ffc5f413          	and	s0,a1,-4
84064d8c:	00367793          	and	a5,a2,3
84064d90:	8c5d                	or	s0,s0,a5
84064d92:	08e050ef          	jal	84069e20 <mouse_sensor_is_lifted>
84064d96:	00006797          	auipc	a5,0x6
84064d9a:	60e78793          	add	a5,a5,1550 # 8406b3a4 <irpt>
84064d9e:	4b98                	lw	a4,16(a5)
84064da0:	c51d                	beqz	a0,84064dce <riscv_mkey_ir_ctrl__ir_key_check+0x54>
84064da2:	e711                	bnez	a4,84064dae <riscv_mkey_ir_ctrl__ir_key_check+0x34>
84064da4:	376d                	jal	84064d4e <riscv_mkey_ir_ctrl__reset_cnt>
84064da6:	00006797          	auipc	a5,0x6
84064daa:	5fe78793          	add	a5,a5,1534 # 8406b3a4 <irpt>
84064dae:	00944733          	xor	a4,s0,s1
84064db2:	8b0d                	and	a4,a4,3
84064db4:	c711                	beqz	a4,84064dc0 <riscv_mkey_ir_ctrl__ir_key_check+0x46>
84064db6:	4b98                	lw	a4,16(a5)
84064db8:	177d                	add	a4,a4,-1
84064dba:	cb98                	sw	a4,16(a5)
84064dbc:	00e04d63          	bgtz	a4,84064dd6 <riscv_mkey_ir_ctrl__ir_key_check+0x5c>
84064dc0:	3779                	jal	84064d4e <riscv_mkey_ir_ctrl__reset_cnt>
84064dc2:	40a2                	lw	ra,8(sp)
84064dc4:	8522                	mv	a0,s0
84064dc6:	4412                	lw	s0,4(sp)
84064dc8:	4482                	lw	s1,0(sp)
84064dca:	0131                	add	sp,sp,12
84064dcc:	8082                	ret
84064dce:	fee05ae3          	blez	a4,84064dc2 <riscv_mkey_ir_ctrl__ir_key_check+0x48>
84064dd2:	177d                	add	a4,a4,-1
84064dd4:	cb98                	sw	a4,16(a5)
84064dd6:	8426                	mv	s0,s1
84064dd8:	b7ed                	j	84064dc2 <riscv_mkey_ir_ctrl__ir_key_check+0x48>

84064dda <riscv_mkey_ir_ctrl_post_process>:
84064dda:	8082                	ret

84064ddc <riscv_mkey_ir_ctrl__app_state_update>:
84064ddc:	47cd                	li	a5,19
84064dde:	00a7ec63          	bltu	a5,a0,84064df6 <riscv_mkey_ir_ctrl__app_state_update+0x1a>
84064de2:	47bd                	li	a5,15
84064de4:	04a7ed63          	bltu	a5,a0,84064e3e <riscv_mkey_ir_ctrl__app_state_update+0x62>
84064de8:	478d                	li	a5,3
84064dea:	04f50963          	beq	a0,a5,84064e3c <riscv_mkey_ir_ctrl__app_state_update+0x60>
84064dee:	47a9                	li	a5,10
84064df0:	04f50563          	beq	a0,a5,84064e3a <riscv_mkey_ir_ctrl__app_state_update+0x5e>
84064df4:	8082                	ret
84064df6:	04b00793          	li	a5,75
84064dfa:	04f50263          	beq	a0,a5,84064e3e <riscv_mkey_ir_ctrl__app_state_update+0x62>
84064dfe:	02a7e063          	bltu	a5,a0,84064e1e <riscv_mkey_ir_ctrl__app_state_update+0x42>
84064e02:	02100793          	li	a5,33
84064e06:	00a7e663          	bltu	a5,a0,84064e12 <riscv_mkey_ir_ctrl__app_state_update+0x36>
84064e0a:	47fd                	li	a5,31
84064e0c:	02a7eb63          	bltu	a5,a0,84064e42 <riscv_mkey_ir_ctrl__app_state_update+0x66>
84064e10:	8082                	ret
84064e12:	fc050513          	add	a0,a0,-64
84064e16:	4785                	li	a5,1
84064e18:	02a7f563          	bgeu	a5,a0,84064e42 <riscv_mkey_ir_ctrl__app_state_update+0x66>
84064e1c:	8082                	ret
84064e1e:	08100793          	li	a5,129
84064e22:	00a7e763          	bltu	a5,a0,84064e30 <riscv_mkey_ir_ctrl__app_state_update+0x54>
84064e26:	07f00793          	li	a5,127
84064e2a:	00a7ec63          	bltu	a5,a0,84064e42 <riscv_mkey_ir_ctrl__app_state_update+0x66>
84064e2e:	8082                	ret
84064e30:	08b00793          	li	a5,139
84064e34:	00f50563          	beq	a0,a5,84064e3e <riscv_mkey_ir_ctrl__app_state_update+0x62>
84064e38:	8082                	ret
84064e3a:	bda5                	j	84064cb2 <riscv_mkey_ir_ctrl_init>
84064e3c:	b5f1                	j	84064d08 <riscv_mkey_ir_ctrl_deinit>
84064e3e:	4501                	li	a0,0
84064e40:	b511                	j	84064c44 <riscv_mkey_ir_ctrl_idle_state_scan>
84064e42:	00006517          	auipc	a0,0x6
84064e46:	56e52503          	lw	a0,1390(a0) # 8406b3b0 <irpt+0xc>
84064e4a:	6dc0406f          	j	84069526 <hal_gpt_sw_stop_timer_us>

84064e4e <riscv_mkey_ir_ctrl_debug_print>:
84064e4e:	8082                	ret

84064e50 <peripheral_sampling_inactivity_timeout>:
84064e50:	1141                	add	sp,sp,-16
84064e52:	f8100793          	li	a5,-127
84064e56:	850a                	mv	a0,sp
84064e58:	4589                	li	a1,2
84064e5a:	c606                	sw	ra,12(sp)
84064e5c:	00f10023          	sb	a5,0(sp)
84064e60:	fceff0ef          	jal	8406462e <riscv_app_ccin_send>
84064e64:	40b2                	lw	ra,12(sp)
84064e66:	4789                	li	a5,2
84064e68:	00006717          	auipc	a4,0x6
84064e6c:	3cf72223          	sw	a5,964(a4) # 8406b22c <sampling_state>
84064e70:	0141                	add	sp,sp,16
84064e72:	8082                	ret

84064e74 <riscv_fake_report_check>:
84064e74:	1151                	add	sp,sp,-12
84064e76:	c222                	sw	s0,4(sp)
84064e78:	c406                	sw	ra,8(sp)
84064e7a:	3e0030ef          	jal	8406825a <rv_fake_report__get_state>
84064e7e:	842a                	mv	s0,a0
84064e80:	3e49                	jal	84064a12 <riscv_mouse_keys_is_new_key_pressed>
84064e82:	cd01                	beqz	a0,84064e9a <riscv_fake_report_check+0x26>
84064e84:	cc11                	beqz	s0,84064ea0 <riscv_fake_report_check+0x2c>
84064e86:	4601                	li	a2,0
84064e88:	4581                	li	a1,0
84064e8a:	4501                	li	a0,0
84064e8c:	29c030ef          	jal	84068128 <rv_fake_report_config>
84064e90:	4412                	lw	s0,4(sp)
84064e92:	40a2                	lw	ra,8(sp)
84064e94:	0131                	add	sp,sp,12
84064e96:	82dff06f          	j	840646c2 <riscv_app_ccin_fake_data_disable>
84064e9a:	4789                	li	a5,2
84064e9c:	fef405e3          	beq	s0,a5,84064e86 <riscv_fake_report_check+0x12>
84064ea0:	40a2                	lw	ra,8(sp)
84064ea2:	4412                	lw	s0,4(sp)
84064ea4:	0131                	add	sp,sp,12
84064ea6:	8082                	ret

84064ea8 <peripheral_sampling_state_change_active>:
84064ea8:	00006797          	auipc	a5,0x6
84064eac:	3807a223          	sw	zero,900(a5) # 8406b22c <sampling_state>
84064eb0:	8082                	ret

84064eb2 <peripheral_sampling_set_inActivity_timeout>:
84064eb2:	00006797          	auipc	a5,0x6
84064eb6:	2ca7a783          	lw	a5,714(a5) # 8406b17c <hid_common>
84064eba:	43dc                	lw	a5,4(a5)
84064ebc:	00006717          	auipc	a4,0x6
84064ec0:	2af72c23          	sw	a5,696(a4) # 8406b174 <inActivity_time>
84064ec4:	8082                	ret

84064ec6 <peripheral_sampling_all_key_release_ccni_send>:
84064ec6:	1141                	add	sp,sp,-16
84064ec8:	f8200793          	li	a5,-126
84064ecc:	850a                	mv	a0,sp
84064ece:	4589                	li	a1,2
84064ed0:	c606                	sw	ra,12(sp)
84064ed2:	00f10023          	sb	a5,0(sp)
84064ed6:	f58ff0ef          	jal	8406462e <riscv_app_ccin_send>
84064eda:	40b2                	lw	ra,12(sp)
84064edc:	4789                	li	a5,2
84064ede:	00006717          	auipc	a4,0x6
84064ee2:	34f72523          	sw	a5,842(a4) # 8406b228 <pairing_state>
84064ee6:	0141                	add	sp,sp,16
84064ee8:	8082                	ret

84064eea <peripheral_sampling_pairing_check>:
84064eea:	1151                	add	sp,sp,-12
84064eec:	c222                	sw	s0,4(sp)
84064eee:	c406                	sw	ra,8(sp)
84064ef0:	00006417          	auipc	s0,0x6
84064ef4:	33840413          	add	s0,s0,824 # 8406b228 <pairing_state>
84064ef8:	049010ef          	jal	84066740 <hid_express_get_hid_flag>
84064efc:	401c                	lw	a5,0(s0)
84064efe:	cb81                	beqz	a5,84064f0e <peripheral_sampling_pairing_check+0x24>
84064f00:	4705                	li	a4,1
84064f02:	00e78963          	beq	a5,a4,84064f14 <peripheral_sampling_pairing_check+0x2a>
84064f06:	40a2                	lw	ra,8(sp)
84064f08:	4412                	lw	s0,4(sp)
84064f0a:	0131                	add	sp,sp,12
84064f0c:	8082                	ret
84064f0e:	4785                	li	a5,1
84064f10:	c01c                	sw	a5,0(s0)
84064f12:	bfd5                	j	84064f06 <peripheral_sampling_pairing_check+0x1c>
84064f14:	05c57793          	and	a5,a0,92
84064f18:	05c00713          	li	a4,92
84064f1c:	00e79e63          	bne	a5,a4,84064f38 <peripheral_sampling_pairing_check+0x4e>
84064f20:	00006797          	auipc	a5,0x6
84064f24:	3207a783          	lw	a5,800(a5) # 8406b240 <pka_share_ptr>
84064f28:	00c7d703          	lhu	a4,12(a5)
84064f2c:	47a9                	li	a5,10
84064f2e:	fcf71ce3          	bne	a4,a5,84064f06 <peripheral_sampling_pairing_check+0x1c>
84064f32:	3f51                	jal	84064ec6 <peripheral_sampling_all_key_release_ccni_send>
84064f34:	4789                	li	a5,2
84064f36:	bfe9                	j	84064f10 <peripheral_sampling_pairing_check+0x26>
84064f38:	09057513          	and	a0,a0,144
84064f3c:	09000793          	li	a5,144
84064f40:	fcf513e3          	bne	a0,a5,84064f06 <peripheral_sampling_pairing_check+0x1c>
84064f44:	007010ef          	jal	8406674a <hid_express_get_get_tx_result>
84064f48:	fd5d                	bnez	a0,84064f06 <peripheral_sampling_pairing_check+0x1c>
84064f4a:	b7e5                	j	84064f32 <peripheral_sampling_pairing_check+0x48>

84064f4c <peripheral_sampling_idle_check>:
84064f4c:	1151                	add	sp,sp,-12
84064f4e:	c406                	sw	ra,8(sp)
84064f50:	c222                	sw	s0,4(sp)
84064f52:	c026                	sw	s1,0(sp)
84064f54:	e91d                	bnez	a0,84064f8a <peripheral_sampling_idle_check+0x3e>
84064f56:	00006717          	auipc	a4,0x6
84064f5a:	2d672703          	lw	a4,726(a4) # 8406b22c <sampling_state>
84064f5e:	4785                	li	a5,1
84064f60:	00f71863          	bne	a4,a5,84064f70 <peripheral_sampling_idle_check+0x24>
84064f64:	00006517          	auipc	a0,0x6
84064f68:	2d052503          	lw	a0,720(a0) # 8406b234 <inActivity_gpt_hdl>
84064f6c:	5b2040ef          	jal	8406951e <hal_gpt_sw_stop_timer_ms>
84064f70:	00006797          	auipc	a5,0x6
84064f74:	2c07a023          	sw	zero,704(a5) # 8406b230 <inactivity_counter>
84064f78:	00006797          	auipc	a5,0x6
84064f7c:	2a07aa23          	sw	zero,692(a5) # 8406b22c <sampling_state>
84064f80:	40a2                	lw	ra,8(sp)
84064f82:	4412                	lw	s0,4(sp)
84064f84:	4482                	lw	s1,0(sp)
84064f86:	0131                	add	sp,sp,12
84064f88:	8082                	ret
84064f8a:	00006717          	auipc	a4,0x6
84064f8e:	2a670713          	add	a4,a4,678 # 8406b230 <inactivity_counter>
84064f92:	431c                	lw	a5,0(a4)
84064f94:	04f00693          	li	a3,79
84064f98:	00f6e563          	bltu	a3,a5,84064fa2 <peripheral_sampling_idle_check+0x56>
84064f9c:	0785                	add	a5,a5,1
84064f9e:	c31c                	sw	a5,0(a4)
84064fa0:	b7c5                	j	84064f80 <peripheral_sampling_idle_check+0x34>
84064fa2:	00006797          	auipc	a5,0x6
84064fa6:	28a78793          	add	a5,a5,650 # 8406b22c <sampling_state>
84064faa:	4398                	lw	a4,0(a5)
84064fac:	fb71                	bnez	a4,84064f80 <peripheral_sampling_idle_check+0x34>
84064fae:	00006497          	auipc	s1,0x6
84064fb2:	1c648493          	add	s1,s1,454 # 8406b174 <inActivity_time>
84064fb6:	4098                	lw	a4,0(s1)
84064fb8:	d761                	beqz	a4,84064f80 <peripheral_sampling_idle_check+0x34>
84064fba:	00006417          	auipc	s0,0x6
84064fbe:	27a40413          	add	s0,s0,634 # 8406b234 <inActivity_gpt_hdl>
84064fc2:	4008                	lw	a0,0(s0)
84064fc4:	4705                	li	a4,1
84064fc6:	c398                	sw	a4,0(a5)
84064fc8:	556040ef          	jal	8406951e <hal_gpt_sw_stop_timer_ms>
84064fcc:	4008                	lw	a0,0(s0)
84064fce:	4412                	lw	s0,4(sp)
84064fd0:	408c                	lw	a1,0(s1)
84064fd2:	40a2                	lw	ra,8(sp)
84064fd4:	4482                	lw	s1,0(sp)
84064fd6:	4681                	li	a3,0
84064fd8:	00000617          	auipc	a2,0x0
84064fdc:	e7860613          	add	a2,a2,-392 # 84064e50 <peripheral_sampling_inactivity_timeout>
84064fe0:	0131                	add	sp,sp,12
84064fe2:	5380406f          	j	8406951a <hal_gpt_sw_start_timer_ms>

84064fe6 <peripheral_sampling__need_early_key_handle_in_wireless_mode>:
84064fe6:	00006797          	auipc	a5,0x6
84064fea:	3e67a783          	lw	a5,998(a5) # 8406b3cc <riscv_app+0x14>
84064fee:	fbf7f693          	and	a3,a5,-65
84064ff2:	4729                	li	a4,10
84064ff4:	4505                	li	a0,1
84064ff6:	00e68e63          	beq	a3,a4,84065012 <peripheral_sampling__need_early_key_handle_in_wireless_mode+0x2c>
84064ffa:	0107f713          	and	a4,a5,16
84064ffe:	eb11                	bnez	a4,84065012 <peripheral_sampling__need_early_key_handle_in_wireless_mode+0x2c>
84065000:	fc078713          	add	a4,a5,-64
84065004:	fbe77713          	and	a4,a4,-66
84065008:	c709                	beqz	a4,84065012 <peripheral_sampling__need_early_key_handle_in_wireless_mode+0x2c>
8406500a:	f7678793          	add	a5,a5,-138
8406500e:	0017b513          	seqz	a0,a5
84065012:	8082                	ret

84065014 <peripheral_sampling_last_handler>:
84065014:	1141                	add	sp,sp,-16
84065016:	c606                	sw	ra,12(sp)
84065018:	2e7d                	jal	840653d6 <riscv_wheel_post_process>
8406501a:	73a010ef          	jal	84066754 <hid_express_get_outgpoig_report_result>
8406501e:	373d                	jal	84064f4c <peripheral_sampling_idle_check>
84065020:	3d91                	jal	84064e74 <riscv_fake_report_check>
84065022:	7a7030ef          	jal	84068fc8 <key_remap_get_process_status>
84065026:	478d                	li	a5,3
84065028:	04f50763          	beq	a0,a5,84065076 <peripheral_sampling_last_handler+0x62>
8406502c:	02a7e363          	bltu	a5,a0,84065052 <peripheral_sampling_last_handler+0x3e>
84065030:	4785                	li	a5,1
84065032:	02f50663          	beq	a0,a5,8406505e <peripheral_sampling_last_handler+0x4a>
84065036:	4789                	li	a5,2
84065038:	02f50a63          	beq	a0,a5,8406506c <peripheral_sampling_last_handler+0x58>
8406503c:	850a                	mv	a0,sp
8406503e:	7bd030ef          	jal	84068ffa <key_remap_get_key_status>
84065042:	c119                	beqz	a0,84065048 <peripheral_sampling_last_handler+0x34>
84065044:	4502                	lw	a0,0(sp)
84065046:	3cd1                	jal	84064b1a <riscv_mouse_key__ccni_send_status>
84065048:	8ffff0ef          	jal	84064946 <riscv_mouse_key_post_process>
8406504c:	40b2                	lw	ra,12(sp)
8406504e:	0141                	add	sp,sp,16
84065050:	8082                	ret
84065052:	479d                	li	a5,7
84065054:	fef514e3          	bne	a0,a5,8406503c <peripheral_sampling_last_handler+0x28>
84065058:	4581                	li	a1,0
8406505a:	4529                	li	a0,10
8406505c:	a019                	j	84065062 <peripheral_sampling_last_handler+0x4e>
8406505e:	4581                	li	a1,0
84065060:	4519                	li	a0,6
84065062:	e78ff0ef          	jal	840646da <riscv_app_ccni_key_remap_send>
84065066:	76d030ef          	jal	84068fd2 <key_remap_state_reset>
8406506a:	bfc9                	j	8406503c <peripheral_sampling_last_handler+0x28>
8406506c:	77f030ef          	jal	84068fea <key_remap_get_dpi_attr>
84065070:	85aa                	mv	a1,a0
84065072:	451d                	li	a0,7
84065074:	b7fd                	j	84065062 <peripheral_sampling_last_handler+0x4e>
84065076:	4589                	li	a1,2
84065078:	bfed                	j	84065072 <peripheral_sampling_last_handler+0x5e>

8406507a <peripheral_sampling_handler>:
8406507a:	1151                	add	sp,sp,-12
8406507c:	c222                	sw	s0,4(sp)
8406507e:	c406                	sw	ra,8(sp)
84065080:	4789                	li	a5,2
84065082:	842e                	mv	s0,a1
84065084:	08f50263          	beq	a0,a5,84065108 <peripheral_sampling_handler+0x8e>
84065088:	02a7e763          	bltu	a5,a0,840650b6 <peripheral_sampling_handler+0x3c>
8406508c:	ed05                	bnez	a0,840650c4 <peripheral_sampling_handler+0x4a>
8406508e:	3fa1                	jal	84064fe6 <peripheral_sampling__need_early_key_handle_in_wireless_mode>
84065090:	00006797          	auipc	a5,0x6
84065094:	32878793          	add	a5,a5,808 # 8406b3b8 <riscv_app>
84065098:	c509                	beqz	a0,840650a2 <peripheral_sampling_handler+0x28>
8406509a:	4b94                	lw	a3,16(a5)
8406509c:	4719                	li	a4,6
8406509e:	00e68763          	beq	a3,a4,840650ac <peripheral_sampling_handler+0x32>
840650a2:	4bd8                	lw	a4,20(a5)
840650a4:	02100793          	li	a5,33
840650a8:	00f71a63          	bne	a4,a5,840650bc <peripheral_sampling_handler+0x42>
840650ac:	4412                	lw	s0,4(sp)
840650ae:	40a2                	lw	ra,8(sp)
840650b0:	0131                	add	sp,sp,12
840650b2:	85bff06f          	j	8406490c <riscv_mouse_key_early_handle>
840650b6:	478d                	li	a5,3
840650b8:	06f50863          	beq	a0,a5,84065128 <peripheral_sampling_handler+0xae>
840650bc:	40a2                	lw	ra,8(sp)
840650be:	4412                	lw	s0,4(sp)
840650c0:	0131                	add	sp,sp,12
840650c2:	8082                	ret
840650c4:	00006797          	auipc	a5,0x6
840650c8:	1d87a783          	lw	a5,472(a5) # 8406b29c <hid_flags>
840650cc:	2007f793          	and	a5,a5,512
840650d0:	c789                	beqz	a5,840650da <peripheral_sampling_handler+0x60>
840650d2:	4412                	lw	s0,4(sp)
840650d4:	40a2                	lw	ra,8(sp)
840650d6:	0131                	add	sp,sp,12
840650d8:	bd09                	j	84064eea <peripheral_sampling_pairing_check>
840650da:	05b1                	add	a1,a1,12
840650dc:	00840513          	add	a0,s0,8
840650e0:	e7cff0ef          	jal	8406475c <riscv_motion_sensor_data_get>
840650e4:	3709                	jal	84064fe6 <peripheral_sampling__need_early_key_handle_in_wireless_mode>
840650e6:	c911                	beqz	a0,840650fa <peripheral_sampling_handler+0x80>
840650e8:	00006717          	auipc	a4,0x6
840650ec:	2e072703          	lw	a4,736(a4) # 8406b3c8 <riscv_app+0x10>
840650f0:	4799                	li	a5,6
840650f2:	00f70463          	beq	a4,a5,840650fa <peripheral_sampling_handler+0x80>
840650f6:	817ff0ef          	jal	8406490c <riscv_mouse_key_early_handle>
840650fa:	01040513          	add	a0,s0,16
840650fe:	2425                	jal	84065326 <riscv_wheel_get_data>
84065100:	4412                	lw	s0,4(sp)
84065102:	40a2                	lw	ra,8(sp)
84065104:	0131                	add	sp,sp,12
84065106:	ac01                	j	84065316 <riscv_wheel_trigger_read_process>
84065108:	4785                	li	a5,1
8406510a:	c19c                	sw	a5,0(a1)
8406510c:	00006797          	auipc	a5,0x6
84065110:	1907a783          	lw	a5,400(a5) # 8406b29c <hid_flags>
84065114:	2007f793          	and	a5,a5,512
84065118:	f3d5                	bnez	a5,840650bc <peripheral_sampling_handler+0x42>
8406511a:	4412                	lw	s0,4(sp)
8406511c:	40a2                	lw	ra,8(sp)
8406511e:	00458513          	add	a0,a1,4
84065122:	0131                	add	sp,sp,12
84065124:	801ff06f          	j	84064924 <riscv_mouse_key_get_key_status>
84065128:	4412                	lw	s0,4(sp)
8406512a:	40a2                	lw	ra,8(sp)
8406512c:	0131                	add	sp,sp,12
8406512e:	b5dd                	j	84065014 <peripheral_sampling_last_handler>

84065130 <peripheral_sampling_deinit>:
84065130:	1151                	add	sp,sp,-12
84065132:	c222                	sw	s0,4(sp)
84065134:	00006417          	auipc	s0,0x6
84065138:	10040413          	add	s0,s0,256 # 8406b234 <inActivity_gpt_hdl>
8406513c:	4008                	lw	a0,0(s0)
8406513e:	c406                	sw	ra,8(sp)
84065140:	3de040ef          	jal	8406951e <hal_gpt_sw_stop_timer_ms>
84065144:	4008                	lw	a0,0(s0)
84065146:	36a040ef          	jal	840694b0 <hal_gpt_sw_free_timer>
8406514a:	4412                	lw	s0,4(sp)
8406514c:	40a2                	lw	ra,8(sp)
8406514e:	0131                	add	sp,sp,12
84065150:	4bb0106f          	j	84066e0a <hid_express_deinit>

84065154 <peripheral_sampling_debug_print>:
84065154:	1151                	add	sp,sp,-12
84065156:	c406                	sw	ra,8(sp)
84065158:	94fff0ef          	jal	84064aa6 <riscv_mouse_key_debug_print>
8406515c:	40a2                	lw	ra,8(sp)
8406515e:	0131                	add	sp,sp,12
84065160:	ace5                	j	84065458 <riscv_wheel_debug_print>

84065162 <peripheral_sampling_common_para_update>:
84065162:	1141                	add	sp,sp,-16
84065164:	c422                	sw	s0,8(sp)
84065166:	c606                	sw	ra,12(sp)
84065168:	00006417          	auipc	s0,0x6
8406516c:	25040413          	add	s0,s0,592 # 8406b3b8 <riscv_app>
84065170:	00006717          	auipc	a4,0x6
84065174:	00c72703          	lw	a4,12(a4) # 8406b17c <hid_common>
84065178:	03974683          	lbu	a3,57(a4)
8406517c:	03a74783          	lbu	a5,58(a4)
84065180:	4858                	lw	a4,20(s0)
84065182:	c454                	sw	a3,12(s0)
84065184:	c41c                	sw	a5,8(s0)
84065186:	c814                	sw	a3,16(s0)
84065188:	02077613          	and	a2,a4,32
8406518c:	ca05                	beqz	a2,840651bc <peripheral_sampling_common_para_update+0x5a>
8406518e:	c81c                	sw	a5,16(s0)
84065190:	c036                	sw	a3,0(sp)
84065192:	4818                	lw	a4,16(s0)
84065194:	468d                	li	a3,3
84065196:	81f9b617          	auipc	a2,0x81f9b
8406519a:	29260613          	add	a2,a2,658 # 6000428 <msg_id_string.0>
8406519e:	4585                	li	a1,1
840651a0:	00006517          	auipc	a0,0x6
840651a4:	f7c50513          	add	a0,a0,-132 # 8406b11c <log_control_block_riscv_ps>
840651a8:	0e4050ef          	jal	8406a28c <print_module_msgid_log>
840651ac:	4808                	lw	a0,16(s0)
840651ae:	3a5010ef          	jal	84066d52 <hid_express_set_report_rate_idx>
840651b2:	4422                	lw	s0,8(sp)
840651b4:	40b2                	lw	ra,12(sp)
840651b6:	0141                	add	sp,sp,16
840651b8:	8edff06f          	j	84064aa4 <riscv_mouse_key_common_para_update>
840651bc:	08077613          	and	a2,a4,128
840651c0:	fa61                	bnez	a2,84065190 <peripheral_sampling_common_para_update+0x2e>
840651c2:	04077713          	and	a4,a4,64
840651c6:	d769                	beqz	a4,84065190 <peripheral_sampling_common_para_update+0x2e>
840651c8:	00006717          	auipc	a4,0x6
840651cc:	20072023          	sw	zero,512(a4) # 8406b3c8 <riscv_app+0x10>
840651d0:	b7c1                	j	84065190 <peripheral_sampling_common_para_update+0x2e>

840651d2 <peripheral_sampling_init>:
840651d2:	1151                	add	sp,sp,-12
840651d4:	00006517          	auipc	a0,0x6
840651d8:	1e450513          	add	a0,a0,484 # 8406b3b8 <riscv_app>
840651dc:	c406                	sw	ra,8(sp)
840651de:	42e010ef          	jal	8406660c <hid_common_get_hid_exp_features>
840651e2:	2add                	jal	840653d8 <riscv_wheel_init>
840651e4:	dbcff0ef          	jal	840647a0 <riscv_motion_sensor_init>
840651e8:	f98ff0ef          	jal	84064980 <riscv_mouse_key_init>
840651ec:	3f9d                	jal	84065162 <peripheral_sampling_common_para_update>
840651ee:	00006517          	auipc	a0,0x6
840651f2:	1ca52503          	lw	a0,458(a0) # 8406b3b8 <riscv_app>
840651f6:	321010ef          	jal	84066d16 <hid_express_set_features>
840651fa:	3965                	jal	84064eb2 <peripheral_sampling_set_inActivity_timeout>
840651fc:	00006517          	auipc	a0,0x6
84065200:	03850513          	add	a0,a0,56 # 8406b234 <inActivity_gpt_hdl>
84065204:	190040ef          	jal	84069394 <hal_gpt_sw_get_timer>
84065208:	00000517          	auipc	a0,0x0
8406520c:	e7250513          	add	a0,a0,-398 # 8406507a <peripheral_sampling_handler>
84065210:	29b010ef          	jal	84066caa <hid_express_init>
84065214:	40a2                	lw	ra,8(sp)
84065216:	4501                	li	a0,0
84065218:	0131                	add	sp,sp,12
8406521a:	8082                	ret

8406521c <peripheral_sampling_app_state_update>:
8406521c:	1151                	add	sp,sp,-12
8406521e:	c026                	sw	s1,0(sp)
84065220:	00006497          	auipc	s1,0x6
84065224:	19848493          	add	s1,s1,408 # 8406b3b8 <riscv_app>
84065228:	48d8                	lw	a4,20(s1)
8406522a:	c222                	sw	s0,4(sp)
8406522c:	4685                	li	a3,1
8406522e:	842a                	mv	s0,a0
84065230:	81f9b617          	auipc	a2,0x81f9b
84065234:	26c60613          	add	a2,a2,620 # 600049c <msg_id_string.1>
84065238:	4585                	li	a1,1
8406523a:	00006517          	auipc	a0,0x6
8406523e:	ee250513          	add	a0,a0,-286 # 8406b11c <log_control_block_riscv_ps>
84065242:	c406                	sw	ra,8(sp)
84065244:	048050ef          	jal	8406a28c <print_module_msgid_log>
84065248:	02000793          	li	a5,32
8406524c:	c8c0                	sw	s0,20(s1)
8406524e:	02f40863          	beq	s0,a5,8406527e <peripheral_sampling_app_state_update+0x62>
84065252:	0287e163          	bltu	a5,s0,84065274 <peripheral_sampling_app_state_update+0x58>
84065256:	478d                	li	a5,3
84065258:	02f40563          	beq	s0,a5,84065282 <peripheral_sampling_app_state_update+0x66>
8406525c:	47a9                	li	a5,10
8406525e:	02f40063          	beq	s0,a5,8406527e <peripheral_sampling_app_state_update+0x62>
84065262:	8522                	mv	a0,s0
84065264:	83fff0ef          	jal	84064aa2 <riscv_mouse_key__app_state_update>
84065268:	8522                	mv	a0,s0
8406526a:	4412                	lw	s0,4(sp)
8406526c:	40a2                	lw	ra,8(sp)
8406526e:	4482                	lw	s1,0(sp)
84065270:	0131                	add	sp,sp,12
84065272:	aaf1                	j	8406544e <riscv_wheel__app_state_update>
84065274:	fc040793          	add	a5,s0,-64
84065278:	fbf7f793          	and	a5,a5,-65
8406527c:	f3fd                	bnez	a5,84065262 <peripheral_sampling_app_state_update+0x46>
8406527e:	35d5                	jal	84065162 <peripheral_sampling_common_para_update>
84065280:	b7cd                	j	84065262 <peripheral_sampling_app_state_update+0x46>
84065282:	00006797          	auipc	a5,0x6
84065286:	fa07a323          	sw	zero,-90(a5) # 8406b228 <pairing_state>
8406528a:	355d                	jal	84065130 <peripheral_sampling_deinit>
8406528c:	bfd9                	j	84065262 <peripheral_sampling_app_state_update+0x46>

8406528e <peripheral_sampling__check_condiction>:
8406528e:	478d                	li	a5,3
84065290:	06f50663          	beq	a0,a5,840652fc <peripheral_sampling__check_condiction+0x6e>
84065294:	00a7ea63          	bltu	a5,a0,840652a8 <peripheral_sampling__check_condiction+0x1a>
84065298:	4785                	li	a5,1
8406529a:	02f50163          	beq	a0,a5,840652bc <peripheral_sampling__check_condiction+0x2e>
8406529e:	4789                	li	a5,2
840652a0:	04f50163          	beq	a0,a5,840652e2 <peripheral_sampling__check_condiction+0x54>
840652a4:	4501                	li	a0,0
840652a6:	8082                	ret
840652a8:	4791                	li	a5,4
840652aa:	fef51de3          	bne	a0,a5,840652a4 <peripheral_sampling__check_condiction+0x16>
840652ae:	00006517          	auipc	a0,0x6
840652b2:	11e52503          	lw	a0,286(a0) # 8406b3cc <riscv_app+0x14>
840652b6:	8115                	srl	a0,a0,0x5
840652b8:	8905                	and	a0,a0,1
840652ba:	8082                	ret
840652bc:	00006797          	auipc	a5,0x6
840652c0:	0fc78793          	add	a5,a5,252 # 8406b3b8 <riscv_app>
840652c4:	4b94                	lw	a3,16(a5)
840652c6:	4719                	li	a4,6
840652c8:	4501                	li	a0,0
840652ca:	fee698e3          	bne	a3,a4,840652ba <peripheral_sampling__check_condiction+0x2c>
840652ce:	4bdc                	lw	a5,20(a5)
840652d0:	0e07f713          	and	a4,a5,224
840652d4:	d37d                	beqz	a4,840652ba <peripheral_sampling__check_condiction+0x2c>
840652d6:	8399                	srl	a5,a5,0x6
840652d8:	0017c793          	xor	a5,a5,1
840652dc:	0017f513          	and	a0,a5,1
840652e0:	8082                	ret
840652e2:	00006797          	auipc	a5,0x6
840652e6:	0ea7a783          	lw	a5,234(a5) # 8406b3cc <riscv_app+0x14>
840652ea:	0e07f713          	and	a4,a5,224
840652ee:	4501                	li	a0,0
840652f0:	d769                	beqz	a4,840652ba <peripheral_sampling__check_condiction+0x2c>
840652f2:	8bbd                	and	a5,a5,15
840652f4:	17fd                	add	a5,a5,-1
840652f6:	00f03533          	snez	a0,a5
840652fa:	8082                	ret
840652fc:	00006797          	auipc	a5,0x6
84065300:	0d07a783          	lw	a5,208(a5) # 8406b3cc <riscv_app+0x14>
84065304:	0e07f713          	and	a4,a5,224
84065308:	4501                	li	a0,0
8406530a:	db45                	beqz	a4,840652ba <peripheral_sampling__check_condiction+0x2c>
8406530c:	8bbd                	and	a5,a5,15
8406530e:	17fd                	add	a5,a5,-1
84065310:	0017b513          	seqz	a0,a5
84065314:	8082                	ret

84065316 <riscv_wheel_trigger_read_process>:
84065316:	1151                	add	sp,sp,-12
84065318:	c406                	sw	ra,8(sp)
8406531a:	04b040ef          	jal	84069b64 <hal_qdec_set_latch_clear>
8406531e:	40a2                	lw	ra,8(sp)
84065320:	4501                	li	a0,0
84065322:	0131                	add	sp,sp,12
84065324:	8082                	ret

84065326 <riscv_wheel_get_data>:
84065326:	1131                	add	sp,sp,-20
84065328:	c622                	sw	s0,12(sp)
8406532a:	c426                	sw	s1,8(sp)
8406532c:	c806                	sw	ra,16(sp)
8406532e:	00052023          	sw	zero,0(a0)
84065332:	84aa                	mv	s1,a0
84065334:	00310513          	add	a0,sp,3
84065338:	00011223          	sh	zero,4(sp)
8406533c:	11f040ef          	jal	84069c5a <hal_qdec_latch_status_is_busy>
84065340:	547d                	li	s0,-1
84065342:	e925                	bnez	a0,840653b2 <riscv_wheel_get_data+0x8c>
84065344:	842a                	mv	s0,a0
84065346:	0048                	add	a0,sp,4
84065348:	03f040ef          	jal	84069b86 <hal_qdec_get_data>
8406534c:	00411783          	lh	a5,4(sp)
84065350:	c785                	beqz	a5,84065378 <riscv_wheel_get_data+0x52>
84065352:	00610513          	add	a0,sp,6
84065356:	2a41                	jal	840654e6 <riscv_wheel_queue_pop_temp>
84065358:	00411503          	lh	a0,4(sp)
8406535c:	00a05863          	blez	a0,8406536c <riscv_wheel_get_data+0x46>
84065360:	00611783          	lh	a5,6(sp)
84065364:	00f04963          	bgtz	a5,84065376 <riscv_wheel_get_data+0x50>
84065368:	2a05                	jal	84065498 <riscv_wheel_queue_push>
8406536a:	a039                	j	84065378 <riscv_wheel_get_data+0x52>
8406536c:	dd75                	beqz	a0,84065368 <riscv_wheel_get_data+0x42>
8406536e:	00611783          	lh	a5,6(sp)
84065372:	fe07dbe3          	bgez	a5,84065368 <riscv_wheel_get_data+0x42>
84065376:	227d                	jal	84065524 <riscv_wheel_queue_update>
84065378:	00610513          	add	a0,sp,6
8406537c:	22ad                	jal	840654e6 <riscv_wheel_queue_pop_temp>
8406537e:	00611783          	lh	a5,6(sp)
84065382:	02f05e63          	blez	a5,840653be <riscv_wheel_get_data+0x98>
84065386:	17fd                	add	a5,a5,-1
84065388:	557d                	li	a0,-1
8406538a:	00f11323          	sh	a5,6(sp)
8406538e:	2a59                	jal	84065524 <riscv_wheel_queue_update>
84065390:	00611783          	lh	a5,6(sp)
84065394:	e391                	bnez	a5,84065398 <riscv_wheel_get_data+0x72>
84065396:	2ab5                	jal	84065512 <riscv_wheel_queue_pop_confirm>
84065398:	4785                	li	a5,1
8406539a:	00f11223          	sh	a5,4(sp)
8406539e:	00006717          	auipc	a4,0x6
840653a2:	e9a72703          	lw	a4,-358(a4) # 8406b238 <qdec_reverse_enable>
840653a6:	00411783          	lh	a5,4(sp)
840653aa:	c319                	beqz	a4,840653b0 <riscv_wheel_get_data+0x8a>
840653ac:	40f007b3          	neg	a5,a5
840653b0:	c09c                	sw	a5,0(s1)
840653b2:	40c2                	lw	ra,16(sp)
840653b4:	8522                	mv	a0,s0
840653b6:	4432                	lw	s0,12(sp)
840653b8:	44a2                	lw	s1,8(sp)
840653ba:	0151                	add	sp,sp,20
840653bc:	8082                	ret
840653be:	d3e5                	beqz	a5,8406539e <riscv_wheel_get_data+0x78>
840653c0:	0785                	add	a5,a5,1
840653c2:	4505                	li	a0,1
840653c4:	00f11323          	sh	a5,6(sp)
840653c8:	2ab1                	jal	84065524 <riscv_wheel_queue_update>
840653ca:	00611783          	lh	a5,6(sp)
840653ce:	e391                	bnez	a5,840653d2 <riscv_wheel_get_data+0xac>
840653d0:	2289                	jal	84065512 <riscv_wheel_queue_pop_confirm>
840653d2:	57fd                	li	a5,-1
840653d4:	b7d9                	j	8406539a <riscv_wheel_get_data+0x74>

840653d6 <riscv_wheel_post_process>:
840653d6:	8082                	ret

840653d8 <riscv_wheel_init>:
840653d8:	00006717          	auipc	a4,0x6
840653dc:	da472703          	lw	a4,-604(a4) # 8406b17c <hid_common>
840653e0:	431c                	lw	a5,0(a4)
840653e2:	1141                	add	sp,sp,-16
840653e4:	c606                	sw	ra,12(sp)
840653e6:	8b89                	and	a5,a5,2
840653e8:	00006697          	auipc	a3,0x6
840653ec:	e5068693          	add	a3,a3,-432 # 8406b238 <qdec_reverse_enable>
840653f0:	c399                	beqz	a5,840653f6 <riscv_wheel_init+0x1e>
840653f2:	4785                	li	a5,1
840653f4:	c29c                	sw	a5,0(a3)
840653f6:	01674783          	lbu	a5,22(a4)
840653fa:	01774703          	lbu	a4,23(a4)
840653fe:	00006517          	auipc	a0,0x6
84065402:	d1e50513          	add	a0,a0,-738 # 8406b11c <log_control_block_riscv_ps>
84065406:	00006617          	auipc	a2,0x6
8406540a:	e2f60ba3          	sb	a5,-457(a2) # 8406b23d <scroll_ctrl_pin_id>
8406540e:	8b05                	and	a4,a4,1
84065410:	c03a                	sw	a4,0(sp)
84065412:	00006617          	auipc	a2,0x6
84065416:	e2e60523          	sb	a4,-470(a2) # 8406b23c <scroll_active_level>
8406541a:	4298                	lw	a4,0(a3)
8406541c:	81f9b617          	auipc	a2,0x81f9b
84065420:	10c60613          	add	a2,a2,268 # 6000528 <msg_id_string.1>
84065424:	468d                	li	a3,3
84065426:	4585                	li	a1,1
84065428:	665040ef          	jal	8406a28c <print_module_msgid_log>
8406542c:	203d                	jal	8406545a <riscv_wheel_queue_init_q_ctrl>
8406542e:	40b2                	lw	ra,12(sp)
84065430:	4501                	li	a0,0
84065432:	0141                	add	sp,sp,16
84065434:	8082                	ret

84065436 <riscv_wheel_deinit>:
84065436:	4681                	li	a3,0
84065438:	81f9b617          	auipc	a2,0x81f9b
8406543c:	0c060613          	add	a2,a2,192 # 60004f8 <msg_id_string.0>
84065440:	4585                	li	a1,1
84065442:	00006517          	auipc	a0,0x6
84065446:	cda50513          	add	a0,a0,-806 # 8406b11c <log_control_block_riscv_ps>
8406544a:	6430406f          	j	8406a28c <print_module_msgid_log>

8406544e <riscv_wheel__app_state_update>:
8406544e:	478d                	li	a5,3
84065450:	00f51363          	bne	a0,a5,84065456 <riscv_wheel__app_state_update+0x8>
84065454:	b7cd                	j	84065436 <riscv_wheel_deinit>
84065456:	8082                	ret

84065458 <riscv_wheel_debug_print>:
84065458:	8082                	ret

8406545a <riscv_wheel_queue_init_q_ctrl>:
8406545a:	00006797          	auipc	a5,0x6
8406545e:	f7678793          	add	a5,a5,-138 # 8406b3d0 <wheel_q_Ctrl>
84065462:	0007a823          	sw	zero,16(a5)
84065466:	0007aa23          	sw	zero,20(a5)
8406546a:	8082                	ret

8406546c <riscv_wheel_queue_is_full>:
8406546c:	00006797          	auipc	a5,0x6
84065470:	f6478793          	add	a5,a5,-156 # 8406b3d0 <wheel_q_Ctrl>
84065474:	4b88                	lw	a0,16(a5)
84065476:	4bdc                	lw	a5,20(a5)
84065478:	0505                	add	a0,a0,1
8406547a:	891d                	and	a0,a0,7
8406547c:	8d1d                	sub	a0,a0,a5
8406547e:	00153513          	seqz	a0,a0
84065482:	8082                	ret

84065484 <riscv_wheel_queue_is_empty>:
84065484:	00006797          	auipc	a5,0x6
84065488:	f4c78793          	add	a5,a5,-180 # 8406b3d0 <wheel_q_Ctrl>
8406548c:	4b88                	lw	a0,16(a5)
8406548e:	4bdc                	lw	a5,20(a5)
84065490:	8d1d                	sub	a0,a0,a5
84065492:	00153513          	seqz	a0,a0
84065496:	8082                	ret

84065498 <riscv_wheel_queue_push>:
84065498:	1151                	add	sp,sp,-12
8406549a:	c222                	sw	s0,4(sp)
8406549c:	c406                	sw	ra,8(sp)
8406549e:	842a                	mv	s0,a0
840654a0:	37f1                	jal	8406546c <riscv_wheel_queue_is_full>
840654a2:	c105                	beqz	a0,840654c2 <riscv_wheel_queue_push+0x2a>
840654a4:	4412                	lw	s0,4(sp)
840654a6:	40a2                	lw	ra,8(sp)
840654a8:	4681                	li	a3,0
840654aa:	81f9b617          	auipc	a2,0x81f9b
840654ae:	0fa60613          	add	a2,a2,250 # 60005a4 <msg_id_string.0>
840654b2:	4585                	li	a1,1
840654b4:	00006517          	auipc	a0,0x6
840654b8:	c6850513          	add	a0,a0,-920 # 8406b11c <log_control_block_riscv_ps>
840654bc:	0131                	add	sp,sp,12
840654be:	5cf0406f          	j	8406a28c <print_module_msgid_log>
840654c2:	cc11                	beqz	s0,840654de <riscv_wheel_queue_push+0x46>
840654c4:	00006717          	auipc	a4,0x6
840654c8:	f0c70713          	add	a4,a4,-244 # 8406b3d0 <wheel_q_Ctrl>
840654cc:	4b1c                	lw	a5,16(a4)
840654ce:	00179693          	sll	a3,a5,0x1
840654d2:	0785                	add	a5,a5,1
840654d4:	96ba                	add	a3,a3,a4
840654d6:	8b9d                	and	a5,a5,7
840654d8:	00869023          	sh	s0,0(a3)
840654dc:	cb1c                	sw	a5,16(a4)
840654de:	40a2                	lw	ra,8(sp)
840654e0:	4412                	lw	s0,4(sp)
840654e2:	0131                	add	sp,sp,12
840654e4:	8082                	ret

840654e6 <riscv_wheel_queue_pop_temp>:
840654e6:	1151                	add	sp,sp,-12
840654e8:	c222                	sw	s0,4(sp)
840654ea:	c406                	sw	ra,8(sp)
840654ec:	842a                	mv	s0,a0
840654ee:	3f59                	jal	84065484 <riscv_wheel_queue_is_empty>
840654f0:	4781                	li	a5,0
840654f2:	e911                	bnez	a0,84065506 <riscv_wheel_queue_pop_temp+0x20>
840654f4:	00006797          	auipc	a5,0x6
840654f8:	edc78793          	add	a5,a5,-292 # 8406b3d0 <wheel_q_Ctrl>
840654fc:	4bd8                	lw	a4,20(a5)
840654fe:	0706                	sll	a4,a4,0x1
84065500:	97ba                	add	a5,a5,a4
84065502:	00079783          	lh	a5,0(a5)
84065506:	40a2                	lw	ra,8(sp)
84065508:	00f41023          	sh	a5,0(s0)
8406550c:	4412                	lw	s0,4(sp)
8406550e:	0131                	add	sp,sp,12
84065510:	8082                	ret

84065512 <riscv_wheel_queue_pop_confirm>:
84065512:	00006717          	auipc	a4,0x6
84065516:	ebe70713          	add	a4,a4,-322 # 8406b3d0 <wheel_q_Ctrl>
8406551a:	4b5c                	lw	a5,20(a4)
8406551c:	0785                	add	a5,a5,1
8406551e:	8b9d                	and	a5,a5,7
84065520:	cb5c                	sw	a5,20(a4)
84065522:	8082                	ret

84065524 <riscv_wheel_queue_update>:
84065524:	00006797          	auipc	a5,0x6
84065528:	eac78793          	add	a5,a5,-340 # 8406b3d0 <wheel_q_Ctrl>
8406552c:	4bd8                	lw	a4,20(a5)
8406552e:	0706                	sll	a4,a4,0x1
84065530:	97ba                	add	a5,a5,a4
84065532:	0007d703          	lhu	a4,0(a5)
84065536:	972a                	add	a4,a4,a0
84065538:	00e79023          	sh	a4,0(a5)
8406553c:	8082                	ret

8406553e <system_init>:
8406553e:	1151                	add	sp,sp,-12
84065540:	c406                	sw	ra,8(sp)
84065542:	597000ef          	jal	840662d8 <hal_ccni_init>
84065546:	4585                	li	a1,1
84065548:	4505                	li	a0,1
8406554a:	7a5000ef          	jal	840664ee <hal_core_status_write>
8406554e:	66d040ef          	jal	8406a3ba <log_init>
84065552:	0e7040ef          	jal	84069e38 <hal_sleep_manager_init>
84065556:	4589                	li	a1,2
84065558:	4505                	li	a0,1
8406555a:	795000ef          	jal	840664ee <hal_core_status_write>
8406555e:	30046073          	csrs	mstatus,8
84065562:	40a2                	lw	ra,8(sp)
84065564:	0131                	add	sp,sp,12
84065566:	8082                	ret

84065568 <riscv_pka_rtt_tx_post_prepare_callback>:
84065568:	ed09                	bnez	a0,84065582 <riscv_pka_rtt_tx_post_prepare_callback+0x1a>
8406556a:	1151                	add	sp,sp,-12
8406556c:	c406                	sw	ra,8(sp)
8406556e:	4ad000ef          	jal	8406621a <pka_share_tx_forward_prepare_rtt0>
84065572:	40a2                	lw	ra,8(sp)
84065574:	4785                	li	a5,1
84065576:	00006717          	auipc	a4,0x6
8406557a:	ccf70423          	sb	a5,-824(a4) # 8406b23e <rtt_counter>
8406557e:	0131                	add	sp,sp,12
84065580:	8082                	ret
84065582:	4781                	li	a5,0
84065584:	00006717          	auipc	a4,0x6
84065588:	caf70d23          	sb	a5,-838(a4) # 8406b23e <rtt_counter>
8406558c:	8082                	ret

8406558e <pka_share_OS_dlist_getfront>:
8406558e:	87aa                	mv	a5,a0
84065590:	4148                	lw	a0,4(a0)
84065592:	00a78963          	beq	a5,a0,840655a4 <pka_share_OS_dlist_getfront+0x16>
84065596:	4118                	lw	a4,0(a0)
84065598:	415c                	lw	a5,4(a0)
8406559a:	c35c                	sw	a5,4(a4)
8406559c:	c398                	sw	a4,0(a5)
8406559e:	c108                	sw	a0,0(a0)
840655a0:	c148                	sw	a0,4(a0)
840655a2:	8082                	ret
840655a4:	4501                	li	a0,0
840655a6:	8082                	ret

840655a8 <__pka_share_OSMQ_Get>:
840655a8:	1151                	add	sp,sp,-12
840655aa:	c222                	sw	s0,4(sp)
840655ac:	c406                	sw	ra,8(sp)
840655ae:	842a                	mv	s0,a0
840655b0:	ed09                	bnez	a0,840655ca <__pka_share_OSMQ_Get+0x22>
840655b2:	0b600613          	li	a2,182
840655b6:	81f9b597          	auipc	a1,0x81f9b
840655ba:	24e58593          	add	a1,a1,590 # 6000804 <file.11>
840655be:	81f9b517          	auipc	a0,0x81f9b
840655c2:	27e50513          	add	a0,a0,638 # 600083c <exp.12>
840655c6:	28d040ef          	jal	8406a052 <light_assert>
840655ca:	441c                	lw	a5,8(s0)
840655cc:	cb81                	beqz	a5,840655dc <__pka_share_OSMQ_Get+0x34>
840655ce:	17fd                	add	a5,a5,-1
840655d0:	c41c                	sw	a5,8(s0)
840655d2:	8522                	mv	a0,s0
840655d4:	4412                	lw	s0,4(sp)
840655d6:	40a2                	lw	ra,8(sp)
840655d8:	0131                	add	sp,sp,12
840655da:	bf55                	j	8406558e <pka_share_OS_dlist_getfront>
840655dc:	40a2                	lw	ra,8(sp)
840655de:	4412                	lw	s0,4(sp)
840655e0:	4501                	li	a0,0
840655e2:	0131                	add	sp,sp,12
840655e4:	8082                	ret

840655e6 <pka_share_OSMQ_Put>:
840655e6:	1151                	add	sp,sp,-12
840655e8:	c222                	sw	s0,4(sp)
840655ea:	c026                	sw	s1,0(sp)
840655ec:	c406                	sw	ra,8(sp)
840655ee:	842a                	mv	s0,a0
840655f0:	84ae                	mv	s1,a1
840655f2:	ed09                	bnez	a0,8406560c <pka_share_OSMQ_Put+0x26>
840655f4:	0db00613          	li	a2,219
840655f8:	81f9b597          	auipc	a1,0x81f9b
840655fc:	1c458593          	add	a1,a1,452 # 60007bc <file.9>
84065600:	81f9b517          	auipc	a0,0x81f9b
84065604:	1f450513          	add	a0,a0,500 # 60007f4 <exp.10>
84065608:	24b040ef          	jal	8406a052 <light_assert>
8406560c:	ec89                	bnez	s1,84065626 <pka_share_OSMQ_Put+0x40>
8406560e:	0dc00613          	li	a2,220
84065612:	81f9b597          	auipc	a1,0x81f9b
84065616:	16658593          	add	a1,a1,358 # 6000778 <file.7>
8406561a:	81f9b517          	auipc	a0,0x81f9b
8406561e:	19650513          	add	a0,a0,406 # 60007b0 <exp.8>
84065622:	231040ef          	jal	8406a052 <light_assert>
84065626:	401c                	lw	a5,0(s0)
84065628:	c0c0                	sw	s0,4(s1)
8406562a:	40a2                	lw	ra,8(sp)
8406562c:	c09c                	sw	a5,0(s1)
8406562e:	c3c4                	sw	s1,4(a5)
84065630:	441c                	lw	a5,8(s0)
84065632:	c004                	sw	s1,0(s0)
84065634:	4482                	lw	s1,0(sp)
84065636:	0785                	add	a5,a5,1
84065638:	c41c                	sw	a5,8(s0)
8406563a:	4412                	lw	s0,4(sp)
8406563c:	0131                	add	sp,sp,12
8406563e:	8082                	ret

84065640 <pka_share_OSMQ_PutFront>:
84065640:	1151                	add	sp,sp,-12
84065642:	c222                	sw	s0,4(sp)
84065644:	c026                	sw	s1,0(sp)
84065646:	c406                	sw	ra,8(sp)
84065648:	842a                	mv	s0,a0
8406564a:	84ae                	mv	s1,a1
8406564c:	ed09                	bnez	a0,84065666 <pka_share_OSMQ_PutFront+0x26>
8406564e:	0ea00613          	li	a2,234
84065652:	81f9b597          	auipc	a1,0x81f9b
84065656:	0de58593          	add	a1,a1,222 # 6000730 <file.5>
8406565a:	81f9b517          	auipc	a0,0x81f9b
8406565e:	10e50513          	add	a0,a0,270 # 6000768 <exp.6>
84065662:	1f1040ef          	jal	8406a052 <light_assert>
84065666:	ec89                	bnez	s1,84065680 <pka_share_OSMQ_PutFront+0x40>
84065668:	0eb00613          	li	a2,235
8406566c:	81f9b597          	auipc	a1,0x81f9b
84065670:	08058593          	add	a1,a1,128 # 60006ec <file.3>
84065674:	81f9b517          	auipc	a0,0x81f9b
84065678:	0b050513          	add	a0,a0,176 # 6000724 <exp.4>
8406567c:	1d7040ef          	jal	8406a052 <light_assert>
84065680:	405c                	lw	a5,4(s0)
84065682:	c080                	sw	s0,0(s1)
84065684:	40a2                	lw	ra,8(sp)
84065686:	c0dc                	sw	a5,4(s1)
84065688:	c044                	sw	s1,4(s0)
8406568a:	c384                	sw	s1,0(a5)
8406568c:	441c                	lw	a5,8(s0)
8406568e:	4482                	lw	s1,0(sp)
84065690:	0785                	add	a5,a5,1
84065692:	c41c                	sw	a5,8(s0)
84065694:	4412                	lw	s0,4(sp)
84065696:	0131                	add	sp,sp,12
84065698:	8082                	ret

8406569a <pka_share_tx_buf_apply_to_HWMT>:
8406569a:	1131                	add	sp,sp,-20
8406569c:	c622                	sw	s0,12(sp)
8406569e:	00006417          	auipc	s0,0x6
840656a2:	ba240413          	add	s0,s0,-1118 # 8406b240 <pka_share_ptr>
840656a6:	4008                	lw	a0,0(s0)
840656a8:	c806                	sw	ra,16(sp)
840656aa:	0541                	add	a0,a0,16
840656ac:	3df5                	jal	840655a8 <__pka_share_OSMQ_Get>
840656ae:	c02a                	sw	a0,0(sp)
840656b0:	c131                	beqz	a0,840656f4 <pka_share_tx_buf_apply_to_HWMT+0x5a>
840656b2:	0048                	add	a0,sp,4
840656b4:	45a040ef          	jal	84069b0e <hal_nvic_save_and_set_interrupt_mask>
840656b8:	4511                	li	a0,4
840656ba:	2361                	jal	84065c42 <share_buffer_hw_semaphore_take>
840656bc:	401c                	lw	a5,0(s0)
840656be:	4582                	lw	a1,0(sp)
840656c0:	4bf0                	lw	a2,84(a5)
840656c2:	47f8                	lw	a4,76(a5)
840656c4:	00064503          	lbu	a0,0(a2)
840656c8:	4605                	li	a2,1
840656ca:	4314                	lw	a3,0(a4)
840656cc:	02c51863          	bne	a0,a2,840656fc <pka_share_tx_buf_apply_to_HWMT+0x62>
840656d0:	e695                	bnez	a3,840656fc <pka_share_tx_buf_apply_to_HWMT+0x62>
840656d2:	02c7d783          	lhu	a5,44(a5)
840656d6:	97ae                	add	a5,a5,a1
840656d8:	c31c                	sw	a5,0(a4)
840656da:	4008                	lw	a0,0(s0)
840656dc:	0571                	add	a0,a0,28
840656de:	3721                	jal	840655e6 <pka_share_OSMQ_Put>
840656e0:	4008                	lw	a0,0(s0)
840656e2:	0541                	add	a0,a0,16
840656e4:	35d1                	jal	840655a8 <__pka_share_OSMQ_Get>
840656e6:	85aa                	mv	a1,a0
840656e8:	e911                	bnez	a0,840656fc <pka_share_tx_buf_apply_to_HWMT+0x62>
840656ea:	4511                	li	a0,4
840656ec:	2b69                	jal	84065c86 <share_buffer_hw_semaphore_give>
840656ee:	4512                	lw	a0,4(sp)
840656f0:	426040ef          	jal	84069b16 <hal_nvic_restore_interrupt_mask>
840656f4:	40c2                	lw	ra,16(sp)
840656f6:	4432                	lw	s0,12(sp)
840656f8:	0151                	add	sp,sp,20
840656fa:	8082                	ret
840656fc:	4008                	lw	a0,0(s0)
840656fe:	4974                	lw	a3,84(a0)
84065700:	4938                	lw	a4,80(a0)
84065702:	0006c603          	lbu	a2,0(a3)
84065706:	4685                	li	a3,1
84065708:	431c                	lw	a5,0(a4)
8406570a:	00d61b63          	bne	a2,a3,84065720 <pka_share_tx_buf_apply_to_HWMT+0x86>
8406570e:	eb89                	bnez	a5,84065720 <pka_share_tx_buf_apply_to_HWMT+0x86>
84065710:	02c55783          	lhu	a5,44(a0)
84065714:	97ae                	add	a5,a5,a1
84065716:	c31c                	sw	a5,0(a4)
84065718:	4008                	lw	a0,0(s0)
8406571a:	0571                	add	a0,a0,28
8406571c:	35e9                	jal	840655e6 <pka_share_OSMQ_Put>
8406571e:	b7f1                	j	840656ea <pka_share_tx_buf_apply_to_HWMT+0x50>
84065720:	0541                	add	a0,a0,16
84065722:	3f39                	jal	84065640 <pka_share_OSMQ_PutFront>
84065724:	b7d9                	j	840656ea <pka_share_tx_buf_apply_to_HWMT+0x50>

84065726 <riscv_pka_le_tx_post_prepare_callback>:
84065726:	bf95                	j	8406569a <pka_share_tx_buf_apply_to_HWMT>

84065728 <pka_share_tx_buf_ack_pending_check>:
84065728:	1141                	add	sp,sp,-16
8406572a:	c226                	sw	s1,4(sp)
8406572c:	00006497          	auipc	s1,0x6
84065730:	b1448493          	add	s1,s1,-1260 # 8406b240 <pka_share_ptr>
84065734:	409c                	lw	a5,0(s1)
84065736:	c422                	sw	s0,8(sp)
84065738:	c606                	sw	ra,12(sp)
8406573a:	02478403          	lb	s0,36(a5)
8406573e:	00804763          	bgtz	s0,8406574c <pka_share_tx_buf_ack_pending_check+0x24>
84065742:	40b2                	lw	ra,12(sp)
84065744:	4422                	lw	s0,8(sp)
84065746:	4492                	lw	s1,4(sp)
84065748:	0141                	add	sp,sp,16
8406574a:	8082                	ret
8406574c:	4088                	lw	a0,0(s1)
8406574e:	0571                	add	a0,a0,28
84065750:	3da1                	jal	840655a8 <__pka_share_OSMQ_Get>
84065752:	85aa                	mv	a1,a0
84065754:	c105                	beqz	a0,84065774 <pka_share_tx_buf_ack_pending_check+0x4c>
84065756:	01158783          	lb	a5,17(a1)
8406575a:	4088                	lw	a0,0(s1)
8406575c:	0207d063          	bgez	a5,8406577c <pka_share_tx_buf_ack_pending_check+0x54>
84065760:	0511                	add	a0,a0,4
84065762:	c02e                	sw	a1,0(sp)
84065764:	3549                	jal	840655e6 <pka_share_OSMQ_Put>
84065766:	4582                	lw	a1,0(sp)
84065768:	0115c783          	lbu	a5,17(a1)
8406576c:	07f7f793          	and	a5,a5,127
84065770:	00f588a3          	sb	a5,17(a1)
84065774:	147d                	add	s0,s0,-1
84065776:	0462                	sll	s0,s0,0x18
84065778:	8461                	sra	s0,s0,0x18
8406577a:	b7d1                	j	8406573e <pka_share_tx_buf_ack_pending_check+0x16>
8406577c:	0571                	add	a0,a0,28
8406577e:	35a5                	jal	840655e6 <pka_share_OSMQ_Put>
84065780:	bfd5                	j	84065774 <pka_share_tx_buf_ack_pending_check+0x4c>

84065782 <record_riscV_info>:
84065782:	1131                	add	sp,sp,-20
84065784:	c622                	sw	s0,12(sp)
84065786:	c806                	sw	ra,16(sp)
84065788:	c426                	sw	s1,8(sp)
8406578a:	00006697          	auipc	a3,0x6
8406578e:	ab568693          	add	a3,a3,-1355 # 8406b23f <RiscVHidIdx>
84065792:	c22a                	sw	a0,4(sp)
84065794:	0006c503          	lbu	a0,0(a3)
84065798:	00006417          	auipc	s0,0x6
8406579c:	c5040413          	add	s0,s0,-944 # 8406b3e8 <RiscVHID>
840657a0:	c032                	sw	a2,0(sp)
840657a2:	00151793          	sll	a5,a0,0x1
840657a6:	97aa                	add	a5,a5,a0
840657a8:	078a                	sll	a5,a5,0x2
840657aa:	97a2                	add	a5,a5,s0
840657ac:	0047d783          	lhu	a5,4(a5)
840657b0:	02b78863          	beq	a5,a1,840657e0 <record_riscV_info+0x5e>
840657b4:	84ae                	mv	s1,a1
840657b6:	0505                	add	a0,a0,1
840657b8:	45a9                	li	a1,10
840657ba:	b87fe0ef          	jal	84064340 <__modsi3>
840657be:	00151793          	sll	a5,a0,0x1
840657c2:	4712                	lw	a4,4(sp)
840657c4:	4602                	lw	a2,0(sp)
840657c6:	97aa                	add	a5,a5,a0
840657c8:	078a                	sll	a5,a5,0x2
840657ca:	97a2                	add	a5,a5,s0
840657cc:	00006697          	auipc	a3,0x6
840657d0:	a7368693          	add	a3,a3,-1421 # 8406b23f <RiscVHidIdx>
840657d4:	00a68023          	sb	a0,0(a3)
840657d8:	c398                	sw	a4,0(a5)
840657da:	00979223          	sh	s1,4(a5)
840657de:	c790                	sw	a2,8(a5)
840657e0:	40c2                	lw	ra,16(sp)
840657e2:	4432                	lw	s0,12(sp)
840657e4:	44a2                	lw	s1,8(sp)
840657e6:	0151                	add	sp,sp,20
840657e8:	8082                	ret

840657ea <pka_share_tx_buf_set_pkt_len>:
840657ea:	00b51523          	sh	a1,10(a0)
840657ee:	00b51b23          	sh	a1,22(a0)
840657f2:	8082                	ret

840657f4 <pka_share_hwmt_get_rxhdr>:
840657f4:	00006797          	auipc	a5,0x6
840657f8:	a4c7a783          	lw	a5,-1460(a5) # 8406b240 <pka_share_ptr>
840657fc:	0807a783          	lw	a5,128(a5)
84065800:	ffc7c503          	lbu	a0,-4(a5)
84065804:	8082                	ret

84065806 <pka_share_hwmt_get_curidx>:
84065806:	00006797          	auipc	a5,0x6
8406580a:	a3a7a783          	lw	a5,-1478(a5) # 8406b240 <pka_share_ptr>
8406580e:	5bfc                	lw	a5,116(a5)
84065810:	0007c503          	lbu	a0,0(a5)
84065814:	8082                	ret

84065816 <pka_share_get_hwmt_last_anchor>:
84065816:	00006797          	auipc	a5,0x6
8406581a:	a2a7a783          	lw	a5,-1494(a5) # 8406b240 <pka_share_ptr>
8406581e:	5fb8                	lw	a4,120(a5)
84065820:	5ffc                	lw	a5,124(a5)
84065822:	4318                	lw	a4,0(a4)
84065824:	0007d783          	lhu	a5,0(a5)
84065828:	c118                	sw	a4,0(a0)
8406582a:	00f51223          	sh	a5,4(a0)
8406582e:	8082                	ret

84065830 <pka_share_get_hwmt_pico_offset>:
84065830:	00006717          	auipc	a4,0x6
84065834:	a1072703          	lw	a4,-1520(a4) # 8406b240 <pka_share_ptr>
84065838:	437c                	lw	a5,68(a4)
8406583a:	439c                	lw	a5,0(a5)
8406583c:	079a                	sll	a5,a5,0x6
8406583e:	8399                	srl	a5,a5,0x6
84065840:	c11c                	sw	a5,0(a0)
84065842:	473c                	lw	a5,72(a4)
84065844:	0007d783          	lhu	a5,0(a5)
84065848:	07d2                	sll	a5,a5,0x14
8406584a:	83d1                	srl	a5,a5,0x14
8406584c:	00f51223          	sh	a5,4(a0)
84065850:	8082                	ret

84065852 <pka_share_get_sync_clk>:
84065852:	a00107b7          	lui	a5,0xa0010
84065856:	41078793          	add	a5,a5,1040 # a0010410 <_isr_stack_end+0x1bfa4410>
8406585a:	439c                	lw	a5,0(a5)
8406585c:	8389                	srl	a5,a5,0x2
8406585e:	c11c                	sw	a5,0(a0)
84065860:	a00107b7          	lui	a5,0xa0010
84065864:	41478793          	add	a5,a5,1044 # a0010414 <_isr_stack_end+0x1bfa4414>
84065868:	439c                	lw	a5,0(a5)
8406586a:	00f51223          	sh	a5,4(a0)
8406586e:	8082                	ret

84065870 <riscv_pka_rt_tx_post_prepare_callback>:
84065870:	7159                	add	sp,sp,-112
84065872:	d686                	sw	ra,108(sp)
84065874:	d4a2                	sw	s0,104(sp)
84065876:	d2a6                	sw	s1,100(sp)
84065878:	3779                	jal	84065806 <pka_share_hwmt_get_curidx>
8406587a:	1c051c63          	bnez	a0,84065a52 <riscv_pka_rt_tx_post_prepare_callback+0x1e2>
8406587e:	421067b7          	lui	a5,0x42106
84065882:	4b98                	lw	a4,16(a5)
84065884:	420407b7          	lui	a5,0x42040
84065888:	07b1                	add	a5,a5,12 # 4204000c <__log_strings_end+0x3c03ee72>
8406588a:	439c                	lw	a5,0(a5)
8406588c:	0407f793          	and	a5,a5,64
84065890:	8fd9                	or	a5,a5,a4
84065892:	1c079063          	bnez	a5,84065a52 <riscv_pka_rt_tx_post_prepare_callback+0x1e2>
84065896:	0068                	add	a0,sp,12
84065898:	3fbd                	jal	84065816 <pka_share_get_hwmt_last_anchor>
8406589a:	0848                	add	a0,sp,20
8406589c:	3f51                	jal	84065830 <pka_share_get_hwmt_pico_offset>
8406589e:	47d2                	lw	a5,20(sp)
840658a0:	01015683          	lhu	a3,16(sp)
840658a4:	01815403          	lhu	s0,24(sp)
840658a8:	c43e                	sw	a5,8(sp)
840658aa:	4722                	lw	a4,8(sp)
840658ac:	47b2                	lw	a5,12(sp)
840658ae:	8f99                	sub	a5,a5,a4
840658b0:	079a                	sll	a5,a5,0x6
840658b2:	8399                	srl	a5,a5,0x6
840658b4:	0286ee63          	bltu	a3,s0,840658f0 <riscv_pka_rt_tx_post_prepare_callback+0x80>
840658b8:	8e81                	sub	a3,a3,s0
840658ba:	01069493          	sll	s1,a3,0x10
840658be:	80c1                	srl	s1,s1,0x10
840658c0:	0868                	add	a0,sp,28
840658c2:	c23e                	sw	a5,4(sp)
840658c4:	3779                	jal	84065852 <pka_share_get_sync_clk>
840658c6:	47f2                	lw	a5,28(sp)
840658c8:	c03e                	sw	a5,0(sp)
840658ca:	873e                	mv	a4,a5
840658cc:	4792                	lw	a5,4(sp)
840658ce:	eb1d                	bnez	a4,84065904 <riscv_pka_rt_tx_post_prepare_callback+0x94>
840658d0:	5426                	lw	s0,104(sp)
840658d2:	50b6                	lw	ra,108(sp)
840658d4:	5496                	lw	s1,100(sp)
840658d6:	4681                	li	a3,0
840658d8:	81f9b617          	auipc	a2,0x81f9b
840658dc:	d1060613          	add	a2,a2,-752 # 60005e8 <msg_id_string.0>
840658e0:	4585                	li	a1,1
840658e2:	00006517          	auipc	a0,0x6
840658e6:	81e50513          	add	a0,a0,-2018 # 8406b100 <log_control_block_riscv_pka>
840658ea:	6165                	add	sp,sp,112
840658ec:	1a10406f          	j	8406a28c <print_module_msgid_log>
840658f0:	6605                	lui	a2,0x1
840658f2:	9c460613          	add	a2,a2,-1596 # 9c4 <_system_stack_len+0x5c4>
840658f6:	96b2                	add	a3,a3,a2
840658f8:	8e81                	sub	a3,a3,s0
840658fa:	01069493          	sll	s1,a3,0x10
840658fe:	80c1                	srl	s1,s1,0x10
84065900:	17fd                	add	a5,a5,-1
84065902:	bf7d                	j	840658c0 <riscv_pka_rt_tx_post_prepare_callback+0x50>
84065904:	02015703          	lhu	a4,32(sp)
84065908:	c23a                	sw	a4,4(sp)
8406590a:	4702                	lw	a4,0(sp)
8406590c:	00e7e763          	bltu	a5,a4,8406591a <riscv_pka_rt_tx_post_prepare_callback+0xaa>
84065910:	06f71a63          	bne	a4,a5,84065984 <riscv_pka_rt_tx_post_prepare_callback+0x114>
84065914:	4712                	lw	a4,4(sp)
84065916:	06e4f763          	bgeu	s1,a4,84065984 <riscv_pka_rt_tx_post_prepare_callback+0x114>
8406591a:	4792                	lw	a5,4(sp)
8406591c:	7d048693          	add	a3,s1,2000
84065920:	40f684b3          	sub	s1,a3,a5
84065924:	6685                	lui	a3,0x1
84065926:	9c468693          	add	a3,a3,-1596 # 9c4 <_system_stack_len+0x5c4>
8406592a:	0096d363          	bge	a3,s1,84065930 <riscv_pka_rt_tx_post_prepare_callback+0xc0>
8406592e:	8c95                	sub	s1,s1,a3
84065930:	02000613          	li	a2,32
84065934:	00005597          	auipc	a1,0x5
84065938:	46858593          	add	a1,a1,1128 # 8406ad9c <g_spi_master_register+0x8>
8406593c:	1048                	add	a0,sp,36
8406593e:	441040ef          	jal	8406a57e <memcpy>
84065942:	04410313          	add	t1,sp,68
84065946:	02000613          	li	a2,32
8406594a:	00005597          	auipc	a1,0x5
8406594e:	47258593          	add	a1,a1,1138 # 8406adbc <g_spi_master_register+0x28>
84065952:	851a                	mv	a0,t1
84065954:	42b040ef          	jal	8406a57e <memcpy>
84065958:	00006617          	auipc	a2,0x6
8406595c:	8e860613          	add	a2,a2,-1816 # 8406b240 <pka_share_ptr>
84065960:	420c                	lw	a1,0(a2)
84065962:	832a                	mv	t1,a0
84065964:	4689                	li	a3,2
84065966:	08a5c503          	lbu	a0,138(a1)
8406596a:	0895c283          	lbu	t0,137(a1)
8406596e:	157d                	add	a0,a0,-1
84065970:	0ff57513          	zext.b	a0,a0
84065974:	02d29c63          	bne	t0,a3,840659ac <riscv_pka_rt_tx_post_prepare_callback+0x13c>
84065978:	4695                	li	a3,5
8406597a:	04d51f63          	bne	a0,a3,840659d8 <riscv_pka_rt_tx_post_prepare_callback+0x168>
8406597e:	efc00693          	li	a3,-260
84065982:	a09d                	j	840659e8 <riscv_pka_rt_tx_post_prepare_callback+0x178>
84065984:	4702                	lw	a4,0(sp)
84065986:	6585                	lui	a1,0x1
84065988:	9c458593          	add	a1,a1,-1596 # 9c4 <_system_stack_len+0x5c4>
8406598c:	40e78533          	sub	a0,a5,a4
84065990:	941fe0ef          	jal	840642d0 <__mulsi3>
84065994:	4712                	lw	a4,4(sp)
84065996:	009507b3          	add	a5,a0,s1
8406599a:	7d000693          	li	a3,2000
8406599e:	40e784b3          	sub	s1,a5,a4
840659a2:	f896d7e3          	bge	a3,s1,84065930 <riscv_pka_rt_tx_post_prepare_callback+0xc0>
840659a6:	83048493          	add	s1,s1,-2000
840659aa:	bfe5                	j	840659a2 <riscv_pka_rt_tx_post_prepare_callback+0x132>
840659ac:	4699                	li	a3,6
840659ae:	0ad50763          	beq	a0,a3,84065a5c <riscv_pka_rt_tx_post_prepare_callback+0x1ec>
840659b2:	08c5d683          	lhu	a3,140(a1)
840659b6:	c6d5                	beqz	a3,84065a62 <riscv_pka_rt_tx_post_prepare_callback+0x1f2>
840659b8:	f1000693          	li	a3,-240
840659bc:	851a                	mv	a0,t1
840659be:	f1b00313          	li	t1,-229
840659c2:	0a64c363          	blt	s1,t1,84065a68 <riscv_pka_rt_tx_post_prepare_callback+0x1f8>
840659c6:	10dc                	add	a5,sp,100
840659c8:	02f50d63          	beq	a0,a5,84065a02 <riscv_pka_rt_tx_post_prepare_callback+0x192>
840659cc:	00052283          	lw	t0,0(a0)
840659d0:	0511                	add	a0,a0,4
840659d2:	405484b3          	sub	s1,s1,t0
840659d6:	b7f5                	j	840659c2 <riscv_pka_rt_tx_post_prepare_callback+0x152>
840659d8:	4299                	li	t0,6
840659da:	ea400693          	li	a3,-348
840659de:	00550563          	beq	a0,t0,840659e8 <riscv_pka_rt_tx_post_prepare_callback+0x178>
840659e2:	08c5d503          	lhu	a0,140(a1)
840659e6:	f979                	bnez	a0,840659bc <riscv_pka_rt_tx_post_prepare_callback+0x14c>
840659e8:	1048                	add	a0,sp,36
840659ea:	f8100293          	li	t0,-127
840659ee:	a031                	j	840659fa <riscv_pka_rt_tx_post_prepare_callback+0x18a>
840659f0:	00052383          	lw	t2,0(a0)
840659f4:	0511                	add	a0,a0,4
840659f6:	407484b3          	sub	s1,s1,t2
840659fa:	0654c763          	blt	s1,t0,84065a68 <riscv_pka_rt_tx_post_prepare_callback+0x1f8>
840659fe:	fea319e3          	bne	t1,a0,840659f0 <riscv_pka_rt_tx_post_prepare_callback+0x180>
84065a02:	ff668513          	add	a0,a3,-10
84065a06:	06a4c363          	blt	s1,a0,84065a6c <riscv_pka_rt_tx_post_prepare_callback+0x1fc>
84065a0a:	00a68513          	add	a0,a3,10
84065a0e:	04954f63          	blt	a0,s1,84065a6c <riscv_pka_rt_tx_post_prepare_callback+0x1fc>
84065a12:	ffd68513          	add	a0,a3,-3
84065a16:	00a4c663          	blt	s1,a0,84065a22 <riscv_pka_rt_tx_post_prepare_callback+0x1b2>
84065a1a:	00368513          	add	a0,a3,3
84065a1e:	0a955963          	bge	a0,s1,84065ad0 <riscv_pka_rt_tx_post_prepare_callback+0x260>
84065a22:	00005317          	auipc	t1,0x5
84065a26:	75630313          	add	t1,t1,1878 # 8406b178 <correction_idx>
84065a2a:	00034283          	lbu	t0,0(t1)
84065a2e:	0ff00513          	li	a0,255
84065a32:	08a29363          	bne	t0,a0,84065ab8 <riscv_pka_rt_tx_post_prepare_callback+0x248>
84065a36:	4592                	lw	a1,4(sp)
84065a38:	4502                	lw	a0,0(sp)
84065a3a:	8626                	mv	a2,s1
84065a3c:	3399                	jal	84065782 <record_riscV_info>
84065a3e:	00006797          	auipc	a5,0x6
84065a42:	8017c783          	lbu	a5,-2047(a5) # 8406b23f <RiscVHidIdx>
84065a46:	00005317          	auipc	t1,0x5
84065a4a:	73230313          	add	t1,t1,1842 # 8406b178 <correction_idx>
84065a4e:	00f30023          	sb	a5,0(t1)
84065a52:	50b6                	lw	ra,108(sp)
84065a54:	5426                	lw	s0,104(sp)
84065a56:	5496                	lw	s1,100(sp)
84065a58:	6165                	add	sp,sp,112
84065a5a:	8082                	ret
84065a5c:	f7600693          	li	a3,-138
84065a60:	b761                	j	840659e8 <riscv_pka_rt_tx_post_prepare_callback+0x178>
84065a62:	ef400693          	li	a3,-268
84065a66:	b749                	j	840659e8 <riscv_pka_rt_tx_post_prepare_callback+0x178>
84065a68:	f8d49de3          	bne	s1,a3,84065a02 <riscv_pka_rt_tx_post_prepare_callback+0x192>
84065a6c:	42106737          	lui	a4,0x42106
84065a70:	4b14                	lw	a3,16(a4)
84065a72:	42040737          	lui	a4,0x42040
84065a76:	0731                	add	a4,a4,12 # 4204000c <__log_strings_end+0x3c03ee72>
84065a78:	4318                	lw	a4,0(a4)
84065a7a:	04077713          	and	a4,a4,64
84065a7e:	8f55                	or	a4,a4,a3
84065a80:	fb69                	bnez	a4,84065a52 <riscv_pka_rt_tx_post_prepare_callback+0x1e2>
84065a82:	00005697          	auipc	a3,0x5
84065a86:	73a68693          	add	a3,a3,1850 # 8406b1bc <riscv_pka_info>
84065a8a:	0106d503          	lhu	a0,16(a3)
84065a8e:	6741                	lui	a4,0x10
84065a90:	177d                	add	a4,a4,-1 # ffff <__fp_pattern_ram_total+0x85ff>
84065a92:	00e50b63          	beq	a0,a4,84065aa8 <riscv_pka_rt_tx_post_prepare_callback+0x238>
84065a96:	45b8                	lw	a4,72(a1)
84065a98:	00075583          	lhu	a1,0(a4)
84065a9c:	4711                	li	a4,4
84065a9e:	0aa59b63          	bne	a1,a0,84065b54 <riscv_pka_rt_tx_post_prepare_callback+0x2e4>
84065aa2:	57fd                	li	a5,-1
84065aa4:	00f69823          	sh	a5,16(a3)
84065aa8:	33b1                	jal	840657f4 <pka_share_hwmt_get_rxhdr>
84065aaa:	5426                	lw	s0,104(sp)
84065aac:	50b6                	lw	ra,108(sp)
84065aae:	5496                	lw	s1,100(sp)
84065ab0:	8115                	srl	a0,a0,0x5
84065ab2:	8905                	and	a0,a0,1
84065ab4:	6165                	add	sp,sp,112
84065ab6:	ac8d                	j	84065d28 <pka_active_state_set>
84065ab8:	00129513          	sll	a0,t0,0x1
84065abc:	9516                	add	a0,a0,t0
84065abe:	050a                	sll	a0,a0,0x2
84065ac0:	00006297          	auipc	t0,0x6
84065ac4:	92828293          	add	t0,t0,-1752 # 8406b3e8 <RiscVHID>
84065ac8:	9516                	add	a0,a0,t0
84065aca:	4508                	lw	a0,8(a0)
84065acc:	f6a495e3          	bne	s1,a0,84065a36 <riscv_pka_rt_tx_post_prepare_callback+0x1c6>
84065ad0:	0496d663          	bge	a3,s1,84065b1c <riscv_pka_rt_tx_post_prepare_callback+0x2ac>
84065ad4:	00940733          	add	a4,s0,s1
84065ad8:	8f15                	sub	a4,a4,a3
84065ada:	0742                	sll	a4,a4,0x10
84065adc:	6685                	lui	a3,0x1
84065ade:	8341                	srl	a4,a4,0x10
84065ae0:	9c368693          	add	a3,a3,-1597 # 9c3 <_system_stack_len+0x5c3>
84065ae4:	00e6ef63          	bltu	a3,a4,84065b02 <riscv_pka_rt_tx_post_prepare_callback+0x292>
84065ae8:	00e11c23          	sh	a4,24(sp)
84065aec:	01815683          	lhu	a3,24(sp)
84065af0:	00005717          	auipc	a4,0x5
84065af4:	6cc70713          	add	a4,a4,1740 # 8406b1bc <riscv_pka_info>
84065af8:	00d71823          	sh	a3,16(a4)
84065afc:	46d2                	lw	a3,20(sp)
84065afe:	c754                	sw	a3,12(a4)
84065b00:	b7b5                	j	84065a6c <riscv_pka_rt_tx_post_prepare_callback+0x1fc>
84065b02:	47a2                	lw	a5,8(sp)
84065b04:	76fd                	lui	a3,0xfffff
84065b06:	63c68693          	add	a3,a3,1596 # fffff63c <_isr_stack_end+0x7bf9363c>
84065b0a:	9736                	add	a4,a4,a3
84065b0c:	00e11c23          	sh	a4,24(sp)
84065b10:	00178713          	add	a4,a5,1
84065b14:	071a                	sll	a4,a4,0x6
84065b16:	8319                	srl	a4,a4,0x6
84065b18:	ca3a                	sw	a4,20(sp)
84065b1a:	bfc9                	j	84065aec <riscv_pka_rt_tx_post_prepare_callback+0x27c>
84065b1c:	8e85                	sub	a3,a3,s1
84065b1e:	0ff6f693          	zext.b	a3,a3
84065b22:	00d46763          	bltu	s0,a3,84065b30 <riscv_pka_rt_tx_post_prepare_callback+0x2c0>
84065b26:	40d406b3          	sub	a3,s0,a3
84065b2a:	00d11c23          	sh	a3,24(sp)
84065b2e:	bf7d                	j	84065aec <riscv_pka_rt_tx_post_prepare_callback+0x27c>
84065b30:	6505                	lui	a0,0x1
84065b32:	9c450513          	add	a0,a0,-1596 # 9c4 <_system_stack_len+0x5c4>
84065b36:	00a40733          	add	a4,s0,a0
84065b3a:	47a2                	lw	a5,8(sp)
84065b3c:	8f15                	sub	a4,a4,a3
84065b3e:	00e11c23          	sh	a4,24(sp)
84065b42:	e789                	bnez	a5,84065b4c <riscv_pka_rt_tx_post_prepare_callback+0x2dc>
84065b44:	04000737          	lui	a4,0x4000
84065b48:	177d                	add	a4,a4,-1 # 3ffffff <__fp_pattern_ram_total+0x3ff85ff>
84065b4a:	b7f9                	j	84065b18 <riscv_pka_rt_tx_post_prepare_callback+0x2a8>
84065b4c:	47a2                	lw	a5,8(sp)
84065b4e:	fff78713          	add	a4,a5,-1
84065b52:	b7d9                	j	84065b18 <riscv_pka_rt_tx_post_prepare_callback+0x2a8>
84065b54:	177d                	add	a4,a4,-1
84065b56:	cf0d                	beqz	a4,84065b90 <riscv_pka_rt_tx_post_prepare_callback+0x320>
84065b58:	4511                	li	a0,4
84065b5a:	c43a                	sw	a4,8(sp)
84065b5c:	22f000ef          	jal	8406658a <hal_hw_semaphore_take>
84065b60:	4722                	lw	a4,8(sp)
84065b62:	00005617          	auipc	a2,0x5
84065b66:	6de60613          	add	a2,a2,1758 # 8406b240 <pka_share_ptr>
84065b6a:	00005697          	auipc	a3,0x5
84065b6e:	65268693          	add	a3,a3,1618 # 8406b1bc <riscv_pka_info>
84065b72:	f16d                	bnez	a0,84065b54 <riscv_pka_rt_tx_post_prepare_callback+0x2e4>
84065b74:	4218                	lw	a4,0(a2)
84065b76:	0106d583          	lhu	a1,16(a3)
84065b7a:	4511                	li	a0,4
84065b7c:	4730                	lw	a2,72(a4)
84065b7e:	00b61023          	sh	a1,0(a2)
84065b82:	4370                	lw	a2,68(a4)
84065b84:	46d8                	lw	a4,12(a3)
84065b86:	100006b7          	lui	a3,0x10000
84065b8a:	8f55                	or	a4,a4,a3
84065b8c:	c218                	sw	a4,0(a2)
84065b8e:	28e5                	jal	84065c86 <share_buffer_hw_semaphore_give>
84065b90:	4592                	lw	a1,4(sp)
84065b92:	4502                	lw	a0,0(sp)
84065b94:	577d                	li	a4,-1
84065b96:	8626                	mv	a2,s1
84065b98:	00005697          	auipc	a3,0x5
84065b9c:	5ee68023          	sb	a4,1504(a3) # 8406b178 <correction_idx>
84065ba0:	be3ff0ef          	jal	84065782 <record_riscV_info>
84065ba4:	b711                	j	84065aa8 <riscv_pka_rt_tx_post_prepare_callback+0x238>

84065ba6 <pka_spi_callback_pre_process>:
84065ba6:	00005797          	auipc	a5,0x5
84065baa:	69a7a783          	lw	a5,1690(a5) # 8406b240 <pka_share_ptr>
84065bae:	03c7d703          	lhu	a4,60(a5)
84065bb2:	c118                	sw	a4,0(a0)
84065bb4:	439c                	lw	a5,0(a5)
84065bb6:	00005717          	auipc	a4,0x5
84065bba:	68874703          	lbu	a4,1672(a4) # 8406b23e <rtt_counter>
84065bbe:	c198                	sw	a4,0(a1)
84065bc0:	cb99                	beqz	a5,84065bd6 <pka_spi_callback_pre_process+0x30>
84065bc2:	1151                	add	sp,sp,-12
84065bc4:	c406                	sw	ra,8(sp)
84065bc6:	2a6d                	jal	84065d80 <pka_share_tx_ctrl_init>
84065bc8:	2471                	jal	84065e54 <pka_share_updt_hid_tx_ptr>
84065bca:	b5fff0ef          	jal	84065728 <pka_share_tx_buf_ack_pending_check>
84065bce:	40a2                	lw	ra,8(sp)
84065bd0:	4501                	li	a0,0
84065bd2:	0131                	add	sp,sp,12
84065bd4:	8082                	ret
84065bd6:	4505                	li	a0,1
84065bd8:	8082                	ret

84065bda <pka_spi_callback_post_process>:
84065bda:	00005797          	auipc	a5,0x5
84065bde:	6667a783          	lw	a5,1638(a5) # 8406b240 <pka_share_ptr>
84065be2:	03c7d783          	lhu	a5,60(a5)
84065be6:	1151                	add	sp,sp,-12
84065be8:	c406                	sw	ra,8(sp)
84065bea:	c222                	sw	s0,4(sp)
84065bec:	4705                	li	a4,1
84065bee:	00e79b63          	bne	a5,a4,84065c04 <pka_spi_callback_post_process+0x2a>
84065bf2:	2649                	jal	84065f74 <pka_share_advanced_tx_prepare_rt>
84065bf4:	842a                	mv	s0,a0
84065bf6:	4501                	li	a0,0
84065bf8:	39a5                	jal	84065870 <riscv_pka_rt_tx_post_prepare_callback>
84065bfa:	40a2                	lw	ra,8(sp)
84065bfc:	8522                	mv	a0,s0
84065bfe:	4412                	lw	s0,4(sp)
84065c00:	0131                	add	sp,sp,12
84065c02:	8082                	ret
84065c04:	e789                	bnez	a5,84065c0e <pka_spi_callback_post_process+0x34>
84065c06:	a95ff0ef          	jal	8406569a <pka_share_tx_buf_apply_to_HWMT>
84065c0a:	4401                	li	s0,0
84065c0c:	b7fd                	j	84065bfa <pka_spi_callback_post_process+0x20>
84065c0e:	4709                	li	a4,2
84065c10:	fee79de3          	bne	a5,a4,84065c0a <pka_spi_callback_post_process+0x30>
84065c14:	00005517          	auipc	a0,0x5
84065c18:	62a54503          	lbu	a0,1578(a0) # 8406b23e <rtt_counter>
84065c1c:	94dff0ef          	jal	84065568 <riscv_pka_rtt_tx_post_prepare_callback>
84065c20:	b7ed                	j	84065c0a <pka_spi_callback_post_process+0x30>

84065c22 <riscv_pka_init>:
84065c22:	a841                	j	84065cb2 <pka_share_init>

84065c24 <pka_share_tx_buf_send>:
84065c24:	85aa                	mv	a1,a0
84065c26:	00005517          	auipc	a0,0x5
84065c2a:	61a52503          	lw	a0,1562(a0) # 8406b240 <pka_share_ptr>
84065c2e:	0541                	add	a0,a0,16
84065c30:	9b7ff06f          	j	840655e6 <pka_share_OSMQ_Put>

84065c34 <pka_share_tx_buf_get_from_q>:
84065c34:	00005517          	auipc	a0,0x5
84065c38:	60c52503          	lw	a0,1548(a0) # 8406b240 <pka_share_ptr>
84065c3c:	0511                	add	a0,a0,4
84065c3e:	96bff06f          	j	840655a8 <__pka_share_OSMQ_Get>

84065c42 <share_buffer_hw_semaphore_take>:
84065c42:	1141                	add	sp,sp,-16
84065c44:	c226                	sw	s1,4(sp)
84065c46:	64b1                	lui	s1,0xc
84065c48:	c422                	sw	s0,8(sp)
84065c4a:	c606                	sw	ra,12(sp)
84065c4c:	c02a                	sw	a0,0(sp)
84065c4e:	4401                	li	s0,0
84065c50:	35048493          	add	s1,s1,848 # c350 <__fp_pattern_ram_total+0x4950>
84065c54:	4502                	lw	a0,0(sp)
84065c56:	141000ef          	jal	84066596 <hw_semaphore_take_special>
84065c5a:	c10d                	beqz	a0,84065c7c <share_buffer_hw_semaphore_take+0x3a>
84065c5c:	0405                	add	s0,s0,1
84065c5e:	fe84fbe3          	bgeu	s1,s0,84065c54 <share_buffer_hw_semaphore_take+0x12>
84065c62:	04c00613          	li	a2,76
84065c66:	81f9b597          	auipc	a1,0x81f9b
84065c6a:	cd658593          	add	a1,a1,-810 # 600093c <file.6>
84065c6e:	81f9b517          	auipc	a0,0x81f9b
84065c72:	d1a50513          	add	a0,a0,-742 # 6000988 <exp.7>
84065c76:	3dc040ef          	jal	8406a052 <light_assert>
84065c7a:	bfe9                	j	84065c54 <share_buffer_hw_semaphore_take+0x12>
84065c7c:	40b2                	lw	ra,12(sp)
84065c7e:	4422                	lw	s0,8(sp)
84065c80:	4492                	lw	s1,4(sp)
84065c82:	0141                	add	sp,sp,16
84065c84:	8082                	ret

84065c86 <share_buffer_hw_semaphore_give>:
84065c86:	1151                	add	sp,sp,-12
84065c88:	c406                	sw	ra,8(sp)
84065c8a:	133000ef          	jal	840665bc <hw_semaphore_give_special>
84065c8e:	cd19                	beqz	a0,84065cac <share_buffer_hw_semaphore_give+0x26>
84065c90:	40a2                	lw	ra,8(sp)
84065c92:	05400613          	li	a2,84
84065c96:	81f9b597          	auipc	a1,0x81f9b
84065c9a:	c5658593          	add	a1,a1,-938 # 60008ec <file.4>
84065c9e:	81f9b517          	auipc	a0,0x81f9b
84065ca2:	c9a50513          	add	a0,a0,-870 # 6000938 <exp.5>
84065ca6:	0131                	add	sp,sp,12
84065ca8:	3aa0406f          	j	8406a052 <light_assert>
84065cac:	40a2                	lw	ra,8(sp)
84065cae:	0131                	add	sp,sp,12
84065cb0:	8082                	ret

84065cb2 <pka_share_init>:
84065cb2:	7ffa9797          	auipc	a5,0x7ffa9
84065cb6:	ea278793          	add	a5,a5,-350 # 400eb54 <ccm_pka_share>
84065cba:	00005717          	auipc	a4,0x5
84065cbe:	58f72323          	sw	a5,1414(a4) # 8406b240 <pka_share_ptr>
84065cc2:	00005797          	auipc	a5,0x5
84065cc6:	7c07a923          	sw	zero,2002(a5) # 8406b494 <pka_share_tx_hid_ctl+0x34>
84065cca:	8082                	ret

84065ccc <pka_share_tx_buf_get_payload>:
84065ccc:	00005797          	auipc	a5,0x5
84065cd0:	5747a783          	lw	a5,1396(a5) # 8406b240 <pka_share_ptr>
84065cd4:	02e7d783          	lhu	a5,46(a5)
84065cd8:	953e                	add	a0,a0,a5
84065cda:	8082                	ret

84065cdc <pka_tx_buf_set_active_state>:
84065cdc:	00c54703          	lbu	a4,12(a0)
84065ce0:	0df77793          	and	a5,a4,223
84065ce4:	c199                	beqz	a1,84065cea <pka_tx_buf_set_active_state+0xe>
84065ce6:	02076793          	or	a5,a4,32
84065cea:	00f50623          	sb	a5,12(a0)
84065cee:	8082                	ret

84065cf0 <pka_tx_buf_is_hid>:
84065cf0:	00005797          	auipc	a5,0x5
84065cf4:	5507a783          	lw	a5,1360(a5) # 8406b240 <pka_share_ptr>
84065cf8:	47f8                	lw	a4,76(a5)
84065cfa:	53b4                	lw	a3,96(a5)
84065cfc:	4505                	li	a0,1
84065cfe:	4318                	lw	a4,0(a4)
84065d00:	00e68663          	beq	a3,a4,84065d0c <pka_tx_buf_is_hid+0x1c>
84065d04:	53e8                	lw	a0,100(a5)
84065d06:	8d19                	sub	a0,a0,a4
84065d08:	00153513          	seqz	a0,a0
84065d0c:	8082                	ret

84065d0e <pka_active_state_match>:
84065d0e:	00005797          	auipc	a5,0x5
84065d12:	5327a783          	lw	a5,1330(a5) # 8406b240 <pka_share_ptr>
84065d16:	0847a783          	lw	a5,132(a5)
84065d1a:	0007d783          	lhu	a5,0(a5)
84065d1e:	40a78533          	sub	a0,a5,a0
84065d22:	00153513          	seqz	a0,a0
84065d26:	8082                	ret

84065d28 <pka_active_state_set>:
84065d28:	00005797          	auipc	a5,0x5
84065d2c:	5187a783          	lw	a5,1304(a5) # 8406b240 <pka_share_ptr>
84065d30:	0847a783          	lw	a5,132(a5)
84065d34:	1141                	add	sp,sp,-16
84065d36:	c422                	sw	s0,8(sp)
84065d38:	c226                	sw	s1,4(sp)
84065d3a:	c606                	sw	ra,12(sp)
84065d3c:	85aa                	mv	a1,a0
84065d3e:	00a78023          	sb	a0,0(a5)
84065d42:	4401                	li	s0,0
84065d44:	00005497          	auipc	s1,0x5
84065d48:	71c48493          	add	s1,s1,1820 # 8406b460 <pka_share_tx_hid_ctl>
84065d4c:	0314c783          	lbu	a5,49(s1)
84065d50:	00f46b63          	bltu	s0,a5,84065d66 <pka_active_state_set+0x3e>
84065d54:	4422                	lw	s0,8(sp)
84065d56:	40b2                	lw	ra,12(sp)
84065d58:	4492                	lw	s1,4(sp)
84065d5a:	00005517          	auipc	a0,0x5
84065d5e:	4ee52503          	lw	a0,1262(a0) # 8406b248 <g_pEmptyPktPtr>
84065d62:	0141                	add	sp,sp,16
84065d64:	bfa5                	j	84065cdc <pka_tx_buf_set_active_state>
84065d66:	00141793          	sll	a5,s0,0x1
84065d6a:	97a2                	add	a5,a5,s0
84065d6c:	078a                	sll	a5,a5,0x2
84065d6e:	97a6                	add	a5,a5,s1
84065d70:	4388                	lw	a0,0(a5)
84065d72:	c02e                	sw	a1,0(sp)
84065d74:	0405                	add	s0,s0,1
84065d76:	379d                	jal	84065cdc <pka_tx_buf_set_active_state>
84065d78:	4582                	lw	a1,0(sp)
84065d7a:	0ff47413          	zext.b	s0,s0
84065d7e:	b7f9                	j	84065d4c <pka_active_state_set+0x24>

84065d80 <pka_share_tx_ctrl_init>:
84065d80:	1151                	add	sp,sp,-12
84065d82:	c222                	sw	s0,4(sp)
84065d84:	00005417          	auipc	s0,0x5
84065d88:	4bc40413          	add	s0,s0,1212 # 8406b240 <pka_share_ptr>
84065d8c:	4010                	lw	a2,0(s0)
84065d8e:	c406                	sw	ra,8(sp)
84065d90:	03e64783          	lbu	a5,62(a2)
84065d94:	cfbd                	beqz	a5,84065e12 <pka_share_tx_ctrl_init+0x92>
84065d96:	03c65783          	lhu	a5,60(a2)
84065d9a:	00005717          	auipc	a4,0x5
84065d9e:	4af71923          	sh	a5,1202(a4) # 8406b24c <pka_cb_type>
84065da2:	4705                	li	a4,1
84065da4:	06e79463          	bne	a5,a4,84065e0c <pka_share_tx_ctrl_init+0x8c>
84065da8:	08864783          	lbu	a5,136(a2)
84065dac:	00005597          	auipc	a1,0x5
84065db0:	6b458593          	add	a1,a1,1716 # 8406b460 <pka_share_tx_hid_ctl>
84065db4:	4701                	li	a4,0
84065db6:	02f588a3          	sb	a5,49(a1)
84065dba:	451d                	li	a0,7
84065dbc:	4305                	li	t1,1
84065dbe:	0315c783          	lbu	a5,49(a1)
84065dc2:	04f76c63          	bltu	a4,a5,84065e1a <pka_share_tx_ctrl_init+0x9a>
84065dc6:	00005717          	auipc	a4,0x5
84065dca:	6c070523          	sb	zero,1738(a4) # 8406b490 <pka_share_tx_hid_ctl+0x30>
84065dce:	00005717          	auipc	a4,0x5
84065dd2:	6c070223          	sb	zero,1732(a4) # 8406b492 <pka_share_tx_hid_ctl+0x32>
84065dd6:	4711                	li	a4,4
84065dd8:	00f77e63          	bgeu	a4,a5,84065df4 <pka_share_tx_ctrl_init+0x74>
84065ddc:	1f300613          	li	a2,499
84065de0:	81f9b597          	auipc	a1,0x81f9b
84065de4:	bac58593          	add	a1,a1,-1108 # 600098c <file.0>
84065de8:	81f9b517          	auipc	a0,0x81f9b
84065dec:	be850513          	add	a0,a0,-1048 # 60009d0 <exp.1>
84065df0:	262040ef          	jal	8406a052 <light_assert>
84065df4:	401c                	lw	a5,0(s0)
84065df6:	5bb8                	lw	a4,112(a5)
84065df8:	04078793          	add	a5,a5,64
84065dfc:	00005697          	auipc	a3,0x5
84065e00:	44e6a623          	sw	a4,1100(a3) # 8406b248 <g_pEmptyPktPtr>
84065e04:	00005717          	auipc	a4,0x5
84065e08:	44f72623          	sw	a5,1100(a4) # 8406b250 <g_pPkaRtInfo>
84065e0c:	401c                	lw	a5,0(s0)
84065e0e:	02078f23          	sb	zero,62(a5)
84065e12:	40a2                	lw	ra,8(sp)
84065e14:	4412                	lw	s0,4(sp)
84065e16:	0131                	add	sp,sp,12
84065e18:	8082                	ret
84065e1a:	01870793          	add	a5,a4,24
84065e1e:	078a                	sll	a5,a5,0x2
84065e20:	97b2                	add	a5,a5,a2
84065e22:	4394                	lw	a3,0(a5)
84065e24:	00171793          	sll	a5,a4,0x1
84065e28:	97ba                	add	a5,a5,a4
84065e2a:	078a                	sll	a5,a5,0x2
84065e2c:	97ae                	add	a5,a5,a1
84065e2e:	c394                	sw	a3,0(a5)
84065e30:	0096c283          	lbu	t0,9(a3)
84065e34:	00a69123          	sh	a0,2(a3)
84065e38:	00a69723          	sh	a0,14(a3)
84065e3c:	07f2f293          	and	t0,t0,127
84065e40:	005684a3          	sb	t0,9(a3)
84065e44:	0705                	add	a4,a4,1
84065e46:	00678223          	sb	t1,4(a5)
84065e4a:	0007a423          	sw	zero,8(a5)
84065e4e:	0ff77713          	zext.b	a4,a4
84065e52:	b7b5                	j	84065dbe <pka_share_tx_ctrl_init+0x3e>

84065e54 <pka_share_updt_hid_tx_ptr>:
84065e54:	00005717          	auipc	a4,0x5
84065e58:	3f875703          	lhu	a4,1016(a4) # 8406b24c <pka_cb_type>
84065e5c:	4785                	li	a5,1
84065e5e:	00f70363          	beq	a4,a5,84065e64 <pka_share_updt_hid_tx_ptr+0x10>
84065e62:	8082                	ret
84065e64:	00005597          	auipc	a1,0x5
84065e68:	5fc58593          	add	a1,a1,1532 # 8406b460 <pka_share_tx_hid_ctl>
84065e6c:	0315c783          	lbu	a5,49(a1)
84065e70:	dbed                	beqz	a5,84065e62 <pka_share_updt_hid_tx_ptr+0xe>
84065e72:	00179693          	sll	a3,a5,0x1
84065e76:	96be                	add	a3,a3,a5
84065e78:	068a                	sll	a3,a3,0x2
84065e7a:	96ae                	add	a3,a3,a1
84065e7c:	87ae                	mv	a5,a1
84065e7e:	4609                	li	a2,2
84065e80:	a021                	j	84065e88 <pka_share_updt_hid_tx_ptr+0x34>
84065e82:	07b1                	add	a5,a5,12
84065e84:	fcf68fe3          	beq	a3,a5,84065e62 <pka_share_updt_hid_tx_ptr+0xe>
84065e88:	4798                	lw	a4,8(a5)
84065e8a:	fec71ce3          	bne	a4,a2,84065e82 <pka_share_updt_hid_tx_ptr+0x2e>
84065e8e:	4398                	lw	a4,0(a5)
84065e90:	00970703          	lb	a4,9(a4)
84065e94:	01f75513          	srl	a0,a4,0x1f
84065e98:	00a78223          	sb	a0,4(a5)
84065e9c:	fe0753e3          	bgez	a4,84065e82 <pka_share_updt_hid_tx_ptr+0x2e>
84065ea0:	0007a423          	sw	zero,8(a5)
84065ea4:	0325c703          	lbu	a4,50(a1)
84065ea8:	177d                	add	a4,a4,-1
84065eaa:	02e58923          	sb	a4,50(a1)
84065eae:	bfd1                	j	84065e82 <pka_share_updt_hid_tx_ptr+0x2e>

84065eb0 <pka_share_get_hid_tx_ptr>:
84065eb0:	00005717          	auipc	a4,0x5
84065eb4:	39c75703          	lhu	a4,924(a4) # 8406b24c <pka_cb_type>
84065eb8:	4785                	li	a5,1
84065eba:	06f71663          	bne	a4,a5,84065f26 <pka_share_get_hid_tx_ptr+0x76>
84065ebe:	1121                	add	sp,sp,-24
84065ec0:	c822                	sw	s0,16(sp)
84065ec2:	ca06                	sw	ra,20(sp)
84065ec4:	00005417          	auipc	s0,0x5
84065ec8:	59c40413          	add	s0,s0,1436 # 8406b460 <pka_share_tx_hid_ctl>
84065ecc:	03244703          	lbu	a4,50(s0)
84065ed0:	03144783          	lbu	a5,49(s0)
84065ed4:	c43a                	sw	a4,8(sp)
84065ed6:	c03e                	sw	a5,0(sp)
84065ed8:	04f77963          	bgeu	a4,a5,84065f2a <pka_share_get_hid_tx_ptr+0x7a>
84065edc:	c626                	sw	s1,12(sp)
84065ede:	03044483          	lbu	s1,48(s0)
84065ee2:	97a6                	add	a5,a5,s1
84065ee4:	c23e                	sw	a5,4(sp)
84065ee6:	a021                	j	84065eee <pka_share_get_hid_tx_ptr+0x3e>
84065ee8:	4792                	lw	a5,4(sp)
84065eea:	04978563          	beq	a5,s1,84065f34 <pka_share_get_hid_tx_ptr+0x84>
84065eee:	4582                	lw	a1,0(sp)
84065ef0:	8526                	mv	a0,s1
84065ef2:	0485                	add	s1,s1,1
84065ef4:	c4cfe0ef          	jal	84064340 <__modsi3>
84065ef8:	00151793          	sll	a5,a0,0x1
84065efc:	97aa                	add	a5,a5,a0
84065efe:	078a                	sll	a5,a5,0x2
84065f00:	97a2                	add	a5,a5,s0
84065f02:	4794                	lw	a3,8(a5)
84065f04:	f2f5                	bnez	a3,84065ee8 <pka_share_get_hid_tx_ptr+0x38>
84065f06:	4722                	lw	a4,8(sp)
84065f08:	4388                	lw	a0,0(a5)
84065f0a:	4685                	li	a3,1
84065f0c:	0705                	add	a4,a4,1
84065f0e:	02e40923          	sb	a4,50(s0)
84065f12:	c794                	sw	a3,8(a5)
84065f14:	00005717          	auipc	a4,0x5
84065f18:	32f72823          	sw	a5,816(a4) # 8406b244 <g_pLastGetHidTx>
84065f1c:	40d2                	lw	ra,20(sp)
84065f1e:	4442                	lw	s0,16(sp)
84065f20:	44b2                	lw	s1,12(sp)
84065f22:	0161                	add	sp,sp,24
84065f24:	8082                	ret
84065f26:	4501                	li	a0,0
84065f28:	8082                	ret
84065f2a:	40d2                	lw	ra,20(sp)
84065f2c:	4442                	lw	s0,16(sp)
84065f2e:	4501                	li	a0,0
84065f30:	0161                	add	sp,sp,24
84065f32:	8082                	ret
84065f34:	4501                	li	a0,0
84065f36:	b7dd                	j	84065f1c <pka_share_get_hid_tx_ptr+0x6c>

84065f38 <pka_share_push_hid_tx_ptr>:
84065f38:	00005797          	auipc	a5,0x5
84065f3c:	3147d783          	lhu	a5,788(a5) # 8406b24c <pka_cb_type>
84065f40:	4705                	li	a4,1
84065f42:	00e78363          	beq	a5,a4,84065f48 <pka_share_push_hid_tx_ptr+0x10>
84065f46:	8082                	ret
84065f48:	00005717          	auipc	a4,0x5
84065f4c:	2fc72703          	lw	a4,764(a4) # 8406b244 <g_pLastGetHidTx>
84065f50:	4314                	lw	a3,0(a4)
84065f52:	fea69ae3          	bne	a3,a0,84065f46 <pka_share_push_hid_tx_ptr+0xe>
84065f56:	4714                	lw	a3,8(a4)
84065f58:	fef697e3          	bne	a3,a5,84065f46 <pka_share_push_hid_tx_ptr+0xe>
84065f5c:	00072423          	sw	zero,8(a4)
84065f60:	00005717          	auipc	a4,0x5
84065f64:	50070713          	add	a4,a4,1280 # 8406b460 <pka_share_tx_hid_ctl>
84065f68:	03274783          	lbu	a5,50(a4)
84065f6c:	17fd                	add	a5,a5,-1
84065f6e:	02f70923          	sb	a5,50(a4)
84065f72:	8082                	ret

84065f74 <pka_share_advanced_tx_prepare_rt>:
84065f74:	1101                	add	sp,sp,-32
84065f76:	cc22                	sw	s0,24(sp)
84065f78:	ce06                	sw	ra,28(sp)
84065f7a:	ca26                	sw	s1,20(sp)
84065f7c:	00005417          	auipc	s0,0x5
84065f80:	4e440413          	add	s0,s0,1252 # 8406b460 <pka_share_tx_hid_ctl>
84065f84:	03044603          	lbu	a2,48(s0)
84065f88:	0808                	add	a0,sp,16
84065f8a:	c032                	sw	a2,0(sp)
84065f8c:	383030ef          	jal	84069b0e <hal_nvic_save_and_set_interrupt_mask>
84065f90:	00005797          	auipc	a5,0x5
84065f94:	2c47c783          	lbu	a5,708(a5) # 8406b254 <g_riscv_ccni_irq_occur>
84065f98:	ebb1                	bnez	a5,84065fec <pka_share_advanced_tx_prepare_rt+0x78>
84065f9a:	4602                	lw	a2,0(sp)
84065f9c:	4705                	li	a4,1
84065f9e:	5854                	lw	a3,52(s0)
84065fa0:	00161393          	sll	t2,a2,0x1
84065fa4:	00c387b3          	add	a5,t2,a2
84065fa8:	078a                	sll	a5,a5,0x2
84065faa:	97a2                	add	a5,a5,s0
84065fac:	478c                	lw	a1,8(a5)
84065fae:	04e58b63          	beq	a1,a4,84066004 <pka_share_advanced_tx_prepare_rt+0x90>
84065fb2:	4701                	li	a4,0
84065fb4:	00005497          	auipc	s1,0x5
84065fb8:	29c48493          	add	s1,s1,668 # 8406b250 <g_pPkaRtInfo>
84065fbc:	0004a303          	lw	t1,0(s1)
84065fc0:	00005297          	auipc	t0,0x5
84065fc4:	28828293          	add	t0,t0,648 # 8406b248 <g_pEmptyPktPtr>
84065fc8:	0002a583          	lw	a1,0(t0)
84065fcc:	01432083          	lw	ra,20(t1)
84065fd0:	00c387b3          	add	a5,t2,a2
84065fd4:	078a                	sll	a5,a5,0x2
84065fd6:	0000a503          	lw	a0,0(ra)
84065fda:	97a2                	add	a5,a5,s0
84065fdc:	0ab50f63          	beq	a0,a1,8406609a <pka_share_advanced_tx_prepare_rt+0x126>
84065fe0:	01c32083          	lw	ra,28(t1)
84065fe4:	0000a603          	lw	a2,0(ra)
84065fe8:	02c58063          	beq	a1,a2,84066008 <pka_share_advanced_tx_prepare_rt+0x94>
84065fec:	4481                	li	s1,0
84065fee:	585c                	lw	a5,52(s0)
84065ff0:	c7c9                	beqz	a5,8406607a <pka_share_advanced_tx_prepare_rt+0x106>
84065ff2:	4542                	lw	a0,16(sp)
84065ff4:	323030ef          	jal	84069b16 <hal_nvic_restore_interrupt_mask>
84065ff8:	40f2                	lw	ra,28(sp)
84065ffa:	4462                	lw	s0,24(sp)
84065ffc:	8526                	mv	a0,s1
84065ffe:	44d2                	lw	s1,20(sp)
84066000:	6105                	add	sp,sp,32
84066002:	8082                	ret
84066004:	4398                	lw	a4,0(a5)
84066006:	b77d                	j	84065fb4 <pka_share_advanced_tx_prepare_rt+0x40>
84066008:	01832303          	lw	t1,24(t1)
8406600c:	00032303          	lw	t1,0(t1)
84066010:	18068463          	beqz	a3,84066198 <pka_share_advanced_tx_prepare_rt+0x224>
84066014:	00d0a023          	sw	a3,0(ra)
84066018:	c63e                	sw	a5,12(sp)
8406601a:	c41a                	sw	t1,8(sp)
8406601c:	c22a                	sw	a0,4(sp)
8406601e:	c036                	sw	a3,0(sp)
84066020:	00005717          	auipc	a4,0x5
84066024:	46072a23          	sw	zero,1140(a4) # 8406b494 <pka_share_tx_hid_ctl+0x34>
84066028:	268020ef          	jal	84068290 <hid_express_dbg_inc_pka_acl_cnt>
8406602c:	4682                	lw	a3,0(sp)
8406602e:	4512                	lw	a0,4(sp)
84066030:	00005297          	auipc	t0,0x5
84066034:	21828293          	add	t0,t0,536 # 8406b248 <g_pEmptyPktPtr>
84066038:	0002a603          	lw	a2,0(t0)
8406603c:	4322                	lw	t1,8(sp)
8406603e:	47b2                	lw	a5,12(sp)
84066040:	83b6                	mv	t2,a3
84066042:	4481                	li	s1,0
84066044:	86aa                	mv	a3,a0
84066046:	0093c703          	lbu	a4,9(t2)
8406604a:	07f77713          	and	a4,a4,127
8406604e:	00e384a3          	sb	a4,9(t2)
84066052:	f8c31ee3          	bne	t1,a2,84065fee <pka_share_advanced_tx_prepare_rt+0x7a>
84066056:	f8669ce3          	bne	a3,t1,84065fee <pka_share_advanced_tx_prepare_rt+0x7a>
8406605a:	f8d39ae3          	bne	t2,a3,84065fee <pka_share_advanced_tx_prepare_rt+0x7a>
8406605e:	4794                	lw	a3,8(a5)
84066060:	4709                	li	a4,2
84066062:	f8e696e3          	bne	a3,a4,84065fee <pka_share_advanced_tx_prepare_rt+0x7a>
84066066:	4398                	lw	a4,0(a5)
84066068:	00974783          	lbu	a5,9(a4)
8406606c:	f807e793          	or	a5,a5,-128
84066070:	00f704a3          	sb	a5,9(a4)
84066074:	22c020ef          	jal	840682a0 <hid_express_dbg_inc_pka_hid_drop_cnt>
84066078:	bf9d                	j	84065fee <pka_share_advanced_tx_prepare_rt+0x7a>
8406607a:	4511                	li	a0,4
8406607c:	bc7ff0ef          	jal	84065c42 <share_buffer_hw_semaphore_take>
84066080:	00005797          	auipc	a5,0x5
84066084:	1d07a783          	lw	a5,464(a5) # 8406b250 <g_pPkaRtInfo>
84066088:	4b9c                	lw	a5,16(a5)
8406608a:	4511                	li	a0,4
8406608c:	4398                	lw	a4,0(a5)
8406608e:	d858                	sw	a4,52(s0)
84066090:	0007a023          	sw	zero,0(a5)
84066094:	bf3ff0ef          	jal	84065c86 <share_buffer_hw_semaphore_give>
84066098:	bfa9                	j	84065ff2 <pka_share_advanced_tx_prepare_rt+0x7e>
8406609a:	caa9                	beqz	a3,840660ec <pka_share_advanced_tx_prepare_rt+0x178>
8406609c:	00d0a023          	sw	a3,0(ra)
840660a0:	c43a                	sw	a4,8(sp)
840660a2:	c23e                	sw	a5,4(sp)
840660a4:	c036                	sw	a3,0(sp)
840660a6:	00005617          	auipc	a2,0x5
840660aa:	3e062723          	sw	zero,1006(a2) # 8406b494 <pka_share_tx_hid_ctl+0x34>
840660ae:	1e2020ef          	jal	84068290 <hid_express_dbg_inc_pka_acl_cnt>
840660b2:	4682                	lw	a3,0(sp)
840660b4:	4088                	lw	a0,0(s1)
840660b6:	00005297          	auipc	t0,0x5
840660ba:	19228293          	add	t0,t0,402 # 8406b248 <g_pEmptyPktPtr>
840660be:	0096c583          	lbu	a1,9(a3)
840660c2:	0002a603          	lw	a2,0(t0)
840660c6:	4792                	lw	a5,4(sp)
840660c8:	07f5f593          	and	a1,a1,127
840660cc:	00b684a3          	sb	a1,9(a3)
840660d0:	01c52083          	lw	ra,28(a0)
840660d4:	4d0c                	lw	a1,24(a0)
840660d6:	4722                	lw	a4,8(sp)
840660d8:	0000a383          	lw	t2,0(ra)
840660dc:	0005a303          	lw	t1,0(a1)
840660e0:	12c38863          	beq	t2,a2,84066210 <pka_share_advanced_tx_prepare_rt+0x29c>
840660e4:	451d                	li	a0,7
840660e6:	ff950493          	add	s1,a0,-7
840660ea:	b7a5                	j	84066052 <pka_share_advanced_tx_prepare_rt+0xde>
840660ec:	c355                	beqz	a4,84066190 <pka_share_advanced_tx_prepare_rt+0x21c>
840660ee:	00e0a023          	sw	a4,0(ra)
840660f2:	4094                	lw	a3,0(s1)
840660f4:	0146a083          	lw	ra,20(a3)
840660f8:	0000a683          	lw	a3,0(ra)
840660fc:	fee699e3          	bne	a3,a4,840660ee <pka_share_advanced_tx_prepare_rt+0x17a>
84066100:	03044503          	lbu	a0,48(s0)
84066104:	00c386b3          	add	a3,t2,a2
84066108:	03144583          	lbu	a1,49(s0)
8406610c:	068a                	sll	a3,a3,0x2
8406610e:	4609                	li	a2,2
84066110:	96a2                	add	a3,a3,s0
84066112:	0505                	add	a0,a0,1
84066114:	c690                	sw	a2,8(a3)
84066116:	0ff57513          	zext.b	a0,a0
8406611a:	c43a                	sw	a4,8(sp)
8406611c:	c23e                	sw	a5,4(sp)
8406611e:	9fefe0ef          	jal	8406431c <__umodsi3>
84066122:	421506b7          	lui	a3,0x42150
84066126:	02a40823          	sb	a0,48(s0)
8406612a:	2186a503          	lw	a0,536(a3) # 42150218 <__log_strings_end+0x3c14f07e>
8406612e:	c02a                	sw	a0,0(sp)
84066130:	150020ef          	jal	84068280 <hid_express_dbg_inc_pka_hid_cnt>
84066134:	4722                	lw	a4,8(sp)
84066136:	00005297          	auipc	t0,0x5
8406613a:	11228293          	add	t0,t0,274 # 8406b248 <g_pEmptyPktPtr>
8406613e:	0004a303          	lw	t1,0(s1)
84066142:	0002a603          	lw	a2,0(t0)
84066146:	4502                	lw	a0,0(sp)
84066148:	4792                	lw	a5,4(sp)
8406614a:	86ba                	mv	a3,a4
8406614c:	0096c703          	lbu	a4,9(a3)
84066150:	07f77713          	and	a4,a4,127
84066154:	00e684a3          	sb	a4,9(a3)
84066158:	01c32083          	lw	ra,28(t1)
8406615c:	01832703          	lw	a4,24(t1)
84066160:	0000a383          	lw	t2,0(ra)
84066164:	00072303          	lw	t1,0(a4)
84066168:	f6761fe3          	bne	a2,t2,840660e6 <pka_share_advanced_tx_prepare_rt+0x172>
8406616c:	85b2                	mv	a1,a2
8406616e:	03044383          	lbu	t2,48(s0)
84066172:	4705                	li	a4,1
84066174:	00139793          	sll	a5,t2,0x1
84066178:	979e                	add	a5,a5,t2
8406617a:	078a                	sll	a5,a5,0x2
8406617c:	97a2                	add	a5,a5,s0
8406617e:	0087a383          	lw	t2,8(a5)
84066182:	08e38963          	beq	t2,a4,84066214 <pka_share_advanced_tx_prepare_rt+0x2a0>
84066186:	83b2                	mv	t2,a2
84066188:	ff950493          	add	s1,a0,-7
8406618c:	862e                	mv	a2,a1
8406618e:	bd65                	j	84066046 <pka_share_advanced_tx_prepare_rt+0xd2>
84066190:	86aa                	mv	a3,a0
84066192:	862a                	mv	a2,a0
84066194:	451d                	li	a0,7
84066196:	bf5d                	j	8406614c <pka_share_advanced_tx_prepare_rt+0x1d8>
84066198:	86aa                	mv	a3,a0
8406619a:	451d                	li	a0,7
8406619c:	db69                	beqz	a4,8406616e <pka_share_advanced_tx_prepare_rt+0x1fa>
8406619e:	fee684e3          	beq	a3,a4,84066186 <pka_share_advanced_tx_prepare_rt+0x212>
840661a2:	fee302e3          	beq	t1,a4,84066186 <pka_share_advanced_tx_prepare_rt+0x212>
840661a6:	00e0a023          	sw	a4,0(ra)
840661aa:	4090                	lw	a2,0(s1)
840661ac:	01c62083          	lw	ra,28(a2)
840661b0:	0000a603          	lw	a2,0(ra)
840661b4:	fee619e3          	bne	a2,a4,840661a6 <pka_share_advanced_tx_prepare_rt+0x232>
840661b8:	00005617          	auipc	a2,0x5
840661bc:	08862603          	lw	a2,136(a2) # 8406b240 <pka_share_ptr>
840661c0:	08062583          	lw	a1,128(a2)
840661c4:	4609                	li	a2,2
840661c6:	c63a                	sw	a4,12(sp)
840661c8:	00c58023          	sb	a2,0(a1)
840661cc:	c790                	sw	a2,8(a5)
840661ce:	03044503          	lbu	a0,48(s0)
840661d2:	03144583          	lbu	a1,49(s0)
840661d6:	c436                	sw	a3,8(sp)
840661d8:	0505                	add	a0,a0,1
840661da:	0ff57513          	zext.b	a0,a0
840661de:	c21a                	sw	t1,4(sp)
840661e0:	c03e                	sw	a5,0(sp)
840661e2:	93afe0ef          	jal	8406431c <__umodsi3>
840661e6:	42150637          	lui	a2,0x42150
840661ea:	02a40823          	sb	a0,48(s0)
840661ee:	21862483          	lw	s1,536(a2) # 42150218 <__log_strings_end+0x3c14f07e>
840661f2:	08e020ef          	jal	84068280 <hid_express_dbg_inc_pka_hid_cnt>
840661f6:	4732                	lw	a4,12(sp)
840661f8:	00005297          	auipc	t0,0x5
840661fc:	05028293          	add	t0,t0,80 # 8406b248 <g_pEmptyPktPtr>
84066200:	0002a603          	lw	a2,0(t0)
84066204:	46a2                	lw	a3,8(sp)
84066206:	4312                	lw	t1,4(sp)
84066208:	4782                	lw	a5,0(sp)
8406620a:	14e5                	add	s1,s1,-7
8406620c:	83ba                	mv	t2,a4
8406620e:	bd25                	j	84066046 <pka_share_advanced_tx_prepare_rt+0xd2>
84066210:	85b2                	mv	a1,a2
84066212:	b761                	j	8406619a <pka_share_advanced_tx_prepare_rt+0x226>
84066214:	4398                	lw	a4,0(a5)
84066216:	f741                	bnez	a4,8406619e <pka_share_advanced_tx_prepare_rt+0x22a>
84066218:	b7bd                	j	84066186 <pka_share_advanced_tx_prepare_rt+0x212>

8406621a <pka_share_tx_forward_prepare_rtt0>:
8406621a:	1151                	add	sp,sp,-12
8406621c:	c222                	sw	s0,4(sp)
8406621e:	00005417          	auipc	s0,0x5
84066222:	02240413          	add	s0,s0,34 # 8406b240 <pka_share_ptr>
84066226:	401c                	lw	a5,0(s0)
84066228:	c026                	sw	s1,0(sp)
8406622a:	c406                	sw	ra,8(sp)
8406622c:	4bf8                	lw	a4,84(a5)
8406622e:	53fc                	lw	a5,100(a5)
84066230:	c31c                	sw	a5,0(a4)
84066232:	401c                	lw	a5,0(s0)
84066234:	4ff8                	lw	a4,92(a5)
84066236:	57fc                	lw	a5,108(a5)
84066238:	c31c                	sw	a5,0(a4)
8406623a:	4004                	lw	s1,0(s0)
8406623c:	44fc                	lw	a5,76(s1)
8406623e:	4388                	lw	a0,0(a5)
84066240:	ab1ff0ef          	jal	84065cf0 <pka_tx_buf_is_hid>
84066244:	48bc                	lw	a5,80(s1)
84066246:	cd01                	beqz	a0,8406625e <pka_share_tx_forward_prepare_rtt0+0x44>
84066248:	50b8                	lw	a4,96(s1)
8406624a:	c398                	sw	a4,0(a5)
8406624c:	401c                	lw	a5,0(s0)
8406624e:	4fb8                	lw	a4,88(a5)
84066250:	57bc                	lw	a5,104(a5)
84066252:	40a2                	lw	ra,8(sp)
84066254:	4412                	lw	s0,4(sp)
84066256:	c31c                	sw	a5,0(a4)
84066258:	4482                	lw	s1,0(sp)
8406625a:	0131                	add	sp,sp,12
8406625c:	8082                	ret
8406625e:	50f8                	lw	a4,100(s1)
84066260:	c398                	sw	a4,0(a5)
84066262:	401c                	lw	a5,0(s0)
84066264:	4fb8                	lw	a4,88(a5)
84066266:	57fc                	lw	a5,108(a5)
84066268:	b7ed                	j	84066252 <pka_share_tx_forward_prepare_rtt0+0x38>

8406626a <ccni_write_register>:
8406626a:	1131                	add	sp,sp,-20
8406626c:	01055713          	srl	a4,a0,0x10
84066270:	c806                	sw	ra,16(sp)
84066272:	c622                	sw	s0,12(sp)
84066274:	c426                	sw	s1,8(sp)
84066276:	c032                	sw	a2,0(sp)
84066278:	01855793          	srl	a5,a0,0x18
8406627c:	0ff77713          	zext.b	a4,a4
84066280:	04e78a63          	beq	a5,a4,840662d4 <ccni_write_register+0x6a>
84066284:	17fd                	add	a5,a5,-1
84066286:	4685                	li	a3,1
84066288:	01f57413          	and	s0,a0,31
8406628c:	5571                	li	a0,-4
8406628e:	02f6ea63          	bltu	a3,a5,840662c2 <ccni_write_register+0x58>
84066292:	177d                	add	a4,a4,-1
84066294:	02e6e763          	bltu	a3,a4,840662c2 <ccni_write_register+0x58>
84066298:	0048                	add	a0,sp,4
8406629a:	84ae                	mv	s1,a1
8406629c:	073030ef          	jal	84069b0e <hal_nvic_save_and_set_interrupt_mask>
840662a0:	422b07b7          	lui	a5,0x422b0
840662a4:	00f485b3          	add	a1,s1,a5
840662a8:	4602                	lw	a2,0(sp)
840662aa:	4198                	lw	a4,0(a1)
840662ac:	4685                	li	a3,1
840662ae:	008697b3          	sll	a5,a3,s0
840662b2:	00d61d63          	bne	a2,a3,840662cc <ccni_write_register+0x62>
840662b6:	8fd9                	or	a5,a5,a4
840662b8:	c19c                	sw	a5,0(a1)
840662ba:	4512                	lw	a0,4(sp)
840662bc:	05b030ef          	jal	84069b16 <hal_nvic_restore_interrupt_mask>
840662c0:	4501                	li	a0,0
840662c2:	40c2                	lw	ra,16(sp)
840662c4:	4432                	lw	s0,12(sp)
840662c6:	44a2                	lw	s1,8(sp)
840662c8:	0151                	add	sp,sp,20
840662ca:	8082                	ret
840662cc:	fff7c793          	not	a5,a5
840662d0:	8ff9                	and	a5,a5,a4
840662d2:	b7dd                	j	840662b8 <ccni_write_register+0x4e>
840662d4:	5571                	li	a0,-4
840662d6:	b7f5                	j	840662c2 <ccni_write_register+0x58>

840662d8 <hal_ccni_init>:
840662d8:	1151                	add	sp,sp,-12
840662da:	00000597          	auipc	a1,0x0
840662de:	15658593          	add	a1,a1,342 # 84066430 <ccni_irq_handler>
840662e2:	4571                	li	a0,28
840662e4:	c406                	sw	ra,8(sp)
840662e6:	001030ef          	jal	84069ae6 <hal_nvic_register_isr_handler>
840662ea:	4571                	li	a0,28
840662ec:	00b030ef          	jal	84069af6 <hal_nvic_enable_irq>
840662f0:	40a2                	lw	ra,8(sp)
840662f2:	4501                	li	a0,0
840662f4:	0131                	add	sp,sp,12
840662f6:	8082                	ret

840662f8 <hal_ccni_query_event_status>:
840662f8:	1121                	add	sp,sp,-24
840662fa:	01f57693          	and	a3,a0,31
840662fe:	ca06                	sw	ra,20(sp)
84066300:	c822                	sw	s0,16(sp)
84066302:	c626                	sw	s1,12(sp)
84066304:	c236                	sw	a3,4(sp)
84066306:	c5b5                	beqz	a1,84066372 <hal_ccni_query_event_status+0x7a>
84066308:	00851613          	sll	a2,a0,0x8
8406630c:	84ae                	mv	s1,a1
8406630e:	8e29                	xor	a2,a2,a0
84066310:	010005b7          	lui	a1,0x1000
84066314:	01855713          	srl	a4,a0,0x18
84066318:	01055793          	srl	a5,a0,0x10
8406631c:	5571                	li	a0,-4
8406631e:	04b66263          	bltu	a2,a1,84066362 <hal_ccni_query_event_status+0x6a>
84066322:	177d                	add	a4,a4,-1
84066324:	4405                	li	s0,1
84066326:	02e46e63          	bltu	s0,a4,84066362 <hal_ccni_query_event_status+0x6a>
8406632a:	0ff7f793          	zext.b	a5,a5
8406632e:	fff78713          	add	a4,a5,-1 # 422affff <__log_strings_end+0x3c2aee65>
84066332:	c03e                	sw	a5,0(sp)
84066334:	02e46763          	bltu	s0,a4,84066362 <hal_ccni_query_event_status+0x6a>
84066338:	0028                	add	a0,sp,8
8406633a:	7d4030ef          	jal	84069b0e <hal_nvic_save_and_set_interrupt_mask>
8406633e:	4692                	lw	a3,4(sp)
84066340:	4782                	lw	a5,0(sp)
84066342:	4709                	li	a4,2
84066344:	00d41433          	sll	s0,s0,a3
84066348:	02e78263          	beq	a5,a4,8406636c <hal_ccni_query_event_status+0x74>
8406634c:	422c07b7          	lui	a5,0x422c0
84066350:	47dc                	lw	a5,12(a5)
84066352:	4522                	lw	a0,8(sp)
84066354:	8fe1                	and	a5,a5,s0
84066356:	00f037b3          	snez	a5,a5
8406635a:	c09c                	sw	a5,0(s1)
8406635c:	7ba030ef          	jal	84069b16 <hal_nvic_restore_interrupt_mask>
84066360:	4501                	li	a0,0
84066362:	40d2                	lw	ra,20(sp)
84066364:	4442                	lw	s0,16(sp)
84066366:	44b2                	lw	s1,12(sp)
84066368:	0161                	add	sp,sp,24
8406636a:	8082                	ret
8406636c:	422b07b7          	lui	a5,0x422b0
84066370:	b7c5                	j	84066350 <hal_ccni_query_event_status+0x58>
84066372:	5571                	li	a0,-4
84066374:	b7fd                	j	84066362 <hal_ccni_query_event_status+0x6a>

84066376 <hal_ccni_set_event_with_retry>:
84066376:	77c1                	lui	a5,0xffff0
84066378:	8fe9                	and	a5,a5,a0
8406637a:	02010737          	lui	a4,0x2010
8406637e:	08e79c63          	bne	a5,a4,84066416 <hal_ccni_set_event_with_retry+0xa0>
84066382:	1111                	add	sp,sp,-28
84066384:	ca22                	sw	s0,20(sp)
84066386:	c826                	sw	s1,16(sp)
84066388:	cc06                	sw	ra,24(sp)
8406638a:	01057413          	and	s0,a0,16
8406638e:	01f57493          	and	s1,a0,31
84066392:	c019                	beqz	s0,84066398 <hal_ccni_set_event_with_retry+0x22>
84066394:	5571                	li	a0,-4
84066396:	e1b1                	bnez	a1,840663da <hal_ccni_set_event_with_retry+0x64>
84066398:	0068                	add	a0,sp,12
8406639a:	c232                	sw	a2,4(sp)
8406639c:	c02e                	sw	a1,0(sp)
8406639e:	770030ef          	jal	84069b0e <hal_nvic_save_and_set_interrupt_mask>
840663a2:	4612                	lw	a2,4(sp)
840663a4:	4582                	lw	a1,0(sp)
840663a6:	4785                	li	a5,1
840663a8:	009797b3          	sll	a5,a5,s1
840663ac:	422c0737          	lui	a4,0x422c0
840663b0:	4758                	lw	a4,12(a4)
840663b2:	8f7d                	and	a4,a4,a5
840663b4:	cf11                	beqz	a4,840663d0 <hal_ccni_set_event_with_retry+0x5a>
840663b6:	ce01                	beqz	a2,840663ce <hal_ccni_set_event_with_retry+0x58>
840663b8:	167d                	add	a2,a2,-1
840663ba:	4551                	li	a0,20
840663bc:	c42e                	sw	a1,8(sp)
840663be:	c23e                	sw	a5,4(sp)
840663c0:	c032                	sw	a2,0(sp)
840663c2:	791020ef          	jal	84069352 <hal_gpt_delay_us>
840663c6:	4602                	lw	a2,0(sp)
840663c8:	4792                	lw	a5,4(sp)
840663ca:	45a2                	lw	a1,8(sp)
840663cc:	b7c5                	j	840663ac <hal_ccni_set_event_with_retry+0x36>
840663ce:	4705                	li	a4,1
840663d0:	4532                	lw	a0,12(sp)
840663d2:	cb09                	beqz	a4,840663e4 <hal_ccni_set_event_with_retry+0x6e>
840663d4:	742030ef          	jal	84069b16 <hal_nvic_restore_interrupt_mask>
840663d8:	5575                	li	a0,-3
840663da:	40e2                	lw	ra,24(sp)
840663dc:	4452                	lw	s0,20(sp)
840663de:	44c2                	lw	s1,16(sp)
840663e0:	0171                	add	sp,sp,28
840663e2:	8082                	ret
840663e4:	e005                	bnez	s0,84066404 <hal_ccni_set_event_with_retry+0x8e>
840663e6:	4194                	lw	a3,0(a1)
840663e8:	048e                	sll	s1,s1,0x3
840663ea:	7ffa8717          	auipc	a4,0x7ffa8
840663ee:	19a70713          	add	a4,a4,410 # 400e584 <ccm_ccni>
840663f2:	9726                	add	a4,a4,s1
840663f4:	c314                	sw	a3,0(a4)
840663f6:	41d8                	lw	a4,4(a1)
840663f8:	7ffa8697          	auipc	a3,0x7ffa8
840663fc:	19068693          	add	a3,a3,400 # 400e588 <ccm_ccni+0x4>
84066400:	94b6                	add	s1,s1,a3
84066402:	c098                	sw	a4,0(s1)
84066404:	422c0737          	lui	a4,0x422c0
84066408:	4354                	lw	a3,4(a4)
8406640a:	8fd5                	or	a5,a5,a3
8406640c:	c35c                	sw	a5,4(a4)
8406640e:	708030ef          	jal	84069b16 <hal_nvic_restore_interrupt_mask>
84066412:	4501                	li	a0,0
84066414:	b7d9                	j	840663da <hal_ccni_set_event_with_retry+0x64>
84066416:	5571                	li	a0,-4
84066418:	8082                	ret

8406641a <hal_ccni_set_event>:
8406641a:	567d                	li	a2,-1
8406641c:	bfa9                	j	84066376 <hal_ccni_set_event_with_retry>

8406641e <hal_ccni_clear_event>:
8406641e:	4605                	li	a2,1
84066420:	45a1                	li	a1,8
84066422:	b5a1                	j	8406626a <ccni_write_register>

84066424 <hal_ccni_mask_event>:
84066424:	4605                	li	a2,1
84066426:	4581                	li	a1,0
84066428:	b589                	j	8406626a <ccni_write_register>

8406642a <hal_ccni_unmask_event>:
8406642a:	4601                	li	a2,0
8406642c:	4581                	li	a1,0
8406642e:	bd35                	j	8406626a <ccni_write_register>

84066430 <ccni_irq_handler>:
84066430:	422b07b7          	lui	a5,0x422b0
84066434:	47dc                	lw	a5,12(a5)
84066436:	1131                	add	sp,sp,-20
84066438:	c426                	sw	s1,8(sp)
8406643a:	c23e                	sw	a5,4(sp)
8406643c:	7ffa8797          	auipc	a5,0x7ffa8
84066440:	1c878793          	add	a5,a5,456 # 400e604 <ccm_ccni+0x80>
84066444:	c806                	sw	ra,16(sp)
84066446:	c622                	sw	s0,12(sp)
84066448:	c03e                	sw	a5,0(sp)
8406644a:	4481                	li	s1,0
8406644c:	4792                	lw	a5,4(sp)
8406644e:	4705                	li	a4,1
84066450:	00971733          	sll	a4,a4,s1
84066454:	00f776b3          	and	a3,a4,a5
84066458:	c2b1                	beqz	a3,8406649c <ccni_irq_handler+0x6c>
8406645a:	422b06b7          	lui	a3,0x422b0
8406645e:	4294                	lw	a3,0(a3)
84066460:	8f75                	and	a4,a4,a3
84066462:	ef0d                	bnez	a4,8406649c <ccni_irq_handler+0x6c>
84066464:	01020437          	lui	s0,0x1020
84066468:	8c45                	or	s0,s0,s1
8406646a:	8522                	mv	a0,s0
8406646c:	3f65                	jal	84066424 <hal_ccni_mask_event>
8406646e:	00249713          	sll	a4,s1,0x2
84066472:	00005797          	auipc	a5,0x5
84066476:	a8678793          	add	a5,a5,-1402 # 8406aef8 <ccni_callback>
8406647a:	973e                	add	a4,a4,a5
8406647c:	4314                	lw	a3,0(a4)
8406647e:	e291                	bnez	a3,84066482 <ccni_irq_handler+0x52>
84066480:	a001                	j	84066480 <ccni_irq_handler+0x50>
84066482:	4318                	lw	a4,0(a4)
84066484:	cb01                	beqz	a4,84066494 <ccni_irq_handler+0x64>
84066486:	46bd                	li	a3,15
84066488:	4581                	li	a1,0
8406648a:	0096e363          	bltu	a3,s1,84066490 <ccni_irq_handler+0x60>
8406648e:	4582                	lw	a1,0(sp)
84066490:	8522                	mv	a0,s0
84066492:	9702                	jalr	a4
84066494:	8522                	mv	a0,s0
84066496:	3761                	jal	8406641e <hal_ccni_clear_event>
84066498:	8522                	mv	a0,s0
8406649a:	3f41                	jal	8406642a <hal_ccni_unmask_event>
8406649c:	4782                	lw	a5,0(sp)
8406649e:	0485                	add	s1,s1,1
840664a0:	02000713          	li	a4,32
840664a4:	07a1                	add	a5,a5,8
840664a6:	c03e                	sw	a5,0(sp)
840664a8:	fae492e3          	bne	s1,a4,8406644c <ccni_irq_handler+0x1c>
840664ac:	40c2                	lw	ra,16(sp)
840664ae:	4432                	lw	s0,12(sp)
840664b0:	44a2                	lw	s1,8(sp)
840664b2:	0151                	add	sp,sp,20
840664b4:	8082                	ret

840664b6 <hal_ccni_event_callback0>:
840664b6:	8082                	ret

840664b8 <hal_ccni_event_callback31>:
840664b8:	8082                	ret

840664ba <hal_ccni_event_callback1>:
840664ba:	8082                	ret

840664bc <hal_ccni_event_callback2>:
840664bc:	8082                	ret

840664be <hal_ccni_event_callback4>:
840664be:	8082                	ret

840664c0 <hal_ccni_event_callback5>:
840664c0:	8082                	ret

840664c2 <hal_ccni_event_callback6>:
840664c2:	8082                	ret

840664c4 <hal_ccni_event_callback7>:
840664c4:	8082                	ret

840664c6 <hal_ccni_event_callback8>:
840664c6:	8082                	ret

840664c8 <hal_ccni_event_callback9>:
840664c8:	8082                	ret

840664ca <hal_ccni_event_callback10>:
840664ca:	8082                	ret

840664cc <hal_ccni_event_callback11>:
840664cc:	8082                	ret

840664ce <hal_ccni_event_callback12>:
840664ce:	8082                	ret

840664d0 <hal_ccni_event_callback13>:
840664d0:	8082                	ret

840664d2 <hal_ccni_event_callback14>:
840664d2:	8082                	ret

840664d4 <hal_ccni_event_callback17>:
840664d4:	8082                	ret

840664d6 <hal_ccni_event_callback18>:
840664d6:	8082                	ret

840664d8 <hal_ccni_event_callback19>:
840664d8:	8082                	ret

840664da <hal_ccni_event_callback21>:
840664da:	8082                	ret

840664dc <hal_ccni_event_callback22>:
840664dc:	8082                	ret

840664de <hal_ccni_event_callback23>:
840664de:	8082                	ret

840664e0 <hal_ccni_event_callback24>:
840664e0:	8082                	ret

840664e2 <hal_ccni_event_callback25>:
840664e2:	8082                	ret

840664e4 <hal_ccni_event_callback26>:
840664e4:	8082                	ret

840664e6 <hal_ccni_event_callback27>:
840664e6:	8082                	ret

840664e8 <hal_ccni_event_callback28>:
840664e8:	8082                	ret

840664ea <hal_ccni_event_callback29>:
840664ea:	8082                	ret

840664ec <hal_ccni_event_callback30>:
840664ec:	8082                	ret

840664ee <hal_core_status_write>:
840664ee:	1151                	add	sp,sp,-12
840664f0:	c026                	sw	s1,0(sp)
840664f2:	c406                	sw	ra,8(sp)
840664f4:	c222                	sw	s0,4(sp)
840664f6:	4785                	li	a5,1
840664f8:	54fd                	li	s1,-1
840664fa:	02a7eb63          	bltu	a5,a0,84066530 <hal_core_status_write+0x42>
840664fe:	842a                	mv	s0,a0
84066500:	84ae                	mv	s1,a1
84066502:	02f50063          	beq	a0,a5,84066522 <hal_core_status_write+0x34>
84066506:	87ae                	mv	a5,a1
84066508:	4701                	li	a4,0
8406650a:	4689                	li	a3,2
8406650c:	81f9a617          	auipc	a2,0x81f9a
84066510:	55860613          	add	a2,a2,1368 # 6000a64 <msg_id_string.0>
84066514:	4589                	li	a1,2
84066516:	00005517          	auipc	a0,0x5
8406651a:	b5e50513          	add	a0,a0,-1186 # 8406b074 <log_control_block_common>
8406651e:	56f030ef          	jal	8406a28c <print_module_msgid_log>
84066522:	040a                	sll	s0,s0,0x2
84066524:	7ffa8797          	auipc	a5,0x7ffa8
84066528:	16078793          	add	a5,a5,352 # 400e684 <ccm_core_status>
8406652c:	943e                	add	s0,s0,a5
8406652e:	c004                	sw	s1,0(s0)
84066530:	40a2                	lw	ra,8(sp)
84066532:	4412                	lw	s0,4(sp)
84066534:	8526                	mv	a0,s1
84066536:	4482                	lw	s1,0(sp)
84066538:	0131                	add	sp,sp,12
8406653a:	8082                	ret

8406653c <hw_semaphore_take>:
8406653c:	1131                	add	sp,sp,-20
8406653e:	c02a                	sw	a0,0(sp)
84066540:	0048                	add	a0,sp,4
84066542:	c622                	sw	s0,12(sp)
84066544:	c426                	sw	s1,8(sp)
84066546:	c806                	sw	ra,16(sp)
84066548:	5c6030ef          	jal	84069b0e <hal_nvic_save_and_set_interrupt_mask>
8406654c:	4702                	lw	a4,0(sp)
8406654e:	422a04b7          	lui	s1,0x422a0
84066552:	40dc                	lw	a5,4(s1)
84066554:	4405                	li	s0,1
84066556:	00e41433          	sll	s0,s0,a4
8406655a:	8fe1                	and	a5,a5,s0
8406655c:	cb91                	beqz	a5,84066570 <hw_semaphore_take+0x34>
8406655e:	4512                	lw	a0,4(sp)
84066560:	5b6030ef          	jal	84069b16 <hal_nvic_restore_interrupt_mask>
84066564:	557d                	li	a0,-1
84066566:	40c2                	lw	ra,16(sp)
84066568:	4432                	lw	s0,12(sp)
8406656a:	44a2                	lw	s1,8(sp)
8406656c:	0151                	add	sp,sp,20
8406656e:	8082                	ret
84066570:	2084a023          	sw	s0,512(s1) # 422a0200 <__log_strings_end+0x3c29f066>
84066574:	4512                	lw	a0,4(sp)
84066576:	5a0030ef          	jal	84069b16 <hal_nvic_restore_interrupt_mask>
8406657a:	40dc                	lw	a5,4(s1)
8406657c:	00f47533          	and	a0,s0,a5
84066580:	00153513          	seqz	a0,a0
84066584:	40a00533          	neg	a0,a0
84066588:	bff9                	j	84066566 <hw_semaphore_take+0x2a>

8406658a <hal_hw_semaphore_take>:
8406658a:	47fd                	li	a5,31
8406658c:	00a7e363          	bltu	a5,a0,84066592 <hal_hw_semaphore_take+0x8>
84066590:	b775                	j	8406653c <hw_semaphore_take>
84066592:	5575                	li	a0,-3
84066594:	8082                	ret

84066596 <hw_semaphore_take_special>:
84066596:	422a0737          	lui	a4,0x422a0
8406659a:	4354                	lw	a3,4(a4)
8406659c:	4785                	li	a5,1
8406659e:	00a79533          	sll	a0,a5,a0
840665a2:	8ee9                	and	a3,a3,a0
840665a4:	ea91                	bnez	a3,840665b8 <hw_semaphore_take_special+0x22>
840665a6:	20a72023          	sw	a0,512(a4) # 422a0200 <__log_strings_end+0x3c29f066>
840665aa:	435c                	lw	a5,4(a4)
840665ac:	8d7d                	and	a0,a0,a5
840665ae:	00153513          	seqz	a0,a0
840665b2:	40a00533          	neg	a0,a0
840665b6:	8082                	ret
840665b8:	557d                	li	a0,-1
840665ba:	8082                	ret

840665bc <hw_semaphore_give_special>:
840665bc:	422a0737          	lui	a4,0x422a0
840665c0:	4354                	lw	a3,4(a4)
840665c2:	4785                	li	a5,1
840665c4:	00a79533          	sll	a0,a5,a0
840665c8:	8ee9                	and	a3,a3,a0
840665ca:	e299                	bnez	a3,840665d0 <hw_semaphore_give_special+0x14>
840665cc:	5579                	li	a0,-2
840665ce:	8082                	ret
840665d0:	20a72223          	sw	a0,516(a4) # 422a0204 <__log_strings_end+0x3c29f06a>
840665d4:	435c                	lw	a5,4(a4)
840665d6:	8d7d                	and	a0,a0,a5
840665d8:	f975                	bnez	a0,840665cc <hw_semaphore_give_special+0x10>
840665da:	8082                	ret

840665dc <hid_common_set_hid_exp_flag>:
840665dc:	00005717          	auipc	a4,0x5
840665e0:	ba072703          	lw	a4,-1120(a4) # 8406b17c <hid_common>
840665e4:	4785                	li	a5,1
840665e6:	00a797b3          	sll	a5,a5,a0
840665ea:	4728                	lw	a0,72(a4)
840665ec:	8d5d                	or	a0,a0,a5
840665ee:	c728                	sw	a0,72(a4)
840665f0:	8082                	ret

840665f2 <hid_common_clear_hid_exp_flag>:
840665f2:	00005697          	auipc	a3,0x5
840665f6:	b8a6a683          	lw	a3,-1142(a3) # 8406b17c <hid_common>
840665fa:	46b8                	lw	a4,72(a3)
840665fc:	4785                	li	a5,1
840665fe:	00a797b3          	sll	a5,a5,a0
84066602:	fff7c793          	not	a5,a5
84066606:	8ff9                	and	a5,a5,a4
84066608:	c6bc                	sw	a5,72(a3)
8406660a:	8082                	ret

8406660c <hid_common_get_hid_exp_features>:
8406660c:	c519                	beqz	a0,8406661a <hid_common_get_hid_exp_features+0xe>
8406660e:	00005797          	auipc	a5,0x5
84066612:	b6e7a783          	lw	a5,-1170(a5) # 8406b17c <hid_common>
84066616:	47fc                	lw	a5,76(a5)
84066618:	c11c                	sw	a5,0(a0)
8406661a:	8082                	ret

8406661c <hid_common_get_dongle_scenario>:
8406661c:	00005797          	auipc	a5,0x5
84066620:	b607a783          	lw	a5,-1184(a5) # 8406b17c <hid_common>
84066624:	43e8                	lw	a0,68(a5)
84066626:	8082                	ret

84066628 <hid_common_get_combo_key_list>:
84066628:	00005797          	auipc	a5,0x5
8406662c:	b547a783          	lw	a5,-1196(a5) # 8406b17c <hid_common>
84066630:	4798                	lw	a4,8(a5)
84066632:	c118                	sw	a4,0(a0)
84066634:	47d8                	lw	a4,12(a5)
84066636:	c198                	sw	a4,0(a1)
84066638:	4b9c                	lw	a5,16(a5)
8406663a:	c21c                	sw	a5,0(a2)
8406663c:	8082                	ret

8406663e <hid_common_get_backend_key_remap_data>:
8406663e:	00359793          	sll	a5,a1,0x3
84066642:	97ae                	add	a5,a5,a1
84066644:	00005717          	auipc	a4,0x5
84066648:	b3872703          	lw	a4,-1224(a4) # 8406b17c <hid_common>
8406664c:	079a                	sll	a5,a5,0x6
8406664e:	00f705b3          	add	a1,a4,a5
84066652:	0625d683          	lhu	a3,98(a1) # 1000062 <__fp_pattern_ram_total+0xff8662>
84066656:	51f8                	lw	a4,100(a1)
84066658:	67c1                	lui	a5,0x10
8406665a:	17fd                	add	a5,a5,-1 # ffff <__fp_pattern_ram_total+0x85ff>
8406665c:	00d50023          	sb	a3,0(a0)
84066660:	8f7d                	and	a4,a4,a5
84066662:	82a1                	srl	a3,a3,0x8
84066664:	00d500a3          	sb	a3,1(a0)
84066668:	01071693          	sll	a3,a4,0x10
8406666c:	00e50123          	sb	a4,2(a0)
84066670:	0186d713          	srl	a4,a3,0x18
84066674:	00e501a3          	sb	a4,3(a0)
84066678:	0665c703          	lbu	a4,102(a1)
8406667c:	00e50223          	sb	a4,4(a0)
84066680:	0665d703          	lhu	a4,102(a1)
84066684:	8321                	srl	a4,a4,0x8
84066686:	00e502a3          	sb	a4,5(a0)
8406668a:	0685c703          	lbu	a4,104(a1)
8406668e:	00e50323          	sb	a4,6(a0)
84066692:	0695c703          	lbu	a4,105(a1)
84066696:	00e503a3          	sb	a4,7(a0)
8406669a:	06a5d683          	lhu	a3,106(a1)
8406669e:	55f8                	lw	a4,108(a1)
840666a0:	00d50423          	sb	a3,8(a0)
840666a4:	8f7d                	and	a4,a4,a5
840666a6:	82a1                	srl	a3,a3,0x8
840666a8:	00d504a3          	sb	a3,9(a0)
840666ac:	01071693          	sll	a3,a4,0x10
840666b0:	00e50523          	sb	a4,10(a0)
840666b4:	0186d713          	srl	a4,a3,0x18
840666b8:	00e505a3          	sb	a4,11(a0)
840666bc:	1885a703          	lw	a4,392(a1)
840666c0:	1865d683          	lhu	a3,390(a1)
840666c4:	8ff9                	and	a5,a5,a4
840666c6:	01079713          	sll	a4,a5,0x10
840666ca:	00d50623          	sb	a3,12(a0)
840666ce:	00f50723          	sb	a5,14(a0)
840666d2:	82a1                	srl	a3,a3,0x8
840666d4:	01875793          	srl	a5,a4,0x18
840666d8:	00d506a3          	sb	a3,13(a0)
840666dc:	00f507a3          	sb	a5,15(a0)
840666e0:	8082                	ret

840666e2 <hid_common_get_frontend_key_remap_data>:
840666e2:	00359713          	sll	a4,a1,0x3
840666e6:	972e                	add	a4,a4,a1
840666e8:	00005797          	auipc	a5,0x5
840666ec:	a947a783          	lw	a5,-1388(a5) # 8406b17c <hid_common>
840666f0:	071a                	sll	a4,a4,0x6
840666f2:	00e785b3          	add	a1,a5,a4
840666f6:	0625d703          	lhu	a4,98(a1)
840666fa:	51fc                	lw	a5,100(a1)
840666fc:	66c1                	lui	a3,0x10
840666fe:	16fd                	add	a3,a3,-1 # ffff <__fp_pattern_ram_total+0x85ff>
84066700:	8ff5                	and	a5,a5,a3
84066702:	00e50023          	sb	a4,0(a0)
84066706:	8321                	srl	a4,a4,0x8
84066708:	00e500a3          	sb	a4,1(a0)
8406670c:	01079713          	sll	a4,a5,0x10
84066710:	00f50123          	sb	a5,2(a0)
84066714:	01875793          	srl	a5,a4,0x18
84066718:	00f501a3          	sb	a5,3(a0)
8406671c:	0665d703          	lhu	a4,102(a1)
84066720:	55bc                	lw	a5,104(a1)
84066722:	00e50223          	sb	a4,4(a0)
84066726:	8ff5                	and	a5,a5,a3
84066728:	8321                	srl	a4,a4,0x8
8406672a:	00e502a3          	sb	a4,5(a0)
8406672e:	01079713          	sll	a4,a5,0x10
84066732:	00f50323          	sb	a5,6(a0)
84066736:	01875793          	srl	a5,a4,0x18
8406673a:	00f503a3          	sb	a5,7(a0)
8406673e:	8082                	ret

84066740 <hid_express_get_hid_flag>:
84066740:	00005517          	auipc	a0,0x5
84066744:	b5c52503          	lw	a0,-1188(a0) # 8406b29c <hid_flags>
84066748:	8082                	ret

8406674a <hid_express_get_get_tx_result>:
8406674a:	00005517          	auipc	a0,0x5
8406674e:	b4e52503          	lw	a0,-1202(a0) # 8406b298 <last_tx_result>
84066752:	8082                	ret

84066754 <hid_express_get_outgpoig_report_result>:
84066754:	00005517          	auipc	a0,0x5
84066758:	b1452503          	lw	a0,-1260(a0) # 8406b268 <report_send_result>
8406675c:	8082                	ret

8406675e <hid_express_prepare_X_Y>:
8406675e:	1141                	add	sp,sp,-16
84066760:	c606                	sw	ra,12(sp)
84066762:	c422                	sw	s0,8(sp)
84066764:	c226                	sw	s1,4(sp)
84066766:	842a                	mv	s0,a0
84066768:	251010ef          	jal	840681b8 <rv_fake_report_fake_report>
8406676c:	8522                	mv	a0,s0
8406676e:	00005797          	auipc	a5,0x5
84066772:	b007a323          	sw	zero,-1274(a5) # 8406b274 <report_go>
84066776:	657010ef          	jal	840685cc <key_remap_frontend_process_xy>
8406677a:	481c                	lw	a5,16(s0)
8406677c:	cb81                	beqz	a5,8406678c <hid_express_prepare_X_Y+0x2e>
8406677e:	00005717          	auipc	a4,0x5
84066782:	e5a70713          	add	a4,a4,-422 # 8406b5d8 <dbg>
84066786:	431c                	lw	a5,0(a4)
84066788:	0785                	add	a5,a5,1
8406678a:	c31c                	sw	a5,0(a4)
8406678c:	441c                	lw	a5,8(s0)
8406678e:	e399                	bnez	a5,84066794 <hid_express_prepare_X_Y+0x36>
84066790:	445c                	lw	a5,12(s0)
84066792:	c7d1                	beqz	a5,8406681e <hid_express_prepare_X_Y+0xc0>
84066794:	00005717          	auipc	a4,0x5
84066798:	e4470713          	add	a4,a4,-444 # 8406b5d8 <dbg>
8406679c:	435c                	lw	a5,4(a4)
8406679e:	0785                	add	a5,a5,1
840667a0:	c35c                	sw	a5,4(a4)
840667a2:	4505                	li	a0,1
840667a4:	00005497          	auipc	s1,0x5
840667a8:	ad048493          	add	s1,s1,-1328 # 8406b274 <report_go>
840667ac:	c088                	sw	a0,0(s1)
840667ae:	858a                	mv	a1,sp
840667b0:	4549                	li	a0,18
840667b2:	2a1020ef          	jal	84069252 <hal_gpio_get_input>
840667b6:	4782                	lw	a5,0(sp)
840667b8:	eb81                	bnez	a5,840667c8 <hid_express_prepare_X_Y+0x6a>
840667ba:	00005717          	auipc	a4,0x5
840667be:	e1e70713          	add	a4,a4,-482 # 8406b5d8 <dbg>
840667c2:	4f1c                	lw	a5,24(a4)
840667c4:	0785                	add	a5,a5,1
840667c6:	cf1c                	sw	a5,24(a4)
840667c8:	409c                	lw	a5,0(s1)
840667ca:	eb99                	bnez	a5,840667e0 <hid_express_prepare_X_Y+0x82>
840667cc:	00005797          	auipc	a5,0x5
840667d0:	acc7a783          	lw	a5,-1332(a5) # 8406b298 <last_tx_result>
840667d4:	ef9d                	bnez	a5,84066812 <hid_express_prepare_X_Y+0xb4>
840667d6:	00005797          	auipc	a5,0x5
840667da:	a9a7a783          	lw	a5,-1382(a5) # 8406b270 <report_go_previous>
840667de:	cb95                	beqz	a5,84066812 <hid_express_prepare_X_Y+0xb4>
840667e0:	00005797          	auipc	a5,0x5
840667e4:	abc7a783          	lw	a5,-1348(a5) # 8406b29c <hid_flags>
840667e8:	0907f693          	and	a3,a5,144
840667ec:	09000713          	li	a4,144
840667f0:	04e69563          	bne	a3,a4,8406683a <hid_express_prepare_X_Y+0xdc>
840667f4:	00005697          	auipc	a3,0x5
840667f8:	a906a683          	lw	a3,-1392(a3) # 8406b284 <dongle_scenario>
840667fc:	00005617          	auipc	a2,0x5
84066800:	a8c62603          	lw	a2,-1396(a2) # 8406b288 <this_tx_idx>
84066804:	00005597          	auipc	a1,0x5
84066808:	a945a583          	lw	a1,-1388(a1) # 8406b298 <last_tx_result>
8406680c:	8522                	mv	a0,s0
8406680e:	08a010ef          	jal	84067898 <hid_express_2_4G_x_y_data_prepare>
84066812:	40b2                	lw	ra,12(sp)
84066814:	4422                	lw	s0,8(sp)
84066816:	4492                	lw	s1,4(sp)
84066818:	4501                	li	a0,0
8406681a:	0141                	add	sp,sp,16
8406681c:	8082                	ret
8406681e:	00005797          	auipc	a5,0x5
84066822:	a7a7a783          	lw	a5,-1414(a5) # 8406b298 <last_tx_result>
84066826:	c791                	beqz	a5,84066832 <hid_express_prepare_X_Y+0xd4>
84066828:	00005797          	auipc	a5,0x5
8406682c:	a487a783          	lw	a5,-1464(a5) # 8406b270 <report_go_previous>
84066830:	fbad                	bnez	a5,840667a2 <hid_express_prepare_X_Y+0x44>
84066832:	5ae010ef          	jal	84067de0 <hid_express_x_y_buf_has_data>
84066836:	f535                	bnez	a0,840667a2 <hid_express_prepare_X_Y+0x44>
84066838:	b7b5                	j	840667a4 <hid_express_prepare_X_Y+0x46>
8406683a:	05c7f713          	and	a4,a5,92
8406683e:	05c00693          	li	a3,92
84066842:	00d71f63          	bne	a4,a3,84066860 <hid_express_prepare_X_Y+0x102>
84066846:	4685                	li	a3,1
84066848:	00005617          	auipc	a2,0x5
8406684c:	a4062603          	lw	a2,-1472(a2) # 8406b288 <this_tx_idx>
84066850:	00005597          	auipc	a1,0x5
84066854:	a485a583          	lw	a1,-1464(a1) # 8406b298 <last_tx_result>
84066858:	8522                	mv	a0,s0
8406685a:	181000ef          	jal	840671da <hid_express_bt_x_y_data_prepare>
8406685e:	bf55                	j	84066812 <hid_express_prepare_X_Y+0xb4>
84066860:	0207f793          	and	a5,a5,32
84066864:	d7dd                	beqz	a5,84066812 <hid_express_prepare_X_Y+0xb4>
84066866:	00005617          	auipc	a2,0x5
8406686a:	a2262603          	lw	a2,-1502(a2) # 8406b288 <this_tx_idx>
8406686e:	00005597          	auipc	a1,0x5
84066872:	a2a5a583          	lw	a1,-1494(a1) # 8406b298 <last_tx_result>
84066876:	8522                	mv	a0,s0
84066878:	408010ef          	jal	84067c80 <hid_express_usb_x_y_data_prepare>
8406687c:	bf59                	j	84066812 <hid_express_prepare_X_Y+0xb4>

8406687e <hid_express_send>:
8406687e:	1141                	add	sp,sp,-16
84066880:	c422                	sw	s0,8(sp)
84066882:	c02e                	sw	a1,0(sp)
84066884:	842a                	mv	s0,a0
84066886:	490c                	lw	a1,16(a0)
84066888:	4148                	lw	a0,4(a0)
8406688a:	47a1                	li	a5,8
8406688c:	c606                	sw	ra,12(sp)
8406688e:	c226                	sw	s1,4(sp)
84066890:	00005497          	auipc	s1,0x5
84066894:	8f048493          	add	s1,s1,-1808 # 8406b180 <key_queue_push_result>
84066898:	c09c                	sw	a5,0(s1)
8406689a:	742020ef          	jal	84068fdc <key_remap_update_key_status>
8406689e:	8522                	mv	a0,s0
840668a0:	531010ef          	jal	840685d0 <key_remap_frontend_process>
840668a4:	00005797          	auipc	a5,0x5
840668a8:	9dc78793          	add	a5,a5,-1572 # 8406b280 <previous_key_status>
840668ac:	4058                	lw	a4,4(s0)
840668ae:	4394                	lw	a3,0(a5)
840668b0:	4602                	lw	a2,0(sp)
840668b2:	00d70a63          	beq	a4,a3,840668c6 <hid_express_send+0x48>
840668b6:	c398                	sw	a4,0(a5)
840668b8:	00005717          	auipc	a4,0x5
840668bc:	d2070713          	add	a4,a4,-736 # 8406b5d8 <dbg>
840668c0:	4f5c                	lw	a5,28(a4)
840668c2:	0785                	add	a5,a5,1
840668c4:	cf5c                	sw	a5,28(a4)
840668c6:	85a2                	mv	a1,s0
840668c8:	00005517          	auipc	a0,0x5
840668cc:	bf850513          	add	a0,a0,-1032 # 8406b4c0 <kCtrl_k>
840668d0:	c032                	sw	a2,0(sp)
840668d2:	60c010ef          	jal	84067ede <riscv_key_push>
840668d6:	4602                	lw	a2,0(sp)
840668d8:	c088                	sw	a0,0(s1)
840668da:	85a2                	mv	a1,s0
840668dc:	00005517          	auipc	a0,0x5
840668e0:	be450513          	add	a0,a0,-1052 # 8406b4c0 <kCtrl_k>
840668e4:	6a2010ef          	jal	84067f86 <riscv_key_pop_temperory>
840668e8:	c509                	beqz	a0,840668f2 <hid_express_send+0x74>
840668ea:	481c                	lw	a5,16(s0)
840668ec:	e399                	bnez	a5,840668f2 <hid_express_send+0x74>
840668ee:	485c                	lw	a5,20(s0)
840668f0:	cb99                	beqz	a5,84066906 <hid_express_send+0x88>
840668f2:	4785                	li	a5,1
840668f4:	00005717          	auipc	a4,0x5
840668f8:	98070713          	add	a4,a4,-1664 # 8406b274 <report_go>
840668fc:	c31c                	sw	a5,0(a4)
840668fe:	00005797          	auipc	a5,0x5
84066902:	9607a723          	sw	zero,-1682(a5) # 8406b26c <report_repeat_cnt>
84066906:	00005797          	auipc	a5,0x5
8406690a:	96e78793          	add	a5,a5,-1682 # 8406b274 <report_go>
8406690e:	4394                	lw	a3,0(a5)
84066910:	00005797          	auipc	a5,0x5
84066914:	98c78793          	add	a5,a5,-1652 # 8406b29c <hid_flags>
84066918:	439c                	lw	a5,0(a5)
8406691a:	00005497          	auipc	s1,0x5
8406691e:	93e4a483          	lw	s1,-1730(s1) # 8406b258 <pka_active_state_always>
84066922:	8cd5                	or	s1,s1,a3
84066924:	0907f713          	and	a4,a5,144
84066928:	c4c9                	beqz	s1,840669b2 <hid_express_send+0x134>
8406692a:	09000613          	li	a2,144
8406692e:	02c71e63          	bne	a4,a2,8406696a <hid_express_send+0xec>
84066932:	00005697          	auipc	a3,0x5
84066936:	9526a683          	lw	a3,-1710(a3) # 8406b284 <dongle_scenario>
8406693a:	00005617          	auipc	a2,0x5
8406693e:	94e62603          	lw	a2,-1714(a2) # 8406b288 <this_tx_idx>
84066942:	00005597          	auipc	a1,0x5
84066946:	9565a583          	lw	a1,-1706(a1) # 8406b298 <last_tx_result>
8406694a:	8522                	mv	a0,s0
8406694c:	0bc010ef          	jal	84067a08 <hid_express_gaming_data_send>
84066950:	00005797          	auipc	a5,0x5
84066954:	92478793          	add	a5,a5,-1756 # 8406b274 <report_go>
84066958:	4384                	lw	s1,0(a5)
8406695a:	0014b493          	seqz	s1,s1
8406695e:	40b2                	lw	ra,12(sp)
84066960:	4422                	lw	s0,8(sp)
84066962:	8526                	mv	a0,s1
84066964:	4492                	lw	s1,4(sp)
84066966:	0141                	add	sp,sp,16
84066968:	8082                	ret
8406696a:	05c7f713          	and	a4,a5,92
8406696e:	05c00613          	li	a2,92
84066972:	00c71f63          	bne	a4,a2,84066990 <hid_express_send+0x112>
84066976:	4685                	li	a3,1
84066978:	00005617          	auipc	a2,0x5
8406697c:	91062603          	lw	a2,-1776(a2) # 8406b288 <this_tx_idx>
84066980:	00005597          	auipc	a1,0x5
84066984:	9185a583          	lw	a1,-1768(a1) # 8406b298 <last_tx_result>
84066988:	8522                	mv	a0,s0
8406698a:	055000ef          	jal	840671de <hid_express_bt_data_send>
8406698e:	b7c9                	j	84066950 <hid_express_send+0xd2>
84066990:	0207f793          	and	a5,a5,32
84066994:	dfd5                	beqz	a5,84066950 <hid_express_send+0xd2>
84066996:	00d036b3          	snez	a3,a3
8406699a:	00005617          	auipc	a2,0x5
8406699e:	8ee62603          	lw	a2,-1810(a2) # 8406b288 <this_tx_idx>
840669a2:	00005597          	auipc	a1,0x5
840669a6:	8f65a583          	lw	a1,-1802(a1) # 8406b298 <last_tx_result>
840669aa:	8522                	mv	a0,s0
840669ac:	370010ef          	jal	84067d1c <hid_express_usb_data_send>
840669b0:	b745                	j	84066950 <hid_express_send+0xd2>
840669b2:	09000693          	li	a3,144
840669b6:	02d71563          	bne	a4,a3,840669e0 <hid_express_send+0x162>
840669ba:	00005517          	auipc	a0,0x5
840669be:	90252503          	lw	a0,-1790(a0) # 8406b2bc <reliable_tx_ptr>
840669c2:	d76ff0ef          	jal	84065f38 <pka_share_push_hid_tx_ptr>
840669c6:	00005797          	auipc	a5,0x5
840669ca:	8d678793          	add	a5,a5,-1834 # 8406b29c <hid_flags>
840669ce:	439c                	lw	a5,0(a5)
840669d0:	05c00713          	li	a4,92
840669d4:	05c7f793          	and	a5,a5,92
840669d8:	00e78a63          	beq	a5,a4,840669ec <hid_express_send+0x16e>
840669dc:	4485                	li	s1,1
840669de:	b741                	j	8406695e <hid_express_send+0xe0>
840669e0:	0207f793          	and	a5,a5,32
840669e4:	d3ed                	beqz	a5,840669c6 <hid_express_send+0x148>
840669e6:	328010ef          	jal	84067d0e <hid_express_usb_data_set_report_ready>
840669ea:	bff1                	j	840669c6 <hid_express_send+0x148>
840669ec:	29bd                	jal	84066e6a <is_bt_queue_empty>
840669ee:	f57d                	bnez	a0,840669dc <hid_express_send+0x15e>
840669f0:	4681                	li	a3,0
840669f2:	00005617          	auipc	a2,0x5
840669f6:	89662603          	lw	a2,-1898(a2) # 8406b288 <this_tx_idx>
840669fa:	00005597          	auipc	a1,0x5
840669fe:	89e5a583          	lw	a1,-1890(a1) # 8406b298 <last_tx_result>
84066a02:	8522                	mv	a0,s0
84066a04:	7da000ef          	jal	840671de <hid_express_bt_data_send>
84066a08:	bf99                	j	8406695e <hid_express_send+0xe0>

84066a0a <hid_express_entrance>:
84066a0a:	00005697          	auipc	a3,0x5
84066a0e:	85668693          	add	a3,a3,-1962 # 8406b260 <timestamp_spi_cb_start>
84066a12:	429c                	lw	a5,0(a3)
84066a14:	1121                	add	sp,sp,-24
84066a16:	c626                	sw	s1,12(sp)
84066a18:	00005717          	auipc	a4,0x5
84066a1c:	84f72223          	sw	a5,-1980(a4) # 8406b25c <timestamp_spi_cb_start_previous>
84066a20:	421507b7          	lui	a5,0x42150
84066a24:	20078793          	add	a5,a5,512 # 42150200 <__log_strings_end+0x3c14f066>
84066a28:	4f9c                	lw	a5,24(a5)
84066a2a:	ca06                	sw	ra,20(sp)
84066a2c:	c822                	sw	s0,16(sp)
84066a2e:	00004717          	auipc	a4,0x4
84066a32:	74e72703          	lw	a4,1870(a4) # 8406b17c <hid_common>
84066a36:	c29c                	sw	a5,0(a3)
84066a38:	473c                	lw	a5,72(a4)
84066a3a:	03974703          	lbu	a4,57(a4)
84066a3e:	00005497          	auipc	s1,0x5
84066a42:	85e48493          	add	s1,s1,-1954 # 8406b29c <hid_flags>
84066a46:	c09c                	sw	a5,0(s1)
84066a48:	00004697          	auipc	a3,0x4
84066a4c:	72e6ae23          	sw	a4,1852(a3) # 8406b184 <rr_idx_2_4g>
84066a50:	c402                	sw	zero,8(sp)
84066a52:	00005717          	auipc	a4,0x5
84066a56:	80072323          	sw	zero,-2042(a4) # 8406b258 <pka_active_state_always>
84066a5a:	0207f793          	and	a5,a5,32
84066a5e:	c399                	beqz	a5,84066a64 <hid_express_entrance+0x5a>
84066a60:	25a010ef          	jal	84067cba <hid_express_usb_delay_for_latency>
84066a64:	00005797          	auipc	a5,0x5
84066a68:	81478793          	add	a5,a5,-2028 # 8406b278 <peripheral_sampling_cb_ptr>
84066a6c:	439c                	lw	a5,0(a5)
84066a6e:	c781                	beqz	a5,84066a76 <hid_express_entrance+0x6c>
84066a70:	4581                	li	a1,0
84066a72:	4501                	li	a0,0
84066a74:	9782                	jalr	a5
84066a76:	409c                	lw	a5,0(s1)
84066a78:	0207f793          	and	a5,a5,32
84066a7c:	e789                	bnez	a5,84066a86 <hid_express_entrance+0x7c>
84066a7e:	002c                	add	a1,sp,8
84066a80:	0048                	add	a0,sp,4
84066a82:	924ff0ef          	jal	84065ba6 <pka_spi_callback_pre_process>
84066a86:	47a2                	lw	a5,8(sp)
84066a88:	408c                	lw	a1,0(s1)
84066a8a:	00005417          	auipc	s0,0x5
84066a8e:	80e40413          	add	s0,s0,-2034 # 8406b298 <last_tx_result>
84066a92:	00004717          	auipc	a4,0x4
84066a96:	7ef72b23          	sw	a5,2038(a4) # 8406b288 <this_tx_idx>
84066a9a:	00004797          	auipc	a5,0x4
84066a9e:	7e07af23          	sw	zero,2046(a5) # 8406b298 <last_tx_result>
84066aa2:	0205f793          	and	a5,a1,32
84066aa6:	14078763          	beqz	a5,84066bf4 <hid_express_entrance+0x1ea>
84066aaa:	81a1                	srl	a1,a1,0x8
84066aac:	8985                	and	a1,a1,1
84066aae:	c00c                	sw	a1,0(s0)
84066ab0:	4601                	li	a2,0
84066ab2:	00005517          	auipc	a0,0x5
84066ab6:	a0e50513          	add	a0,a0,-1522 # 8406b4c0 <kCtrl_k>
84066aba:	656010ef          	jal	84068110 <rv_hid_exp_key_queue_pre_process>
84066abe:	401c                	lw	a5,0(s0)
84066ac0:	cb81                	beqz	a5,84066ad0 <hid_express_entrance+0xc6>
84066ac2:	00005717          	auipc	a4,0x5
84066ac6:	b1670713          	add	a4,a4,-1258 # 8406b5d8 <dbg>
84066aca:	4b5c                	lw	a5,20(a4)
84066acc:	0785                	add	a5,a5,1
84066ace:	cb5c                	sw	a5,20(a4)
84066ad0:	00004797          	auipc	a5,0x4
84066ad4:	7a878793          	add	a5,a5,1960 # 8406b278 <peripheral_sampling_cb_ptr>
84066ad8:	4398                	lw	a4,0(a5)
84066ada:	c705                	beqz	a4,84066b02 <hid_express_entrance+0xf8>
84066adc:	00005697          	auipc	a3,0x5
84066ae0:	afc68693          	add	a3,a3,-1284 # 8406b5d8 <dbg>
84066ae4:	46dc                	lw	a5,12(a3)
84066ae6:	4505                	li	a0,1
84066ae8:	00005597          	auipc	a1,0x5
84066aec:	9b058593          	add	a1,a1,-1616 # 8406b498 <outgoing_data>
84066af0:	0785                	add	a5,a5,1
84066af2:	c6dc                	sw	a5,12(a3)
84066af4:	9702                	jalr	a4
84066af6:	00005517          	auipc	a0,0x5
84066afa:	9a250513          	add	a0,a0,-1630 # 8406b498 <outgoing_data>
84066afe:	c61ff0ef          	jal	8406675e <hid_express_prepare_X_Y>
84066b02:	409c                	lw	a5,0(s1)
84066b04:	0207f793          	and	a5,a5,32
84066b08:	c399                	beqz	a5,84066b0e <hid_express_entrance+0x104>
84066b0a:	1e6010ef          	jal	84067cf0 <hid_express_usb_wakeup_cm33_handler>
84066b0e:	00004797          	auipc	a5,0x4
84066b12:	76a78793          	add	a5,a5,1898 # 8406b278 <peripheral_sampling_cb_ptr>
84066b16:	439c                	lw	a5,0(a5)
84066b18:	c795                	beqz	a5,84066b44 <hid_express_entrance+0x13a>
84066b1a:	00005597          	auipc	a1,0x5
84066b1e:	97e58593          	add	a1,a1,-1666 # 8406b498 <outgoing_data>
84066b22:	4509                	li	a0,2
84066b24:	9782                	jalr	a5
84066b26:	00004797          	auipc	a5,0x4
84066b2a:	73a78793          	add	a5,a5,1850 # 8406b260 <timestamp_spi_cb_start>
84066b2e:	438c                	lw	a1,0(a5)
84066b30:	00005517          	auipc	a0,0x5
84066b34:	96850513          	add	a0,a0,-1688 # 8406b498 <outgoing_data>
84066b38:	d47ff0ef          	jal	8406687e <hid_express_send>
84066b3c:	00004797          	auipc	a5,0x4
84066b40:	72a7a623          	sw	a0,1836(a5) # 8406b268 <report_send_result>
84066b44:	409c                	lw	a5,0(s1)
84066b46:	c002                	sw	zero,0(sp)
84066b48:	0207f793          	and	a5,a5,32
84066b4c:	e781                	bnez	a5,84066b54 <hid_express_entrance+0x14a>
84066b4e:	88cff0ef          	jal	84065bda <pka_spi_callback_post_process>
84066b52:	c02a                	sw	a0,0(sp)
84066b54:	222020ef          	jal	84068d76 <key_remap_backend_process>
84066b58:	00004797          	auipc	a5,0x4
84066b5c:	72078793          	add	a5,a5,1824 # 8406b278 <peripheral_sampling_cb_ptr>
84066b60:	439c                	lw	a5,0(a5)
84066b62:	c385                	beqz	a5,84066b82 <hid_express_entrance+0x178>
84066b64:	00005597          	auipc	a1,0x5
84066b68:	93458593          	add	a1,a1,-1740 # 8406b498 <outgoing_data>
84066b6c:	450d                	li	a0,3
84066b6e:	9782                	jalr	a5
84066b70:	02800613          	li	a2,40
84066b74:	4581                	li	a1,0
84066b76:	00005517          	auipc	a0,0x5
84066b7a:	92250513          	add	a0,a0,-1758 # 8406b498 <outgoing_data>
84066b7e:	fe8fd0ef          	jal	84064366 <memset>
84066b82:	72e010ef          	jal	840682b0 <hid_express_dbg_check>
84066b86:	00004717          	auipc	a4,0x4
84066b8a:	6ee70713          	add	a4,a4,1774 # 8406b274 <report_go>
84066b8e:	431c                	lw	a5,0(a4)
84066b90:	cb99                	beqz	a5,84066ba6 <hid_express_entrance+0x19c>
84066b92:	409c                	lw	a5,0(s1)
84066b94:	09000693          	li	a3,144
84066b98:	0907f793          	and	a5,a5,144
84066b9c:	00d79563          	bne	a5,a3,84066ba6 <hid_express_entrance+0x19c>
84066ba0:	4008                	lw	a0,0(s0)
84066ba2:	70f000ef          	jal	84067ab0 <hid_express_2_4g_post_process>
84066ba6:	00004797          	auipc	a5,0x4
84066baa:	6ba78793          	add	a5,a5,1722 # 8406b260 <timestamp_spi_cb_start>
84066bae:	438c                	lw	a1,0(a5)
84066bb0:	4782                	lw	a5,0(sp)
84066bb2:	00005517          	auipc	a0,0x5
84066bb6:	90e50513          	add	a0,a0,-1778 # 8406b4c0 <kCtrl_k>
84066bba:	40b785b3          	sub	a1,a5,a1
84066bbe:	518010ef          	jal	840680d6 <rv_hid_exp_key_queue_post_process>
84066bc2:	64a010ef          	jal	8406820c <rv_fake_report_post_process>
84066bc6:	00004717          	auipc	a4,0x4
84066bca:	6ae70713          	add	a4,a4,1710 # 8406b274 <report_go>
84066bce:	431c                	lw	a5,0(a4)
84066bd0:	00004717          	auipc	a4,0x4
84066bd4:	6af72023          	sw	a5,1696(a4) # 8406b270 <report_go_previous>
84066bd8:	401c                	lw	a5,0(s0)
84066bda:	00004717          	auipc	a4,0x4
84066bde:	6af72d23          	sw	a5,1722(a4) # 8406b294 <previous_tx_result>
84066be2:	00004797          	auipc	a5,0x4
84066be6:	6ae7a783          	lw	a5,1710(a5) # 8406b290 <tx_buff_num>
84066bea:	00004717          	auipc	a4,0x4
84066bee:	6af72123          	sw	a5,1698(a4) # 8406b28c <last_tx_buff_num>
84066bf2:	a88d                	j	84066c64 <hid_express_entrance+0x25a>
84066bf4:	05c5f793          	and	a5,a1,92
84066bf8:	05c00713          	li	a4,92
84066bfc:	00e79763          	bne	a5,a4,84066c0a <hid_express_entrance+0x200>
84066c00:	23c1                	jal	840671c0 <hid_express_bt_get_tx_result>
84066c02:	85aa                	mv	a1,a0
84066c04:	c008                	sw	a0,0(s0)
84066c06:	4609                	li	a2,2
84066c08:	b56d                	j	84066ab2 <hid_express_entrance+0xa8>
84066c0a:	0905f593          	and	a1,a1,144
84066c0e:	09000793          	li	a5,144
84066c12:	02f59c63          	bne	a1,a5,84066c4a <hid_express_entrance+0x240>
84066c16:	4605                	li	a2,1
84066c18:	00004597          	auipc	a1,0x4
84066c1c:	67c5a583          	lw	a1,1660(a1) # 8406b294 <previous_tx_result>
84066c20:	00005517          	auipc	a0,0x5
84066c24:	8a050513          	add	a0,a0,-1888 # 8406b4c0 <kCtrl_k>
84066c28:	4e8010ef          	jal	84068110 <rv_hid_exp_key_queue_pre_process>
84066c2c:	780000ef          	jal	840673ac <hid_express_gaming_get_tx_status>
84066c30:	c008                	sw	a0,0(s0)
84066c32:	4505                	li	a0,1
84066c34:	8daff0ef          	jal	84065d0e <pka_active_state_match>
84066c38:	00154513          	xor	a0,a0,1
84066c3c:	0ff57513          	zext.b	a0,a0
84066c40:	00004797          	auipc	a5,0x4
84066c44:	60a7ac23          	sw	a0,1560(a5) # 8406b258 <pka_active_state_always>
84066c48:	bd9d                	j	84066abe <hid_express_entrance+0xb4>
84066c4a:	f91fe0ef          	jal	84065bda <pka_spi_callback_post_process>
84066c4e:	00004797          	auipc	a5,0x4
84066c52:	62a78793          	add	a5,a5,1578 # 8406b278 <peripheral_sampling_cb_ptr>
84066c56:	439c                	lw	a5,0(a5)
84066c58:	c781                	beqz	a5,84066c60 <hid_express_entrance+0x256>
84066c5a:	4581                	li	a1,0
84066c5c:	4511                	li	a0,4
84066c5e:	9782                	jalr	a5
84066c60:	650010ef          	jal	840682b0 <hid_express_dbg_check>
84066c64:	40d2                	lw	ra,20(sp)
84066c66:	4442                	lw	s0,16(sp)
84066c68:	00004797          	auipc	a5,0x4
84066c6c:	5e078623          	sb	zero,1516(a5) # 8406b254 <g_riscv_ccni_irq_occur>
84066c70:	44b2                	lw	s1,12(sp)
84066c72:	0161                	add	sp,sp,24
84066c74:	8082                	ret

84066c76 <hid_express_init_gpio_timestamp_latch>:
84066c76:	1151                	add	sp,sp,-12
84066c78:	c406                	sw	ra,8(sp)
84066c7a:	572020ef          	jal	840691ec <hal_eint_counter_enable>
84066c7e:	4581                	li	a1,0
84066c80:	4515                	li	a0,5
84066c82:	57c020ef          	jal	840691fe <hal_eint_set_counter_number>
84066c86:	4585                	li	a1,1
84066c88:	4519                	li	a0,6
84066c8a:	574020ef          	jal	840691fe <hal_eint_set_counter_number>
84066c8e:	4589                	li	a1,2
84066c90:	4545                	li	a0,17
84066c92:	56c020ef          	jal	840691fe <hal_eint_set_counter_number>
84066c96:	458d                	li	a1,3
84066c98:	455d                	li	a0,23
84066c9a:	564020ef          	jal	840691fe <hal_eint_set_counter_number>
84066c9e:	40a2                	lw	ra,8(sp)
84066ca0:	4591                	li	a1,4
84066ca2:	4561                	li	a0,24
84066ca4:	0131                	add	sp,sp,12
84066ca6:	5580206f          	j	840691fe <hal_eint_set_counter_number>

84066caa <hid_express_init>:
84066caa:	cd39                	beqz	a0,84066d08 <hid_express_init+0x5e>
84066cac:	1151                	add	sp,sp,-12
84066cae:	c406                	sw	ra,8(sp)
84066cb0:	00004797          	auipc	a5,0x4
84066cb4:	5ca7a423          	sw	a0,1480(a5) # 8406b278 <peripheral_sampling_cb_ptr>
84066cb8:	f6bfe0ef          	jal	84065c22 <riscv_pka_init>
84066cbc:	4601                	li	a2,0
84066cbe:	00000597          	auipc	a1,0x0
84066cc2:	d4c58593          	add	a1,a1,-692 # 84066a0a <hid_express_entrance>
84066cc6:	4501                	li	a0,0
84066cc8:	7ef020ef          	jal	84069cb6 <hal_spi_master_register_callback>
84066ccc:	376d                	jal	84066c76 <hid_express_init_gpio_timestamp_latch>
84066cce:	0cc010ef          	jal	84067d9a <hid_express_usb_mode_init>
84066cd2:	5cd000ef          	jal	84067a9e <hid_express_gaming_init>
84066cd6:	25a1                	jal	8406731e <hid_express_bt_init>
84066cd8:	00004517          	auipc	a0,0x4
84066cdc:	7e850513          	add	a0,a0,2024 # 8406b4c0 <kCtrl_k>
84066ce0:	4581                	li	a1,0
84066ce2:	1d8010ef          	jal	84067eba <init_key_ctrl>
84066ce6:	171010ef          	jal	84068656 <key_remap_frontend_init>
84066cea:	3a0020ef          	jal	8406908a <key_remap_backend_init>
84066cee:	40a2                	lw	ra,8(sp)
84066cf0:	00004797          	auipc	a5,0x4
84066cf4:	5807aa23          	sw	zero,1428(a5) # 8406b284 <dongle_scenario>
84066cf8:	4799                	li	a5,6
84066cfa:	00004717          	auipc	a4,0x4
84066cfe:	56f70523          	sb	a5,1386(a4) # 8406b264 <hid_ctrl>
84066d02:	4501                	li	a0,0
84066d04:	0131                	add	sp,sp,12
84066d06:	8082                	ret
84066d08:	4505                	li	a0,1
84066d0a:	8082                	ret

84066d0c <hid_express_dongle_scenario_update>:
84066d0c:	00004797          	auipc	a5,0x4
84066d10:	56a7ac23          	sw	a0,1400(a5) # 8406b284 <dongle_scenario>
84066d14:	8082                	ret

84066d16 <hid_express_set_features>:
84066d16:	00004797          	auipc	a5,0x4
84066d1a:	56a7a323          	sw	a0,1382(a5) # 8406b27c <hid_exp_feature_option>
84066d1e:	8082                	ret

84066d20 <hid_express_debug_print>:
84066d20:	00004797          	auipc	a5,0x4
84066d24:	5447c783          	lbu	a5,1348(a5) # 8406b264 <hid_ctrl>
84066d28:	07c1                	add	a5,a5,16
84066d2a:	00004717          	auipc	a4,0x4
84066d2e:	45272703          	lw	a4,1106(a4) # 8406b17c <hid_common>
84066d32:	0786                	sll	a5,a5,0x1
84066d34:	97ba                	add	a5,a5,a4
84066d36:	0007d583          	lhu	a1,0(a5)
84066d3a:	1151                	add	sp,sp,-12
84066d3c:	00004517          	auipc	a0,0x4
84066d40:	78450513          	add	a0,a0,1924 # 8406b4c0 <kCtrl_k>
84066d44:	c406                	sw	ra,8(sp)
84066d46:	31c010ef          	jal	84068062 <riscv_hid_express_key_queue_debug_print>
84066d4a:	40a2                	lw	ra,8(sp)
84066d4c:	0131                	add	sp,sp,12
84066d4e:	6500106f          	j	8406839e <rv_hid_exp_delay_printf>

84066d52 <hid_express_set_report_rate_idx>:
84066d52:	0ff57793          	zext.b	a5,a0
84066d56:	00004717          	auipc	a4,0x4
84066d5a:	50f70723          	sb	a5,1294(a4) # 8406b264 <hid_ctrl>
84066d5e:	00004717          	auipc	a4,0x4
84066d62:	50f703a3          	sb	a5,1287(a4) # 8406b265 <report_rate_pka>
84066d66:	873e                	mv	a4,a5
84066d68:	4685                	li	a3,1
84066d6a:	81f9a617          	auipc	a2,0x81f9a
84066d6e:	d3660613          	add	a2,a2,-714 # 6000aa0 <msg_id_string.0>
84066d72:	4585                	li	a1,1
84066d74:	00004517          	auipc	a0,0x4
84066d78:	3c450513          	add	a0,a0,964 # 8406b138 <log_control_block_rv_exp>
84066d7c:	5100306f          	j	8406a28c <print_module_msgid_log>

84066d80 <hid_express_clear_key_pushed>:
84066d80:	00004517          	auipc	a0,0x4
84066d84:	74050513          	add	a0,a0,1856 # 8406b4c0 <kCtrl_k>
84066d88:	1460106f          	j	84067ece <riscv_key_clear_key_pushed>

84066d8c <hid_express__push_to_key_queue>:
84066d8c:	421507b7          	lui	a5,0x42150
84066d90:	20078793          	add	a5,a5,512 # 42150200 <__log_strings_end+0x3c14f066>
84066d94:	4f9c                	lw	a5,24(a5)
84066d96:	fc810113          	add	sp,sp,-56
84066d9a:	d822                	sw	s0,48(sp)
84066d9c:	d626                	sw	s1,44(sp)
84066d9e:	842e                	mv	s0,a1
84066da0:	84aa                	mv	s1,a0
84066da2:	02800613          	li	a2,40
84066da6:	4581                	li	a1,0
84066da8:	0048                	add	a0,sp,4
84066daa:	da06                	sw	ra,52(sp)
84066dac:	c03e                	sw	a5,0(sp)
84066dae:	db8fd0ef          	jal	84064366 <memset>
84066db2:	00004517          	auipc	a0,0x4
84066db6:	70e50513          	add	a0,a0,1806 # 8406b4c0 <kCtrl_k>
84066dba:	0ca010ef          	jal	84067e84 <is_queue_num_2>
84066dbe:	c519                	beqz	a0,84066dcc <hid_express__push_to_key_queue+0x40>
84066dc0:	00004517          	auipc	a0,0x4
84066dc4:	70050513          	add	a0,a0,1792 # 8406b4c0 <kCtrl_k>
84066dc8:	270010ef          	jal	84068038 <riscv_key_pop_confirm>
84066dcc:	c89d                	beqz	s1,84066e02 <hid_express__push_to_key_queue+0x76>
84066dce:	4785                	li	a5,1
84066dd0:	02f48b63          	beq	s1,a5,84066e06 <hid_express__push_to_key_queue+0x7a>
84066dd4:	45d2                	lw	a1,20(sp)
84066dd6:	4522                	lw	a0,8(sp)
84066dd8:	204020ef          	jal	84068fdc <key_remap_update_key_status>
84066ddc:	79b010ef          	jal	84068d76 <key_remap_backend_process>
84066de0:	0048                	add	a0,sp,4
84066de2:	7ee010ef          	jal	840685d0 <key_remap_frontend_process>
84066de6:	4602                	lw	a2,0(sp)
84066de8:	004c                	add	a1,sp,4
84066dea:	00004517          	auipc	a0,0x4
84066dee:	6d650513          	add	a0,a0,1750 # 8406b4c0 <kCtrl_k>
84066df2:	0ec010ef          	jal	84067ede <riscv_key_push>
84066df6:	50d2                	lw	ra,52(sp)
84066df8:	5442                	lw	s0,48(sp)
84066dfa:	54b2                	lw	s1,44(sp)
84066dfc:	03810113          	add	sp,sp,56
84066e00:	8082                	ret
84066e02:	c422                	sw	s0,8(sp)
84066e04:	bfc1                	j	84066dd4 <hid_express__push_to_key_queue+0x48>
84066e06:	ca22                	sw	s0,20(sp)
84066e08:	b7f1                	j	84066dd4 <hid_express__push_to_key_queue+0x48>

84066e0a <hid_express_deinit>:
84066e0a:	2b20206f          	j	840690bc <key_remap_backend_deinit>

84066e0e <hid_express_bt_submit_report_to_pka_16bits>:
84066e0e:	1151                	add	sp,sp,-12
84066e10:	c026                	sw	s1,0(sp)
84066e12:	c406                	sw	ra,8(sp)
84066e14:	c222                	sw	s0,4(sp)
84066e16:	84aa                	mv	s1,a0
84066e18:	e1dfe0ef          	jal	84065c34 <pka_share_tx_buf_get_from_q>
84066e1c:	c11d                	beqz	a0,84066e42 <hid_express_bt_submit_report_to_pka_16bits+0x34>
84066e1e:	842a                	mv	s0,a0
84066e20:	eadfe0ef          	jal	84065ccc <pka_share_tx_buf_get_payload>
84066e24:	85a6                	mv	a1,s1
84066e26:	463d                	li	a2,15
84066e28:	756030ef          	jal	8406a57e <memcpy>
84066e2c:	8522                	mv	a0,s0
84066e2e:	45bd                	li	a1,15
84066e30:	9bbfe0ef          	jal	840657ea <pka_share_tx_buf_set_pkt_len>
84066e34:	8522                	mv	a0,s0
84066e36:	4412                	lw	s0,4(sp)
84066e38:	40a2                	lw	ra,8(sp)
84066e3a:	4482                	lw	s1,0(sp)
84066e3c:	0131                	add	sp,sp,12
84066e3e:	de7fe06f          	j	84065c24 <pka_share_tx_buf_send>
84066e42:	40a2                	lw	ra,8(sp)
84066e44:	4412                	lw	s0,4(sp)
84066e46:	4482                	lw	s1,0(sp)
84066e48:	0131                	add	sp,sp,12
84066e4a:	8082                	ret

84066e4c <init_bt_queue>:
84066e4c:	00004797          	auipc	a5,0x4
84066e50:	72079823          	sh	zero,1840(a5) # 8406b57c <bt_ctrl>
84066e54:	4789                	li	a5,2
84066e56:	00004717          	auipc	a4,0x4
84066e5a:	44f72b23          	sw	a5,1110(a4) # 8406b2ac <bt_buffer_size>
84066e5e:	4785                	li	a5,1
84066e60:	00004717          	auipc	a4,0x4
84066e64:	44f72423          	sw	a5,1096(a4) # 8406b2a8 <bt_buffer_size_mask>
84066e68:	8082                	ret

84066e6a <is_bt_queue_empty>:
84066e6a:	00004797          	auipc	a5,0x4
84066e6e:	71278793          	add	a5,a5,1810 # 8406b57c <bt_ctrl>
84066e72:	0007c503          	lbu	a0,0(a5)
84066e76:	0017c783          	lbu	a5,1(a5)
84066e7a:	8d1d                	sub	a0,a0,a5
84066e7c:	00153513          	seqz	a0,a0
84066e80:	8082                	ret

84066e82 <is_bt_queue_full>:
84066e82:	00004797          	auipc	a5,0x4
84066e86:	6fa78793          	add	a5,a5,1786 # 8406b57c <bt_ctrl>
84066e8a:	0017c503          	lbu	a0,1(a5)
84066e8e:	0007c783          	lbu	a5,0(a5)
84066e92:	00004717          	auipc	a4,0x4
84066e96:	41672703          	lw	a4,1046(a4) # 8406b2a8 <bt_buffer_size_mask>
84066e9a:	0505                	add	a0,a0,1
84066e9c:	8d79                	and	a0,a0,a4
84066e9e:	8d1d                	sub	a0,a0,a5
84066ea0:	00153513          	seqz	a0,a0
84066ea4:	8082                	ret

84066ea6 <bt_queue_push>:
84066ea6:	1141                	add	sp,sp,-16
84066ea8:	c606                	sw	ra,12(sp)
84066eaa:	c422                	sw	s0,8(sp)
84066eac:	c226                	sw	s1,4(sp)
84066eae:	c02a                	sw	a0,0(sp)
84066eb0:	3fc9                	jal	84066e82 <is_bt_queue_full>
84066eb2:	ed21                	bnez	a0,84066f0a <bt_queue_push+0x64>
84066eb4:	4582                	lw	a1,0(sp)
84066eb6:	450d                	li	a0,3
84066eb8:	0065c783          	lbu	a5,6(a1)
84066ebc:	0055c703          	lbu	a4,5(a1)
84066ec0:	07a2                	sll	a5,a5,0x8
84066ec2:	8fd9                	or	a5,a5,a4
84066ec4:	00004717          	auipc	a4,0x4
84066ec8:	6a472703          	lw	a4,1700(a4) # 8406b568 <attr_handle>
84066ecc:	02e79a63          	bne	a5,a4,84066f00 <bt_queue_push+0x5a>
84066ed0:	00004497          	auipc	s1,0x4
84066ed4:	6ac48493          	add	s1,s1,1708 # 8406b57c <bt_ctrl>
84066ed8:	0014c403          	lbu	s0,1(s1)
84066edc:	463d                	li	a2,15
84066ede:	00441793          	sll	a5,s0,0x4
84066ee2:	8f81                	sub	a5,a5,s0
84066ee4:	97a6                	add	a5,a5,s1
84066ee6:	00278513          	add	a0,a5,2
84066eea:	694030ef          	jal	8406a57e <memcpy>
84066eee:	0405                	add	s0,s0,1
84066ef0:	00004797          	auipc	a5,0x4
84066ef4:	3b87a783          	lw	a5,952(a5) # 8406b2a8 <bt_buffer_size_mask>
84066ef8:	8c7d                	and	s0,s0,a5
84066efa:	008480a3          	sb	s0,1(s1)
84066efe:	4501                	li	a0,0
84066f00:	40b2                	lw	ra,12(sp)
84066f02:	4422                	lw	s0,8(sp)
84066f04:	4492                	lw	s1,4(sp)
84066f06:	0141                	add	sp,sp,16
84066f08:	8082                	ret
84066f0a:	4509                	li	a0,2
84066f0c:	bfd5                	j	84066f00 <bt_queue_push+0x5a>

84066f0e <bt_queue_pop>:
84066f0e:	1151                	add	sp,sp,-12
84066f10:	c222                	sw	s0,4(sp)
84066f12:	c406                	sw	ra,8(sp)
84066f14:	c026                	sw	s1,0(sp)
84066f16:	842a                	mv	s0,a0
84066f18:	3f89                	jal	84066e6a <is_bt_queue_empty>
84066f1a:	e121                	bnez	a0,84066f5a <bt_queue_pop+0x4c>
84066f1c:	00004497          	auipc	s1,0x4
84066f20:	66048493          	add	s1,s1,1632 # 8406b57c <bt_ctrl>
84066f24:	0004c783          	lbu	a5,0(s1)
84066f28:	463d                	li	a2,15
84066f2a:	8522                	mv	a0,s0
84066f2c:	00479593          	sll	a1,a5,0x4
84066f30:	8d9d                	sub	a1,a1,a5
84066f32:	0589                	add	a1,a1,2
84066f34:	95a6                	add	a1,a1,s1
84066f36:	648030ef          	jal	8406a57e <memcpy>
84066f3a:	0004c783          	lbu	a5,0(s1)
84066f3e:	00004717          	auipc	a4,0x4
84066f42:	36a72703          	lw	a4,874(a4) # 8406b2a8 <bt_buffer_size_mask>
84066f46:	4501                	li	a0,0
84066f48:	0785                	add	a5,a5,1
84066f4a:	8ff9                	and	a5,a5,a4
84066f4c:	00f48023          	sb	a5,0(s1)
84066f50:	40a2                	lw	ra,8(sp)
84066f52:	4412                	lw	s0,4(sp)
84066f54:	4482                	lw	s1,0(sp)
84066f56:	0131                	add	sp,sp,12
84066f58:	8082                	ret
84066f5a:	4505                	li	a0,1
84066f5c:	bfd5                	j	84066f50 <bt_queue_pop+0x42>

84066f5e <hid_express_bt_merge_xy>:
84066f5e:	1151                	add	sp,sp,-12
84066f60:	c222                	sw	s0,4(sp)
84066f62:	c026                	sw	s1,0(sp)
84066f64:	c406                	sw	ra,8(sp)
84066f66:	84aa                	mv	s1,a0
84066f68:	842e                	mv	s0,a1
84066f6a:	3701                	jal	84066e6a <is_bt_queue_empty>
84066f6c:	ed2d                	bnez	a0,84066fe6 <hid_express_bt_merge_xy+0x88>
84066f6e:	00004797          	auipc	a5,0x4
84066f72:	60e78793          	add	a5,a5,1550 # 8406b57c <bt_ctrl>
84066f76:	0017c703          	lbu	a4,1(a5)
84066f7a:	00004697          	auipc	a3,0x4
84066f7e:	3326a683          	lw	a3,818(a3) # 8406b2ac <bt_buffer_size>
84066f82:	177d                	add	a4,a4,-1
84066f84:	9736                	add	a4,a4,a3
84066f86:	00004697          	auipc	a3,0x4
84066f8a:	3226c683          	lbu	a3,802(a3) # 8406b2a8 <bt_buffer_size_mask>
84066f8e:	8f75                	and	a4,a4,a3
84066f90:	00471693          	sll	a3,a4,0x4
84066f94:	40e68733          	sub	a4,a3,a4
84066f98:	97ba                	add	a5,a5,a4
84066f9a:	00c7c703          	lbu	a4,12(a5)
84066f9e:	00b7c683          	lbu	a3,11(a5)
84066fa2:	0722                	sll	a4,a4,0x8
84066fa4:	8f55                	or	a4,a4,a3
84066fa6:	00970533          	add	a0,a4,s1
84066faa:	01051713          	sll	a4,a0,0x10
84066fae:	8341                	srl	a4,a4,0x10
84066fb0:	8321                	srl	a4,a4,0x8
84066fb2:	00e78623          	sb	a4,12(a5)
84066fb6:	00e7c703          	lbu	a4,14(a5)
84066fba:	00d7c683          	lbu	a3,13(a5)
84066fbe:	00a785a3          	sb	a0,11(a5)
84066fc2:	0722                	sll	a4,a4,0x8
84066fc4:	8f55                	or	a4,a4,a3
84066fc6:	008705b3          	add	a1,a4,s0
84066fca:	01059713          	sll	a4,a1,0x10
84066fce:	8341                	srl	a4,a4,0x10
84066fd0:	8321                	srl	a4,a4,0x8
84066fd2:	00b786a3          	sb	a1,13(a5)
84066fd6:	00e78723          	sb	a4,14(a5)
84066fda:	4501                	li	a0,0
84066fdc:	40a2                	lw	ra,8(sp)
84066fde:	4412                	lw	s0,4(sp)
84066fe0:	4482                	lw	s1,0(sp)
84066fe2:	0131                	add	sp,sp,12
84066fe4:	8082                	ret
84066fe6:	4505                	li	a0,1
84066fe8:	bfd5                	j	84066fdc <hid_express_bt_merge_xy+0x7e>

84066fea <hid_express_bt_send_report>:
84066fea:	00004717          	auipc	a4,0x4
84066fee:	25672703          	lw	a4,598(a4) # 8406b240 <pka_share_ptr>
84066ff2:	00c75783          	lhu	a5,12(a4)
84066ff6:	fcc10113          	add	sp,sp,-52
84066ffa:	c22e                	sw	a1,4(sp)
84066ffc:	85be                	mv	a1,a5
84066ffe:	d622                	sw	s0,44(sp)
84067000:	d426                	sw	s1,40(sp)
84067002:	c03e                	sw	a5,0(sp)
84067004:	84aa                	mv	s1,a0
84067006:	d806                	sw	ra,48(sp)
84067008:	4ba010ef          	jal	840684c2 <rv_bt_burst_tx_num_ctrl>
8406700c:	00004717          	auipc	a4,0x4
84067010:	28072c23          	sw	zero,664(a4) # 8406b2a4 <tx_result>
84067014:	00004717          	auipc	a4,0x4
84067018:	28072623          	sw	zero,652(a4) # 8406b2a0 <last_kb_report>
8406701c:	0064c703          	lbu	a4,6(s1)
84067020:	0054c603          	lbu	a2,5(s1)
84067024:	00004797          	auipc	a5,0x4
84067028:	54478793          	add	a5,a5,1348 # 8406b568 <attr_handle>
8406702c:	0722                	sll	a4,a4,0x8
8406702e:	8f51                	or	a4,a4,a2
84067030:	43d0                	lw	a2,4(a5)
84067032:	842a                	mv	s0,a0
84067034:	00c70563          	beq	a4,a2,8406703e <hid_express_bt_send_report+0x54>
84067038:	4790                	lw	a2,8(a5)
8406703a:	02c71263          	bne	a4,a2,8406705e <hid_express_bt_send_report+0x74>
8406703e:	4782                	lw	a5,0(sp)
84067040:	cf99                	beqz	a5,8406705e <hid_express_bt_send_report+0x74>
84067042:	8526                	mv	a0,s1
84067044:	dcbff0ef          	jal	84066e0e <hid_express_bt_submit_report_to_pka_16bits>
84067048:	4785                	li	a5,1
8406704a:	00004717          	auipc	a4,0x4
8406704e:	24f72b23          	sw	a5,598(a4) # 8406b2a0 <last_kb_report>
84067052:	50c2                	lw	ra,48(sp)
84067054:	5432                	lw	s0,44(sp)
84067056:	54a2                	lw	s1,40(sp)
84067058:	03410113          	add	sp,sp,52
8406705c:	8082                	ret
8406705e:	0c040f63          	beqz	s0,8406713c <hid_express_bt_send_report+0x152>
84067062:	e09ff0ef          	jal	84066e6a <is_bt_queue_empty>
84067066:	ed21                	bnez	a0,840670be <hid_express_bt_send_report+0xd4>
84067068:	e03ff0ef          	jal	84066e6a <is_bt_queue_empty>
8406706c:	e531                	bnez	a0,840670b8 <hid_express_bt_send_report+0xce>
8406706e:	ec15                	bnez	s0,840670aa <hid_express_bt_send_report+0xc0>
84067070:	4792                	lw	a5,4(sp)
84067072:	cba9                	beqz	a5,840670c4 <hid_express_bt_send_report+0xda>
84067074:	e0fff0ef          	jal	84066e82 <is_bt_queue_full>
84067078:	00004717          	auipc	a4,0x4
8406707c:	23870713          	add	a4,a4,568 # 8406b2b0 <bt_debug>
84067080:	00174403          	lbu	s0,1(a4)
84067084:	0405                	add	s0,s0,1
84067086:	0ff47413          	zext.b	s0,s0
8406708a:	e929                	bnez	a0,840670dc <hid_express_bt_send_report+0xf2>
8406708c:	463d                	li	a2,15
8406708e:	85a6                	mv	a1,s1
84067090:	0028                	add	a0,sp,8
84067092:	4ec030ef          	jal	8406a57e <memcpy>
84067096:	0028                	add	a0,sp,8
84067098:	e0fff0ef          	jal	84066ea6 <bt_queue_push>
8406709c:	00004717          	auipc	a4,0x4
840670a0:	21470713          	add	a4,a4,532 # 8406b2b0 <bt_debug>
840670a4:	008700a3          	sb	s0,1(a4)
840670a8:	a831                	j	840670c4 <hid_express_bt_send_report+0xda>
840670aa:	0828                	add	a0,sp,24
840670ac:	358d                	jal	84066f0e <bt_queue_pop>
840670ae:	0828                	add	a0,sp,24
840670b0:	d5fff0ef          	jal	84066e0e <hid_express_bt_submit_report_to_pka_16bits>
840670b4:	147d                	add	s0,s0,-1
840670b6:	bf4d                	j	84067068 <hid_express_bt_send_report+0x7e>
840670b8:	4792                	lw	a5,4(sp)
840670ba:	c789                	beqz	a5,840670c4 <hid_express_bt_send_report+0xda>
840670bc:	dc45                	beqz	s0,84067074 <hid_express_bt_send_report+0x8a>
840670be:	8526                	mv	a0,s1
840670c0:	d4fff0ef          	jal	84066e0e <hid_express_bt_submit_report_to_pka_16bits>
840670c4:	4782                	lw	a5,0(sp)
840670c6:	f7d1                	bnez	a5,84067052 <hid_express_bt_send_report+0x68>
840670c8:	00004717          	auipc	a4,0x4
840670cc:	1e870713          	add	a4,a4,488 # 8406b2b0 <bt_debug>
840670d0:	00074783          	lbu	a5,0(a4)
840670d4:	0785                	add	a5,a5,1
840670d6:	00f70023          	sb	a5,0(a4)
840670da:	bfa5                	j	84067052 <hid_express_bt_send_report+0x68>
840670dc:	0064c683          	lbu	a3,6(s1)
840670e0:	0054c603          	lbu	a2,5(s1)
840670e4:	00004797          	auipc	a5,0x4
840670e8:	48478793          	add	a5,a5,1156 # 8406b568 <attr_handle>
840670ec:	06a2                	sll	a3,a3,0x8
840670ee:	8ed1                	or	a3,a3,a2
840670f0:	4390                	lw	a2,0(a5)
840670f2:	02c69863          	bne	a3,a2,84067122 <hid_express_bt_send_report+0x138>
840670f6:	00c4c583          	lbu	a1,12(s1)
840670fa:	00b4c683          	lbu	a3,11(s1)
840670fe:	00a4c503          	lbu	a0,10(s1)
84067102:	05a2                	sll	a1,a1,0x8
84067104:	8dd5                	or	a1,a1,a3
84067106:	0094c683          	lbu	a3,9(s1)
8406710a:	0522                	sll	a0,a0,0x8
8406710c:	05c2                	sll	a1,a1,0x10
8406710e:	8d55                	or	a0,a0,a3
84067110:	0542                	sll	a0,a0,0x10
84067112:	85c1                	sra	a1,a1,0x10
84067114:	8541                	sra	a0,a0,0x10
84067116:	e49ff0ef          	jal	84066f5e <hid_express_bt_merge_xy>
8406711a:	00004717          	auipc	a4,0x4
8406711e:	19670713          	add	a4,a4,406 # 8406b2b0 <bt_debug>
84067122:	00274783          	lbu	a5,2(a4)
84067126:	008700a3          	sb	s0,1(a4)
8406712a:	0785                	add	a5,a5,1
8406712c:	00f70123          	sb	a5,2(a4)
84067130:	4785                	li	a5,1
84067132:	00004717          	auipc	a4,0x4
84067136:	16f72923          	sw	a5,370(a4) # 8406b2a4 <tx_result>
8406713a:	b769                	j	840670c4 <hid_express_bt_send_report+0xda>
8406713c:	c23a                	sw	a4,4(sp)
8406713e:	d45ff0ef          	jal	84066e82 <is_bt_queue_full>
84067142:	00004697          	auipc	a3,0x4
84067146:	16e68693          	add	a3,a3,366 # 8406b2b0 <bt_debug>
8406714a:	0016c403          	lbu	s0,1(a3)
8406714e:	4712                	lw	a4,4(sp)
84067150:	0405                	add	s0,s0,1
84067152:	0ff47413          	zext.b	s0,s0
84067156:	e105                	bnez	a0,84067176 <hid_express_bt_send_report+0x18c>
84067158:	463d                	li	a2,15
8406715a:	85a6                	mv	a1,s1
8406715c:	0028                	add	a0,sp,8
8406715e:	420030ef          	jal	8406a57e <memcpy>
84067162:	0028                	add	a0,sp,8
84067164:	d43ff0ef          	jal	84066ea6 <bt_queue_push>
84067168:	00004697          	auipc	a3,0x4
8406716c:	14868693          	add	a3,a3,328 # 8406b2b0 <bt_debug>
84067170:	008680a3          	sb	s0,1(a3)
84067174:	bf81                	j	840670c4 <hid_express_bt_send_report+0xda>
84067176:	00004797          	auipc	a5,0x4
8406717a:	3f278793          	add	a5,a5,1010 # 8406b568 <attr_handle>
8406717e:	4390                	lw	a2,0(a5)
84067180:	02c71863          	bne	a4,a2,840671b0 <hid_express_bt_send_report+0x1c6>
84067184:	00c4c583          	lbu	a1,12(s1)
84067188:	00b4c703          	lbu	a4,11(s1)
8406718c:	00a4c503          	lbu	a0,10(s1)
84067190:	05a2                	sll	a1,a1,0x8
84067192:	8dd9                	or	a1,a1,a4
84067194:	0094c703          	lbu	a4,9(s1)
84067198:	0522                	sll	a0,a0,0x8
8406719a:	05c2                	sll	a1,a1,0x10
8406719c:	8d59                	or	a0,a0,a4
8406719e:	0542                	sll	a0,a0,0x10
840671a0:	85c1                	sra	a1,a1,0x10
840671a2:	8541                	sra	a0,a0,0x10
840671a4:	dbbff0ef          	jal	84066f5e <hid_express_bt_merge_xy>
840671a8:	00004697          	auipc	a3,0x4
840671ac:	10868693          	add	a3,a3,264 # 8406b2b0 <bt_debug>
840671b0:	0026c783          	lbu	a5,2(a3)
840671b4:	008680a3          	sb	s0,1(a3)
840671b8:	0785                	add	a5,a5,1
840671ba:	00f68123          	sb	a5,2(a3)
840671be:	bf8d                	j	84067130 <hid_express_bt_send_report+0x146>

840671c0 <hid_express_bt_get_tx_result>:
840671c0:	00004797          	auipc	a5,0x4
840671c4:	0e47a783          	lw	a5,228(a5) # 8406b2a4 <tx_result>
840671c8:	4501                	li	a0,0
840671ca:	c799                	beqz	a5,840671d8 <hid_express_bt_get_tx_result+0x18>
840671cc:	00004517          	auipc	a0,0x4
840671d0:	0d452503          	lw	a0,212(a0) # 8406b2a0 <last_kb_report>
840671d4:	00153513          	seqz	a0,a0
840671d8:	8082                	ret

840671da <hid_express_bt_x_y_data_prepare>:
840671da:	4501                	li	a0,0
840671dc:	8082                	ret

840671de <hid_express_bt_data_send>:
840671de:	1111                	add	sp,sp,-28
840671e0:	cc06                	sw	ra,24(sp)
840671e2:	ca22                	sw	s0,20(sp)
840671e4:	c826                	sw	s1,16(sp)
840671e6:	c002                	sw	zero,0(sp)
840671e8:	c202                	sw	zero,4(sp)
840671ea:	c402                	sw	zero,8(sp)
840671ec:	00011623          	sh	zero,12(sp)
840671f0:	00010723          	sb	zero,14(sp)
840671f4:	12068363          	beqz	a3,8406731a <hid_express_bt_data_send+0x13c>
840671f8:	411c                	lw	a5,0(a0)
840671fa:	4725                	li	a4,9
840671fc:	842a                	mv	s0,a0
840671fe:	84b6                	mv	s1,a3
84067200:	0ce79963          	bne	a5,a4,840672d2 <hid_express_bt_data_send+0xf4>
84067204:	463d                	li	a2,15
84067206:	00004597          	auipc	a1,0x4
8406720a:	39658593          	add	a1,a1,918 # 8406b59c <default_BT_report>
8406720e:	850a                	mv	a0,sp
84067210:	36e030ef          	jal	8406a57e <memcpy>
84067214:	00004797          	auipc	a5,0x4
84067218:	3587d783          	lhu	a5,856(a5) # 8406b56c <attr_handle+0x4>
8406721c:	00f102a3          	sb	a5,5(sp)
84067220:	83a1                	srl	a5,a5,0x8
84067222:	00f10323          	sb	a5,6(sp)
84067226:	4c5c                	lw	a5,28(s0)
84067228:	0087d713          	srl	a4,a5,0x8
8406722c:	00f103a3          	sb	a5,7(sp)
84067230:	00e10423          	sb	a4,8(sp)
84067234:	0107d713          	srl	a4,a5,0x10
84067238:	83e1                	srl	a5,a5,0x18
8406723a:	00f10523          	sb	a5,10(sp)
8406723e:	501c                	lw	a5,32(s0)
84067240:	00e104a3          	sb	a4,9(sp)
84067244:	00f105a3          	sb	a5,11(sp)
84067248:	83a1                	srl	a5,a5,0x8
8406724a:	00f10623          	sb	a5,12(sp)
8406724e:	85a6                	mv	a1,s1
84067250:	850a                	mv	a0,sp
84067252:	d99ff0ef          	jal	84066fea <hid_express_bt_send_report>
84067256:	4018                	lw	a4,0(s0)
84067258:	4789                	li	a5,2
8406725a:	00f70663          	beq	a4,a5,84067266 <hid_express_bt_data_send+0x88>
8406725e:	441c                	lw	a5,8(s0)
84067260:	e399                	bnez	a5,84067266 <hid_express_bt_data_send+0x88>
84067262:	445c                	lw	a5,12(s0)
84067264:	c3ad                	beqz	a5,840672c6 <hid_express_bt_data_send+0xe8>
84067266:	00004597          	auipc	a1,0x4
8406726a:	33658593          	add	a1,a1,822 # 8406b59c <default_BT_report>
8406726e:	463d                	li	a2,15
84067270:	850a                	mv	a0,sp
84067272:	30c030ef          	jal	8406a57e <memcpy>
84067276:	00445783          	lhu	a5,4(s0)
8406727a:	85a6                	mv	a1,s1
8406727c:	00f103a3          	sb	a5,7(sp)
84067280:	83a1                	srl	a5,a5,0x8
84067282:	00f10423          	sb	a5,8(sp)
84067286:	00845783          	lhu	a5,8(s0)
8406728a:	00f104a3          	sb	a5,9(sp)
8406728e:	83a1                	srl	a5,a5,0x8
84067290:	00f10523          	sb	a5,10(sp)
84067294:	00c45783          	lhu	a5,12(s0)
84067298:	00f105a3          	sb	a5,11(sp)
8406729c:	83a1                	srl	a5,a5,0x8
8406729e:	00f10623          	sb	a5,12(sp)
840672a2:	481c                	lw	a5,16(s0)
840672a4:	00f106a3          	sb	a5,13(sp)
840672a8:	485c                	lw	a5,20(s0)
840672aa:	00f10723          	sb	a5,14(sp)
840672ae:	00004797          	auipc	a5,0x4
840672b2:	2ba7d783          	lhu	a5,698(a5) # 8406b568 <attr_handle>
840672b6:	00f102a3          	sb	a5,5(sp)
840672ba:	83a1                	srl	a5,a5,0x8
840672bc:	00f10323          	sb	a5,6(sp)
840672c0:	850a                	mv	a0,sp
840672c2:	d29ff0ef          	jal	84066fea <hid_express_bt_send_report>
840672c6:	40e2                	lw	ra,24(sp)
840672c8:	4452                	lw	s0,20(sp)
840672ca:	44c2                	lw	s1,16(sp)
840672cc:	4501                	li	a0,0
840672ce:	0171                	add	sp,sp,28
840672d0:	8082                	ret
840672d2:	4729                	li	a4,10
840672d4:	f8e791e3          	bne	a5,a4,84067256 <hid_express_bt_data_send+0x78>
840672d8:	463d                	li	a2,15
840672da:	00004597          	auipc	a1,0x4
840672de:	2c258593          	add	a1,a1,706 # 8406b59c <default_BT_report>
840672e2:	850a                	mv	a0,sp
840672e4:	29a030ef          	jal	8406a57e <memcpy>
840672e8:	00004797          	auipc	a5,0x4
840672ec:	2887d783          	lhu	a5,648(a5) # 8406b570 <attr_handle+0x8>
840672f0:	00f102a3          	sb	a5,5(sp)
840672f4:	83a1                	srl	a5,a5,0x8
840672f6:	00f10323          	sb	a5,6(sp)
840672fa:	505c                	lw	a5,36(s0)
840672fc:	01079713          	sll	a4,a5,0x10
84067300:	8341                	srl	a4,a4,0x10
84067302:	00f103a3          	sb	a5,7(sp)
84067306:	83c1                	srl	a5,a5,0x10
84067308:	8321                	srl	a4,a4,0x8
8406730a:	00f104a3          	sb	a5,9(sp)
8406730e:	83a1                	srl	a5,a5,0x8
84067310:	00e10423          	sb	a4,8(sp)
84067314:	00f10523          	sb	a5,10(sp)
84067318:	bf1d                	j	8406724e <hid_express_bt_data_send+0x70>
8406731a:	4581                	li	a1,0
8406731c:	b755                	j	840672c0 <hid_express_bt_data_send+0xe2>

8406731e <hid_express_bt_init>:
8406731e:	1151                	add	sp,sp,-12
84067320:	c406                	sw	ra,8(sp)
84067322:	b2bff0ef          	jal	84066e4c <init_bt_queue>
84067326:	000407b7          	lui	a5,0x40
8406732a:	00004717          	auipc	a4,0x4
8406732e:	27270713          	add	a4,a4,626 # 8406b59c <default_BT_report>
84067332:	07ad                	add	a5,a5,11 # 4000b <__fp_pattern_ram_total+0x3860b>
84067334:	c31c                	sw	a5,0(a4)
84067336:	47ed                	li	a5,27
84067338:	00f70223          	sb	a5,4(a4)
8406733c:	40a2                	lw	ra,8(sp)
8406733e:	0131                	add	sp,sp,12
84067340:	8082                	ret

84067342 <hid_experss_bt_set_attr_handle>:
84067342:	00004797          	auipc	a5,0x4
84067346:	22678793          	add	a5,a5,550 # 8406b568 <attr_handle>
8406734a:	c388                	sw	a0,0(a5)
8406734c:	c3cc                	sw	a1,4(a5)
8406734e:	c790                	sw	a2,8(a5)
84067350:	8082                	ret

84067352 <hid_experss_bt_clear_queue>:
84067352:	00004797          	auipc	a5,0x4
84067356:	22079523          	sh	zero,554(a5) # 8406b57c <bt_ctrl>
8406735a:	8082                	ret

8406735c <hid_express_bt_debug_check>:
8406735c:	00004797          	auipc	a5,0x4
84067360:	f5478793          	add	a5,a5,-172 # 8406b2b0 <bt_debug>
84067364:	4398                	lw	a4,0(a5)
84067366:	0007a023          	sw	zero,0(a5)
8406736a:	c3d8                	sw	a4,4(a5)
8406736c:	8082                	ret

8406736e <hid_express_bt_debug_print>:
8406736e:	1131                	add	sp,sp,-20
84067370:	c806                	sw	ra,16(sp)
84067372:	00004717          	auipc	a4,0x4
84067376:	f3e70713          	add	a4,a4,-194 # 8406b2b0 <bt_debug>
8406737a:	00774783          	lbu	a5,7(a4)
8406737e:	4691                	li	a3,4
84067380:	81f99617          	auipc	a2,0x81f99
84067384:	76460613          	add	a2,a2,1892 # 6000ae4 <msg_id_string.0>
84067388:	c23e                	sw	a5,4(sp)
8406738a:	00474783          	lbu	a5,4(a4)
8406738e:	4585                	li	a1,1
84067390:	00004517          	auipc	a0,0x4
84067394:	da850513          	add	a0,a0,-600 # 8406b138 <log_control_block_rv_exp>
84067398:	c03e                	sw	a5,0(sp)
8406739a:	00574783          	lbu	a5,5(a4)
8406739e:	00674703          	lbu	a4,6(a4)
840673a2:	6eb020ef          	jal	8406a28c <print_module_msgid_log>
840673a6:	40c2                	lw	ra,16(sp)
840673a8:	0151                	add	sp,sp,20
840673aa:	8082                	ret

840673ac <hid_express_gaming_get_tx_status>:
840673ac:	1151                	add	sp,sp,-12
840673ae:	c406                	sw	ra,8(sp)
840673b0:	b01fe0ef          	jal	84065eb0 <pka_share_get_hid_tx_ptr>
840673b4:	40a2                	lw	ra,8(sp)
840673b6:	00004797          	auipc	a5,0x4
840673ba:	f0a7a323          	sw	a0,-250(a5) # 8406b2bc <reliable_tx_ptr>
840673be:	00153513          	seqz	a0,a0
840673c2:	0131                	add	sp,sp,12
840673c4:	8082                	ret

840673c6 <hid_express_gaming_buffer_full_update_report>:
840673c6:	1151                	add	sp,sp,-12
840673c8:	c222                	sw	s0,4(sp)
840673ca:	00004417          	auipc	s0,0x4
840673ce:	1e240413          	add	s0,s0,482 # 8406b5ac <outgoing_report>
840673d2:	00844703          	lbu	a4,8(s0)
840673d6:	c406                	sw	ra,8(sp)
840673d8:	4695                	li	a3,5
840673da:	03f77793          	and	a5,a4,63
840673de:	06d78463          	beq	a5,a3,84067446 <hid_express_gaming_buffer_full_update_report+0x80>
840673e2:	46ad                	li	a3,11
840673e4:	00d78963          	beq	a5,a3,840673f6 <hid_express_gaming_buffer_full_update_report+0x30>
840673e8:	4705                	li	a4,1
840673ea:	04e78e63          	beq	a5,a4,84067446 <hid_express_gaming_buffer_full_update_report+0x80>
840673ee:	40a2                	lw	ra,8(sp)
840673f0:	4412                	lw	s0,4(sp)
840673f2:	0131                	add	sp,sp,12
840673f4:	8082                	ret
840673f6:	00004797          	auipc	a5,0x4
840673fa:	ed27a783          	lw	a5,-302(a5) # 8406b2c8 <g_vCtrl_x>
840673fe:	43d4                	lw	a3,4(a5)
84067400:	00144503          	lbu	a0,1(s0)
84067404:	00004797          	auipc	a5,0x4
84067408:	ec07a783          	lw	a5,-320(a5) # 8406b2c4 <g_vCtrl_y>
8406740c:	0047d603          	lhu	a2,4(a5)
84067410:	00ff05b7          	lui	a1,0xff0
84067414:	01069793          	sll	a5,a3,0x10
84067418:	86a1                	sra	a3,a3,0x8
8406741a:	8fed                	and	a5,a5,a1
8406741c:	06e2                	sll	a3,a3,0x18
8406741e:	00004597          	auipc	a1,0x4
84067422:	eae5c583          	lbu	a1,-338(a1) # 8406b2cc <sn_num>
84067426:	8fd5                	or	a5,a5,a3
84067428:	0522                	sll	a0,a0,0x8
8406742a:	01059693          	sll	a3,a1,0x10
8406742e:	8fc9                	or	a5,a5,a0
84067430:	8ed1                	or	a3,a3,a2
84067432:	c01c                	sw	a5,0(s0)
84067434:	c054                	sw	a3,4(s0)
84067436:	f8076713          	or	a4,a4,-128
8406743a:	40a2                	lw	ra,8(sp)
8406743c:	00e40423          	sb	a4,8(s0)
84067440:	4412                	lw	s0,4(sp)
84067442:	0131                	add	sp,sp,12
84067444:	8082                	ret
84067446:	c026                	sw	s1,0(sp)
84067448:	00004497          	auipc	s1,0x4
8406744c:	e7848493          	add	s1,s1,-392 # 8406b2c0 <last_xy_over_12bits>
84067450:	409c                	lw	a5,0(s1)
84067452:	c791                	beqz	a5,8406745e <hid_express_gaming_buffer_full_update_report+0x98>
84067454:	4482                	lw	s1,0(sp)
84067456:	40a2                	lw	ra,8(sp)
84067458:	4412                	lw	s0,4(sp)
8406745a:	0131                	add	sp,sp,12
8406745c:	8082                	ret
8406745e:	00004797          	auipc	a5,0x4
84067462:	e6a78793          	add	a5,a5,-406 # 8406b2c8 <g_vCtrl_x>
84067466:	4388                	lw	a0,0(a5)
84067468:	7ff00693          	li	a3,2047
8406746c:	4158                	lw	a4,4(a0)
8406746e:	0ee6c363          	blt	a3,a4,84067554 <hid_express_gaming_buffer_full_update_report+0x18e>
84067472:	80000693          	li	a3,-2048
84067476:	0ad74463          	blt	a4,a3,8406751e <hid_express_gaming_buffer_full_update_report+0x158>
8406747a:	00004717          	auipc	a4,0x4
8406747e:	e4a70713          	add	a4,a4,-438 # 8406b2c4 <g_vCtrl_y>
84067482:	4308                	lw	a0,0(a4)
84067484:	7ff00613          	li	a2,2047
84067488:	4154                	lw	a3,4(a0)
8406748a:	0ad64763          	blt	a2,a3,84067538 <hid_express_gaming_buffer_full_update_report+0x172>
8406748e:	80000613          	li	a2,-2048
84067492:	06c6c363          	blt	a3,a2,840674f8 <hid_express_gaming_buffer_full_update_report+0x132>
84067496:	439c                	lw	a5,0(a5)
84067498:	00144703          	lbu	a4,1(s0)
8406749c:	00244283          	lbu	t0,2(s0)
840674a0:	43d0                	lw	a2,4(a5)
840674a2:	00469313          	sll	t1,a3,0x4
840674a6:	00344503          	lbu	a0,3(s0)
840674aa:	40865793          	sra	a5,a2,0x8
840674ae:	0ff37313          	zext.b	t1,t1
840674b2:	8bbd                	and	a5,a5,15
840674b4:	02c2                	sll	t0,t0,0x10
840674b6:	0067e7b3          	or	a5,a5,t1
840674ba:	0722                	sll	a4,a4,0x8
840674bc:	06b2                	sll	a3,a3,0xc
840674be:	00ff0337          	lui	t1,0xff0
840674c2:	00844583          	lbu	a1,8(s0)
840674c6:	00576733          	or	a4,a4,t0
840674ca:	0066f6b3          	and	a3,a3,t1
840674ce:	00004297          	auipc	t0,0x4
840674d2:	dfe2c283          	lbu	t0,-514(t0) # 8406b2cc <sn_num>
840674d6:	0ff67613          	zext.b	a2,a2
840674da:	8ed1                	or	a3,a3,a2
840674dc:	00576733          	or	a4,a4,t0
840674e0:	0562                	sll	a0,a0,0x18
840674e2:	07a2                	sll	a5,a5,0x8
840674e4:	8fd5                	or	a5,a5,a3
840674e6:	8f49                	or	a4,a4,a0
840674e8:	f805e693          	or	a3,a1,-128
840674ec:	c018                	sw	a4,0(s0)
840674ee:	c05c                	sw	a5,4(s0)
840674f0:	4482                	lw	s1,0(sp)
840674f2:	00d40423          	sb	a3,8(s0)
840674f6:	b785                	j	84067456 <hid_express_gaming_buffer_full_update_report+0x90>
840674f8:	6605                	lui	a2,0x1
840674fa:	80060613          	add	a2,a2,-2048 # 800 <_system_stack_len+0x400>
840674fe:	4585                	li	a1,1
84067500:	0cb000ef          	jal	84067dca <hid_express_generate_value_candidate_1R1T_concurrent>
84067504:	00004717          	auipc	a4,0x4
84067508:	dc070713          	add	a4,a4,-576 # 8406b2c4 <g_vCtrl_y>
8406750c:	00004797          	auipc	a5,0x4
84067510:	dbc78793          	add	a5,a5,-580 # 8406b2c8 <g_vCtrl_x>
84067514:	4318                	lw	a4,0(a4)
84067516:	4685                	li	a3,1
84067518:	c094                	sw	a3,0(s1)
8406751a:	4354                	lw	a3,4(a4)
8406751c:	bfad                	j	84067496 <hid_express_gaming_buffer_full_update_report+0xd0>
8406751e:	6605                	lui	a2,0x1
84067520:	80060613          	add	a2,a2,-2048 # 800 <_system_stack_len+0x400>
84067524:	4585                	li	a1,1
84067526:	0a5000ef          	jal	84067dca <hid_express_generate_value_candidate_1R1T_concurrent>
8406752a:	4705                	li	a4,1
8406752c:	00004797          	auipc	a5,0x4
84067530:	d9c78793          	add	a5,a5,-612 # 8406b2c8 <g_vCtrl_x>
84067534:	c098                	sw	a4,0(s1)
84067536:	b791                	j	8406747a <hid_express_gaming_buffer_full_update_report+0xb4>
84067538:	80100613          	li	a2,-2047
8406753c:	4585                	li	a1,1
8406753e:	08d000ef          	jal	84067dca <hid_express_generate_value_candidate_1R1T_concurrent>
84067542:	00004797          	auipc	a5,0x4
84067546:	d8678793          	add	a5,a5,-634 # 8406b2c8 <g_vCtrl_x>
8406754a:	00004717          	auipc	a4,0x4
8406754e:	d7a70713          	add	a4,a4,-646 # 8406b2c4 <g_vCtrl_y>
84067552:	b7c9                	j	84067514 <hid_express_gaming_buffer_full_update_report+0x14e>
84067554:	80100613          	li	a2,-2047
84067558:	b7f1                	j	84067524 <hid_express_gaming_buffer_full_update_report+0x15e>

8406755a <hid_express_gaming_generate_reports_1R1T_12bits>:
8406755a:	00004797          	auipc	a5,0x4
8406755e:	d627a783          	lw	a5,-670(a5) # 8406b2bc <reliable_tx_ptr>
84067562:	cbbd                	beqz	a5,840675d8 <hid_express_gaming_generate_reports_1R1T_12bits+0x7e>
84067564:	491c                	lw	a5,16(a0)
84067566:	00004717          	auipc	a4,0x4
8406756a:	d6272703          	lw	a4,-670(a4) # 8406b2c8 <g_vCtrl_x>
8406756e:	00452303          	lw	t1,4(a0)
84067572:	4358                	lw	a4,4(a4)
84067574:	00004617          	auipc	a2,0x4
84067578:	d5860613          	add	a2,a2,-680 # 8406b2cc <sn_num>
8406757c:	420c                	lw	a1,0(a2)
8406757e:	00004697          	auipc	a3,0x4
84067582:	d466a683          	lw	a3,-698(a3) # 8406b2c4 <g_vCtrl_y>
84067586:	0796                	sll	a5,a5,0x5
84067588:	42d4                	lw	a3,4(a3)
8406758a:	00ff0537          	lui	a0,0xff0
8406758e:	0067e7b3          	or	a5,a5,t1
84067592:	62c1                	lui	t0,0x10
84067594:	01071313          	sll	t1,a4,0x10
84067598:	8721                	sra	a4,a4,0x8
8406759a:	0585                	add	a1,a1,1
8406759c:	12fd                	add	t0,t0,-1 # ffff <__fp_pattern_ram_total+0x85ff>
8406759e:	0762                	sll	a4,a4,0x18
840675a0:	07a2                	sll	a5,a5,0x8
840675a2:	00a37333          	and	t1,t1,a0
840675a6:	00e36333          	or	t1,t1,a4
840675aa:	01059393          	sll	t2,a1,0x10
840675ae:	0057f7b3          	and	a5,a5,t0
840675b2:	0056f733          	and	a4,a3,t0
840675b6:	0067e7b3          	or	a5,a5,t1
840675ba:	00004697          	auipc	a3,0x4
840675be:	ff268693          	add	a3,a3,-14 # 8406b5ac <outgoing_report>
840675c2:	00a3f3b3          	and	t2,t2,a0
840675c6:	00776733          	or	a4,a4,t2
840675ca:	c29c                	sw	a5,0(a3)
840675cc:	47ad                	li	a5,11
840675ce:	c20c                	sw	a1,0(a2)
840675d0:	c2d8                	sw	a4,4(a3)
840675d2:	00f68423          	sb	a5,8(a3)
840675d6:	8082                	ret
840675d8:	defff06f          	j	840673c6 <hid_express_gaming_buffer_full_update_report>

840675dc <hid_express_gaming_generate_kb_std_xy_reports_1R1T>:
840675dc:	00004717          	auipc	a4,0x4
840675e0:	ce072703          	lw	a4,-800(a4) # 8406b2bc <reliable_tx_ptr>
840675e4:	10070f63          	beqz	a4,84067702 <hid_express_gaming_generate_kb_std_xy_reports_1R1T+0x126>
840675e8:	00004317          	auipc	t1,0x4
840675ec:	ce430313          	add	t1,t1,-796 # 8406b2cc <sn_num>
840675f0:	00032703          	lw	a4,0(t1)
840675f4:	1141                	add	sp,sp,-16
840675f6:	87aa                	mv	a5,a0
840675f8:	00004517          	auipc	a0,0x4
840675fc:	cd052503          	lw	a0,-816(a0) # 8406b2c8 <g_vCtrl_x>
84067600:	0705                	add	a4,a4,1
84067602:	c226                	sw	s1,4(sp)
84067604:	4144                	lw	s1,4(a0)
84067606:	00e32023          	sw	a4,0(t1)
8406760a:	00004717          	auipc	a4,0x4
8406760e:	ca072b23          	sw	zero,-842(a4) # 8406b2c0 <last_xy_over_12bits>
84067612:	c606                	sw	ra,12(sp)
84067614:	c422                	sw	s0,8(sp)
84067616:	7ff00713          	li	a4,2047
8406761a:	08974563          	blt	a4,s1,840676a4 <hid_express_gaming_generate_kb_std_xy_reports_1R1T+0xc8>
8406761e:	80000713          	li	a4,-2048
84067622:	0ee4c263          	blt	s1,a4,84067706 <hid_express_gaming_generate_kb_std_xy_reports_1R1T+0x12a>
84067626:	00004517          	auipc	a0,0x4
8406762a:	c9e52503          	lw	a0,-866(a0) # 8406b2c4 <g_vCtrl_y>
8406762e:	4154                	lw	a3,4(a0)
84067630:	4084d413          	sra	s0,s1,0x8
84067634:	7ff00713          	li	a4,2047
84067638:	0ff4f493          	zext.b	s1,s1
8406763c:	883d                	and	s0,s0,15
8406763e:	08d74e63          	blt	a4,a3,840676da <hid_express_gaming_generate_kb_std_xy_reports_1R1T+0xfe>
84067642:	80000713          	li	a4,-2048
84067646:	0ce6ce63          	blt	a3,a4,84067722 <hid_express_gaming_generate_kb_std_xy_reports_1R1T+0x146>
8406764a:	00469713          	sll	a4,a3,0x4
8406764e:	0ff77713          	zext.b	a4,a4
84067652:	06b2                	sll	a3,a3,0xc
84067654:	8c59                	or	s0,s0,a4
84067656:	00ff0737          	lui	a4,0xff0
8406765a:	8ef9                	and	a3,a3,a4
8406765c:	4fd8                	lw	a4,28(a5)
8406765e:	6541                	lui	a0,0x10
84067660:	00034583          	lbu	a1,0(t1)
84067664:	00871793          	sll	a5,a4,0x8
84067668:	01075613          	srl	a2,a4,0x10
8406766c:	f0050513          	add	a0,a0,-256 # ff00 <__fp_pattern_ram_total+0x8500>
84067670:	0662                	sll	a2,a2,0x18
84067672:	8fe9                	and	a5,a5,a0
84067674:	8fd1                	or	a5,a5,a2
84067676:	0722                	sll	a4,a4,0x8
84067678:	00ff0637          	lui	a2,0xff0
8406767c:	8cd5                	or	s1,s1,a3
8406767e:	8fcd                	or	a5,a5,a1
84067680:	8f71                	and	a4,a4,a2
84067682:	0422                	sll	s0,s0,0x8
84067684:	00004697          	auipc	a3,0x4
84067688:	f2868693          	add	a3,a3,-216 # 8406b5ac <outgoing_report>
8406768c:	8c45                	or	s0,s0,s1
8406768e:	8fd9                	or	a5,a5,a4
84067690:	c29c                	sw	a5,0(a3)
84067692:	c2c0                	sw	s0,4(a3)
84067694:	40b2                	lw	ra,12(sp)
84067696:	4422                	lw	s0,8(sp)
84067698:	4785                	li	a5,1
8406769a:	00f68423          	sb	a5,8(a3)
8406769e:	4492                	lw	s1,4(sp)
840676a0:	0141                	add	sp,sp,16
840676a2:	8082                	ret
840676a4:	80100613          	li	a2,-2047
840676a8:	4585                	li	a1,1
840676aa:	c03e                	sw	a5,0(sp)
840676ac:	2f39                	jal	84067dca <hid_express_generate_value_candidate_1R1T_concurrent>
840676ae:	4782                	lw	a5,0(sp)
840676b0:	441d                	li	s0,7
840676b2:	0ff00493          	li	s1,255
840676b6:	00004317          	auipc	t1,0x4
840676ba:	c1630313          	add	t1,t1,-1002 # 8406b2cc <sn_num>
840676be:	4705                	li	a4,1
840676c0:	00004697          	auipc	a3,0x4
840676c4:	c0e6a023          	sw	a4,-1024(a3) # 8406b2c0 <last_xy_over_12bits>
840676c8:	00004517          	auipc	a0,0x4
840676cc:	bfc52503          	lw	a0,-1028(a0) # 8406b2c4 <g_vCtrl_y>
840676d0:	4154                	lw	a3,4(a0)
840676d2:	7ff00713          	li	a4,2047
840676d6:	f6d756e3          	bge	a4,a3,84067642 <hid_express_gaming_generate_kb_std_xy_reports_1R1T+0x66>
840676da:	80100613          	li	a2,-2047
840676de:	4585                	li	a1,1
840676e0:	c03e                	sw	a5,0(sp)
840676e2:	25e5                	jal	84067dca <hid_express_generate_value_candidate_1R1T_concurrent>
840676e4:	4782                	lw	a5,0(sp)
840676e6:	0f046413          	or	s0,s0,240
840676ea:	007f06b7          	lui	a3,0x7f0
840676ee:	00004317          	auipc	t1,0x4
840676f2:	bde30313          	add	t1,t1,-1058 # 8406b2cc <sn_num>
840676f6:	4705                	li	a4,1
840676f8:	00004617          	auipc	a2,0x4
840676fc:	bce62423          	sw	a4,-1080(a2) # 8406b2c0 <last_xy_over_12bits>
84067700:	bfb1                	j	8406765c <hid_express_gaming_generate_kb_std_xy_reports_1R1T+0x80>
84067702:	cc5ff06f          	j	840673c6 <hid_express_gaming_buffer_full_update_report>
84067706:	6605                	lui	a2,0x1
84067708:	80060613          	add	a2,a2,-2048 # 800 <_system_stack_len+0x400>
8406770c:	4585                	li	a1,1
8406770e:	c03e                	sw	a5,0(sp)
84067710:	2d6d                	jal	84067dca <hid_express_generate_value_candidate_1R1T_concurrent>
84067712:	4782                	lw	a5,0(sp)
84067714:	4421                	li	s0,8
84067716:	4481                	li	s1,0
84067718:	00004317          	auipc	t1,0x4
8406771c:	bb430313          	add	t1,t1,-1100 # 8406b2cc <sn_num>
84067720:	bf79                	j	840676be <hid_express_gaming_generate_kb_std_xy_reports_1R1T+0xe2>
84067722:	6605                	lui	a2,0x1
84067724:	80060613          	add	a2,a2,-2048 # 800 <_system_stack_len+0x400>
84067728:	4585                	li	a1,1
8406772a:	c03e                	sw	a5,0(sp)
8406772c:	2d79                	jal	84067dca <hid_express_generate_value_candidate_1R1T_concurrent>
8406772e:	4782                	lw	a5,0(sp)
84067730:	008006b7          	lui	a3,0x800
84067734:	00004317          	auipc	t1,0x4
84067738:	b9830313          	add	t1,t1,-1128 # 8406b2cc <sn_num>
8406773c:	bf6d                	j	840676f6 <hid_express_gaming_generate_kb_std_xy_reports_1R1T+0x11a>

8406773e <hid_express_gaming_generate_kb_consumer_xy_reports_1R1T>:
8406773e:	00004717          	auipc	a4,0x4
84067742:	b7e72703          	lw	a4,-1154(a4) # 8406b2bc <reliable_tx_ptr>
84067746:	10070b63          	beqz	a4,8406785c <hid_express_gaming_generate_kb_consumer_xy_reports_1R1T+0x11e>
8406774a:	00004317          	auipc	t1,0x4
8406774e:	b8230313          	add	t1,t1,-1150 # 8406b2cc <sn_num>
84067752:	00032703          	lw	a4,0(t1)
84067756:	1141                	add	sp,sp,-16
84067758:	87aa                	mv	a5,a0
8406775a:	00004517          	auipc	a0,0x4
8406775e:	b6e52503          	lw	a0,-1170(a0) # 8406b2c8 <g_vCtrl_x>
84067762:	0705                	add	a4,a4,1
84067764:	c226                	sw	s1,4(sp)
84067766:	4144                	lw	s1,4(a0)
84067768:	00e32023          	sw	a4,0(t1)
8406776c:	00004717          	auipc	a4,0x4
84067770:	b4072a23          	sw	zero,-1196(a4) # 8406b2c0 <last_xy_over_12bits>
84067774:	c606                	sw	ra,12(sp)
84067776:	c422                	sw	s0,8(sp)
84067778:	7ff00713          	li	a4,2047
8406777c:	08974163          	blt	a4,s1,840677fe <hid_express_gaming_generate_kb_consumer_xy_reports_1R1T+0xc0>
84067780:	80000713          	li	a4,-2048
84067784:	0ce4ce63          	blt	s1,a4,84067860 <hid_express_gaming_generate_kb_consumer_xy_reports_1R1T+0x122>
84067788:	00004517          	auipc	a0,0x4
8406778c:	b3c52503          	lw	a0,-1220(a0) # 8406b2c4 <g_vCtrl_y>
84067790:	4158                	lw	a4,4(a0)
84067792:	4084d413          	sra	s0,s1,0x8
84067796:	7ff00693          	li	a3,2047
8406779a:	0ff4f493          	zext.b	s1,s1
8406779e:	883d                	and	s0,s0,15
840677a0:	08e6ca63          	blt	a3,a4,84067834 <hid_express_gaming_generate_kb_consumer_xy_reports_1R1T+0xf6>
840677a4:	80000693          	li	a3,-2048
840677a8:	0cd74a63          	blt	a4,a3,8406787c <hid_express_gaming_generate_kb_consumer_xy_reports_1R1T+0x13e>
840677ac:	00471693          	sll	a3,a4,0x4
840677b0:	0ff6f693          	zext.b	a3,a3
840677b4:	0732                	sll	a4,a4,0xc
840677b6:	8c55                	or	s0,s0,a3
840677b8:	00ff06b7          	lui	a3,0xff0
840677bc:	8ef9                	and	a3,a3,a4
840677be:	53d8                	lw	a4,36(a5)
840677c0:	00034583          	lbu	a1,0(t1)
840677c4:	6641                	lui	a2,0x10
840677c6:	00871793          	sll	a5,a4,0x8
840677ca:	f0060613          	add	a2,a2,-256 # ff00 <__fp_pattern_ram_total+0x8500>
840677ce:	8ff1                	and	a5,a5,a2
840677d0:	0722                	sll	a4,a4,0x8
840677d2:	00ff0637          	lui	a2,0xff0
840677d6:	8cd5                	or	s1,s1,a3
840677d8:	8fcd                	or	a5,a5,a1
840677da:	8f71                	and	a4,a4,a2
840677dc:	0422                	sll	s0,s0,0x8
840677de:	00004697          	auipc	a3,0x4
840677e2:	dce68693          	add	a3,a3,-562 # 8406b5ac <outgoing_report>
840677e6:	8c45                	or	s0,s0,s1
840677e8:	8fd9                	or	a5,a5,a4
840677ea:	c29c                	sw	a5,0(a3)
840677ec:	c2c0                	sw	s0,4(a3)
840677ee:	40b2                	lw	ra,12(sp)
840677f0:	4422                	lw	s0,8(sp)
840677f2:	4795                	li	a5,5
840677f4:	00f68423          	sb	a5,8(a3)
840677f8:	4492                	lw	s1,4(sp)
840677fa:	0141                	add	sp,sp,16
840677fc:	8082                	ret
840677fe:	80100613          	li	a2,-2047
84067802:	4585                	li	a1,1
84067804:	c03e                	sw	a5,0(sp)
84067806:	23d1                	jal	84067dca <hid_express_generate_value_candidate_1R1T_concurrent>
84067808:	4782                	lw	a5,0(sp)
8406780a:	441d                	li	s0,7
8406780c:	0ff00493          	li	s1,255
84067810:	00004317          	auipc	t1,0x4
84067814:	abc30313          	add	t1,t1,-1348 # 8406b2cc <sn_num>
84067818:	4705                	li	a4,1
8406781a:	00004517          	auipc	a0,0x4
8406781e:	aaa52503          	lw	a0,-1366(a0) # 8406b2c4 <g_vCtrl_y>
84067822:	00004697          	auipc	a3,0x4
84067826:	a8e6af23          	sw	a4,-1378(a3) # 8406b2c0 <last_xy_over_12bits>
8406782a:	4158                	lw	a4,4(a0)
8406782c:	7ff00693          	li	a3,2047
84067830:	f6e6dae3          	bge	a3,a4,840677a4 <hid_express_gaming_generate_kb_consumer_xy_reports_1R1T+0x66>
84067834:	80100613          	li	a2,-2047
84067838:	4585                	li	a1,1
8406783a:	c03e                	sw	a5,0(sp)
8406783c:	2379                	jal	84067dca <hid_express_generate_value_candidate_1R1T_concurrent>
8406783e:	4782                	lw	a5,0(sp)
84067840:	0f046413          	or	s0,s0,240
84067844:	007f06b7          	lui	a3,0x7f0
84067848:	00004317          	auipc	t1,0x4
8406784c:	a8430313          	add	t1,t1,-1404 # 8406b2cc <sn_num>
84067850:	4705                	li	a4,1
84067852:	00004617          	auipc	a2,0x4
84067856:	a6e62723          	sw	a4,-1426(a2) # 8406b2c0 <last_xy_over_12bits>
8406785a:	b795                	j	840677be <hid_express_gaming_generate_kb_consumer_xy_reports_1R1T+0x80>
8406785c:	b6bff06f          	j	840673c6 <hid_express_gaming_buffer_full_update_report>
84067860:	6605                	lui	a2,0x1
84067862:	80060613          	add	a2,a2,-2048 # 800 <_system_stack_len+0x400>
84067866:	4585                	li	a1,1
84067868:	c03e                	sw	a5,0(sp)
8406786a:	2385                	jal	84067dca <hid_express_generate_value_candidate_1R1T_concurrent>
8406786c:	4782                	lw	a5,0(sp)
8406786e:	4421                	li	s0,8
84067870:	4481                	li	s1,0
84067872:	00004317          	auipc	t1,0x4
84067876:	a5a30313          	add	t1,t1,-1446 # 8406b2cc <sn_num>
8406787a:	bf79                	j	84067818 <hid_express_gaming_generate_kb_consumer_xy_reports_1R1T+0xda>
8406787c:	6605                	lui	a2,0x1
8406787e:	80060613          	add	a2,a2,-2048 # 800 <_system_stack_len+0x400>
84067882:	4585                	li	a1,1
84067884:	c03e                	sw	a5,0(sp)
84067886:	2391                	jal	84067dca <hid_express_generate_value_candidate_1R1T_concurrent>
84067888:	4782                	lw	a5,0(sp)
8406788a:	008006b7          	lui	a3,0x800
8406788e:	00004317          	auipc	t1,0x4
84067892:	a3e30313          	add	t1,t1,-1474 # 8406b2cc <sn_num>
84067896:	bf6d                	j	84067850 <hid_express_gaming_generate_kb_consumer_xy_reports_1R1T+0x112>

84067898 <hid_express_2_4G_x_y_data_prepare>:
84067898:	1141                	add	sp,sp,-16
8406789a:	00004797          	auipc	a5,0x4
8406789e:	8ee7a783          	lw	a5,-1810(a5) # 8406b188 <last_report_id>
840678a2:	c422                	sw	s0,8(sp)
840678a4:	c606                	sw	ra,12(sp)
840678a6:	17dd                	add	a5,a5,-9
840678a8:	4705                	li	a4,1
840678aa:	842a                	mv	s0,a0
840678ac:	02f77a63          	bgeu	a4,a5,840678e0 <hid_express_2_4G_x_y_data_prepare+0x48>
840678b0:	00004797          	auipc	a5,0x4
840678b4:	a107a783          	lw	a5,-1520(a5) # 8406b2c0 <last_xy_over_12bits>
840678b8:	e785                	bnez	a5,840678e0 <hid_express_2_4G_x_y_data_prepare+0x48>
840678ba:	4410                	lw	a2,8(s0)
840678bc:	00004517          	auipc	a0,0x4
840678c0:	a0c52503          	lw	a0,-1524(a0) # 8406b2c8 <g_vCtrl_x>
840678c4:	c02e                	sw	a1,0(sp)
840678c6:	2311                	jal	84067dca <hid_express_generate_value_candidate_1R1T_concurrent>
840678c8:	4450                	lw	a2,12(s0)
840678ca:	4582                	lw	a1,0(sp)
840678cc:	00004517          	auipc	a0,0x4
840678d0:	9f852503          	lw	a0,-1544(a0) # 8406b2c4 <g_vCtrl_y>
840678d4:	29dd                	jal	84067dca <hid_express_generate_value_candidate_1R1T_concurrent>
840678d6:	40b2                	lw	ra,12(sp)
840678d8:	4422                	lw	s0,8(sp)
840678da:	4501                	li	a0,0
840678dc:	0141                	add	sp,sp,16
840678de:	8082                	ret
840678e0:	4585                	li	a1,1
840678e2:	bfe1                	j	840678ba <hid_express_2_4G_x_y_data_prepare+0x22>

840678e4 <hid_express_gaming_submit_report_to_pka>:
840678e4:	00004717          	auipc	a4,0x4
840678e8:	cc870713          	add	a4,a4,-824 # 8406b5ac <outgoing_report>
840678ec:	00004797          	auipc	a5,0x4
840678f0:	9d07a783          	lw	a5,-1584(a5) # 8406b2bc <reliable_tx_ptr>
840678f4:	430c                	lw	a1,0(a4)
840678f6:	4350                	lw	a2,4(a4)
840678f8:	00874683          	lbu	a3,8(a4)
840678fc:	cb99                	beqz	a5,84067912 <hid_express_gaming_submit_report_to_pka+0x2e>
840678fe:	4725                	li	a4,9
84067900:	cbcc                	sw	a1,20(a5)
84067902:	cf90                	sw	a2,24(a5)
84067904:	00d78e23          	sb	a3,28(a5)
84067908:	00e79123          	sh	a4,2(a5)
8406790c:	00e79723          	sh	a4,14(a5)
84067910:	8082                	ret
84067912:	00004797          	auipc	a5,0x4
84067916:	9a67a783          	lw	a5,-1626(a5) # 8406b2b8 <reliable_tx_ptr_previous>
8406791a:	4725                	li	a4,9
8406791c:	cbcc                	sw	a1,20(a5)
8406791e:	cf90                	sw	a2,24(a5)
84067920:	00d78e23          	sb	a3,28(a5)
84067924:	00e79123          	sh	a4,2(a5)
84067928:	00e79723          	sh	a4,14(a5)
8406792c:	8082                	ret

8406792e <hid_express_gaming_generate_kb_consumer_reports_1R1T>:
8406792e:	00004797          	auipc	a5,0x4
84067932:	98e7a783          	lw	a5,-1650(a5) # 8406b2bc <reliable_tx_ptr>
84067936:	cba1                	beqz	a5,84067986 <hid_express_gaming_generate_kb_consumer_reports_1R1T+0x58>
84067938:	5158                	lw	a4,36(a0)
8406793a:	00004517          	auipc	a0,0x4
8406793e:	99250513          	add	a0,a0,-1646 # 8406b2cc <sn_num>
84067942:	4114                	lw	a3,0(a0)
84067944:	65c1                	lui	a1,0x10
84067946:	00871793          	sll	a5,a4,0x8
8406794a:	f0058593          	add	a1,a1,-256 # ff00 <__fp_pattern_ram_total+0x8500>
8406794e:	01075613          	srl	a2,a4,0x10
84067952:	0685                	add	a3,a3,1 # 800001 <__fp_pattern_ram_total+0x7f8601>
84067954:	8fed                	and	a5,a5,a1
84067956:	0662                	sll	a2,a2,0x18
84067958:	8fd1                	or	a5,a5,a2
8406795a:	0ff6f313          	zext.b	t1,a3
8406795e:	00871593          	sll	a1,a4,0x8
84067962:	0067e7b3          	or	a5,a5,t1
84067966:	00ff0337          	lui	t1,0xff0
8406796a:	0065f5b3          	and	a1,a1,t1
8406796e:	00004617          	auipc	a2,0x4
84067972:	c3e60613          	add	a2,a2,-962 # 8406b5ac <outgoing_report>
84067976:	8fcd                	or	a5,a5,a1
84067978:	8361                	srl	a4,a4,0x18
8406797a:	c258                	sw	a4,4(a2)
8406797c:	c21c                	sw	a5,0(a2)
8406797e:	47a9                	li	a5,10
84067980:	c114                	sw	a3,0(a0)
84067982:	00f603a3          	sb	a5,7(a2)
84067986:	8082                	ret

84067988 <hid_express_gaming_generate_kb_std_reports_1R1T>:
84067988:	00004797          	auipc	a5,0x4
8406798c:	9347a783          	lw	a5,-1740(a5) # 8406b2bc <reliable_tx_ptr>
84067990:	cf99                	beqz	a5,840679ae <hid_express_gaming_generate_kb_std_reports_1R1T+0x26>
84067992:	00004717          	auipc	a4,0x4
84067996:	93a70713          	add	a4,a4,-1734 # 8406b2cc <sn_num>
8406799a:	431c                	lw	a5,0(a4)
8406799c:	00003617          	auipc	a2,0x3
840679a0:	7e862603          	lw	a2,2024(a2) # 8406b184 <rr_idx_2_4g>
840679a4:	4699                	li	a3,6
840679a6:	0785                	add	a5,a5,1
840679a8:	c31c                	sw	a5,0(a4)
840679aa:	00d60363          	beq	a2,a3,840679b0 <hid_express_gaming_generate_kb_std_reports_1R1T+0x28>
840679ae:	8082                	ret
840679b0:	4d50                	lw	a2,28(a0)
840679b2:	5114                	lw	a3,32(a0)
840679b4:	62c1                	lui	t0,0x10
840679b6:	12fd                	add	t0,t0,-1 # ffff <__fp_pattern_ram_total+0x85ff>
840679b8:	00861593          	sll	a1,a2,0x8
840679bc:	01065313          	srl	t1,a2,0x10
840679c0:	0362                	sll	t1,t1,0x18
840679c2:	00869713          	sll	a4,a3,0x8
840679c6:	0055f5b3          	and	a1,a1,t0
840679ca:	00ff0537          	lui	a0,0xff0
840679ce:	0065e5b3          	or	a1,a1,t1
840679d2:	0ff7f793          	zext.b	a5,a5
840679d6:	00861313          	sll	t1,a2,0x8
840679da:	00577733          	and	a4,a4,t0
840679de:	8261                	srl	a2,a2,0x18
840679e0:	06a2                	sll	a3,a3,0x8
840679e2:	8ddd                	or	a1,a1,a5
840679e4:	8ee9                	and	a3,a3,a0
840679e6:	00c767b3          	or	a5,a4,a2
840679ea:	8fd5                	or	a5,a5,a3
840679ec:	00004617          	auipc	a2,0x4
840679f0:	bc060613          	add	a2,a2,-1088 # 8406b5ac <outgoing_report>
840679f4:	00a37333          	and	t1,t1,a0
840679f8:	0065e733          	or	a4,a1,t1
840679fc:	c25c                	sw	a5,4(a2)
840679fe:	47a5                	li	a5,9
84067a00:	c218                	sw	a4,0(a2)
84067a02:	00f60423          	sb	a5,8(a2)
84067a06:	8082                	ret

84067a08 <hid_express_gaming_data_send>:
84067a08:	1141                	add	sp,sp,-16
84067a0a:	c422                	sw	s0,8(sp)
84067a0c:	c606                	sw	ra,12(sp)
84067a0e:	c226                	sw	s1,4(sp)
84067a10:	c02a                	sw	a0,0(sp)
84067a12:	842e                	mv	s0,a1
84067a14:	287000ef          	jal	8406849a <riscv_hid_report_id_select>
84067a18:	fff50793          	add	a5,a0,-1 # feffff <__fp_pattern_ram_total+0xfe85ff>
84067a1c:	4725                	li	a4,9
84067a1e:	04f76b63          	bltu	a4,a5,84067a74 <hid_express_gaming_data_send+0x6c>
84067a22:	00003717          	auipc	a4,0x3
84067a26:	55670713          	add	a4,a4,1366 # 8406af78 <ccni_callback+0x80>
84067a2a:	078a                	sll	a5,a5,0x2
84067a2c:	97ba                	add	a5,a5,a4
84067a2e:	439c                	lw	a5,0(a5)
84067a30:	84aa                	mv	s1,a0
84067a32:	97ba                	add	a5,a5,a4
84067a34:	8782                	jr	a5
84067a36:	4502                	lw	a0,0(sp)
84067a38:	ba5ff0ef          	jal	840675dc <hid_express_gaming_generate_kb_std_xy_reports_1R1T>
84067a3c:	ea9ff0ef          	jal	840678e4 <hid_express_gaming_submit_report_to_pka>
84067a40:	00004797          	auipc	a5,0x4
84067a44:	87c7a783          	lw	a5,-1924(a5) # 8406b2bc <reliable_tx_ptr>
84067a48:	c789                	beqz	a5,84067a52 <hid_express_gaming_data_send+0x4a>
84067a4a:	00004717          	auipc	a4,0x4
84067a4e:	86f72723          	sw	a5,-1938(a4) # 8406b2b8 <reliable_tx_ptr_previous>
84067a52:	00003797          	auipc	a5,0x3
84067a56:	73678793          	add	a5,a5,1846 # 8406b188 <last_report_id>
84067a5a:	c384                	sw	s1,0(a5)
84067a5c:	00004717          	auipc	a4,0x4
84067a60:	86472703          	lw	a4,-1948(a4) # 8406b2c0 <last_xy_over_12bits>
84067a64:	cb01                	beqz	a4,84067a74 <hid_express_gaming_data_send+0x6c>
84067a66:	4725                	li	a4,9
84067a68:	c398                	sw	a4,0(a5)
84067a6a:	e409                	bnez	s0,84067a74 <hid_express_gaming_data_send+0x6c>
84067a6c:	00004797          	auipc	a5,0x4
84067a70:	8407aa23          	sw	zero,-1964(a5) # 8406b2c0 <last_xy_over_12bits>
84067a74:	40b2                	lw	ra,12(sp)
84067a76:	4422                	lw	s0,8(sp)
84067a78:	4492                	lw	s1,4(sp)
84067a7a:	4501                	li	a0,0
84067a7c:	0141                	add	sp,sp,16
84067a7e:	8082                	ret
84067a80:	4502                	lw	a0,0(sp)
84067a82:	cbdff0ef          	jal	8406773e <hid_express_gaming_generate_kb_consumer_xy_reports_1R1T>
84067a86:	bf5d                	j	84067a3c <hid_express_gaming_data_send+0x34>
84067a88:	4502                	lw	a0,0(sp)
84067a8a:	ea5ff0ef          	jal	8406792e <hid_express_gaming_generate_kb_consumer_reports_1R1T>
84067a8e:	b77d                	j	84067a3c <hid_express_gaming_data_send+0x34>
84067a90:	4502                	lw	a0,0(sp)
84067a92:	3ddd                	jal	84067988 <hid_express_gaming_generate_kb_std_reports_1R1T>
84067a94:	b765                	j	84067a3c <hid_express_gaming_data_send+0x34>
84067a96:	4502                	lw	a0,0(sp)
84067a98:	ac3ff0ef          	jal	8406755a <hid_express_gaming_generate_reports_1R1T_12bits>
84067a9c:	b745                	j	84067a3c <hid_express_gaming_data_send+0x34>

84067a9e <hid_express_gaming_init>:
84067a9e:	00004597          	auipc	a1,0x4
84067aa2:	82658593          	add	a1,a1,-2010 # 8406b2c4 <g_vCtrl_y>
84067aa6:	00004517          	auipc	a0,0x4
84067aaa:	82250513          	add	a0,a0,-2014 # 8406b2c8 <g_vCtrl_x>
84067aae:	ae99                	j	84067e04 <hid_express_x_y_buf_init>

84067ab0 <hid_express_2_4g_post_process>:
84067ab0:	8082                	ret

84067ab2 <hid_express_usb_mode_send_report_to_CM33>:
84067ab2:	4581                	li	a1,0
84067ab4:	02010537          	lui	a0,0x2010
84067ab8:	963fe06f          	j	8406641a <hal_ccni_set_event>

84067abc <hid_express_usb_mode_generate_kb_consumer_reports>:
84067abc:	5158                	lw	a4,36(a0)
84067abe:	6785                	lui	a5,0x1
84067ac0:	00003697          	auipc	a3,0x3
84067ac4:	6bc6a683          	lw	a3,1724(a3) # 8406b17c <hid_common>
84067ac8:	6641                	lui	a2,0x10
84067aca:	96be                	add	a3,a3,a5
84067acc:	f0060613          	add	a2,a2,-256 # ff00 <__fp_pattern_ram_total+0x8500>
84067ad0:	00871793          	sll	a5,a4,0x8
84067ad4:	8ff1                	and	a5,a5,a2
84067ad6:	01075613          	srl	a2,a4,0x10
84067ada:	0662                	sll	a2,a2,0x18
84067adc:	8fd1                	or	a5,a5,a2
84067ade:	0722                	sll	a4,a4,0x8
84067ae0:	00ff0637          	lui	a2,0xff0
84067ae4:	8f71                	and	a4,a4,a2
84067ae6:	8fd9                	or	a5,a5,a4
84067ae8:	00a7e793          	or	a5,a5,10
84067aec:	6ef6a123          	sw	a5,1762(a3)
84067af0:	02754783          	lbu	a5,39(a0) # 2010027 <__fp_pattern_ram_total+0x2008627>
84067af4:	6ef6a323          	sw	a5,1766(a3)
84067af8:	8082                	ret

84067afa <hid_express_usb_mode_generate_kb_std_reports>:
84067afa:	4d58                	lw	a4,28(a0)
84067afc:	6785                	lui	a5,0x1
84067afe:	00003697          	auipc	a3,0x3
84067b02:	67e6a683          	lw	a3,1662(a3) # 8406b17c <hid_common>
84067b06:	6641                	lui	a2,0x10
84067b08:	96be                	add	a3,a3,a5
84067b0a:	167d                	add	a2,a2,-1 # ffff <__fp_pattern_ram_total+0x85ff>
84067b0c:	00871793          	sll	a5,a4,0x8
84067b10:	01075593          	srl	a1,a4,0x10
84067b14:	8ff1                	and	a5,a5,a2
84067b16:	05e2                	sll	a1,a1,0x18
84067b18:	8fcd                	or	a5,a5,a1
84067b1a:	0722                	sll	a4,a4,0x8
84067b1c:	00ff05b7          	lui	a1,0xff0
84067b20:	8f6d                	and	a4,a4,a1
84067b22:	8fd9                	or	a5,a5,a4
84067b24:	0097e793          	or	a5,a5,9
84067b28:	6ef6a123          	sw	a5,1762(a3)
84067b2c:	511c                	lw	a5,32(a0)
84067b2e:	01f54703          	lbu	a4,31(a0)
84067b32:	00879513          	sll	a0,a5,0x8
84067b36:	8e69                	and	a2,a2,a0
84067b38:	8f51                	or	a4,a4,a2
84067b3a:	00b577b3          	and	a5,a0,a1
84067b3e:	8fd9                	or	a5,a5,a4
84067b40:	6ef6a323          	sw	a5,1766(a3)
84067b44:	8082                	ret

84067b46 <hid_express_usb_mode_generate_12bits_reports>:
84067b46:	0015f713          	and	a4,a1,1
84067b4a:	070a                	sll	a4,a4,0x2
84067b4c:	00003797          	auipc	a5,0x3
84067b50:	7887a783          	lw	a5,1928(a5) # 8406b2d4 <usb_vCtrl_x>
84067b54:	97ba                	add	a5,a5,a4
84067b56:	43d0                	lw	a2,4(a5)
84067b58:	00003697          	auipc	a3,0x3
84067b5c:	6246a683          	lw	a3,1572(a3) # 8406b17c <hid_common>
84067b60:	6785                	lui	a5,0x1
84067b62:	00452303          	lw	t1,4(a0)
84067b66:	96be                	add	a3,a3,a5
84067b68:	00ff05b7          	lui	a1,0xff0
84067b6c:	01061793          	sll	a5,a2,0x10
84067b70:	8621                	sra	a2,a2,0x8
84067b72:	8fed                	and	a5,a5,a1
84067b74:	0662                	sll	a2,a2,0x18
84067b76:	8fd1                	or	a5,a5,a2
84067b78:	6641                	lui	a2,0x10
84067b7a:	167d                	add	a2,a2,-1 # ffff <__fp_pattern_ram_total+0x85ff>
84067b7c:	0322                	sll	t1,t1,0x8
84067b7e:	00c37333          	and	t1,t1,a2
84067b82:	0067e7b3          	or	a5,a5,t1
84067b86:	0027e793          	or	a5,a5,2
84067b8a:	6ef6a123          	sw	a5,1762(a3)
84067b8e:	491c                	lw	a5,16(a0)
84067b90:	07c2                	sll	a5,a5,0x10
84067b92:	8fed                	and	a5,a5,a1
84067b94:	494c                	lw	a1,20(a0)
84067b96:	05e2                	sll	a1,a1,0x18
84067b98:	8fcd                	or	a5,a5,a1
84067b9a:	00003597          	auipc	a1,0x3
84067b9e:	7365a583          	lw	a1,1846(a1) # 8406b2d0 <usb_vCtrl_y>
84067ba2:	972e                	add	a4,a4,a1
84067ba4:	4358                	lw	a4,4(a4)
84067ba6:	8f71                	and	a4,a4,a2
84067ba8:	8fd9                	or	a5,a5,a4
84067baa:	6ef6a323          	sw	a5,1766(a3)
84067bae:	8082                	ret

84067bb0 <hid_express_usb_mode_generate_kb_std_xy_reports>:
84067bb0:	4d58                	lw	a4,28(a0)
84067bb2:	6785                	lui	a5,0x1
84067bb4:	00003697          	auipc	a3,0x3
84067bb8:	5c86a683          	lw	a3,1480(a3) # 8406b17c <hid_common>
84067bbc:	6641                	lui	a2,0x10
84067bbe:	96be                	add	a3,a3,a5
84067bc0:	167d                	add	a2,a2,-1 # ffff <__fp_pattern_ram_total+0x85ff>
84067bc2:	00871793          	sll	a5,a4,0x8
84067bc6:	01075513          	srl	a0,a4,0x10
84067bca:	0562                	sll	a0,a0,0x18
84067bcc:	8ff1                	and	a5,a5,a2
84067bce:	8fc9                	or	a5,a5,a0
84067bd0:	0722                	sll	a4,a4,0x8
84067bd2:	00ff0537          	lui	a0,0xff0
84067bd6:	8f69                	and	a4,a4,a0
84067bd8:	8fd9                	or	a5,a5,a4
84067bda:	0017e793          	or	a5,a5,1
84067bde:	8985                	and	a1,a1,1
84067be0:	6ef6a123          	sw	a5,1762(a3)
84067be4:	058a                	sll	a1,a1,0x2
84067be6:	00003797          	auipc	a5,0x3
84067bea:	6ea7a783          	lw	a5,1770(a5) # 8406b2d0 <usb_vCtrl_y>
84067bee:	97ae                	add	a5,a5,a1
84067bf0:	43d8                	lw	a4,4(a5)
84067bf2:	01071793          	sll	a5,a4,0x10
84067bf6:	8721                	sra	a4,a4,0x8
84067bf8:	0762                	sll	a4,a4,0x18
84067bfa:	8fe9                	and	a5,a5,a0
84067bfc:	8fd9                	or	a5,a5,a4
84067bfe:	00003717          	auipc	a4,0x3
84067c02:	6d672703          	lw	a4,1750(a4) # 8406b2d4 <usb_vCtrl_x>
84067c06:	95ba                	add	a1,a1,a4
84067c08:	41d8                	lw	a4,4(a1)
84067c0a:	8f71                	and	a4,a4,a2
84067c0c:	8fd9                	or	a5,a5,a4
84067c0e:	6ef6a323          	sw	a5,1766(a3)
84067c12:	8082                	ret

84067c14 <hid_express_usb_mode_generate_kb_consumer_xy_reports>:
84067c14:	5158                	lw	a4,36(a0)
84067c16:	6785                	lui	a5,0x1
84067c18:	00003697          	auipc	a3,0x3
84067c1c:	5646a683          	lw	a3,1380(a3) # 8406b17c <hid_common>
84067c20:	6641                	lui	a2,0x10
84067c22:	96be                	add	a3,a3,a5
84067c24:	00ff0537          	lui	a0,0xff0
84067c28:	00871793          	sll	a5,a4,0x8
84067c2c:	167d                	add	a2,a2,-1 # ffff <__fp_pattern_ram_total+0x85ff>
84067c2e:	0722                	sll	a4,a4,0x8
84067c30:	8f71                	and	a4,a4,a2
84067c32:	8fe9                	and	a5,a5,a0
84067c34:	8fd9                	or	a5,a5,a4
84067c36:	0057e793          	or	a5,a5,5
84067c3a:	8985                	and	a1,a1,1
84067c3c:	6ef6a123          	sw	a5,1762(a3)
84067c40:	058a                	sll	a1,a1,0x2
84067c42:	00003797          	auipc	a5,0x3
84067c46:	68e7a783          	lw	a5,1678(a5) # 8406b2d0 <usb_vCtrl_y>
84067c4a:	97ae                	add	a5,a5,a1
84067c4c:	43d8                	lw	a4,4(a5)
84067c4e:	01071793          	sll	a5,a4,0x10
84067c52:	8721                	sra	a4,a4,0x8
84067c54:	0762                	sll	a4,a4,0x18
84067c56:	8fe9                	and	a5,a5,a0
84067c58:	8fd9                	or	a5,a5,a4
84067c5a:	00003717          	auipc	a4,0x3
84067c5e:	67a72703          	lw	a4,1658(a4) # 8406b2d4 <usb_vCtrl_x>
84067c62:	972e                	add	a4,a4,a1
84067c64:	4358                	lw	a4,4(a4)
84067c66:	8f71                	and	a4,a4,a2
84067c68:	8fd9                	or	a5,a5,a4
84067c6a:	6ef6a323          	sw	a5,1766(a3)
84067c6e:	8082                	ret

84067c70 <hid_express_usb_last_report_is_kb>:
84067c70:	00003517          	auipc	a0,0x3
84067c74:	51c52503          	lw	a0,1308(a0) # 8406b18c <last_report_id>
84067c78:	155d                	add	a0,a0,-9
84067c7a:	00253513          	sltiu	a0,a0,2
84067c7e:	8082                	ret

84067c80 <hid_express_usb_x_y_data_prepare>:
84067c80:	1151                	add	sp,sp,-12
84067c82:	c222                	sw	s0,4(sp)
84067c84:	c026                	sw	s1,0(sp)
84067c86:	c406                	sw	ra,8(sp)
84067c88:	84aa                	mv	s1,a0
84067c8a:	842e                	mv	s0,a1
84067c8c:	37d5                	jal	84067c70 <hid_express_usb_last_report_is_kb>
84067c8e:	c111                	beqz	a0,84067c92 <hid_express_usb_x_y_data_prepare+0x12>
84067c90:	4405                	li	s0,1
84067c92:	4490                	lw	a2,8(s1)
84067c94:	85a2                	mv	a1,s0
84067c96:	00003517          	auipc	a0,0x3
84067c9a:	63e52503          	lw	a0,1598(a0) # 8406b2d4 <usb_vCtrl_x>
84067c9e:	2a29                	jal	84067db8 <hid_express_generate_value_candidate>
84067ca0:	44d0                	lw	a2,12(s1)
84067ca2:	85a2                	mv	a1,s0
84067ca4:	00003517          	auipc	a0,0x3
84067ca8:	62c52503          	lw	a0,1580(a0) # 8406b2d0 <usb_vCtrl_y>
84067cac:	2231                	jal	84067db8 <hid_express_generate_value_candidate>
84067cae:	40a2                	lw	ra,8(sp)
84067cb0:	4412                	lw	s0,4(sp)
84067cb2:	4482                	lw	s1,0(sp)
84067cb4:	4501                	li	a0,0
84067cb6:	0131                	add	sp,sp,12
84067cb8:	8082                	ret

84067cba <hid_express_usb_delay_for_latency>:
84067cba:	1151                	add	sp,sp,-12
84067cbc:	c222                	sw	s0,4(sp)
84067cbe:	00003417          	auipc	s0,0x3
84067cc2:	4be40413          	add	s0,s0,1214 # 8406b17c <hid_common>
84067cc6:	401c                	lw	a5,0(s0)
84067cc8:	c406                	sw	ra,8(sp)
84067cca:	4779                	li	a4,30
84067ccc:	0547c783          	lbu	a5,84(a5)
84067cd0:	00f76963          	bltu	a4,a5,84067ce2 <hid_express_usb_delay_for_latency+0x28>
84067cd4:	4579                	li	a0,30
84067cd6:	8d1d                	sub	a0,a0,a5
84067cd8:	0ff57513          	zext.b	a0,a0
84067cdc:	c119                	beqz	a0,84067ce2 <hid_express_usb_delay_for_latency+0x28>
84067cde:	674010ef          	jal	84069352 <hal_gpt_delay_us>
84067ce2:	401c                	lw	a5,0(s0)
84067ce4:	40a2                	lw	ra,8(sp)
84067ce6:	4412                	lw	s0,4(sp)
84067ce8:	0407a823          	sw	zero,80(a5)
84067cec:	0131                	add	sp,sp,12
84067cee:	8082                	ret

84067cf0 <hid_express_usb_wakeup_cm33_handler>:
84067cf0:	00003517          	auipc	a0,0x3
84067cf4:	48c52503          	lw	a0,1164(a0) # 8406b17c <hid_common>
84067cf8:	04052823          	sw	zero,80(a0)
84067cfc:	493c                	lw	a5,80(a0)
84067cfe:	e799                	bnez	a5,84067d0c <hid_express_usb_wakeup_cm33_handler+0x1c>
84067d00:	6785                	lui	a5,0x1
84067d02:	6e278793          	add	a5,a5,1762 # 16e2 <_system_stack_len+0x12e2>
84067d06:	953e                	add	a0,a0,a5
84067d08:	dabff06f          	j	84067ab2 <hid_express_usb_mode_send_report_to_CM33>
84067d0c:	8082                	ret

84067d0e <hid_express_usb_data_set_report_ready>:
84067d0e:	00003797          	auipc	a5,0x3
84067d12:	46e7a783          	lw	a5,1134(a5) # 8406b17c <hid_common>
84067d16:	4705                	li	a4,1
84067d18:	cbb8                	sw	a4,80(a5)
84067d1a:	8082                	ret

84067d1c <hid_express_usb_data_send>:
84067d1c:	1131                	add	sp,sp,-20
84067d1e:	c22e                	sw	a1,4(sp)
84067d20:	c036                	sw	a3,0(sp)
84067d22:	c806                	sw	ra,16(sp)
84067d24:	c622                	sw	s0,12(sp)
84067d26:	c426                	sw	s1,8(sp)
84067d28:	84aa                	mv	s1,a0
84067d2a:	2f85                	jal	8406849a <riscv_hid_report_id_select>
84067d2c:	842a                	mv	s0,a0
84067d2e:	3789                	jal	84067c70 <hid_express_usb_last_report_is_kb>
84067d30:	4682                	lw	a3,0(sp)
84067d32:	4592                	lw	a1,4(sp)
84067d34:	c111                	beqz	a0,84067d38 <hid_express_usb_data_send+0x1c>
84067d36:	4585                	li	a1,1
84067d38:	00003797          	auipc	a5,0x3
84067d3c:	4487aa23          	sw	s0,1108(a5) # 8406b18c <last_report_id>
84067d40:	47a5                	li	a5,9
84067d42:	147d                	add	s0,s0,-1
84067d44:	0287e463          	bltu	a5,s0,84067d6c <hid_express_usb_data_send+0x50>
84067d48:	00003717          	auipc	a4,0x3
84067d4c:	25870713          	add	a4,a4,600 # 8406afa0 <ccni_callback+0xa8>
84067d50:	040a                	sll	s0,s0,0x2
84067d52:	943a                	add	s0,s0,a4
84067d54:	401c                	lw	a5,0(s0)
84067d56:	97ba                	add	a5,a5,a4
84067d58:	8782                	jr	a5
84067d5a:	8526                	mv	a0,s1
84067d5c:	e55ff0ef          	jal	84067bb0 <hid_express_usb_mode_generate_kb_std_xy_reports>
84067d60:	00003797          	auipc	a5,0x3
84067d64:	41c7a783          	lw	a5,1052(a5) # 8406b17c <hid_common>
84067d68:	4709                	li	a4,2
84067d6a:	cbb8                	sw	a4,80(a5)
84067d6c:	40c2                	lw	ra,16(sp)
84067d6e:	4432                	lw	s0,12(sp)
84067d70:	44a2                	lw	s1,8(sp)
84067d72:	4501                	li	a0,0
84067d74:	0151                	add	sp,sp,20
84067d76:	8082                	ret
84067d78:	8526                	mv	a0,s1
84067d7a:	e9bff0ef          	jal	84067c14 <hid_express_usb_mode_generate_kb_consumer_xy_reports>
84067d7e:	b7cd                	j	84067d60 <hid_express_usb_data_send+0x44>
84067d80:	8526                	mv	a0,s1
84067d82:	d3bff0ef          	jal	84067abc <hid_express_usb_mode_generate_kb_consumer_reports>
84067d86:	bfe9                	j	84067d60 <hid_express_usb_data_send+0x44>
84067d88:	8526                	mv	a0,s1
84067d8a:	d71ff0ef          	jal	84067afa <hid_express_usb_mode_generate_kb_std_reports>
84067d8e:	bfc9                	j	84067d60 <hid_express_usb_data_send+0x44>
84067d90:	dae1                	beqz	a3,84067d60 <hid_express_usb_data_send+0x44>
84067d92:	8526                	mv	a0,s1
84067d94:	db3ff0ef          	jal	84067b46 <hid_express_usb_mode_generate_12bits_reports>
84067d98:	b7e1                	j	84067d60 <hid_express_usb_data_send+0x44>

84067d9a <hid_express_usb_mode_init>:
84067d9a:	00003797          	auipc	a5,0x3
84067d9e:	3e27a783          	lw	a5,994(a5) # 8406b17c <hid_common>
84067da2:	0407a823          	sw	zero,80(a5)
84067da6:	00003597          	auipc	a1,0x3
84067daa:	52a58593          	add	a1,a1,1322 # 8406b2d0 <usb_vCtrl_y>
84067dae:	00003517          	auipc	a0,0x3
84067db2:	52650513          	add	a0,a0,1318 # 8406b2d4 <usb_vCtrl_x>
84067db6:	a0b9                	j	84067e04 <hid_express_x_y_buf_init>

84067db8 <hid_express_generate_value_candidate>:
84067db8:	411c                	lw	a5,0(a0)
84067dba:	058a                	sll	a1,a1,0x2
84067dbc:	c150                	sw	a2,4(a0)
84067dbe:	97b2                	add	a5,a5,a2
84067dc0:	c51c                	sw	a5,8(a0)
84067dc2:	95aa                	add	a1,a1,a0
84067dc4:	41dc                	lw	a5,4(a1)
84067dc6:	c11c                	sw	a5,0(a0)
84067dc8:	8082                	ret

84067dca <hid_express_generate_value_candidate_1R1T_concurrent>:
84067dca:	00259793          	sll	a5,a1,0x2
84067dce:	97aa                	add	a5,a5,a0
84067dd0:	43dc                	lw	a5,4(a5)
84067dd2:	c11c                	sw	a5,0(a0)
84067dd4:	c199                	beqz	a1,84067dda <hid_express_generate_value_candidate_1R1T_concurrent+0x10>
84067dd6:	4158                	lw	a4,4(a0)
84067dd8:	963a                	add	a2,a2,a4
84067dda:	c150                	sw	a2,4(a0)
84067ddc:	c51c                	sw	a5,8(a0)
84067dde:	8082                	ret

84067de0 <hid_express_x_y_buf_has_data>:
84067de0:	00003797          	auipc	a5,0x3
84067de4:	7e878793          	add	a5,a5,2024 # 8406b5c8 <vCtrl_x>
84067de8:	43c8                	lw	a0,4(a5)
84067dea:	479c                	lw	a5,8(a5)
84067dec:	8d5d                	or	a0,a0,a5
84067dee:	00003797          	auipc	a5,0x3
84067df2:	7ca78793          	add	a5,a5,1994 # 8406b5b8 <vCtrl_y>
84067df6:	43d8                	lw	a4,4(a5)
84067df8:	479c                	lw	a5,8(a5)
84067dfa:	8d59                	or	a0,a0,a4
84067dfc:	8d5d                	or	a0,a0,a5
84067dfe:	00a03533          	snez	a0,a0
84067e02:	8082                	ret

84067e04 <hid_express_x_y_buf_init>:
84067e04:	1151                	add	sp,sp,-12
84067e06:	c222                	sw	s0,4(sp)
84067e08:	c406                	sw	ra,8(sp)
84067e0a:	00003797          	auipc	a5,0x3
84067e0e:	7be78793          	add	a5,a5,1982 # 8406b5c8 <vCtrl_x>
84067e12:	c11c                	sw	a5,0(a0)
84067e14:	00003417          	auipc	s0,0x3
84067e18:	7a440413          	add	s0,s0,1956 # 8406b5b8 <vCtrl_y>
84067e1c:	c180                	sw	s0,0(a1)
84067e1e:	4641                	li	a2,16
84067e20:	4581                	li	a1,0
84067e22:	853e                	mv	a0,a5
84067e24:	d42fc0ef          	jal	84064366 <memset>
84067e28:	8522                	mv	a0,s0
84067e2a:	4412                	lw	s0,4(sp)
84067e2c:	40a2                	lw	ra,8(sp)
84067e2e:	4641                	li	a2,16
84067e30:	4581                	li	a1,0
84067e32:	0131                	add	sp,sp,12
84067e34:	d32fc06f          	j	84064366 <memset>

84067e38 <is_queue_full>:
84067e38:	09c52783          	lw	a5,156(a0)
84067e3c:	0a052703          	lw	a4,160(a0)
84067e40:	0785                	add	a5,a5,1
84067e42:	8b9d                	and	a5,a5,7
84067e44:	40e78533          	sub	a0,a5,a4
84067e48:	00153513          	seqz	a0,a0
84067e4c:	8082                	ret

84067e4e <is_key_expired>:
84067e4e:	1141                	add	sp,sp,-16
84067e50:	860a                	mv	a2,sp
84067e52:	c606                	sw	ra,12(sp)
84067e54:	c002                	sw	zero,0(sp)
84067e56:	4ee010ef          	jal	84069344 <hal_gpt_get_duration_count>
84067e5a:	4502                	lw	a0,0(sp)
84067e5c:	40b2                	lw	ra,12(sp)
84067e5e:	001e87b7          	lui	a5,0x1e8
84067e62:	48078793          	add	a5,a5,1152 # 1e8480 <__fp_pattern_ram_total+0x1e0a80>
84067e66:	00a7b533          	sltu	a0,a5,a0
84067e6a:	0141                	add	sp,sp,16
84067e6c:	8082                	ret

84067e6e <get_queue_count>:
84067e6e:	0a052783          	lw	a5,160(a0)
84067e72:	09c52503          	lw	a0,156(a0)
84067e76:	00a7e563          	bltu	a5,a0,84067e80 <get_queue_count+0x12>
84067e7a:	40a78533          	sub	a0,a5,a0
84067e7e:	8082                	ret
84067e80:	07a1                	add	a5,a5,8
84067e82:	bfe5                	j	84067e7a <get_queue_count+0xc>

84067e84 <is_queue_num_2>:
84067e84:	1151                	add	sp,sp,-12
84067e86:	c406                	sw	ra,8(sp)
84067e88:	37dd                	jal	84067e6e <get_queue_count>
84067e8a:	40a2                	lw	ra,8(sp)
84067e8c:	1579                	add	a0,a0,-2
84067e8e:	00153513          	seqz	a0,a0
84067e92:	0131                	add	sp,sp,12
84067e94:	8082                	ret

84067e96 <riscv_key_push_key_info>:
84067e96:	09c52783          	lw	a5,156(a0)
84067e9a:	0785                	add	a5,a5,1
84067e9c:	8b9d                	and	a5,a5,7
84067e9e:	08f52e23          	sw	a5,156(a0)
84067ea2:	0792                	sll	a5,a5,0x4
84067ea4:	953e                	add	a0,a0,a5
84067ea6:	10000793          	li	a5,256
84067eaa:	00f51623          	sh	a5,12(a0)
84067eae:	c110                	sw	a2,0(a0)
84067eb0:	c154                	sw	a3,4(a0)
84067eb2:	00b50723          	sb	a1,14(a0)
84067eb6:	c518                	sw	a4,8(a0)
84067eb8:	8082                	ret

84067eba <init_key_ctrl>:
84067eba:	47fd                	li	a5,31
84067ebc:	08f52023          	sw	a5,128(a0)
84067ec0:	08052e23          	sw	zero,156(a0)
84067ec4:	0a052023          	sw	zero,160(a0)
84067ec8:	08b52223          	sw	a1,132(a0)
84067ecc:	8082                	ret

84067ece <riscv_key_clear_key_pushed>:
84067ece:	47fd                	li	a5,31
84067ed0:	08f52023          	sw	a5,128(a0)
84067ed4:	08052423          	sw	zero,136(a0)
84067ed8:	08052223          	sw	zero,132(a0)
84067edc:	8082                	ret

84067ede <riscv_key_push>:
84067ede:	1141                	add	sp,sp,-16
84067ee0:	c422                	sw	s0,8(sp)
84067ee2:	c226                	sw	s1,4(sp)
84067ee4:	c606                	sw	ra,12(sp)
84067ee6:	842a                	mv	s0,a0
84067ee8:	84ae                	mv	s1,a1
84067eea:	c032                	sw	a2,0(sp)
84067eec:	f4dff0ef          	jal	84067e38 <is_queue_full>
84067ef0:	e949                	bnez	a0,84067f82 <riscv_key_push+0xa4>
84067ef2:	08442683          	lw	a3,132(s0)
84067ef6:	40d0                	lw	a2,4(s1)
84067ef8:	4898                	lw	a4,16(s1)
84067efa:	0ff6f513          	zext.b	a0,a3
84067efe:	48cc                	lw	a1,20(s1)
84067f00:	00c51763          	bne	a0,a2,84067f0e <riscv_key_push+0x30>
84067f04:	00b76333          	or	t1,a4,a1
84067f08:	451d                	li	a0,7
84067f0a:	02030563          	beqz	t1,84067f34 <riscv_key_push+0x56>
84067f0e:	05e2                	sll	a1,a1,0x18
84067f10:	0ff67613          	zext.b	a2,a2
84067f14:	8e4d                	or	a2,a2,a1
84067f16:	0742                	sll	a4,a4,0x10
84067f18:	00ff05b7          	lui	a1,0xff0
84067f1c:	8f6d                	and	a4,a4,a1
84067f1e:	8e59                	or	a2,a2,a4
84067f20:	4702                	lw	a4,0(sp)
84067f22:	08d42423          	sw	a3,136(s0)
84067f26:	8522                	mv	a0,s0
84067f28:	08c42223          	sw	a2,132(s0)
84067f2c:	4681                	li	a3,0
84067f2e:	4581                	li	a1,0
84067f30:	379d                	jal	84067e96 <riscv_key_push_key_info>
84067f32:	4501                	li	a0,0
84067f34:	4cd0                	lw	a2,28(s1)
84067f36:	09042703          	lw	a4,144(s0)
84067f3a:	5094                	lw	a3,32(s1)
84067f3c:	00c71663          	bne	a4,a2,84067f48 <riscv_key_push+0x6a>
84067f40:	09442703          	lw	a4,148(s0)
84067f44:	00d70c63          	beq	a4,a3,84067f5c <riscv_key_push+0x7e>
84067f48:	4702                	lw	a4,0(sp)
84067f4a:	8522                	mv	a0,s0
84067f4c:	08c42823          	sw	a2,144(s0)
84067f50:	08d42a23          	sw	a3,148(s0)
84067f54:	4585                	li	a1,1
84067f56:	f41ff0ef          	jal	84067e96 <riscv_key_push_key_info>
84067f5a:	4501                	li	a0,0
84067f5c:	50d0                	lw	a2,36(s1)
84067f5e:	09842783          	lw	a5,152(s0)
84067f62:	00c78b63          	beq	a5,a2,84067f78 <riscv_key_push+0x9a>
84067f66:	4702                	lw	a4,0(sp)
84067f68:	8522                	mv	a0,s0
84067f6a:	08c42c23          	sw	a2,152(s0)
84067f6e:	4681                	li	a3,0
84067f70:	4589                	li	a1,2
84067f72:	f25ff0ef          	jal	84067e96 <riscv_key_push_key_info>
84067f76:	4501                	li	a0,0
84067f78:	40b2                	lw	ra,12(sp)
84067f7a:	4422                	lw	s0,8(sp)
84067f7c:	4492                	lw	s1,4(sp)
84067f7e:	0141                	add	sp,sp,16
84067f80:	8082                	ret
84067f82:	4515                	li	a0,5
84067f84:	bfd5                	j	84067f78 <riscv_key_push+0x9a>

84067f86 <riscv_key_pop_temperory>:
84067f86:	1131                	add	sp,sp,-20
84067f88:	c426                	sw	s1,8(sp)
84067f8a:	c806                	sw	ra,16(sp)
84067f8c:	84ae                	mv	s1,a1
84067f8e:	c622                	sw	s0,12(sp)
84067f90:	872a                	mv	a4,a0
84067f92:	85b2                	mv	a1,a2
84067f94:	0a072403          	lw	s0,160(a4)
84067f98:	09c72683          	lw	a3,156(a4)
84067f9c:	00869663          	bne	a3,s0,84067fa8 <riscv_key_pop_temperory+0x22>
84067fa0:	4709                	li	a4,2
84067fa2:	c098                	sw	a4,0(s1)
84067fa4:	4511                	li	a0,4
84067fa6:	a08d                	j	84068008 <riscv_key_pop_temperory+0x82>
84067fa8:	0405                	add	s0,s0,1
84067faa:	881d                	and	s0,s0,7
84067fac:	08872623          	sw	s0,140(a4)
84067fb0:	0412                	sll	s0,s0,0x4
84067fb2:	943a                	add	s0,s0,a4
84067fb4:	4408                	lw	a0,8(s0)
84067fb6:	c23a                	sw	a4,4(sp)
84067fb8:	c02e                	sw	a1,0(sp)
84067fba:	e95ff0ef          	jal	84067e4e <is_key_expired>
84067fbe:	cd09                	beqz	a0,84067fd8 <riscv_key_pop_temperory+0x52>
84067fc0:	4712                	lw	a4,4(sp)
84067fc2:	4695                	li	a3,5
84067fc4:	00d406a3          	sb	a3,13(s0)
84067fc8:	0a072683          	lw	a3,160(a4)
84067fcc:	4582                	lw	a1,0(sp)
84067fce:	0685                	add	a3,a3,1
84067fd0:	8a9d                	and	a3,a3,7
84067fd2:	0ad72023          	sw	a3,160(a4)
84067fd6:	bf7d                	j	84067f94 <riscv_key_pop_temperory+0xe>
84067fd8:	00e44703          	lbu	a4,14(s0)
84067fdc:	4685                	li	a3,1
84067fde:	02d70a63          	beq	a4,a3,84068012 <riscv_key_pop_temperory+0x8c>
84067fe2:	4689                	li	a3,2
84067fe4:	04d70363          	beq	a4,a3,8406802a <riscv_key_pop_temperory+0xa4>
84067fe8:	ef19                	bnez	a4,84068006 <riscv_key_pop_temperory+0x80>
84067fea:	4018                	lw	a4,0(s0)
84067fec:	c094                	sw	a3,0(s1)
84067fee:	0ff77613          	zext.b	a2,a4
84067ff2:	c0d0                	sw	a2,4(s1)
84067ff4:	01075613          	srl	a2,a4,0x10
84067ff8:	0ff67613          	zext.b	a2,a2
84067ffc:	8361                	srl	a4,a4,0x18
84067ffe:	c890                	sw	a2,16(s1)
84068000:	c8d8                	sw	a4,20(s1)
84068002:	00d406a3          	sb	a3,13(s0)
84068006:	4501                	li	a0,0
84068008:	40c2                	lw	ra,16(sp)
8406800a:	4432                	lw	s0,12(sp)
8406800c:	44a2                	lw	s1,8(sp)
8406800e:	0151                	add	sp,sp,20
84068010:	8082                	ret
84068012:	4725                	li	a4,9
84068014:	c098                	sw	a4,0(s1)
84068016:	4018                	lw	a4,0(s0)
84068018:	4789                	li	a5,2
8406801a:	0706                	sll	a4,a4,0x1
8406801c:	8305                	srl	a4,a4,0x1
8406801e:	ccd8                	sw	a4,28(s1)
84068020:	4058                	lw	a4,4(s0)
84068022:	d098                	sw	a4,32(s1)
84068024:	00f406a3          	sb	a5,13(s0)
84068028:	bff9                	j	84068006 <riscv_key_pop_temperory+0x80>
8406802a:	46a9                	li	a3,10
8406802c:	c094                	sw	a3,0(s1)
8406802e:	4014                	lw	a3,0(s0)
84068030:	d0d4                	sw	a3,36(s1)
84068032:	00e406a3          	sb	a4,13(s0)
84068036:	bfc1                	j	84068006 <riscv_key_pop_temperory+0x80>

84068038 <riscv_key_pop_confirm>:
84068038:	0a052783          	lw	a5,160(a0)
8406803c:	09c52703          	lw	a4,156(a0)
84068040:	00f70f63          	beq	a4,a5,8406805e <riscv_key_pop_confirm+0x26>
84068044:	08c52703          	lw	a4,140(a0)
84068048:	0712                	sll	a4,a4,0x4
8406804a:	972a                	add	a4,a4,a0
8406804c:	00d74683          	lbu	a3,13(a4)
84068050:	4711                	li	a4,4
84068052:	00e69663          	bne	a3,a4,8406805e <riscv_key_pop_confirm+0x26>
84068056:	0785                	add	a5,a5,1
84068058:	8b9d                	and	a5,a5,7
8406805a:	0af52023          	sw	a5,160(a0)
8406805e:	4501                	li	a0,0
84068060:	8082                	ret

84068062 <riscv_hid_express_key_queue_debug_print>:
84068062:	0a452703          	lw	a4,164(a0)
84068066:	0a052783          	lw	a5,160(a0)
8406806a:	06f70563          	beq	a4,a5,840680d4 <riscv_hid_express_key_queue_debug_print+0x72>
8406806e:	1111                	add	sp,sp,-28
84068070:	00471793          	sll	a5,a4,0x4
84068074:	ca22                	sw	s0,20(sp)
84068076:	cc06                	sw	ra,24(sp)
84068078:	97aa                	add	a5,a5,a0
8406807a:	00d7c783          	lbu	a5,13(a5)
8406807e:	842a                	mv	s0,a0
84068080:	c781                	beqz	a5,84068088 <riscv_hid_express_key_queue_debug_print+0x26>
84068082:	4695                	li	a3,5
84068084:	04d79463          	bne	a5,a3,840680cc <riscv_hid_express_key_queue_debug_print+0x6a>
84068088:	00170793          	add	a5,a4,1
8406808c:	8b9d                	and	a5,a5,7
8406808e:	0792                	sll	a5,a5,0x4
84068090:	97a2                	add	a5,a5,s0
84068092:	4794                	lw	a3,8(a5)
84068094:	81f99617          	auipc	a2,0x81f99
84068098:	ad460613          	add	a2,a2,-1324 # 6000b68 <msg_id_string.0>
8406809c:	4585                	li	a1,1
8406809e:	c636                	sw	a3,12(sp)
840680a0:	00c7c683          	lbu	a3,12(a5)
840680a4:	00003517          	auipc	a0,0x3
840680a8:	09450513          	add	a0,a0,148 # 8406b138 <log_control_block_rv_exp>
840680ac:	c436                	sw	a3,8(sp)
840680ae:	4394                	lw	a3,0(a5)
840680b0:	c236                	sw	a3,4(sp)
840680b2:	43d4                	lw	a3,4(a5)
840680b4:	c036                	sw	a3,0(sp)
840680b6:	00e7c783          	lbu	a5,14(a5)
840680ba:	46a5                	li	a3,9
840680bc:	1d0020ef          	jal	8406a28c <print_module_msgid_log>
840680c0:	0a442783          	lw	a5,164(s0)
840680c4:	0785                	add	a5,a5,1
840680c6:	8b9d                	and	a5,a5,7
840680c8:	0af42223          	sw	a5,164(s0)
840680cc:	40e2                	lw	ra,24(sp)
840680ce:	4452                	lw	s0,20(sp)
840680d0:	0171                	add	sp,sp,28
840680d2:	8082                	ret
840680d4:	8082                	ret

840680d6 <rv_hid_exp_key_queue_post_process>:
840680d6:	08c52783          	lw	a5,140(a0)
840680da:	0792                	sll	a5,a5,0x4
840680dc:	953e                	add	a0,a0,a5
840680de:	00d54703          	lbu	a4,13(a0)
840680e2:	4791                	li	a5,4
840680e4:	00f71463          	bne	a4,a5,840680ec <rv_hid_exp_key_queue_post_process+0x16>
840680e8:	000506a3          	sb	zero,13(a0)
840680ec:	8082                	ret

840680ee <rv_hid_exp_key_queue_tx_result_handle>:
840680ee:	08c52703          	lw	a4,140(a0)
840680f2:	0712                	sll	a4,a4,0x4
840680f4:	00e507b3          	add	a5,a0,a4
840680f8:	e591                	bnez	a1,84068104 <rv_hid_exp_key_queue_tx_result_handle+0x16>
840680fa:	4711                	li	a4,4
840680fc:	00e786a3          	sb	a4,13(a5)
84068100:	f39ff06f          	j	84068038 <riscv_key_pop_confirm>
84068104:	00c7c703          	lbu	a4,12(a5)
84068108:	0705                	add	a4,a4,1
8406810a:	00e78623          	sb	a4,12(a5)
8406810e:	8082                	ret

84068110 <rv_hid_exp_key_queue_pre_process>:
84068110:	08c52703          	lw	a4,140(a0)
84068114:	0712                	sll	a4,a4,0x4
84068116:	00e507b3          	add	a5,a0,a4
8406811a:	00d7c703          	lbu	a4,13(a5)
8406811e:	4789                	li	a5,2
84068120:	00f71363          	bne	a4,a5,84068126 <rv_hid_exp_key_queue_pre_process+0x16>
84068124:	b7e9                	j	840680ee <rv_hid_exp_key_queue_tx_result_handle>
84068126:	8082                	ret

84068128 <rv_fake_report_config>:
84068128:	1131                	add	sp,sp,-20
8406812a:	872a                	mv	a4,a0
8406812c:	c622                	sw	s0,12(sp)
8406812e:	c426                	sw	s1,8(sp)
84068130:	c032                	sw	a2,0(sp)
84068132:	c232                	sw	a2,4(sp)
84068134:	87ae                	mv	a5,a1
84068136:	84aa                	mv	s1,a0
84068138:	842e                	mv	s0,a1
8406813a:	468d                	li	a3,3
8406813c:	81f99617          	auipc	a2,0x81f99
84068140:	a9460613          	add	a2,a2,-1388 # 6000bd0 <msg_id_string.0>
84068144:	4585                	li	a1,1
84068146:	00003517          	auipc	a0,0x3
8406814a:	ff250513          	add	a0,a0,-14 # 8406b138 <log_control_block_rv_exp>
8406814e:	c806                	sw	ra,16(sp)
84068150:	13c020ef          	jal	8406a28c <print_module_msgid_log>
84068154:	00003717          	auipc	a4,0x3
84068158:	04070713          	add	a4,a4,64 # 8406b194 <fake_report_rounds>
8406815c:	c4b9                	beqz	s1,840681aa <rv_fake_report_config+0x82>
8406815e:	00003797          	auipc	a5,0x3
84068162:	1887a323          	sw	s0,390(a5) # 8406b2e4 <fake_report_pattern>
84068166:	4312                	lw	t1,4(sp)
84068168:	06400793          	li	a5,100
8406816c:	e019                	bnez	s0,84068172 <rv_fake_report_config+0x4a>
8406816e:	3e800793          	li	a5,1000
84068172:	00003697          	auipc	a3,0x3
84068176:	16f6a723          	sw	a5,366(a3) # 8406b2e0 <fake_report_size>
8406817a:	00672023          	sw	t1,0(a4)
8406817e:	00003797          	auipc	a5,0x3
84068182:	1607a723          	sw	zero,366(a5) # 8406b2ec <fake_report_idx>
84068186:	00003797          	auipc	a5,0x3
8406818a:	0007a523          	sw	zero,10(a5) # 8406b190 <fake_report_rounds_counter>
8406818e:	00003797          	auipc	a5,0x3
84068192:	1407ad23          	sw	zero,346(a5) # 8406b2e8 <fake_report_offset_cnt>
84068196:	40c2                	lw	ra,16(sp)
84068198:	4432                	lw	s0,12(sp)
8406819a:	00003797          	auipc	a5,0x3
8406819e:	12079f23          	sh	zero,318(a5) # 8406b2d8 <curr_data>
840681a2:	44a2                	lw	s1,8(sp)
840681a4:	4501                	li	a0,0
840681a6:	0151                	add	sp,sp,20
840681a8:	8082                	ret
840681aa:	57fd                	li	a5,-1
840681ac:	c31c                	sw	a5,0(a4)
840681ae:	00003717          	auipc	a4,0x3
840681b2:	fef72123          	sw	a5,-30(a4) # 8406b190 <fake_report_rounds_counter>
840681b6:	b7c5                	j	84068196 <rv_fake_report_config+0x6e>

840681b8 <rv_fake_report_fake_report>:
840681b8:	00003697          	auipc	a3,0x3
840681bc:	fd868693          	add	a3,a3,-40 # 8406b190 <fake_report_rounds_counter>
840681c0:	429c                	lw	a5,0(a3)
840681c2:	00003717          	auipc	a4,0x3
840681c6:	fd272703          	lw	a4,-46(a4) # 8406b194 <fake_report_rounds>
840681ca:	00e7e363          	bltu	a5,a4,840681d0 <rv_fake_report_fake_report+0x18>
840681ce:	ef15                	bnez	a4,8406820a <rv_fake_report_fake_report+0x52>
840681d0:	00003717          	auipc	a4,0x3
840681d4:	10870713          	add	a4,a4,264 # 8406b2d8 <curr_data>
840681d8:	00070603          	lb	a2,0(a4)
840681dc:	00170703          	lb	a4,1(a4)
840681e0:	c510                	sw	a2,8(a0)
840681e2:	00003617          	auipc	a2,0x3
840681e6:	10a60613          	add	a2,a2,266 # 8406b2ec <fake_report_idx>
840681ea:	c558                	sw	a4,12(a0)
840681ec:	4218                	lw	a4,0(a2)
840681ee:	0705                	add	a4,a4,1
840681f0:	c218                	sw	a4,0(a2)
840681f2:	00003617          	auipc	a2,0x3
840681f6:	0ee62603          	lw	a2,238(a2) # 8406b2e0 <fake_report_size>
840681fa:	00c76863          	bltu	a4,a2,8406820a <rv_fake_report_fake_report+0x52>
840681fe:	0785                	add	a5,a5,1
84068200:	00003717          	auipc	a4,0x3
84068204:	0e072623          	sw	zero,236(a4) # 8406b2ec <fake_report_idx>
84068208:	c29c                	sw	a5,0(a3)
8406820a:	8082                	ret

8406820c <rv_fake_report_post_process>:
8406820c:	00003797          	auipc	a5,0x3
84068210:	f887a783          	lw	a5,-120(a5) # 8406b194 <fake_report_rounds>
84068214:	00003717          	auipc	a4,0x3
84068218:	f7c72703          	lw	a4,-132(a4) # 8406b190 <fake_report_rounds_counter>
8406821c:	00f76363          	bltu	a4,a5,84068222 <rv_fake_report_post_process+0x16>
84068220:	e79d                	bnez	a5,8406824e <rv_fake_report_post_process+0x42>
84068222:	00003717          	auipc	a4,0x3
84068226:	0ca72703          	lw	a4,202(a4) # 8406b2ec <fake_report_idx>
8406822a:	0706                	sll	a4,a4,0x1
8406822c:	00003797          	auipc	a5,0x3
84068230:	0b07a783          	lw	a5,176(a5) # 8406b2dc <fake_report_data>
84068234:	97ba                	add	a5,a5,a4
84068236:	00078683          	lb	a3,0(a5)
8406823a:	00178783          	lb	a5,1(a5)
8406823e:	00003717          	auipc	a4,0x3
84068242:	09a70713          	add	a4,a4,154 # 8406b2d8 <curr_data>
84068246:	00d70023          	sb	a3,0(a4)
8406824a:	00f700a3          	sb	a5,1(a4)
8406824e:	8082                	ret

84068250 <rv_fake_report_set>:
84068250:	00003797          	auipc	a5,0x3
84068254:	08a7a623          	sw	a0,140(a5) # 8406b2dc <fake_report_data>
84068258:	8082                	ret

8406825a <rv_fake_report__get_state>:
8406825a:	00003797          	auipc	a5,0x3
8406825e:	f3a7a783          	lw	a5,-198(a5) # 8406b194 <fake_report_rounds>
84068262:	577d                	li	a4,-1
84068264:	4501                	li	a0,0
84068266:	00e78c63          	beq	a5,a4,8406827e <rv_fake_report__get_state+0x24>
8406826a:	00003717          	auipc	a4,0x3
8406826e:	f2672703          	lw	a4,-218(a4) # 8406b190 <fake_report_rounds_counter>
84068272:	4505                	li	a0,1
84068274:	00f76563          	bltu	a4,a5,8406827e <rv_fake_report__get_state+0x24>
84068278:	00f03533          	snez	a0,a5
8406827c:	0505                	add	a0,a0,1
8406827e:	8082                	ret

84068280 <hid_express_dbg_inc_pka_hid_cnt>:
84068280:	00003717          	auipc	a4,0x3
84068284:	35870713          	add	a4,a4,856 # 8406b5d8 <dbg>
84068288:	535c                	lw	a5,36(a4)
8406828a:	0785                	add	a5,a5,1
8406828c:	d35c                	sw	a5,36(a4)
8406828e:	8082                	ret

84068290 <hid_express_dbg_inc_pka_acl_cnt>:
84068290:	00003717          	auipc	a4,0x3
84068294:	34870713          	add	a4,a4,840 # 8406b5d8 <dbg>
84068298:	571c                	lw	a5,40(a4)
8406829a:	0785                	add	a5,a5,1
8406829c:	d71c                	sw	a5,40(a4)
8406829e:	8082                	ret

840682a0 <hid_express_dbg_inc_pka_hid_drop_cnt>:
840682a0:	00003717          	auipc	a4,0x3
840682a4:	33870713          	add	a4,a4,824 # 8406b5d8 <dbg>
840682a8:	531c                	lw	a5,32(a4)
840682aa:	0785                	add	a5,a5,1
840682ac:	d31c                	sw	a5,32(a4)
840682ae:	8082                	ret

840682b0 <hid_express_dbg_check>:
840682b0:	1141                	add	sp,sp,-16
840682b2:	c422                	sw	s0,8(sp)
840682b4:	00003417          	auipc	s0,0x3
840682b8:	32440413          	add	s0,s0,804 # 8406b5d8 <dbg>
840682bc:	441c                	lw	a5,8(s0)
840682be:	c226                	sw	s1,4(sp)
840682c0:	c606                	sw	ra,12(sp)
840682c2:	0785                	add	a5,a5,1
840682c4:	c41c                	sw	a5,8(s0)
840682c6:	421507b7          	lui	a5,0x42150
840682ca:	20078793          	add	a5,a5,512 # 42150200 <__log_strings_end+0x3c14f066>
840682ce:	4f84                	lw	s1,24(a5)
840682d0:	4808                	lw	a0,16(s0)
840682d2:	860a                	mv	a2,sp
840682d4:	85a6                	mv	a1,s1
840682d6:	06e010ef          	jal	84069344 <hal_gpt_get_duration_count>
840682da:	4702                	lw	a4,0(sp)
840682dc:	000f47b7          	lui	a5,0xf4
840682e0:	20278793          	add	a5,a5,514 # f4202 <__fp_pattern_ram_total+0xec802>
840682e4:	0ae7f863          	bgeu	a5,a4,84068394 <hid_express_dbg_check+0xe4>
840682e8:	4785                	li	a5,1
840682ea:	02f41923          	sh	a5,50(s0)
840682ee:	401c                	lw	a5,0(s0)
840682f0:	c804                	sw	s1,16(s0)
840682f2:	05c00713          	li	a4,92
840682f6:	02f41823          	sh	a5,48(s0)
840682fa:	441c                	lw	a5,8(s0)
840682fc:	02f41f23          	sh	a5,62(s0)
84068300:	405c                	lw	a5,4(s0)
84068302:	02f41a23          	sh	a5,52(s0)
84068306:	445c                	lw	a5,12(s0)
84068308:	02f41b23          	sh	a5,54(s0)
8406830c:	485c                	lw	a5,20(s0)
8406830e:	04f41023          	sh	a5,64(s0)
84068312:	4c1c                	lw	a5,24(s0)
84068314:	04f41123          	sh	a5,66(s0)
84068318:	4c5c                	lw	a5,28(s0)
8406831a:	04f41223          	sh	a5,68(s0)
8406831e:	501c                	lw	a5,32(s0)
84068320:	02f41c23          	sh	a5,56(s0)
84068324:	505c                	lw	a5,36(s0)
84068326:	02f41d23          	sh	a5,58(s0)
8406832a:	541c                	lw	a5,40(s0)
8406832c:	02f41e23          	sh	a5,60(s0)
84068330:	00003797          	auipc	a5,0x3
84068334:	2a07a423          	sw	zero,680(a5) # 8406b5d8 <dbg>
84068338:	00003797          	auipc	a5,0x3
8406833c:	2a07a423          	sw	zero,680(a5) # 8406b5e0 <dbg+0x8>
84068340:	00003797          	auipc	a5,0x3
84068344:	2807ae23          	sw	zero,668(a5) # 8406b5dc <dbg+0x4>
84068348:	00003797          	auipc	a5,0x3
8406834c:	2807ae23          	sw	zero,668(a5) # 8406b5e4 <dbg+0xc>
84068350:	00003797          	auipc	a5,0x3
84068354:	2807ae23          	sw	zero,668(a5) # 8406b5ec <dbg+0x14>
84068358:	00003797          	auipc	a5,0x3
8406835c:	2807ac23          	sw	zero,664(a5) # 8406b5f0 <dbg+0x18>
84068360:	00003797          	auipc	a5,0x3
84068364:	2807aa23          	sw	zero,660(a5) # 8406b5f4 <dbg+0x1c>
84068368:	00003797          	auipc	a5,0x3
8406836c:	2807a823          	sw	zero,656(a5) # 8406b5f8 <dbg+0x20>
84068370:	00003797          	auipc	a5,0x3
84068374:	2807a623          	sw	zero,652(a5) # 8406b5fc <dbg+0x24>
84068378:	00003797          	auipc	a5,0x3
8406837c:	2807a423          	sw	zero,648(a5) # 8406b600 <dbg+0x28>
84068380:	00003797          	auipc	a5,0x3
84068384:	f1c7a783          	lw	a5,-228(a5) # 8406b29c <hid_flags>
84068388:	05c7f793          	and	a5,a5,92
8406838c:	00e79463          	bne	a5,a4,84068394 <hid_express_dbg_check+0xe4>
84068390:	fcdfe0ef          	jal	8406735c <hid_express_bt_debug_check>
84068394:	40b2                	lw	ra,12(sp)
84068396:	4422                	lw	s0,8(sp)
84068398:	4492                	lw	s1,4(sp)
8406839a:	0141                	add	sp,sp,16
8406839c:	8082                	ret

8406839e <rv_hid_exp_delay_printf>:
8406839e:	fdc10113          	add	sp,sp,-36
840683a2:	ce22                	sw	s0,28(sp)
840683a4:	00003417          	auipc	s0,0x3
840683a8:	23440413          	add	s0,s0,564 # 8406b5d8 <dbg>
840683ac:	03245783          	lhu	a5,50(s0)
840683b0:	d006                	sw	ra,32(sp)
840683b2:	cc26                	sw	s1,24(sp)
840683b4:	cbe1                	beqz	a5,84068484 <rv_hid_exp_delay_printf+0xe6>
840683b6:	00003797          	auipc	a5,0x3
840683ba:	eae7c783          	lbu	a5,-338(a5) # 8406b264 <hid_ctrl>
840683be:	ca3e                	sw	a5,20(sp)
840683c0:	03e45783          	lhu	a5,62(s0)
840683c4:	46a1                	li	a3,8
840683c6:	81f99617          	auipc	a2,0x81f99
840683ca:	94a60613          	add	a2,a2,-1718 # 6000d10 <msg_id_string.3>
840683ce:	c83e                	sw	a5,16(sp)
840683d0:	03645783          	lhu	a5,54(s0)
840683d4:	4585                	li	a1,1
840683d6:	00003517          	auipc	a0,0x3
840683da:	d6250513          	add	a0,a0,-670 # 8406b138 <log_control_block_rv_exp>
840683de:	c63e                	sw	a5,12(sp)
840683e0:	04245783          	lhu	a5,66(s0)
840683e4:	00003497          	auipc	s1,0x3
840683e8:	eb848493          	add	s1,s1,-328 # 8406b29c <hid_flags>
840683ec:	c43e                	sw	a5,8(sp)
840683ee:	03445783          	lhu	a5,52(s0)
840683f2:	c23e                	sw	a5,4(sp)
840683f4:	04045783          	lhu	a5,64(s0)
840683f8:	c03e                	sw	a5,0(sp)
840683fa:	03045783          	lhu	a5,48(s0)
840683fe:	04445703          	lhu	a4,68(s0)
84068402:	68b010ef          	jal	8406a28c <print_module_msgid_log>
84068406:	03c45783          	lhu	a5,60(s0)
8406840a:	468d                	li	a3,3
8406840c:	81f99617          	auipc	a2,0x81f99
84068410:	8a060613          	add	a2,a2,-1888 # 6000cac <msg_id_string.2>
84068414:	c03e                	sw	a5,0(sp)
84068416:	03a45783          	lhu	a5,58(s0)
8406841a:	03845703          	lhu	a4,56(s0)
8406841e:	4585                	li	a1,1
84068420:	00003517          	auipc	a0,0x3
84068424:	d1850513          	add	a0,a0,-744 # 8406b138 <log_control_block_rv_exp>
84068428:	665010ef          	jal	8406a28c <print_module_msgid_log>
8406842c:	409c                	lw	a5,0(s1)
8406842e:	09000713          	li	a4,144
84068432:	0907f793          	and	a5,a5,144
84068436:	02e79a63          	bne	a5,a4,8406846a <rv_hid_exp_delay_printf+0xcc>
8406843a:	04045703          	lhu	a4,64(s0)
8406843e:	03e45783          	lhu	a5,62(s0)
84068442:	04f71763          	bne	a4,a5,84068490 <rv_hid_exp_delay_printf+0xf2>
84068446:	545c                	lw	a5,44(s0)
84068448:	4709                	li	a4,2
8406844a:	0785                	add	a5,a5,1
8406844c:	d45c                	sw	a5,44(s0)
8406844e:	00e79e63          	bne	a5,a4,8406846a <rv_hid_exp_delay_printf+0xcc>
84068452:	08d00613          	li	a2,141
84068456:	81f98597          	auipc	a1,0x81f98
8406845a:	7d658593          	add	a1,a1,2006 # 6000c2c <file.0>
8406845e:	81f99517          	auipc	a0,0x81f99
84068462:	82250513          	add	a0,a0,-2014 # 6000c80 <exp.1>
84068466:	3ed010ef          	jal	8406a052 <light_assert>
8406846a:	409c                	lw	a5,0(s1)
8406846c:	05c00713          	li	a4,92
84068470:	05c7f793          	and	a5,a5,92
84068474:	00e79463          	bne	a5,a4,8406847c <rv_hid_exp_delay_printf+0xde>
84068478:	ef7fe0ef          	jal	8406736e <hid_express_bt_debug_print>
8406847c:	00003797          	auipc	a5,0x3
84068480:	18079723          	sh	zero,398(a5) # 8406b60a <dbg+0x32>
84068484:	5082                	lw	ra,32(sp)
84068486:	4472                	lw	s0,28(sp)
84068488:	44e2                	lw	s1,24(sp)
8406848a:	02410113          	add	sp,sp,36
8406848e:	8082                	ret
84068490:	00003797          	auipc	a5,0x3
84068494:	1607aa23          	sw	zero,372(a5) # 8406b604 <dbg+0x2c>
84068498:	bfc9                	j	8406846a <rv_hid_exp_delay_printf+0xcc>

8406849a <riscv_hid_report_id_select>:
8406849a:	87aa                	mv	a5,a0
8406849c:	4108                	lw	a0,0(a0)
8406849e:	4725                	li	a4,9
840684a0:	00e51663          	bne	a0,a4,840684ac <riscv_hid_report_id_select+0x12>
840684a4:	01f7c783          	lbu	a5,31(a5)
840684a8:	cb89                	beqz	a5,840684ba <riscv_hid_report_id_select+0x20>
840684aa:	8082                	ret
840684ac:	4729                	li	a4,10
840684ae:	00e51963          	bne	a0,a4,840684c0 <riscv_hid_report_id_select+0x26>
840684b2:	0267d783          	lhu	a5,38(a5)
840684b6:	c781                	beqz	a5,840684be <riscv_hid_report_id_select+0x24>
840684b8:	8082                	ret
840684ba:	4505                	li	a0,1
840684bc:	8082                	ret
840684be:	4515                	li	a0,5
840684c0:	8082                	ret

840684c2 <rv_bt_burst_tx_num_ctrl>:
840684c2:	00003317          	auipc	t1,0x3
840684c6:	cda30313          	add	t1,t1,-806 # 8406b19c <LC_burst_tx_number>
840684ca:	00032283          	lw	t0,0(t1)
840684ce:	00003617          	auipc	a2,0x3
840684d2:	cca60613          	add	a2,a2,-822 # 8406b198 <outgoing_buffer_avail>
840684d6:	46a9                	li	a3,10
840684d8:	00562023          	sw	t0,0(a2)
840684dc:	872a                	mv	a4,a0
840684de:	40b687b3          	sub	a5,a3,a1
840684e2:	02b68163          	beq	a3,a1,84068504 <rv_bt_burst_tx_num_ctrl+0x42>
840684e6:	4501                	li	a0,0
840684e8:	0cd78b63          	beq	a5,a3,840685be <rv_bt_burst_tx_num_ctrl+0xfc>
840684ec:	47a5                	li	a5,9
840684ee:	8f8d                	sub	a5,a5,a1
840684f0:	4685                	li	a3,1
840684f2:	00f6f963          	bgeu	a3,a5,84068504 <rv_bt_burst_tx_num_ctrl+0x42>
840684f6:	00003517          	auipc	a0,0x3
840684fa:	e0250513          	add	a0,a0,-510 # 8406b2f8 <LC_ReTx_times>
840684fe:	4114                	lw	a3,0(a0)
84068500:	0685                	add	a3,a3,1
84068502:	c114                	sw	a3,0(a0)
84068504:	00874683          	lbu	a3,8(a4)
84068508:	00774503          	lbu	a0,7(a4)
8406850c:	06a2                	sll	a3,a3,0x8
8406850e:	8ec9                	or	a3,a3,a0
84068510:	00003517          	auipc	a0,0x3
84068514:	de050513          	add	a0,a0,-544 # 8406b2f0 <last_ms_key>
84068518:	0257eb63          	bltu	a5,t0,8406854e <rv_bt_burst_tx_num_ctrl+0x8c>
8406851c:	00054283          	lbu	t0,0(a0)
84068520:	0ad29063          	bne	t0,a3,840685c0 <rv_bt_burst_tx_num_ctrl+0xfe>
84068524:	00d70283          	lb	t0,13(a4)
84068528:	08029c63          	bnez	t0,840685c0 <rv_bt_burst_tx_num_ctrl+0xfe>
8406852c:	00574283          	lbu	t0,5(a4)
84068530:	00674703          	lbu	a4,6(a4)
84068534:	0722                	sll	a4,a4,0x8
84068536:	00576733          	or	a4,a4,t0
8406853a:	00003297          	auipc	t0,0x3
8406853e:	02e2a283          	lw	t0,46(t0) # 8406b568 <attr_handle>
84068542:	06571f63          	bne	a4,t0,840685c0 <rv_bt_burst_tx_num_ctrl+0xfe>
84068546:	00003717          	auipc	a4,0x3
8406854a:	c4072923          	sw	zero,-942(a4) # 8406b198 <outgoing_buffer_avail>
8406854e:	00003597          	auipc	a1,0x3
84068552:	da658593          	add	a1,a1,-602 # 8406b2f4 <LC_traffic_statistic_counter>
84068556:	4198                	lw	a4,0(a1)
84068558:	0705                	add	a4,a4,1
8406855a:	c198                	sw	a4,0(a1)
8406855c:	08400593          	li	a1,132
84068560:	02e5fd63          	bgeu	a1,a4,8406859a <rv_bt_burst_tx_num_ctrl+0xd8>
84068564:	00003597          	auipc	a1,0x3
84068568:	d945a583          	lw	a1,-620(a1) # 8406b2f8 <LC_ReTx_times>
8406856c:	4725                	li	a4,9
8406856e:	04b77b63          	bgeu	a4,a1,840685c4 <rv_bt_burst_tx_num_ctrl+0x102>
84068572:	4729                	li	a4,10
84068574:	00003597          	auipc	a1,0x3
84068578:	d3c58593          	add	a1,a1,-708 # 8406b2b0 <bt_debug>
8406857c:	00e32023          	sw	a4,0(t1)
84068580:	0035c703          	lbu	a4,3(a1)
84068584:	0705                	add	a4,a4,1
84068586:	00e581a3          	sb	a4,3(a1)
8406858a:	00003717          	auipc	a4,0x3
8406858e:	d6072523          	sw	zero,-662(a4) # 8406b2f4 <LC_traffic_statistic_counter>
84068592:	00003717          	auipc	a4,0x3
84068596:	d6072323          	sw	zero,-666(a4) # 8406b2f8 <LC_ReTx_times>
8406859a:	00032703          	lw	a4,0(t1)
8406859e:	00e7fd63          	bgeu	a5,a4,840685b8 <rv_bt_burst_tx_num_ctrl+0xf6>
840685a2:	420c                	lw	a1,0(a2)
840685a4:	c991                	beqz	a1,840685b8 <rv_bt_burst_tx_num_ctrl+0xf6>
840685a6:	45a9                	li	a1,10
840685a8:	00b71663          	bne	a4,a1,840685b4 <rv_bt_burst_tx_num_ctrl+0xf2>
840685ac:	45a1                	li	a1,8
840685ae:	00b79363          	bne	a5,a1,840685b4 <rv_bt_burst_tx_num_ctrl+0xf2>
840685b2:	47a5                	li	a5,9
840685b4:	8f1d                	sub	a4,a4,a5
840685b6:	c218                	sw	a4,0(a2)
840685b8:	00d50023          	sb	a3,0(a0)
840685bc:	4208                	lw	a0,0(a2)
840685be:	8082                	ret
840685c0:	c20c                	sw	a1,0(a2)
840685c2:	b771                	j	8406854e <rv_bt_burst_tx_num_ctrl+0x8c>
840685c4:	4709                	li	a4,2
840685c6:	00e32023          	sw	a4,0(t1)
840685ca:	b7c1                	j	8406858a <rv_bt_burst_tx_num_ctrl+0xc8>

840685cc <key_remap_frontend_process_xy>:
840685cc:	3590006f          	j	84069124 <key_remap_xy_pop>

840685d0 <key_remap_frontend_process>:
840685d0:	4150                	lw	a2,4(a0)
840685d2:	00003717          	auipc	a4,0x3
840685d6:	d2a72703          	lw	a4,-726(a4) # 8406b2fc <kr_ctrl>
840685da:	0e076793          	or	a5,a4,224
840685de:	8ff1                	and	a5,a5,a2
840685e0:	4914                	lw	a3,16(a0)
840685e2:	85aa                	mv	a1,a0
840685e4:	c789                	beqz	a5,840685ee <key_remap_frontend_process+0x1e>
840685e6:	fff7c793          	not	a5,a5
840685ea:	8ff1                	and	a5,a5,a2
840685ec:	c15c                	sw	a5,4(a0)
840685ee:	00171793          	sll	a5,a4,0x1
840685f2:	0007d463          	bgez	a5,840685fa <key_remap_frontend_process+0x2a>
840685f6:	00d04663          	bgtz	a3,84068602 <key_remap_frontend_process+0x32>
840685fa:	00075663          	bgez	a4,84068606 <key_remap_frontend_process+0x36>
840685fe:	0006d463          	bgez	a3,84068606 <key_remap_frontend_process+0x36>
84068602:	0005a823          	sw	zero,16(a1)
84068606:	00003517          	auipc	a0,0x3
8406860a:	06a50513          	add	a0,a0,106 # 8406b670 <Kr_q_Ctrl>
8406860e:	34f0006f          	j	8406915c <key_remap_queue_pop>

84068612 <key_remap_frontend_setting_update>:
84068612:	00003797          	auipc	a5,0x3
84068616:	b6a7a783          	lw	a5,-1174(a5) # 8406b17c <hid_common>
8406861a:	4f9c                	lw	a5,24(a5)
8406861c:	1151                	add	sp,sp,-12
8406861e:	c222                	sw	s0,4(sp)
84068620:	c026                	sw	s1,0(sp)
84068622:	c406                	sw	ra,8(sp)
84068624:	00003717          	auipc	a4,0x3
84068628:	ccf72c23          	sw	a5,-808(a4) # 8406b2fc <kr_ctrl>
8406862c:	4401                	li	s0,0
8406862e:	00003497          	auipc	s1,0x3
84068632:	ff248493          	add	s1,s1,-14 # 8406b620 <key_setting>
84068636:	00341513          	sll	a0,s0,0x3
8406863a:	0ff47593          	zext.b	a1,s0
8406863e:	9526                	add	a0,a0,s1
84068640:	8a2fe0ef          	jal	840666e2 <hid_common_get_frontend_key_remap_data>
84068644:	0405                	add	s0,s0,1
84068646:	47a9                	li	a5,10
84068648:	fef417e3          	bne	s0,a5,84068636 <key_remap_frontend_setting_update+0x24>
8406864c:	40a2                	lw	ra,8(sp)
8406864e:	4412                	lw	s0,4(sp)
84068650:	4482                	lw	s1,0(sp)
84068652:	0131                	add	sp,sp,12
84068654:	8082                	ret

84068656 <key_remap_frontend_init>:
84068656:	1151                	add	sp,sp,-12
84068658:	4611                	li	a2,4
8406865a:	4581                	li	a1,0
8406865c:	00003517          	auipc	a0,0x3
84068660:	ca050513          	add	a0,a0,-864 # 8406b2fc <kr_ctrl>
84068664:	c406                	sw	ra,8(sp)
84068666:	d01fb0ef          	jal	84064366 <memset>
8406866a:	00003517          	auipc	a0,0x3
8406866e:	00650513          	add	a0,a0,6 # 8406b670 <Kr_q_Ctrl>
84068672:	275000ef          	jal	840690e6 <key_remap_queue_init>
84068676:	00003517          	auipc	a0,0x3
8406867a:	ffa50513          	add	a0,a0,-6 # 8406b670 <Kr_q_Ctrl>
8406867e:	1a7000ef          	jal	84069024 <key_remap_set_queue>
84068682:	40a2                	lw	ra,8(sp)
84068684:	0131                	add	sp,sp,12
84068686:	f8dff06f          	j	84068612 <key_remap_frontend_setting_update>

8406868a <key_remap_update_record>:
8406868a:	00003697          	auipc	a3,0x3
8406868e:	1066a683          	lw	a3,262(a3) # 8406b790 <kr_ctrl+0x4>
84068692:	00369793          	sll	a5,a3,0x3
84068696:	97b6                	add	a5,a5,a3
84068698:	0792                	sll	a5,a5,0x4
8406869a:	97aa                	add	a5,a5,a0
8406869c:	078a                	sll	a5,a5,0x2
8406869e:	00003717          	auipc	a4,0x3
840686a2:	ade72703          	lw	a4,-1314(a4) # 8406b17c <hid_common>
840686a6:	973e                	add	a4,a4,a5
840686a8:	06c75783          	lhu	a5,108(a4)
840686ac:	06a75603          	lhu	a2,106(a4)
840686b0:	07c2                	sll	a5,a5,0x10
840686b2:	8fd1                	or	a5,a5,a2
840686b4:	00469613          	sll	a2,a3,0x4
840686b8:	00003697          	auipc	a3,0x3
840686bc:	03468693          	add	a3,a3,52 # 8406b6ec <macro_setting>
840686c0:	96b2                	add	a3,a3,a2
840686c2:	18675603          	lhu	a2,390(a4)
840686c6:	18875703          	lhu	a4,392(a4)
840686ca:	c69c                	sw	a5,8(a3)
840686cc:	83e1                	srl	a5,a5,0x18
840686ce:	0742                	sll	a4,a4,0x10
840686d0:	8f51                	or	a4,a4,a2
840686d2:	c6d8                	sw	a4,12(a3)
840686d4:	461d                	li	a2,7
840686d6:	00c79363          	bne	a5,a2,840686dc <key_remap_update_record+0x52>
840686da:	8082                	ret
840686dc:	8082                	ret

840686de <key_remap_macro_stop>:
840686de:	1151                	add	sp,sp,-12
840686e0:	c026                	sw	s1,0(sp)
840686e2:	00003517          	auipc	a0,0x3
840686e6:	c2252503          	lw	a0,-990(a0) # 8406b304 <macro_gpt_hdl>
840686ea:	00003497          	auipc	s1,0x3
840686ee:	0a248493          	add	s1,s1,162 # 8406b78c <kr_ctrl>
840686f2:	c222                	sw	s0,4(sp)
840686f4:	c406                	sw	ra,8(sp)
840686f6:	629000ef          	jal	8406951e <hal_gpt_sw_stop_timer_ms>
840686fa:	40c0                	lw	s0,4(s1)
840686fc:	00003797          	auipc	a5,0x3
84068700:	0807ac23          	sw	zero,152(a5) # 8406b794 <kr_ctrl+0x8>
84068704:	00003797          	auipc	a5,0x3
84068708:	0807a423          	sw	zero,136(a5) # 8406b78c <kr_ctrl>
8406870c:	4729                	li	a4,10
8406870e:	00e40f63          	beq	s0,a4,8406872c <key_remap_macro_stop+0x4e>
84068712:	4501                	li	a0,0
84068714:	f77ff0ef          	jal	8406868a <key_remap_update_record>
84068718:	0412                	sll	s0,s0,0x4
8406871a:	00003797          	auipc	a5,0x3
8406871e:	fd278793          	add	a5,a5,-46 # 8406b6ec <macro_setting>
84068722:	97a2                	add	a5,a5,s0
84068724:	4691                	li	a3,4
84068726:	4729                	li	a4,10
84068728:	c394                	sw	a3,0(a5)
8406872a:	c0d8                	sw	a4,4(s1)
8406872c:	4412                	lw	s0,4(sp)
8406872e:	40a2                	lw	ra,8(sp)
84068730:	4482                	lw	s1,0(sp)
84068732:	4651                	li	a2,20
84068734:	4581                	li	a1,0
84068736:	00003517          	auipc	a0,0x3
8406873a:	fa250513          	add	a0,a0,-94 # 8406b6d8 <macro_data>
8406873e:	0131                	add	sp,sp,12
84068740:	c27fb06f          	j	84064366 <memset>

84068744 <key_remap_macro_key_press>:
84068744:	0e05f713          	and	a4,a1,224
84068748:	0e000793          	li	a5,224
8406874c:	4110                	lw	a2,0(a0)
8406874e:	02f70c63          	beq	a4,a5,84068786 <key_remap_macro_key_press+0x42>
84068752:	00865793          	srl	a5,a2,0x8
84068756:	0ff7f793          	zext.b	a5,a5
8406875a:	cba1                	beqz	a5,840687aa <key_remap_macro_key_press+0x66>
8406875c:	4709                	li	a4,2
8406875e:	4299                	li	t0,6
84068760:	ffc77693          	and	a3,a4,-4
84068764:	96aa                	add	a3,a3,a0
84068766:	4290                	lw	a2,0(a3)
84068768:	00371793          	sll	a5,a4,0x3
8406876c:	8be1                	and	a5,a5,24
8406876e:	00f65333          	srl	t1,a2,a5
84068772:	0ff37313          	zext.b	t1,t1
84068776:	0705                	add	a4,a4,1
84068778:	02031c63          	bnez	t1,840687b0 <key_remap_macro_key_press+0x6c>
8406877c:	00f597b3          	sll	a5,a1,a5
84068780:	8fd1                	or	a5,a5,a2
84068782:	c29c                	sw	a5,0(a3)
84068784:	8082                	ret
84068786:	02058593          	add	a1,a1,32
8406878a:	0ff5f593          	zext.b	a1,a1
8406878e:	471d                	li	a4,7
84068790:	4781                	li	a5,0
84068792:	00b76963          	bltu	a4,a1,840687a4 <key_remap_macro_key_press+0x60>
84068796:	00002797          	auipc	a5,0x2
8406879a:	5ee78793          	add	a5,a5,1518 # 8406ad84 <CSWTCH.25>
8406879e:	97ae                	add	a5,a5,a1
840687a0:	0007c783          	lbu	a5,0(a5)
840687a4:	8fd1                	or	a5,a5,a2
840687a6:	c11c                	sw	a5,0(a0)
840687a8:	8082                	ret
840687aa:	86aa                	mv	a3,a0
840687ac:	47a1                	li	a5,8
840687ae:	b7f9                	j	8406877c <key_remap_macro_key_press+0x38>
840687b0:	fa5718e3          	bne	a4,t0,84068760 <key_remap_macro_key_press+0x1c>
840687b4:	8082                	ret

840687b6 <key_remap_get_ms_x_y>:
840687b6:	47a5                	li	a5,9
840687b8:	02a7e063          	bltu	a5,a0,840687d8 <key_remap_get_ms_x_y+0x22>
840687bc:	0512                	sll	a0,a0,0x4
840687be:	00003797          	auipc	a5,0x3
840687c2:	f2e78793          	add	a5,a5,-210 # 8406b6ec <macro_setting>
840687c6:	97aa                	add	a5,a5,a0
840687c8:	47c8                	lw	a0,12(a5)
840687ca:	00851593          	sll	a1,a0,0x8
840687ce:	0552                	sll	a0,a0,0x14
840687d0:	85d1                	sra	a1,a1,0x14
840687d2:	8551                	sra	a0,a0,0x14
840687d4:	1350006f          	j	84069108 <key_remap_xy_push>
840687d8:	8082                	ret

840687da <key_remap_csm_key_press>:
840687da:	411c                	lw	a5,0(a0)
840687dc:	01079713          	sll	a4,a5,0x10
840687e0:	8341                	srl	a4,a4,0x10
840687e2:	cb11                	beqz	a4,840687f6 <key_remap_csm_key_press+0x1c>
840687e4:	0107d713          	srl	a4,a5,0x10
840687e8:	e711                	bnez	a4,840687f4 <key_remap_csm_key_press+0x1a>
840687ea:	4741                	li	a4,16
840687ec:	00e595b3          	sll	a1,a1,a4
840687f0:	8ddd                	or	a1,a1,a5
840687f2:	c10c                	sw	a1,0(a0)
840687f4:	8082                	ret
840687f6:	4701                	li	a4,0
840687f8:	bfd5                	j	840687ec <key_remap_csm_key_press+0x12>

840687fa <key_remap_csm_key_release>:
840687fa:	c19d                	beqz	a1,84068820 <key_remap_csm_key_release+0x26>
840687fc:	4118                	lw	a4,0(a0)
840687fe:	01071793          	sll	a5,a4,0x10
84068802:	83c1                	srl	a5,a5,0x10
84068804:	00f58f63          	beq	a1,a5,84068822 <key_remap_csm_key_release+0x28>
84068808:	01075793          	srl	a5,a4,0x10
8406880c:	46c1                	li	a3,16
8406880e:	00f58b63          	beq	a1,a5,84068824 <key_remap_csm_key_release+0x2a>
84068812:	411c                	lw	a5,0(a0)
84068814:	01079713          	sll	a4,a5,0x10
84068818:	8341                	srl	a4,a4,0x10
8406881a:	e319                	bnez	a4,84068820 <key_remap_csm_key_release+0x26>
8406881c:	83c1                	srl	a5,a5,0x10
8406881e:	c11c                	sw	a5,0(a0)
84068820:	8082                	ret
84068822:	4681                	li	a3,0
84068824:	67c1                	lui	a5,0x10
84068826:	17fd                	add	a5,a5,-1 # ffff <__fp_pattern_ram_total+0x85ff>
84068828:	00d797b3          	sll	a5,a5,a3
8406882c:	fff7c793          	not	a5,a5
84068830:	8ff9                	and	a5,a5,a4
84068832:	c11c                	sw	a5,0(a0)
84068834:	bff9                	j	84068812 <key_remap_csm_key_release+0x18>

84068836 <key_remap_macro_timeout>:
84068836:	00003797          	auipc	a5,0x3
8406883a:	f5678793          	add	a5,a5,-170 # 8406b78c <kr_ctrl>
8406883e:	43dc                	lw	a5,4(a5)
84068840:	1131                	add	sp,sp,-20
84068842:	c806                	sw	ra,16(sp)
84068844:	c23e                	sw	a5,4(sp)
84068846:	4712                	lw	a4,4(sp)
84068848:	c622                	sw	s0,12(sp)
8406884a:	c426                	sw	s1,8(sp)
8406884c:	47a5                	li	a5,9
8406884e:	26e7ec63          	bltu	a5,a4,84068ac6 <key_remap_macro_timeout+0x290>
84068852:	c002                	sw	zero,0(sp)
84068854:	00003417          	auipc	s0,0x3
84068858:	e9840413          	add	s0,s0,-360 # 8406b6ec <macro_setting>
8406885c:	4792                	lw	a5,4(sp)
8406885e:	00479493          	sll	s1,a5,0x4
84068862:	009406b3          	add	a3,s0,s1
84068866:	00b6c703          	lbu	a4,11(a3)
8406886a:	eb2d                	bnez	a4,840688dc <key_remap_macro_timeout+0xa6>
8406886c:	0046d703          	lhu	a4,4(a3)
84068870:	00003797          	auipc	a5,0x3
84068874:	f007ae23          	sw	zero,-228(a5) # 8406b78c <kr_ctrl>
84068878:	00003797          	auipc	a5,0x3
8406887c:	f1478793          	add	a5,a5,-236 # 8406b78c <kr_ctrl>
84068880:	479c                	lw	a5,8(a5)
84068882:	eb19                	bnez	a4,84068898 <key_remap_macro_timeout+0x62>
84068884:	0066d703          	lhu	a4,6(a3)
84068888:	00e7e863          	bltu	a5,a4,84068898 <key_remap_macro_timeout+0x62>
8406888c:	4432                	lw	s0,12(sp)
8406888e:	40c2                	lw	ra,16(sp)
84068890:	44a2                	lw	s1,8(sp)
84068892:	0151                	add	sp,sp,20
84068894:	e4bff06f          	j	840686de <key_remap_macro_stop>
84068898:	0785                	add	a5,a5,1
8406889a:	00003717          	auipc	a4,0x3
8406889e:	ef270713          	add	a4,a4,-270 # 8406b78c <kr_ctrl>
840688a2:	4501                	li	a0,0
840688a4:	c71c                	sw	a5,8(a4)
840688a6:	9426                	add	s0,s0,s1
840688a8:	de3ff0ef          	jal	8406868a <key_remap_update_record>
840688ac:	440c                	lw	a1,8(s0)
840688ae:	05a2                	sll	a1,a1,0x8
840688b0:	81a1                	srl	a1,a1,0x8
840688b2:	00003417          	auipc	s0,0x3
840688b6:	a5240413          	add	s0,s0,-1454 # 8406b304 <macro_gpt_hdl>
840688ba:	4008                	lw	a0,0(s0)
840688bc:	c02e                	sw	a1,0(sp)
840688be:	461000ef          	jal	8406951e <hal_gpt_sw_stop_timer_ms>
840688c2:	4008                	lw	a0,0(s0)
840688c4:	4432                	lw	s0,12(sp)
840688c6:	4582                	lw	a1,0(sp)
840688c8:	40c2                	lw	ra,16(sp)
840688ca:	44a2                	lw	s1,8(sp)
840688cc:	4681                	li	a3,0
840688ce:	00000617          	auipc	a2,0x0
840688d2:	f6860613          	add	a2,a2,-152 # 84068836 <key_remap_macro_timeout>
840688d6:	0151                	add	sp,sp,20
840688d8:	4430006f          	j	8406951a <hal_gpt_sw_start_timer_ms>
840688dc:	479d                	li	a5,7
840688de:	04f71563          	bne	a4,a5,84068928 <key_remap_macro_timeout+0xf2>
840688e2:	4512                	lw	a0,4(sp)
840688e4:	ed3ff0ef          	jal	840687b6 <key_remap_get_ms_x_y>
840688e8:	00003797          	auipc	a5,0x3
840688ec:	ea478793          	add	a5,a5,-348 # 8406b78c <kr_ctrl>
840688f0:	4388                	lw	a0,0(a5)
840688f2:	94a2                	add	s1,s1,s0
840688f4:	0505                	add	a0,a0,1
840688f6:	c388                	sw	a0,0(a5)
840688f8:	d93ff0ef          	jal	8406868a <key_remap_update_record>
840688fc:	4498                	lw	a4,8(s1)
840688fe:	00871793          	sll	a5,a4,0x8
84068902:	0087d593          	srl	a1,a5,0x8
84068906:	18078c63          	beqz	a5,84068a9e <key_remap_macro_timeout+0x268>
8406890a:	00003797          	auipc	a5,0x3
8406890e:	95a7c783          	lbu	a5,-1702(a5) # 8406b264 <hid_ctrl>
84068912:	4685                	li	a3,1
84068914:	f8f6efe3          	bltu	a3,a5,840688b2 <key_remap_macro_timeout+0x7c>
84068918:	00871693          	sll	a3,a4,0x8
8406891c:	82ad                	srl	a3,a3,0xb
8406891e:	fad1                	bnez	a3,840688b2 <key_remap_macro_timeout+0x7c>
84068920:	45a1                	li	a1,8
84068922:	40f5d5b3          	sra	a1,a1,a5
84068926:	b771                	j	840688b2 <key_remap_macro_timeout+0x7c>
84068928:	fff70793          	add	a5,a4,-1
8406892c:	4695                	li	a3,5
8406892e:	faf6ede3          	bltu	a3,a5,840688e8 <key_remap_macro_timeout+0xb2>
84068932:	00002697          	auipc	a3,0x2
84068936:	69668693          	add	a3,a3,1686 # 8406afc8 <ccni_callback+0xd0>
8406893a:	078a                	sll	a5,a5,0x2
8406893c:	97b6                	add	a5,a5,a3
8406893e:	439c                	lw	a5,0(a5)
84068940:	97b6                	add	a5,a5,a3
84068942:	8782                	jr	a5
84068944:	009407b3          	add	a5,s0,s1
84068948:	00c7c583          	lbu	a1,12(a5)
8406894c:	00003517          	auipc	a0,0x3
84068950:	d9450513          	add	a0,a0,-620 # 8406b6e0 <macro_data+0x8>
84068954:	df1ff0ef          	jal	84068744 <key_remap_macro_key_press>
84068958:	bf41                	j	840688e8 <key_remap_macro_timeout+0xb2>
8406895a:	009407b3          	add	a5,s0,s1
8406895e:	47c8                	lw	a0,12(a5)
84068960:	00003617          	auipc	a2,0x3
84068964:	d7860613          	add	a2,a2,-648 # 8406b6d8 <macro_data>
84068968:	0e000593          	li	a1,224
8406896c:	0e057313          	and	t1,a0,224
84068970:	461c                	lw	a5,8(a2)
84068972:	0ff57693          	zext.b	a3,a0
84068976:	08b30563          	beq	t1,a1,84068a00 <key_remap_macro_timeout+0x1ca>
8406897a:	83a1                	srl	a5,a5,0x8
8406897c:	8fa9                	xor	a5,a5,a0
8406897e:	0ff7f793          	zext.b	a5,a5
84068982:	c3dd                	beqz	a5,84068a28 <key_remap_macro_timeout+0x1f2>
84068984:	4319                	li	t1,6
84068986:	00003297          	auipc	t0,0x3
8406898a:	d5a28293          	add	t0,t0,-678 # 8406b6e0 <macro_data+0x8>
8406898e:	0ff77793          	zext.b	a5,a4
84068992:	f4670be3          	beq	a4,t1,840688e8 <key_remap_macro_timeout+0xb2>
84068996:	ffc77613          	and	a2,a4,-4
8406899a:	9616                	add	a2,a2,t0
8406899c:	420c                	lw	a1,0(a2)
8406899e:	00379693          	sll	a3,a5,0x3
840689a2:	8ae1                	and	a3,a3,24
840689a4:	00d5d5b3          	srl	a1,a1,a3
840689a8:	8da9                	xor	a1,a1,a0
840689aa:	0ff5f593          	zext.b	a1,a1
840689ae:	0705                	add	a4,a4,1
840689b0:	fdf9                	bnez	a1,8406898e <key_remap_macro_timeout+0x158>
840689b2:	0785                	add	a5,a5,1
840689b4:	0ff7f793          	zext.b	a5,a5
840689b8:	00003397          	auipc	t2,0x3
840689bc:	d2838393          	add	t2,t2,-728 # 8406b6e0 <macro_data+0x8>
840689c0:	0ff00293          	li	t0,255
840689c4:	431d                	li	t1,7
840689c6:	8532                	mv	a0,a2
840689c8:	410c                	lw	a1,0(a0)
840689ca:	80b6                	mv	ra,a3
840689cc:	ffc7f613          	and	a2,a5,-4
840689d0:	00129733          	sll	a4,t0,ra
840689d4:	961e                	add	a2,a2,t2
840689d6:	fff74713          	not	a4,a4
840689da:	8f6d                	and	a4,a4,a1
840689dc:	420c                	lw	a1,0(a2)
840689de:	00379693          	sll	a3,a5,0x3
840689e2:	8ae1                	and	a3,a3,24
840689e4:	00d5d5b3          	srl	a1,a1,a3
840689e8:	0ff5f593          	zext.b	a1,a1
840689ec:	001595b3          	sll	a1,a1,ra
840689f0:	8f4d                	or	a4,a4,a1
840689f2:	0785                	add	a5,a5,1
840689f4:	c118                	sw	a4,0(a0)
840689f6:	0ff7f713          	zext.b	a4,a5
840689fa:	fc6716e3          	bne	a4,t1,840689c6 <key_remap_macro_timeout+0x190>
840689fe:	b5ed                	j	840688e8 <key_remap_macro_timeout+0xb2>
84068a00:	02068693          	add	a3,a3,32
84068a04:	0ff6f693          	zext.b	a3,a3
84068a08:	459d                	li	a1,7
84068a0a:	4701                	li	a4,0
84068a0c:	00d5e963          	bltu	a1,a3,84068a1e <key_remap_macro_timeout+0x1e8>
84068a10:	00002717          	auipc	a4,0x2
84068a14:	37470713          	add	a4,a4,884 # 8406ad84 <CSWTCH.25>
84068a18:	9736                	add	a4,a4,a3
84068a1a:	00074703          	lbu	a4,0(a4)
84068a1e:	fff74713          	not	a4,a4
84068a22:	8f7d                	and	a4,a4,a5
84068a24:	c618                	sw	a4,8(a2)
84068a26:	b5c9                	j	840688e8 <key_remap_macro_timeout+0xb2>
84068a28:	46a1                	li	a3,8
84068a2a:	00003617          	auipc	a2,0x3
84068a2e:	cb660613          	add	a2,a2,-842 # 8406b6e0 <macro_data+0x8>
84068a32:	4785                	li	a5,1
84068a34:	bfbd                	j	840689b2 <key_remap_macro_timeout+0x17c>
84068a36:	009407b3          	add	a5,s0,s1
84068a3a:	00c7d583          	lhu	a1,12(a5)
84068a3e:	00003517          	auipc	a0,0x3
84068a42:	caa50513          	add	a0,a0,-854 # 8406b6e8 <macro_data+0x10>
84068a46:	d95ff0ef          	jal	840687da <key_remap_csm_key_press>
84068a4a:	bd79                	j	840688e8 <key_remap_macro_timeout+0xb2>
84068a4c:	009407b3          	add	a5,s0,s1
84068a50:	00c7d583          	lhu	a1,12(a5)
84068a54:	00003517          	auipc	a0,0x3
84068a58:	c9450513          	add	a0,a0,-876 # 8406b6e8 <macro_data+0x10>
84068a5c:	d9fff0ef          	jal	840687fa <key_remap_csm_key_release>
84068a60:	b561                	j	840688e8 <key_remap_macro_timeout+0xb2>
84068a62:	009407b3          	add	a5,s0,s1
84068a66:	47dc                	lw	a5,12(a5)
84068a68:	4691                	li	a3,4
84068a6a:	8bbd                	and	a5,a5,15
84068a6c:	e6f6eee3          	bltu	a3,a5,840688e8 <key_remap_macro_timeout+0xb2>
84068a70:	00002597          	auipc	a1,0x2
84068a74:	59858593          	add	a1,a1,1432 # 8406b008 <mouse_key_bits>
84068a78:	078a                	sll	a5,a5,0x2
84068a7a:	97ae                	add	a5,a5,a1
84068a7c:	00003617          	auipc	a2,0x3
84068a80:	c5c60613          	add	a2,a2,-932 # 8406b6d8 <macro_data>
84068a84:	4595                	li	a1,5
84068a86:	4214                	lw	a3,0(a2)
84068a88:	439c                	lw	a5,0(a5)
84068a8a:	00b71563          	bne	a4,a1,84068a94 <key_remap_macro_timeout+0x25e>
84068a8e:	8edd                	or	a3,a3,a5
84068a90:	c214                	sw	a3,0(a2)
84068a92:	bd99                	j	840688e8 <key_remap_macro_timeout+0xb2>
84068a94:	fff7c793          	not	a5,a5
84068a98:	8ff5                	and	a5,a5,a3
84068a9a:	c21c                	sw	a5,0(a2)
84068a9c:	b5b1                	j	840688e8 <key_remap_macro_timeout+0xb2>
84068a9e:	4702                	lw	a4,0(sp)
84068aa0:	47a9                	li	a5,10
84068aa2:	00e7fe63          	bgeu	a5,a4,84068abe <key_remap_macro_timeout+0x288>
84068aa6:	1f200613          	li	a2,498
84068aaa:	81f98597          	auipc	a1,0x81f98
84068aae:	39a58593          	add	a1,a1,922 # 6000e44 <file.2>
84068ab2:	81f98517          	auipc	a0,0x81f98
84068ab6:	3de50513          	add	a0,a0,990 # 6000e90 <exp.3>
84068aba:	598010ef          	jal	8406a052 <light_assert>
84068abe:	4782                	lw	a5,0(sp)
84068ac0:	0785                	add	a5,a5,1
84068ac2:	c03e                	sw	a5,0(sp)
84068ac4:	bb61                	j	8406885c <key_remap_macro_timeout+0x26>
84068ac6:	40c2                	lw	ra,16(sp)
84068ac8:	4432                	lw	s0,12(sp)
84068aca:	44a2                	lw	s1,8(sp)
84068acc:	0151                	add	sp,sp,20
84068ace:	8082                	ret

84068ad0 <key_remapping>:
84068ad0:	1141                	add	sp,sp,-16
84068ad2:	c422                	sw	s0,8(sp)
84068ad4:	87aa                	mv	a5,a0
84068ad6:	8432                	mv	s0,a2
84068ad8:	00003717          	auipc	a4,0x3
84068adc:	cb470713          	add	a4,a4,-844 # 8406b78c <kr_ctrl>
84068ae0:	c606                	sw	ra,12(sp)
84068ae2:	c226                	sw	s1,4(sp)
84068ae4:	461d                	li	a2,7
84068ae6:	4348                	lw	a0,4(a4)
84068ae8:	04f66c63          	bltu	a2,a5,84068b40 <key_remapping+0x70>
84068aec:	00279313          	sll	t1,a5,0x2
84068af0:	00002617          	auipc	a2,0x2
84068af4:	51860613          	add	a2,a2,1304 # 8406b008 <mouse_key_bits>
84068af8:	961a                	add	a2,a2,t1
84068afa:	00062303          	lw	t1,0(a2)
84068afe:	fff6c613          	not	a2,a3
84068b02:	8e6d                	and	a2,a2,a1
84068b04:	00667633          	and	a2,a2,t1
84068b08:	4685                	li	a3,1
84068b0a:	04660063          	beq	a2,t1,84068b4a <key_remapping+0x7a>
84068b0e:	4681                	li	a3,0
84068b10:	00003617          	auipc	a2,0x3
84068b14:	bdc60613          	add	a2,a2,-1060 # 8406b6ec <macro_setting>
84068b18:	00479493          	sll	s1,a5,0x4
84068b1c:	00960333          	add	t1,a2,s1
84068b20:	00032303          	lw	t1,0(t1)
84068b24:	42a5                	li	t0,9
84068b26:	137d                	add	t1,t1,-1
84068b28:	0662e663          	bltu	t0,t1,84068b94 <key_remapping+0xc4>
84068b2c:	00002297          	auipc	t0,0x2
84068b30:	4b428293          	add	t0,t0,1204 # 8406afe0 <ccni_callback+0xe8>
84068b34:	030a                	sll	t1,t1,0x2
84068b36:	9316                	add	t1,t1,t0
84068b38:	00032303          	lw	t1,0(t1)
84068b3c:	9316                	add	t1,t1,t0
84068b3e:	8302                	jr	t1
84068b40:	46a5                	li	a3,9
84068b42:	02f6e463          	bltu	a3,a5,84068b6a <key_remapping+0x9a>
84068b46:	4681                	li	a3,0
84068b48:	d5e1                	beqz	a1,84068b10 <key_remapping+0x40>
84068b4a:	00451313          	sll	t1,a0,0x4
84068b4e:	00003617          	auipc	a2,0x3
84068b52:	b9e60613          	add	a2,a2,-1122 # 8406b6ec <macro_setting>
84068b56:	961a                	add	a2,a2,t1
84068b58:	00062283          	lw	t0,0(a2)
84068b5c:	4315                	li	t1,5
84068b5e:	fa6299e3          	bne	t0,t1,84068b10 <key_remapping+0x40>
84068b62:	4311                	li	t1,4
84068b64:	00662023          	sw	t1,0(a2)
84068b68:	b765                	j	84068b10 <key_remapping+0x40>
84068b6a:	4422                	lw	s0,8(sp)
84068b6c:	40b2                	lw	ra,12(sp)
84068b6e:	4492                	lw	s1,4(sp)
84068b70:	24d00613          	li	a2,589
84068b74:	81f98597          	auipc	a1,0x81f98
84068b78:	26858593          	add	a1,a1,616 # 6000ddc <file.0>
84068b7c:	81f98517          	auipc	a0,0x81f98
84068b80:	2ac50513          	add	a0,a0,684 # 6000e28 <exp.1>
84068b84:	0141                	add	sp,sp,16
84068b86:	4cc0106f          	j	8406a052 <light_assert>
84068b8a:	94b2                	add	s1,s1,a2
84068b8c:	401c                	lw	a5,0(s0)
84068b8e:	40d8                	lw	a4,4(s1)
84068b90:	8fd9                	or	a5,a5,a4
84068b92:	c01c                	sw	a5,0(s0)
84068b94:	40b2                	lw	ra,12(sp)
84068b96:	4422                	lw	s0,8(sp)
84068b98:	4492                	lw	s1,4(sp)
84068b9a:	0141                	add	sp,sp,16
84068b9c:	8082                	ret
84068b9e:	94b2                	add	s1,s1,a2
84068ba0:	40dc                	lw	a5,4(s1)
84068ba2:	4418                	lw	a4,8(s0)
84068ba4:	0087d593          	srl	a1,a5,0x8
84068ba8:	0ff7f793          	zext.b	a5,a5
84068bac:	8fd9                	or	a5,a5,a4
84068bae:	c41c                	sw	a5,8(s0)
84068bb0:	0e05f693          	and	a3,a1,224
84068bb4:	0e000713          	li	a4,224
84068bb8:	02e69463          	bne	a3,a4,84068be0 <key_remapping+0x110>
84068bbc:	02058593          	add	a1,a1,32
84068bc0:	0ff5f593          	zext.b	a1,a1
84068bc4:	469d                	li	a3,7
84068bc6:	4701                	li	a4,0
84068bc8:	00b6e963          	bltu	a3,a1,84068bda <key_remapping+0x10a>
84068bcc:	00002717          	auipc	a4,0x2
84068bd0:	1b870713          	add	a4,a4,440 # 8406ad84 <CSWTCH.25>
84068bd4:	972e                	add	a4,a4,a1
84068bd6:	00074703          	lbu	a4,0(a4)
84068bda:	8fd9                	or	a5,a5,a4
84068bdc:	c41c                	sw	a5,8(s0)
84068bde:	bf5d                	j	84068b94 <key_remapping+0xc4>
84068be0:	00840513          	add	a0,s0,8
84068be4:	4422                	lw	s0,8(sp)
84068be6:	40b2                	lw	ra,12(sp)
84068be8:	4492                	lw	s1,4(sp)
84068bea:	0ff5f593          	zext.b	a1,a1
84068bee:	0141                	add	sp,sp,16
84068bf0:	b55ff06f          	j	84068744 <key_remap_macro_key_press>
84068bf4:	94b2                	add	s1,s1,a2
84068bf6:	01040513          	add	a0,s0,16
84068bfa:	4422                	lw	s0,8(sp)
84068bfc:	0044d583          	lhu	a1,4(s1)
84068c00:	40b2                	lw	ra,12(sp)
84068c02:	4492                	lw	s1,4(sp)
84068c04:	0141                	add	sp,sp,16
84068c06:	bd5ff06f          	j	840687da <key_remap_csm_key_press>
84068c0a:	ea89                	bnez	a3,84068c1c <key_remapping+0x14c>
84068c0c:	c581                	beqz	a1,84068c14 <key_remapping+0x144>
84068c0e:	469d                	li	a3,7
84068c10:	00f6e663          	bltu	a3,a5,84068c1c <key_remapping+0x14c>
84068c14:	474c                	lw	a1,12(a4)
84068c16:	4691                	li	a3,4
84068c18:	f6d59ee3          	bne	a1,a3,84068b94 <key_remapping+0xc4>
84068c1c:	46a9                	li	a3,10
84068c1e:	00d50563          	beq	a0,a3,84068c28 <key_remapping+0x158>
84068c22:	478d                	li	a5,3
84068c24:	c75c                	sw	a5,12(a4)
84068c26:	b7bd                	j	84068b94 <key_remapping+0xc4>
84068c28:	00960533          	add	a0,a2,s1
84068c2c:	00b54583          	lbu	a1,11(a0)
84068c30:	4315                	li	t1,5
84068c32:	4554                	lw	a3,12(a0)
84068c34:	0a658b63          	beq	a1,t1,84068cea <key_remapping+0x21a>
84068c38:	00b36e63          	bltu	t1,a1,84068c54 <key_remapping+0x184>
84068c3c:	4305                	li	t1,1
84068c3e:	02658363          	beq	a1,t1,84068c64 <key_remapping+0x194>
84068c42:	468d                	li	a3,3
84068c44:	06d58d63          	beq	a1,a3,84068cbe <key_remapping+0x1ee>
84068c48:	c35c                	sw	a5,4(a4)
84068c4a:	94b2                	add	s1,s1,a2
84068c4c:	4795                	li	a5,5
84068c4e:	c09c                	sw	a5,0(s1)
84068c50:	4785                	li	a5,1
84068c52:	bfc9                	j	84068c24 <key_remapping+0x154>
84068c54:	469d                	li	a3,7
84068c56:	fed599e3          	bne	a1,a3,84068c48 <key_remapping+0x178>
84068c5a:	853e                	mv	a0,a5
84068c5c:	c03e                	sw	a5,0(sp)
84068c5e:	b59ff0ef          	jal	840687b6 <key_remap_get_ms_x_y>
84068c62:	a895                	j	84068cd6 <key_remapping+0x206>
84068c64:	0ff6f593          	zext.b	a1,a3
84068c68:	0e000513          	li	a0,224
84068c6c:	0e06f693          	and	a3,a3,224
84068c70:	02a69863          	bne	a3,a0,84068ca0 <key_remapping+0x1d0>
84068c74:	02058593          	add	a1,a1,32
84068c78:	0ff5f593          	zext.b	a1,a1
84068c7c:	451d                	li	a0,7
84068c7e:	4681                	li	a3,0
84068c80:	00b56963          	bltu	a0,a1,84068c92 <key_remapping+0x1c2>
84068c84:	00002697          	auipc	a3,0x2
84068c88:	10068693          	add	a3,a3,256 # 8406ad84 <CSWTCH.25>
84068c8c:	96ae                	add	a3,a3,a1
84068c8e:	0006c683          	lbu	a3,0(a3)
84068c92:	c414                	sw	a3,8(s0)
84068c94:	4414                	lw	a3,8(s0)
84068c96:	00003597          	auipc	a1,0x3
84068c9a:	a4d5a523          	sw	a3,-1462(a1) # 8406b6e0 <macro_data+0x8>
84068c9e:	b76d                	j	84068c48 <key_remapping+0x178>
84068ca0:	00840513          	add	a0,s0,8
84068ca4:	c03e                	sw	a5,0(sp)
84068ca6:	a9fff0ef          	jal	84068744 <key_remap_macro_key_press>
84068caa:	4782                	lw	a5,0(sp)
84068cac:	00003617          	auipc	a2,0x3
84068cb0:	a4060613          	add	a2,a2,-1472 # 8406b6ec <macro_setting>
84068cb4:	00003717          	auipc	a4,0x3
84068cb8:	ad870713          	add	a4,a4,-1320 # 8406b78c <kr_ctrl>
84068cbc:	bfe1                	j	84068c94 <key_remapping+0x1c4>
84068cbe:	00455583          	lhu	a1,4(a0)
84068cc2:	01040513          	add	a0,s0,16
84068cc6:	c03e                	sw	a5,0(sp)
84068cc8:	b13ff0ef          	jal	840687da <key_remap_csm_key_press>
84068ccc:	4814                	lw	a3,16(s0)
84068cce:	00003597          	auipc	a1,0x3
84068cd2:	a0d5ad23          	sw	a3,-1510(a1) # 8406b6e8 <macro_data+0x10>
84068cd6:	4782                	lw	a5,0(sp)
84068cd8:	00003717          	auipc	a4,0x3
84068cdc:	ab470713          	add	a4,a4,-1356 # 8406b78c <kr_ctrl>
84068ce0:	00003617          	auipc	a2,0x3
84068ce4:	a0c60613          	add	a2,a2,-1524 # 8406b6ec <macro_setting>
84068ce8:	b785                	j	84068c48 <key_remapping+0x178>
84068cea:	8abd                	and	a3,a3,15
84068cec:	4591                	li	a1,4
84068cee:	f4d5ede3          	bltu	a1,a3,84068c48 <key_remapping+0x178>
84068cf2:	00002597          	auipc	a1,0x2
84068cf6:	31658593          	add	a1,a1,790 # 8406b008 <mouse_key_bits>
84068cfa:	068a                	sll	a3,a3,0x2
84068cfc:	96ae                	add	a3,a3,a1
84068cfe:	4288                	lw	a0,0(a3)
84068d00:	4014                	lw	a3,0(s0)
84068d02:	00003597          	auipc	a1,0x3
84068d06:	9d658593          	add	a1,a1,-1578 # 8406b6d8 <macro_data>
84068d0a:	8ec9                	or	a3,a3,a0
84068d0c:	c014                	sw	a3,0(s0)
84068d0e:	4194                	lw	a3,0(a1)
84068d10:	8ec9                	or	a3,a3,a0
84068d12:	c194                	sw	a3,0(a1)
84068d14:	bf15                	j	84068c48 <key_remapping+0x178>
84068d16:	e691                	bnez	a3,84068d22 <key_remapping+0x252>
84068d18:	e6058ee3          	beqz	a1,84068b94 <key_remapping+0xc4>
84068d1c:	469d                	li	a3,7
84068d1e:	e6f6fbe3          	bgeu	a3,a5,84068b94 <key_remapping+0xc4>
84068d22:	4785                	li	a5,1
84068d24:	cb1c                	sw	a5,16(a4)
84068d26:	b5bd                	j	84068b94 <key_remapping+0xc4>
84068d28:	e691                	bnez	a3,84068d34 <key_remapping+0x264>
84068d2a:	e60585e3          	beqz	a1,84068b94 <key_remapping+0xc4>
84068d2e:	469d                	li	a3,7
84068d30:	e6f6f2e3          	bgeu	a3,a5,84068b94 <key_remapping+0xc4>
84068d34:	4789                	li	a5,2
84068d36:	9626                	add	a2,a2,s1
84068d38:	cb1c                	sw	a5,16(a4)
84068d3a:	425c                	lw	a5,4(a2)
84068d3c:	cf1c                	sw	a5,24(a4)
84068d3e:	bd99                	j	84068b94 <key_remapping+0xc4>
84068d40:	e691                	bnez	a3,84068d4c <key_remapping+0x27c>
84068d42:	e40589e3          	beqz	a1,84068b94 <key_remapping+0xc4>
84068d46:	471d                	li	a4,7
84068d48:	e4f776e3          	bgeu	a4,a5,84068b94 <key_remapping+0xc4>
84068d4c:	4785                	li	a5,1
84068d4e:	c05c                	sw	a5,4(s0)
84068d50:	b591                	j	84068b94 <key_remapping+0xc4>
84068d52:	e691                	bnez	a3,84068d5e <key_remapping+0x28e>
84068d54:	e40580e3          	beqz	a1,84068b94 <key_remapping+0xc4>
84068d58:	471d                	li	a4,7
84068d5a:	e2f77de3          	bgeu	a4,a5,84068b94 <key_remapping+0xc4>
84068d5e:	57fd                	li	a5,-1
84068d60:	b7fd                	j	84068d4e <key_remapping+0x27e>
84068d62:	c299                	beqz	a3,84068d68 <key_remapping+0x298>
84068d64:	4795                	li	a5,5
84068d66:	bf7d                	j	84068d24 <key_remapping+0x254>
84068d68:	e20586e3          	beqz	a1,84068b94 <key_remapping+0xc4>
84068d6c:	469d                	li	a3,7
84068d6e:	e2f6f3e3          	bgeu	a3,a5,84068b94 <key_remapping+0xc4>
84068d72:	cb14                	sw	a3,16(a4)
84068d74:	b505                	j	84068b94 <key_remapping+0xc4>

84068d76 <key_remap_backend_process>:
84068d76:	fcc10113          	add	sp,sp,-52
84068d7a:	d622                	sw	s0,44(sp)
84068d7c:	00003417          	auipc	s0,0x3
84068d80:	a1040413          	add	s0,s0,-1520 # 8406b78c <kr_ctrl>
84068d84:	d426                	sw	s1,40(sp)
84068d86:	5454                	lw	a3,44(s0)
84068d88:	5404                	lw	s1,40(s0)
84068d8a:	00442303          	lw	t1,4(s0)
84068d8e:	d806                	sw	ra,48(sp)
84068d90:	ca02                	sw	zero,20(sp)
84068d92:	cc02                	sw	zero,24(sp)
84068d94:	ce02                	sw	zero,28(sp)
84068d96:	d002                	sw	zero,32(sp)
84068d98:	d202                	sw	zero,36(sp)
84068d9a:	4781                	li	a5,0
84068d9c:	00003517          	auipc	a0,0x3
84068da0:	93c50513          	add	a0,a0,-1732 # 8406b6d8 <macro_data>
84068da4:	4751                	li	a4,20
84068da6:	00a785b3          	add	a1,a5,a0
84068daa:	418c                	lw	a1,0(a1)
84068dac:	01478613          	add	a2,a5,20
84068db0:	960a                	add	a2,a2,sp
84068db2:	c20c                	sw	a1,0(a2)
84068db4:	0791                	add	a5,a5,4
84068db6:	fee798e3          	bne	a5,a4,84068da6 <key_remap_backend_process+0x30>
84068dba:	4629                	li	a2,10
84068dbc:	581c                	lw	a5,48(s0)
84068dbe:	00003717          	auipc	a4,0x3
84068dc2:	92e70713          	add	a4,a4,-1746 # 8406b6ec <macro_setting>
84068dc6:	02c30263          	beq	t1,a2,84068dea <key_remap_backend_process+0x74>
84068dca:	00431613          	sll	a2,t1,0x4
84068dce:	963a                	add	a2,a2,a4
84068dd0:	00465583          	lhu	a1,4(a2)
84068dd4:	4609                	li	a2,2
84068dd6:	00c59a63          	bne	a1,a2,84068dea <key_remap_backend_process+0x74>
84068dda:	00d48863          	beq	s1,a3,84068dea <key_remap_backend_process+0x74>
84068dde:	c491                	beqz	s1,84068dea <key_remap_backend_process+0x74>
84068de0:	fff4c613          	not	a2,s1
84068de4:	8e75                	and	a2,a2,a3
84068de6:	e211                	bnez	a2,84068dea <key_remap_backend_process+0x74>
84068de8:	c44c                	sw	a1,12(s0)
84068dea:	00003297          	auipc	t0,0x3
84068dee:	90228293          	add	t0,t0,-1790 # 8406b6ec <macro_setting>
84068df2:	4501                	li	a0,0
84068df4:	00002397          	auipc	t2,0x2
84068df8:	21438393          	add	t2,t2,532 # 8406b008 <mouse_key_bits>
84068dfc:	4c50                	lw	a2,28(s0)
84068dfe:	08c56663          	bltu	a0,a2,84068e8a <key_remap_backend_process+0x114>
84068e02:	0c07d763          	bgez	a5,84068ed0 <key_remap_backend_process+0x15a>
84068e06:	4525                	li	a0,9
84068e08:	5050                	lw	a2,36(s0)
84068e0a:	00161593          	sll	a1,a2,0x1
84068e0e:	0005d463          	bgez	a1,84068e16 <key_remap_backend_process+0xa0>
84068e12:	00f04663          	bgtz	a5,84068e1e <key_remap_backend_process+0xa8>
84068e16:	0a065f63          	bgez	a2,84068ed4 <key_remap_backend_process+0x15e>
84068e1a:	0a07dd63          	bgez	a5,84068ed4 <key_remap_backend_process+0x15e>
84068e1e:	85be                	mv	a1,a5
84068e20:	0850                	add	a2,sp,20
84068e22:	c236                	sw	a3,4(sp)
84068e24:	c03e                	sw	a5,0(sp)
84068e26:	cabff0ef          	jal	84068ad0 <key_remapping>
84068e2a:	4692                	lw	a3,4(sp)
84068e2c:	4782                	lw	a5,0(sp)
84068e2e:	a05d                	j	84068ed4 <key_remap_backend_process+0x15e>
84068e30:	00a31f63          	bne	t1,a0,84068e4e <key_remap_backend_process+0xd8>
84068e34:	00431613          	sll	a2,t1,0x4
84068e38:	963a                	add	a2,a2,a4
84068e3a:	00465583          	lhu	a1,4(a2)
84068e3e:	4605                	li	a2,1
84068e40:	08c59563          	bne	a1,a2,84068eca <key_remap_backend_process+0x154>
84068e44:	08d48363          	beq	s1,a3,84068eca <key_remap_backend_process+0x154>
84068e48:	4609                	li	a2,2
84068e4a:	c450                	sw	a2,12(s0)
84068e4c:	a8bd                	j	84068eca <key_remap_backend_process+0x154>
84068e4e:	0002a583          	lw	a1,0(t0)
84068e52:	409d                	li	ra,7
84068e54:	00159c63          	bne	a1,ra,84068e6c <key_remap_backend_process+0xf6>
84068e58:	8e75                	and	a2,a2,a3
84068e5a:	ca09                	beqz	a2,84068e6c <key_remap_backend_process+0xf6>
84068e5c:	0042c583          	lbu	a1,4(t0)
84068e60:	4609                	li	a2,2
84068e62:	06c59463          	bne	a1,a2,84068eca <key_remap_backend_process+0x154>
84068e66:	460d                	li	a2,3
84068e68:	c810                	sw	a2,16(s0)
84068e6a:	a085                	j	84068eca <key_remap_backend_process+0x154>
84068e6c:	01042083          	lw	ra,16(s0)
84068e70:	4619                	li	a2,6
84068e72:	04c09c63          	bne	ra,a2,84068eca <key_remap_backend_process+0x154>
84068e76:	4629                	li	a2,10
84068e78:	04c59963          	bne	a1,a2,84068eca <key_remap_backend_process+0x154>
84068e7c:	00003617          	auipc	a2,0x3
84068e80:	92062023          	sw	zero,-1760(a2) # 8406b79c <kr_ctrl+0x10>
84068e84:	4605                	li	a2,1
84068e86:	c850                	sw	a2,20(s0)
84068e88:	a089                	j	84068eca <key_remap_backend_process+0x154>
84068e8a:	4621                	li	a2,8
84068e8c:	f6c50be3          	beq	a0,a2,84068e02 <key_remap_backend_process+0x8c>
84068e90:	00251613          	sll	a2,a0,0x2
84068e94:	961e                	add	a2,a2,t2
84068e96:	4210                	lw	a2,0(a2)
84068e98:	009675b3          	and	a1,a2,s1
84068e9c:	d9d1                	beqz	a1,84068e30 <key_remap_backend_process+0xba>
84068e9e:	0850                	add	a2,sp,20
84068ea0:	85a6                	mv	a1,s1
84068ea2:	c816                	sw	t0,16(sp)
84068ea4:	c63e                	sw	a5,12(sp)
84068ea6:	c41a                	sw	t1,8(sp)
84068ea8:	c236                	sw	a3,4(sp)
84068eaa:	c02a                	sw	a0,0(sp)
84068eac:	c25ff0ef          	jal	84068ad0 <key_remapping>
84068eb0:	4502                	lw	a0,0(sp)
84068eb2:	4692                	lw	a3,4(sp)
84068eb4:	4322                	lw	t1,8(sp)
84068eb6:	47b2                	lw	a5,12(sp)
84068eb8:	42c2                	lw	t0,16(sp)
84068eba:	00003717          	auipc	a4,0x3
84068ebe:	83270713          	add	a4,a4,-1998 # 8406b6ec <macro_setting>
84068ec2:	00002397          	auipc	t2,0x2
84068ec6:	14638393          	add	t2,t2,326 # 8406b008 <mouse_key_bits>
84068eca:	0505                	add	a0,a0,1
84068ecc:	02c1                	add	t0,t0,16
84068ece:	b73d                	j	84068dfc <key_remap_backend_process+0x86>
84068ed0:	4521                	li	a0,8
84068ed2:	fb9d                	bnez	a5,84068e08 <key_remap_backend_process+0x92>
84068ed4:	0097e633          	or	a2,a5,s1
84068ed8:	084c                	add	a1,sp,20
84068eda:	00002517          	auipc	a0,0x2
84068ede:	42652503          	lw	a0,1062(a0) # 8406b300 <Kr_q_Ctrl>
84068ee2:	c036                	sw	a3,0(sp)
84068ee4:	2cd9                	jal	840691ba <key_remap_queue_push>
84068ee6:	4682                	lw	a3,0(sp)
84068ee8:	00003717          	auipc	a4,0x3
84068eec:	80470713          	add	a4,a4,-2044 # 8406b6ec <macro_setting>
84068ef0:	8ea5                	xor	a3,a3,s1
84068ef2:	0206f793          	and	a5,a3,32
84068ef6:	c789                	beqz	a5,84068f00 <key_remap_backend_process+0x18a>
84068ef8:	4b3c                	lw	a5,80(a4)
84068efa:	e399                	bnez	a5,84068f00 <key_remap_backend_process+0x18a>
84068efc:	4785                	li	a5,1
84068efe:	c85c                	sw	a5,20(s0)
84068f00:	0406f793          	and	a5,a3,64
84068f04:	c789                	beqz	a5,84068f0e <key_remap_backend_process+0x198>
84068f06:	533c                	lw	a5,96(a4)
84068f08:	e399                	bnez	a5,84068f0e <key_remap_backend_process+0x198>
84068f0a:	4785                	li	a5,1
84068f0c:	c85c                	sw	a5,20(s0)
84068f0e:	0806f693          	and	a3,a3,128
84068f12:	c689                	beqz	a3,84068f1c <key_remap_backend_process+0x1a6>
84068f14:	5b3c                	lw	a5,112(a4)
84068f16:	e399                	bnez	a5,84068f1c <key_remap_backend_process+0x1a6>
84068f18:	4785                	li	a5,1
84068f1a:	c85c                	sw	a5,20(s0)
84068f1c:	4818                	lw	a4,16(s0)
84068f1e:	4795                	li	a5,5
84068f20:	00f71663          	bne	a4,a5,84068f2c <key_remap_backend_process+0x1b6>
84068f24:	4785                	li	a5,1
84068f26:	c85c                	sw	a5,20(s0)
84068f28:	4799                	li	a5,6
84068f2a:	c81c                	sw	a5,16(s0)
84068f2c:	d444                	sw	s1,44(s0)
84068f2e:	50c2                	lw	ra,48(sp)
84068f30:	5432                	lw	s0,44(sp)
84068f32:	54a2                	lw	s1,40(sp)
84068f34:	03410113          	add	sp,sp,52
84068f38:	8082                	ret

84068f3a <key_remap_backend_postprocess>:
84068f3a:	1151                	add	sp,sp,-12
84068f3c:	c222                	sw	s0,4(sp)
84068f3e:	00003417          	auipc	s0,0x3
84068f42:	84e40413          	add	s0,s0,-1970 # 8406b78c <kr_ctrl>
84068f46:	445c                	lw	a5,12(s0)
84068f48:	c026                	sw	s1,0(sp)
84068f4a:	c406                	sw	ra,8(sp)
84068f4c:	4489                	li	s1,2
84068f4e:	06978a63          	beq	a5,s1,84068fc2 <key_remap_backend_postprocess+0x88>
84068f52:	470d                	li	a4,3
84068f54:	04e78e63          	beq	a5,a4,84068fb0 <key_remap_backend_postprocess+0x76>
84068f58:	4705                	li	a4,1
84068f5a:	04e79f63          	bne	a5,a4,84068fb8 <key_remap_backend_postprocess+0x7e>
84068f5e:	4505                	li	a0,1
84068f60:	c01c                	sw	a5,0(s0)
84068f62:	c41c                	sw	a5,8(s0)
84068f64:	f26ff0ef          	jal	8406868a <key_remap_update_record>
84068f68:	4058                	lw	a4,4(s0)
84068f6a:	00002797          	auipc	a5,0x2
84068f6e:	78278793          	add	a5,a5,1922 # 8406b6ec <macro_setting>
84068f72:	0712                	sll	a4,a4,0x4
84068f74:	97ba                	add	a5,a5,a4
84068f76:	478c                	lw	a1,8(a5)
84068f78:	00002797          	auipc	a5,0x2
84068f7c:	2ec7c783          	lbu	a5,748(a5) # 8406b264 <hid_ctrl>
84068f80:	05a2                	sll	a1,a1,0x8
84068f82:	81a1                	srl	a1,a1,0x8
84068f84:	00f4e763          	bltu	s1,a5,84068f92 <key_remap_backend_postprocess+0x58>
84068f88:	4721                	li	a4,8
84068f8a:	00b76463          	bltu	a4,a1,84068f92 <key_remap_backend_postprocess+0x58>
84068f8e:	40f755b3          	sra	a1,a4,a5
84068f92:	4681                	li	a3,0
84068f94:	00000617          	auipc	a2,0x0
84068f98:	8a260613          	add	a2,a2,-1886 # 84068836 <key_remap_macro_timeout>
84068f9c:	00002517          	auipc	a0,0x2
84068fa0:	36852503          	lw	a0,872(a0) # 8406b304 <macro_gpt_hdl>
84068fa4:	2b9d                	jal	8406951a <hal_gpt_sw_start_timer_ms>
84068fa6:	00002797          	auipc	a5,0x2
84068faa:	7e07a923          	sw	zero,2034(a5) # 8406b798 <kr_ctrl+0xc>
84068fae:	a029                	j	84068fb8 <key_remap_backend_postprocess+0x7e>
84068fb0:	f2eff0ef          	jal	840686de <key_remap_macro_stop>
84068fb4:	4791                	li	a5,4
84068fb6:	c45c                	sw	a5,12(s0)
84068fb8:	40a2                	lw	ra,8(sp)
84068fba:	4412                	lw	s0,4(sp)
84068fbc:	4482                	lw	s1,0(sp)
84068fbe:	0131                	add	sp,sp,12
84068fc0:	8082                	ret
84068fc2:	f1cff0ef          	jal	840686de <key_remap_macro_stop>
84068fc6:	b7c5                	j	84068fa6 <key_remap_backend_postprocess+0x6c>

84068fc8 <key_remap_get_process_status>:
84068fc8:	00002517          	auipc	a0,0x2
84068fcc:	7d452503          	lw	a0,2004(a0) # 8406b79c <kr_ctrl+0x10>
84068fd0:	8082                	ret

84068fd2 <key_remap_state_reset>:
84068fd2:	00002797          	auipc	a5,0x2
84068fd6:	7c07a523          	sw	zero,1994(a5) # 8406b79c <kr_ctrl+0x10>
84068fda:	8082                	ret

84068fdc <key_remap_update_key_status>:
84068fdc:	00002797          	auipc	a5,0x2
84068fe0:	7b078793          	add	a5,a5,1968 # 8406b78c <kr_ctrl>
84068fe4:	d788                	sw	a0,40(a5)
84068fe6:	db8c                	sw	a1,48(a5)
84068fe8:	8082                	ret

84068fea <key_remap_get_dpi_attr>:
84068fea:	00002797          	auipc	a5,0x2
84068fee:	7a278793          	add	a5,a5,1954 # 8406b78c <kr_ctrl>
84068ff2:	4f88                	lw	a0,24(a5)
84068ff4:	0007a823          	sw	zero,16(a5)
84068ff8:	8082                	ret

84068ffa <key_remap_get_key_status>:
84068ffa:	00002717          	auipc	a4,0x2
84068ffe:	79270713          	add	a4,a4,1938 # 8406b78c <kr_ctrl>
84069002:	86aa                	mv	a3,a0
84069004:	4b48                	lw	a0,20(a4)
84069006:	cd11                	beqz	a0,84069022 <key_remap_get_key_status+0x28>
84069008:	535c                	lw	a5,36(a4)
8406900a:	5310                	lw	a2,32(a4)
8406900c:	5718                	lw	a4,40(a4)
8406900e:	fff7c793          	not	a5,a5
84069012:	8fd1                	or	a5,a5,a2
84069014:	8ff9                	and	a5,a5,a4
84069016:	c29c                	sw	a5,0(a3)
84069018:	4505                	li	a0,1
8406901a:	00002797          	auipc	a5,0x2
8406901e:	7807a323          	sw	zero,1926(a5) # 8406b7a0 <kr_ctrl+0x14>
84069022:	8082                	ret

84069024 <key_remap_set_queue>:
84069024:	00002797          	auipc	a5,0x2
84069028:	2ca7ae23          	sw	a0,732(a5) # 8406b300 <Kr_q_Ctrl>
8406902c:	8082                	ret

8406902e <key_remap_backend_setting>:
8406902e:	1151                	add	sp,sp,-12
84069030:	c222                	sw	s0,4(sp)
84069032:	c026                	sw	s1,0(sp)
84069034:	c406                	sw	ra,8(sp)
84069036:	00002497          	auipc	s1,0x2
8406903a:	6b648493          	add	s1,s1,1718 # 8406b6ec <macro_setting>
8406903e:	4401                	li	s0,0
84069040:	0ff47593          	zext.b	a1,s0
84069044:	8526                	mv	a0,s1
84069046:	df8fd0ef          	jal	8406663e <hid_common_get_backend_key_remap_data>
8406904a:	409c                	lw	a5,0(s1)
8406904c:	46a9                	li	a3,10
8406904e:	00d79c63          	bne	a5,a3,84069066 <key_remap_backend_setting+0x38>
84069052:	00002617          	auipc	a2,0x2
84069056:	73a60613          	add	a2,a2,1850 # 8406b78c <kr_ctrl>
8406905a:	521c                	lw	a5,32(a2)
8406905c:	4705                	li	a4,1
8406905e:	00871733          	sll	a4,a4,s0
84069062:	8fd9                	or	a5,a5,a4
84069064:	d21c                	sw	a5,32(a2)
84069066:	0405                	add	s0,s0,1
84069068:	04c1                	add	s1,s1,16
8406906a:	fcd41be3          	bne	s0,a3,84069040 <key_remap_backend_setting+0x12>
8406906e:	00002797          	auipc	a5,0x2
84069072:	10e7a783          	lw	a5,270(a5) # 8406b17c <hid_common>
84069076:	4f9c                	lw	a5,24(a5)
84069078:	40a2                	lw	ra,8(sp)
8406907a:	4412                	lw	s0,4(sp)
8406907c:	00002717          	auipc	a4,0x2
84069080:	72f72a23          	sw	a5,1844(a4) # 8406b7b0 <kr_ctrl+0x24>
84069084:	4482                	lw	s1,0(sp)
84069086:	0131                	add	sp,sp,12
84069088:	8082                	ret

8406908a <key_remap_backend_init>:
8406908a:	1151                	add	sp,sp,-12
8406908c:	00002517          	auipc	a0,0x2
84069090:	27850513          	add	a0,a0,632 # 8406b304 <macro_gpt_hdl>
84069094:	c406                	sw	ra,8(sp)
84069096:	2cfd                	jal	84069394 <hal_gpt_sw_get_timer>
84069098:	f97ff0ef          	jal	8406902e <key_remap_backend_setting>
8406909c:	00002717          	auipc	a4,0x2
840690a0:	0e072703          	lw	a4,224(a4) # 8406b17c <hid_common>
840690a4:	03874703          	lbu	a4,56(a4)
840690a8:	40a2                	lw	ra,8(sp)
840690aa:	00002797          	auipc	a5,0x2
840690ae:	6e278793          	add	a5,a5,1762 # 8406b78c <kr_ctrl>
840690b2:	cfd8                	sw	a4,28(a5)
840690b4:	4729                	li	a4,10
840690b6:	c3d8                	sw	a4,4(a5)
840690b8:	0131                	add	sp,sp,12
840690ba:	8082                	ret

840690bc <key_remap_backend_deinit>:
840690bc:	1151                	add	sp,sp,-12
840690be:	c222                	sw	s0,4(sp)
840690c0:	c406                	sw	ra,8(sp)
840690c2:	00002417          	auipc	s0,0x2
840690c6:	6ca40413          	add	s0,s0,1738 # 8406b78c <kr_ctrl>
840690ca:	02042623          	sw	zero,44(s0)
840690ce:	e10ff0ef          	jal	840686de <key_remap_macro_stop>
840690d2:	00042823          	sw	zero,16(s0)
840690d6:	4412                	lw	s0,4(sp)
840690d8:	40a2                	lw	ra,8(sp)
840690da:	00002517          	auipc	a0,0x2
840690de:	22a52503          	lw	a0,554(a0) # 8406b304 <macro_gpt_hdl>
840690e2:	0131                	add	sp,sp,12
840690e4:	a6f1                	j	840694b0 <hal_gpt_sw_free_timer>

840690e6 <key_remap_queue_init>:
840690e6:	1151                	add	sp,sp,-12
840690e8:	06800613          	li	a2,104
840690ec:	4581                	li	a1,0
840690ee:	c406                	sw	ra,8(sp)
840690f0:	a76fb0ef          	jal	84064366 <memset>
840690f4:	40a2                	lw	ra,8(sp)
840690f6:	4651                	li	a2,20
840690f8:	4581                	li	a1,0
840690fa:	00002517          	auipc	a0,0x2
840690fe:	6c650513          	add	a0,a0,1734 # 8406b7c0 <Kr_xy_buf>
84069102:	0131                	add	sp,sp,12
84069104:	a62fb06f          	j	84064366 <memset>

84069108 <key_remap_xy_push>:
84069108:	00002697          	auipc	a3,0x2
8406910c:	6b868693          	add	a3,a3,1720 # 8406b7c0 <Kr_xy_buf>
84069110:	4a9c                	lw	a5,16(a3)
84069112:	0017b793          	seqz	a5,a5
84069116:	00379713          	sll	a4,a5,0x3
8406911a:	9736                	add	a4,a4,a3
8406911c:	c308                	sw	a0,0(a4)
8406911e:	c34c                	sw	a1,4(a4)
84069120:	ca9c                	sw	a5,16(a3)
84069122:	8082                	ret

84069124 <key_remap_xy_pop>:
84069124:	00002797          	auipc	a5,0x2
84069128:	69c78793          	add	a5,a5,1692 # 8406b7c0 <Kr_xy_buf>
8406912c:	4b98                	lw	a4,16(a5)
8406912e:	070e                	sll	a4,a4,0x3
84069130:	97ba                	add	a5,a5,a4
84069132:	4390                	lw	a2,0(a5)
84069134:	43d4                	lw	a3,4(a5)
84069136:	00d66733          	or	a4,a2,a3
8406913a:	c305                	beqz	a4,8406915a <key_remap_xy_pop+0x36>
8406913c:	4518                	lw	a4,8(a0)
8406913e:	9732                	add	a4,a4,a2
84069140:	c518                	sw	a4,8(a0)
84069142:	4558                	lw	a4,12(a0)
84069144:	9736                	add	a4,a4,a3
84069146:	c558                	sw	a4,12(a0)
84069148:	0007a023          	sw	zero,0(a5)
8406914c:	0007a223          	sw	zero,4(a5)
84069150:	511c                	lw	a5,32(a0)
84069152:	80000737          	lui	a4,0x80000
84069156:	8fd9                	or	a5,a5,a4
84069158:	d11c                	sw	a5,32(a0)
8406915a:	8082                	ret

8406915c <key_remap_queue_pop>:
8406915c:	5174                	lw	a3,100(a0)
8406915e:	513c                	lw	a5,96(a0)
84069160:	04d78c63          	beq	a5,a3,840691b8 <key_remap_queue_pop+0x5c>
84069164:	0685                	add	a3,a3,1
84069166:	8a8d                	and	a3,a3,3
84069168:	00169713          	sll	a4,a3,0x1
8406916c:	00d707b3          	add	a5,a4,a3
84069170:	078e                	sll	a5,a5,0x3
84069172:	97aa                	add	a5,a5,a0
84069174:	4bd0                	lw	a2,20(a5)
84069176:	c229                	beqz	a2,840691b8 <key_remap_queue_pop+0x5c>
84069178:	4790                	lw	a2,8(a5)
8406917a:	0007a303          	lw	t1,0(a5)
8406917e:	cdd0                	sw	a2,28(a1)
84069180:	41d0                	lw	a2,4(a1)
84069182:	00666633          	or	a2,a2,t1
84069186:	c1d0                	sw	a2,4(a1)
84069188:	00c7a303          	lw	t1,12(a5)
8406918c:	5190                	lw	a2,32(a1)
8406918e:	00666633          	or	a2,a2,t1
84069192:	0047a303          	lw	t1,4(a5)
84069196:	d190                	sw	a2,32(a1)
84069198:	00030763          	beqz	t1,840691a6 <key_remap_queue_pop+0x4a>
8406919c:	4990                	lw	a2,16(a1)
8406919e:	961a                	add	a2,a2,t1
840691a0:	c990                	sw	a2,16(a1)
840691a2:	0007a223          	sw	zero,4(a5)
840691a6:	00d707b3          	add	a5,a4,a3
840691aa:	078e                	sll	a5,a5,0x3
840691ac:	97aa                	add	a5,a5,a0
840691ae:	4b98                	lw	a4,16(a5)
840691b0:	d1d8                	sw	a4,36(a1)
840691b2:	d174                	sw	a3,100(a0)
840691b4:	0007aa23          	sw	zero,20(a5)
840691b8:	8082                	ret

840691ba <key_remap_queue_push>:
840691ba:	513c                	lw	a5,96(a0)
840691bc:	5178                	lw	a4,100(a0)
840691be:	0785                	add	a5,a5,1
840691c0:	8b8d                	and	a5,a5,3
840691c2:	02e78463          	beq	a5,a4,840691ea <key_remap_queue_push+0x30>
840691c6:	00179713          	sll	a4,a5,0x1
840691ca:	4194                	lw	a3,0(a1)
840691cc:	d13c                	sw	a5,96(a0)
840691ce:	97ba                	add	a5,a5,a4
840691d0:	078e                	sll	a5,a5,0x3
840691d2:	953e                	add	a0,a0,a5
840691d4:	c114                	sw	a3,0(a0)
840691d6:	41dc                	lw	a5,4(a1)
840691d8:	c15c                	sw	a5,4(a0)
840691da:	459c                	lw	a5,8(a1)
840691dc:	c51c                	sw	a5,8(a0)
840691de:	45dc                	lw	a5,12(a1)
840691e0:	c55c                	sw	a5,12(a0)
840691e2:	499c                	lw	a5,16(a1)
840691e4:	c91c                	sw	a5,16(a0)
840691e6:	4785                	li	a5,1
840691e8:	c95c                	sw	a5,20(a0)
840691ea:	8082                	ret

840691ec <hal_eint_counter_enable>:
840691ec:	00002797          	auipc	a5,0x2
840691f0:	0187a783          	lw	a5,24(a5) # 8406b204 <EINT_REGISTER>
840691f4:	4705                	li	a4,1
840691f6:	10e7a023          	sw	a4,256(a5)
840691fa:	4501                	li	a0,0
840691fc:	8082                	ret

840691fe <hal_eint_set_counter_number>:
840691fe:	03700713          	li	a4,55
84069202:	87aa                	mv	a5,a0
84069204:	02a76a63          	bltu	a4,a0,84069238 <hal_eint_set_counter_number+0x3a>
84069208:	4725                	li	a4,9
8406920a:	5579                	li	a0,-2
8406920c:	02b76763          	bltu	a4,a1,8406923a <hal_eint_set_counter_number+0x3c>
84069210:	03458693          	add	a3,a1,52
84069214:	00002717          	auipc	a4,0x2
84069218:	ff072703          	lw	a4,-16(a4) # 8406b204 <EINT_REGISTER>
8406921c:	068a                	sll	a3,a3,0x2
8406921e:	9736                	add	a4,a4,a3
84069220:	c71c                	sw	a5,8(a4)
84069222:	00002717          	auipc	a4,0x2
84069226:	5b270713          	add	a4,a4,1458 # 8406b7d4 <eint_count_table>
8406922a:	0ff7f793          	zext.b	a5,a5
8406922e:	972e                	add	a4,a4,a1
84069230:	00f70023          	sb	a5,0(a4)
84069234:	4501                	li	a0,0
84069236:	8082                	ret
84069238:	5579                	li	a0,-2
8406923a:	8082                	ret

8406923c <hal_eint_get_debounce_out_value_by_mask>:
8406923c:	00002797          	auipc	a5,0x2
84069240:	fc87a783          	lw	a5,-56(a5) # 8406b204 <EINT_REGISTER>
84069244:	3107a703          	lw	a4,784(a5)
84069248:	c118                	sw	a4,0(a0)
8406924a:	3147a783          	lw	a5,788(a5)
8406924e:	c19c                	sw	a5,0(a1)
84069250:	8082                	ret

84069252 <hal_gpio_get_input>:
84069252:	02f00713          	li	a4,47
84069256:	87aa                	mv	a5,a0
84069258:	02a76963          	bltu	a4,a0,8406928a <hal_gpio_get_input+0x38>
8406925c:	557d                	li	a0,-1
8406925e:	c59d                	beqz	a1,8406928c <hal_gpio_get_input+0x3a>
84069260:	0057d713          	srl	a4,a5,0x5
84069264:	0721                	add	a4,a4,8
84069266:	00002697          	auipc	a3,0x2
8406926a:	f3a6a683          	lw	a3,-198(a3) # 8406b1a0 <gpio_base>
8406926e:	070a                	sll	a4,a4,0x2
84069270:	9736                	add	a4,a4,a3
84069272:	4314                	lw	a3,0(a4)
84069274:	4705                	li	a4,1
84069276:	00f717b3          	sll	a5,a4,a5
8406927a:	8ff5                	and	a5,a5,a3
8406927c:	c781                	beqz	a5,84069284 <hal_gpio_get_input+0x32>
8406927e:	c198                	sw	a4,0(a1)
84069280:	4501                	li	a0,0
84069282:	8082                	ret
84069284:	0005a023          	sw	zero,0(a1)
84069288:	bfe5                	j	84069280 <hal_gpio_get_input+0x2e>
8406928a:	5579                	li	a0,-2
8406928c:	8082                	ret

8406928e <hal_gpio_set_output>:
8406928e:	02f00793          	li	a5,47
84069292:	02a7e763          	bltu	a5,a0,840692c0 <hal_gpio_set_output+0x32>
84069296:	4685                	li	a3,1
84069298:	00555793          	srl	a5,a0,0x5
8406929c:	00002717          	auipc	a4,0x2
840692a0:	f0472703          	lw	a4,-252(a4) # 8406b1a0 <gpio_base>
840692a4:	00a69533          	sll	a0,a3,a0
840692a8:	00d59963          	bne	a1,a3,840692ba <hal_gpio_set_output+0x2c>
840692ac:	05078793          	add	a5,a5,80
840692b0:	078a                	sll	a5,a5,0x2
840692b2:	973e                	add	a4,a4,a5
840692b4:	c308                	sw	a0,0(a4)
840692b6:	4501                	li	a0,0
840692b8:	8082                	ret
840692ba:	05478793          	add	a5,a5,84
840692be:	bfcd                	j	840692b0 <hal_gpio_set_output+0x22>
840692c0:	5579                	li	a0,-2
840692c2:	8082                	ret

840692c4 <hal_gpt_get_free_run_count>:
840692c4:	1151                	add	sp,sp,-12
840692c6:	c026                	sw	s1,0(sp)
840692c8:	c406                	sw	ra,8(sp)
840692ca:	c222                	sw	s0,4(sp)
840692cc:	84ae                	mv	s1,a1
840692ce:	ed15                	bnez	a0,8406930a <hal_gpt_get_free_run_count+0x46>
840692d0:	00002417          	auipc	s0,0x2
840692d4:	05040413          	add	s0,s0,80 # 8406b320 <gpt_running_state>
840692d8:	4018                	lw	a4,0(s0)
840692da:	4785                	li	a5,1
840692dc:	00f70b63          	beq	a4,a5,840692f2 <hal_gpt_get_free_run_count+0x2e>
840692e0:	42150537          	lui	a0,0x42150
840692e4:	4601                	li	a2,0
840692e6:	45c1                	li	a1,16
840692e8:	10050513          	add	a0,a0,256 # 42150100 <__log_strings_end+0x3c14ef66>
840692ec:	2609                	jal	840695ee <gpt_start_free_run_timer>
840692ee:	4785                	li	a5,1
840692f0:	c01c                	sw	a5,0(s0)
840692f2:	42150537          	lui	a0,0x42150
840692f6:	10050513          	add	a0,a0,256 # 42150100 <__log_strings_end+0x3c14ef66>
840692fa:	245d                	jal	840695a0 <gpt_current_count>
840692fc:	c088                	sw	a0,0(s1)
840692fe:	4501                	li	a0,0
84069300:	40a2                	lw	ra,8(sp)
84069302:	4412                	lw	s0,4(sp)
84069304:	4482                	lw	s1,0(sp)
84069306:	0131                	add	sp,sp,12
84069308:	8082                	ret
8406930a:	842a                	mv	s0,a0
8406930c:	4785                	li	a5,1
8406930e:	557d                	li	a0,-1
84069310:	fef418e3          	bne	s0,a5,84069300 <hal_gpt_get_free_run_count+0x3c>
84069314:	00002797          	auipc	a5,0x2
84069318:	00c78793          	add	a5,a5,12 # 8406b320 <gpt_running_state>
8406931c:	43d8                	lw	a4,4(a5)
8406931e:	00870e63          	beq	a4,s0,8406933a <hal_gpt_get_free_run_count+0x76>
84069322:	42150537          	lui	a0,0x42150
84069326:	4635                	li	a2,13
84069328:	4581                	li	a1,0
8406932a:	20050513          	add	a0,a0,512 # 42150200 <__log_strings_end+0x3c14f066>
8406932e:	24c1                	jal	840695ee <gpt_start_free_run_timer>
84069330:	00002797          	auipc	a5,0x2
84069334:	ff078793          	add	a5,a5,-16 # 8406b320 <gpt_running_state>
84069338:	c3c0                	sw	s0,4(a5)
8406933a:	42150537          	lui	a0,0x42150
8406933e:	20050513          	add	a0,a0,512 # 42150200 <__log_strings_end+0x3c14f066>
84069342:	bf65                	j	840692fa <hal_gpt_get_free_run_count+0x36>

84069344 <hal_gpt_get_duration_count>:
84069344:	c609                	beqz	a2,8406934e <hal_gpt_get_duration_count+0xa>
84069346:	8d89                	sub	a1,a1,a0
84069348:	c20c                	sw	a1,0(a2)
8406934a:	4501                	li	a0,0
8406934c:	8082                	ret
8406934e:	557d                	li	a0,-1
84069350:	8082                	ret

84069352 <hal_gpt_delay_us>:
84069352:	1141                	add	sp,sp,-16
84069354:	c226                	sw	s1,4(sp)
84069356:	00002497          	auipc	s1,0x2
8406935a:	fca48493          	add	s1,s1,-54 # 8406b320 <gpt_running_state>
8406935e:	40d8                	lw	a4,4(s1)
84069360:	c422                	sw	s0,8(sp)
84069362:	c606                	sw	ra,12(sp)
84069364:	c02a                	sw	a0,0(sp)
84069366:	4405                	li	s0,1
84069368:	00870a63          	beq	a4,s0,8406937c <hal_gpt_delay_us+0x2a>
8406936c:	42150537          	lui	a0,0x42150
84069370:	4635                	li	a2,13
84069372:	4581                	li	a1,0
84069374:	20050513          	add	a0,a0,512 # 42150200 <__log_strings_end+0x3c14f066>
84069378:	2c9d                	jal	840695ee <gpt_start_free_run_timer>
8406937a:	c0c0                	sw	s0,4(s1)
8406937c:	4582                	lw	a1,0(sp)
8406937e:	42150537          	lui	a0,0x42150
84069382:	20050513          	add	a0,a0,512 # 42150200 <__log_strings_end+0x3c14f066>
84069386:	2c95                	jal	840695fa <gpt_delay_time>
84069388:	40b2                	lw	ra,12(sp)
8406938a:	4422                	lw	s0,8(sp)
8406938c:	4492                	lw	s1,4(sp)
8406938e:	4501                	li	a0,0
84069390:	0141                	add	sp,sp,16
84069392:	8082                	ret

84069394 <hal_gpt_sw_get_timer>:
84069394:	1141                	add	sp,sp,-16
84069396:	00002797          	auipc	a5,0x2
8406939a:	f607a923          	sw	zero,-142(a5) # 8406b308 <sw_type_port.0>
8406939e:	c422                	sw	s0,8(sp)
840693a0:	c606                	sw	ra,12(sp)
840693a2:	c226                	sw	s1,4(sp)
840693a4:	00002417          	auipc	s0,0x2
840693a8:	f6440413          	add	s0,s0,-156 # 8406b308 <sw_type_port.0>
840693ac:	4785                	li	a5,1
840693ae:	c05c                	sw	a5,4(s0)
840693b0:	0e050e63          	beqz	a0,840694ac <hal_gpt_sw_get_timer+0x118>
840693b4:	84aa                	mv	s1,a0
840693b6:	850a                	mv	a0,sp
840693b8:	756000ef          	jal	84069b0e <hal_nvic_save_and_set_interrupt_mask>
840693bc:	00002597          	auipc	a1,0x2
840693c0:	4ec5c583          	lbu	a1,1260(a1) # 8406b8a8 <g_sw_gpt_notes+0xc8>
840693c4:	47a5                	li	a5,9
840693c6:	00002697          	auipc	a3,0x2
840693ca:	41a68693          	add	a3,a3,1050 # 8406b7e0 <g_sw_gpt_notes>
840693ce:	4701                	li	a4,0
840693d0:	4629                	li	a2,10
840693d2:	00b7fe63          	bgeu	a5,a1,840693ee <hal_gpt_sw_get_timer+0x5a>
840693d6:	4502                	lw	a0,0(sp)
840693d8:	73e000ef          	jal	84069b16 <hal_nvic_restore_interrupt_mask>
840693dc:	556d                	li	a0,-5
840693de:	40b2                	lw	ra,12(sp)
840693e0:	4422                	lw	s0,8(sp)
840693e2:	4492                	lw	s1,4(sp)
840693e4:	0141                	add	sp,sp,16
840693e6:	8082                	ret
840693e8:	0705                	add	a4,a4,1
840693ea:	02c70563          	beq	a4,a2,84069414 <hal_gpt_sw_get_timer+0x80>
840693ee:	00271793          	sll	a5,a4,0x2
840693f2:	97ba                	add	a5,a5,a4
840693f4:	078a                	sll	a5,a5,0x2
840693f6:	97b6                	add	a5,a5,a3
840693f8:	43cc                	lw	a1,4(a5)
840693fa:	f5fd                	bnez	a1,840693e8 <hal_gpt_sw_get_timer+0x54>
840693fc:	aaaa0637          	lui	a2,0xaaaa0
84069400:	8f51                	or	a4,a4,a2
84069402:	c098                	sw	a4,0(s1)
84069404:	4705                	li	a4,1
84069406:	c3d8                	sw	a4,4(a5)
84069408:	0007a023          	sw	zero,0(a5)
8406940c:	0007a623          	sw	zero,12(a5)
84069410:	0007a823          	sw	zero,16(a5)
84069414:	0c86c783          	lbu	a5,200(a3)
84069418:	4502                	lw	a0,0(sp)
8406941a:	00002497          	auipc	s1,0x2
8406941e:	ef648493          	add	s1,s1,-266 # 8406b310 <sw_gpt_first_start>
84069422:	0785                	add	a5,a5,1
84069424:	0ff7f793          	zext.b	a5,a5
84069428:	0cf68423          	sb	a5,200(a3)
8406942c:	6ea000ef          	jal	84069b16 <hal_nvic_restore_interrupt_mask>
84069430:	00002797          	auipc	a5,0x2
84069434:	ee07c783          	lbu	a5,-288(a5) # 8406b310 <sw_gpt_first_start>
84069438:	eb99                	bnez	a5,8406944e <hal_gpt_sw_get_timer+0xba>
8406943a:	00002517          	auipc	a0,0x2
8406943e:	dae52503          	lw	a0,-594(a0) # 8406b1e8 <gpt_lock_sleep_name+0x18>
84069442:	1e9000ef          	jal	84069e2a <hal_sleep_manager_set_sleep_handle>
84069446:	00002797          	auipc	a5,0x2
8406944a:	eca78a23          	sb	a0,-300(a5) # 8406b31a <gpt_lock_sleep_handle+0x6>
8406944e:	850a                	mv	a0,sp
84069450:	2d7d                	jal	84069b0e <hal_nvic_save_and_set_interrupt_mask>
84069452:	0004c783          	lbu	a5,0(s1)
84069456:	e7b9                	bnez	a5,840694a4 <hal_gpt_sw_get_timer+0x110>
84069458:	4785                	li	a5,1
8406945a:	4515                	li	a0,5
8406945c:	00f48023          	sb	a5,0(s1)
84069460:	20e9                	jal	8406952a <gpt_get_context_index>
84069462:	84aa                	mv	s1,a0
84069464:	4519                	li	a0,6
84069466:	20d1                	jal	8406952a <gpt_get_context_index>
84069468:	00a4e733          	or	a4,s1,a0
8406946c:	4785                	li	a5,1
8406946e:	00e7f663          	bgeu	a5,a4,8406947a <hal_gpt_sw_get_timer+0xe6>
84069472:	4502                	lw	a0,0(sp)
84069474:	254d                	jal	84069b16 <hal_nvic_restore_interrupt_mask>
84069476:	5579                	li	a0,-2
84069478:	b79d                	j	840693de <hal_gpt_sw_get_timer+0x4a>
8406947a:	00002797          	auipc	a5,0x2
8406947e:	43278793          	add	a5,a5,1074 # 8406b8ac <g_gpt_context>
84069482:	0492                	sll	s1,s1,0x4
84069484:	94be                	add	s1,s1,a5
84069486:	00000717          	auipc	a4,0x0
8406948a:	2d670713          	add	a4,a4,726 # 8406975c <sw_gpt_callback>
8406948e:	0512                	sll	a0,a0,0x4
84069490:	c0d8                	sw	a4,4(s1)
84069492:	97aa                	add	a5,a5,a0
84069494:	c480                	sw	s0,8(s1)
84069496:	c3d8                	sw	a4,4(a5)
84069498:	00002717          	auipc	a4,0x2
8406949c:	e7470713          	add	a4,a4,-396 # 8406b30c <sw_type_port.0+0x4>
840694a0:	c798                	sw	a4,8(a5)
840694a2:	2295                	jal	84069606 <gpt_nvic_register>
840694a4:	4502                	lw	a0,0(sp)
840694a6:	2d85                	jal	84069b16 <hal_nvic_restore_interrupt_mask>
840694a8:	4501                	li	a0,0
840694aa:	bf15                	j	840693de <hal_gpt_sw_get_timer+0x4a>
840694ac:	557d                	li	a0,-1
840694ae:	bf05                	j	840693de <hal_gpt_sw_get_timer+0x4a>

840694b0 <hal_gpt_sw_free_timer>:
840694b0:	aaaa07b7          	lui	a5,0xaaaa0
840694b4:	00f57733          	and	a4,a0,a5
840694b8:	04f71e63          	bne	a4,a5,84069514 <hal_gpt_sw_free_timer+0x64>
840694bc:	01051793          	sll	a5,a0,0x10
840694c0:	83c1                	srl	a5,a5,0x10
840694c2:	4725                	li	a4,9
840694c4:	557d                	li	a0,-1
840694c6:	04f76963          	bltu	a4,a5,84069518 <hal_gpt_sw_free_timer+0x68>
840694ca:	1141                	add	sp,sp,-16
840694cc:	c422                	sw	s0,8(sp)
840694ce:	00279413          	sll	s0,a5,0x2
840694d2:	943e                	add	s0,s0,a5
840694d4:	c226                	sw	s1,4(sp)
840694d6:	040a                	sll	s0,s0,0x2
840694d8:	00002497          	auipc	s1,0x2
840694dc:	30848493          	add	s1,s1,776 # 8406b7e0 <g_sw_gpt_notes>
840694e0:	9426                	add	s0,s0,s1
840694e2:	4058                	lw	a4,4(s0)
840694e4:	c606                	sw	ra,12(sp)
840694e6:	4785                	li	a5,1
840694e8:	5575                	li	a0,-3
840694ea:	02f71063          	bne	a4,a5,8406950a <hal_gpt_sw_free_timer+0x5a>
840694ee:	850a                	mv	a0,sp
840694f0:	2d39                	jal	84069b0e <hal_nvic_save_and_set_interrupt_mask>
840694f2:	00042223          	sw	zero,4(s0)
840694f6:	0c84c783          	lbu	a5,200(s1)
840694fa:	4502                	lw	a0,0(sp)
840694fc:	17fd                	add	a5,a5,-1 # aaa9ffff <_isr_stack_end+0x26a33fff>
840694fe:	0ff7f793          	zext.b	a5,a5
84069502:	0cf48423          	sb	a5,200(s1)
84069506:	2d01                	jal	84069b16 <hal_nvic_restore_interrupt_mask>
84069508:	4501                	li	a0,0
8406950a:	40b2                	lw	ra,12(sp)
8406950c:	4422                	lw	s0,8(sp)
8406950e:	4492                	lw	s1,4(sp)
84069510:	0141                	add	sp,sp,16
84069512:	8082                	ret
84069514:	557d                	li	a0,-1
84069516:	8082                	ret
84069518:	8082                	ret

8406951a <hal_gpt_sw_start_timer_ms>:
8406951a:	4701                	li	a4,0
8406951c:	ae9d                	j	84069892 <sw_gpt_timer_start>

8406951e <hal_gpt_sw_stop_timer_ms>:
8406951e:	4581                	li	a1,0
84069520:	a14d                	j	840699c2 <sw_gpt_timer_stop>

84069522 <hal_gpt_sw_start_timer_us>:
84069522:	4705                	li	a4,1
84069524:	a6bd                	j	84069892 <sw_gpt_timer_start>

84069526 <hal_gpt_sw_stop_timer_us>:
84069526:	4585                	li	a1,1
84069528:	a969                	j	840699c2 <sw_gpt_timer_stop>

8406952a <gpt_get_context_index>:
8406952a:	4715                	li	a4,5
8406952c:	87aa                	mv	a5,a0
8406952e:	00e50963          	beq	a0,a4,84069540 <gpt_get_context_index+0x16>
84069532:	4719                	li	a4,6
84069534:	0ff00513          	li	a0,255
84069538:	00e79563          	bne	a5,a4,84069542 <gpt_get_context_index+0x18>
8406953c:	4505                	li	a0,1
8406953e:	8082                	ret
84069540:	4501                	li	a0,0
84069542:	8082                	ret

84069544 <gpt_interrupt_handler>:
84069544:	1131                	add	sp,sp,-20
84069546:	c622                	sw	s0,12(sp)
84069548:	c426                	sw	s1,8(sp)
8406954a:	c806                	sw	ra,16(sp)
8406954c:	4481                	li	s1,0
8406954e:	00002417          	auipc	s0,0x2
84069552:	35e40413          	add	s0,s0,862 # 8406b8ac <g_gpt_context>
84069556:	8526                	mv	a0,s1
84069558:	fd3ff0ef          	jal	8406952a <gpt_get_context_index>
8406955c:	4685                	li	a3,1
8406955e:	02a6e863          	bltu	a3,a0,8406958e <gpt_interrupt_handler+0x4a>
84069562:	42150737          	lui	a4,0x42150
84069566:	00849793          	sll	a5,s1,0x8
8406956a:	97ba                	add	a5,a5,a4
8406956c:	4b98                	lw	a4,16(a5)
8406956e:	c03a                	sw	a4,0(sp)
84069570:	47d8                	lw	a4,12(a5)
84069572:	c23a                	sw	a4,4(sp)
84069574:	4702                	lw	a4,0(sp)
84069576:	8b05                	and	a4,a4,1
84069578:	cb19                	beqz	a4,8406958e <gpt_interrupt_handler+0x4a>
8406957a:	4712                	lw	a4,4(sp)
8406957c:	8b05                	and	a4,a4,1
8406957e:	cb01                	beqz	a4,8406958e <gpt_interrupt_handler+0x4a>
84069580:	0512                	sll	a0,a0,0x4
84069582:	9522                	add	a0,a0,s0
84069584:	cbd4                	sw	a3,20(a5)
84069586:	415c                	lw	a5,4(a0)
84069588:	c399                	beqz	a5,8406958e <gpt_interrupt_handler+0x4a>
8406958a:	4508                	lw	a0,8(a0)
8406958c:	9782                	jalr	a5
8406958e:	0485                	add	s1,s1,1
84069590:	479d                	li	a5,7
84069592:	fcf492e3          	bne	s1,a5,84069556 <gpt_interrupt_handler+0x12>
84069596:	40c2                	lw	ra,16(sp)
84069598:	4432                	lw	s0,12(sp)
8406959a:	44a2                	lw	s1,8(sp)
8406959c:	0151                	add	sp,sp,20
8406959e:	8082                	ret

840695a0 <gpt_current_count>:
840695a0:	4d08                	lw	a0,24(a0)
840695a2:	8082                	ret

840695a4 <gpt_convert_ms_to_32k_count>:
840695a4:	1141                	add	sp,sp,-16
840695a6:	00351793          	sll	a5,a0,0x3
840695aa:	c422                	sw	s0,8(sp)
840695ac:	45a9                	li	a1,10
840695ae:	842a                	mv	s0,a0
840695b0:	40a78533          	sub	a0,a5,a0
840695b4:	c606                	sw	ra,12(sp)
840695b6:	c226                	sw	s1,4(sp)
840695b8:	c03e                	sw	a5,0(sp)
840695ba:	d37fa0ef          	jal	840642f0 <__hidden___udivsi3>
840695be:	84aa                	mv	s1,a0
840695c0:	00141513          	sll	a0,s0,0x1
840695c4:	9522                	add	a0,a0,s0
840695c6:	06400593          	li	a1,100
840695ca:	0506                	sll	a0,a0,0x1
840695cc:	d25fa0ef          	jal	840642f0 <__hidden___udivsi3>
840695d0:	4782                	lw	a5,0(sp)
840695d2:	94aa                	add	s1,s1,a0
840695d4:	0416                	sll	s0,s0,0x5
840695d6:	3e800593          	li	a1,1000
840695da:	853e                	mv	a0,a5
840695dc:	d15fa0ef          	jal	840642f0 <__hidden___udivsi3>
840695e0:	9426                	add	s0,s0,s1
840695e2:	40b2                	lw	ra,12(sp)
840695e4:	9522                	add	a0,a0,s0
840695e6:	4422                	lw	s0,8(sp)
840695e8:	4492                	lw	s1,4(sp)
840695ea:	0141                	add	sp,sp,16
840695ec:	8082                	ret

840695ee <gpt_start_free_run_timer>:
840695ee:	8dd1                	or	a1,a1,a2
840695f0:	c50c                	sw	a1,8(a0)
840695f2:	30100793          	li	a5,769
840695f6:	c11c                	sw	a5,0(a0)
840695f8:	8082                	ret

840695fa <gpt_delay_time>:
840695fa:	4d18                	lw	a4,24(a0)
840695fc:	4d1c                	lw	a5,24(a0)
840695fe:	8f99                	sub	a5,a5,a4
84069600:	fef5fee3          	bgeu	a1,a5,840695fc <gpt_delay_time+0x2>
84069604:	8082                	ret

84069606 <gpt_nvic_register>:
84069606:	1151                	add	sp,sp,-12
84069608:	c222                	sw	s0,4(sp)
8406960a:	00002417          	auipc	s0,0x2
8406960e:	d1140413          	add	s0,s0,-751 # 8406b31b <is_init.0>
84069612:	00044783          	lbu	a5,0(s0)
84069616:	c406                	sw	ra,8(sp)
84069618:	ef91                	bnez	a5,84069634 <gpt_nvic_register+0x2e>
8406961a:	4551                	li	a0,20
8406961c:	21dd                	jal	84069b02 <hal_nvic_disable_irq>
8406961e:	00000597          	auipc	a1,0x0
84069622:	f2658593          	add	a1,a1,-218 # 84069544 <gpt_interrupt_handler>
84069626:	4551                	li	a0,20
84069628:	297d                	jal	84069ae6 <hal_nvic_register_isr_handler>
8406962a:	4551                	li	a0,20
8406962c:	21e9                	jal	84069af6 <hal_nvic_enable_irq>
8406962e:	4785                	li	a5,1
84069630:	00f40023          	sb	a5,0(s0)
84069634:	40a2                	lw	ra,8(sp)
84069636:	4412                	lw	s0,4(sp)
84069638:	0131                	add	sp,sp,12
8406963a:	8082                	ret

8406963c <sw_gpt_find_the_next_expire_time>:
8406963c:	1151                	add	sp,sp,-12
8406963e:	800002b7          	lui	t0,0x80000
84069642:	c422                	sw	s0,8(sp)
84069644:	c226                	sw	s1,4(sp)
84069646:	c032                	sw	a2,0(sp)
84069648:	00002717          	auipc	a4,0x2
8406964c:	19870713          	add	a4,a4,408 # 8406b7e0 <g_sw_gpt_notes>
84069650:	43a9                	li	t2,10
84069652:	537d                	li	t1,-1
84069654:	4781                	li	a5,0
84069656:	4489                	li	s1,2
84069658:	12f9                	add	t0,t0,-2 # 7ffffffe <__log_strings_end+0x79ffee64>
8406965a:	4429                	li	s0,10
8406965c:	4350                	lw	a2,4(a4)
8406965e:	00961d63          	bne	a2,s1,84069678 <sw_gpt_find_the_next_expire_time+0x3c>
84069662:	4710                	lw	a2,8(a4)
84069664:	00d61a63          	bne	a2,a3,84069678 <sw_gpt_find_the_next_expire_time+0x3c>
84069668:	4310                	lw	a2,0(a4)
8406966a:	8e09                	sub	a2,a2,a0
8406966c:	02c2e363          	bltu	t0,a2,84069692 <sw_gpt_find_the_next_expire_time+0x56>
84069670:	00667463          	bgeu	a2,t1,84069678 <sw_gpt_find_the_next_expire_time+0x3c>
84069674:	83be                	mv	t2,a5
84069676:	8332                	mv	t1,a2
84069678:	0785                	add	a5,a5,1
8406967a:	0751                	add	a4,a4,20
8406967c:	fe8790e3          	bne	a5,s0,8406965c <sw_gpt_find_the_next_expire_time+0x20>
84069680:	879e                	mv	a5,t2
84069682:	c19c                	sw	a5,0(a1)
84069684:	4782                	lw	a5,0(sp)
84069686:	4422                	lw	s0,8(sp)
84069688:	4492                	lw	s1,4(sp)
8406968a:	0067a023          	sw	t1,0(a5)
8406968e:	0131                	add	sp,sp,12
84069690:	8082                	ret
84069692:	4301                	li	t1,0
84069694:	b7fd                	j	84069682 <sw_gpt_find_the_next_expire_time+0x46>

84069696 <clear_gpt_and_restart_hw_gpt>:
84069696:	1141                	add	sp,sp,-16
84069698:	c226                	sw	s1,4(sp)
8406969a:	84aa                	mv	s1,a0
8406969c:	850a                	mv	a0,sp
8406969e:	c422                	sw	s0,8(sp)
840696a0:	c606                	sw	ra,12(sp)
840696a2:	842e                	mv	s0,a1
840696a4:	21ad                	jal	84069b0e <hal_nvic_save_and_set_interrupt_mask>
840696a6:	004217b7          	lui	a5,0x421
840696aa:	50078793          	add	a5,a5,1280 # 421500 <__fp_pattern_ram_total+0x419b00>
840696ae:	97a2                	add	a5,a5,s0
840696b0:	07a2                	sll	a5,a5,0x8
840696b2:	4398                	lw	a4,0(a5)
840696b4:	76c1                	lui	a3,0xffff0
840696b6:	16fd                	add	a3,a3,-1 # fffeffff <_isr_stack_end+0x7bf83fff>
840696b8:	8f75                	and	a4,a4,a3
840696ba:	c398                	sw	a4,0(a5)
840696bc:	0007a623          	sw	zero,12(a5)
840696c0:	0007c703          	lbu	a4,0(a5)
840696c4:	42151637          	lui	a2,0x42151
840696c8:	c0060613          	add	a2,a2,-1024 # 42150c00 <__log_strings_end+0x3c14fa66>
840696cc:	0fe77713          	and	a4,a4,254
840696d0:	00e78023          	sb	a4,0(a5)
840696d4:	0007a423          	sw	zero,8(a5)
840696d8:	4705                	li	a4,1
840696da:	cfc4                	sw	s1,28(a5)
840696dc:	00871733          	sll	a4,a4,s0
840696e0:	4e14                	lw	a3,24(a2)
840696e2:	8ef9                	and	a3,a3,a4
840696e4:	fef5                	bnez	a3,840696e0 <clear_gpt_and_restart_hw_gpt+0x4a>
840696e6:	4685                	li	a3,1
840696e8:	cbd4                	sw	a3,20(a5)
840696ea:	42151637          	lui	a2,0x42151
840696ee:	c3d4                	sw	a3,4(a5)
840696f0:	c0060613          	add	a2,a2,-1024 # 42150c00 <__log_strings_end+0x3c14fa66>
840696f4:	4a54                	lw	a3,20(a2)
840696f6:	8ef9                	and	a3,a3,a4
840696f8:	fef5                	bnez	a3,840696f4 <clear_gpt_and_restart_hw_gpt+0x5e>
840696fa:	4695                	li	a3,5
840696fc:	04d41763          	bne	s0,a3,8406974a <clear_gpt_and_restart_hw_gpt+0xb4>
84069700:	421506b7          	lui	a3,0x42150
84069704:	50068693          	add	a3,a3,1280 # 42150500 <__log_strings_end+0x3c14f366>
84069708:	4641                	li	a2,16
8406970a:	c690                	sw	a2,8(a3)
8406970c:	4394                	lw	a3,0(a5)
8406970e:	fff74713          	not	a4,a4
84069712:	cff6f693          	and	a3,a3,-769
84069716:	c394                	sw	a3,0(a5)
84069718:	0007c683          	lbu	a3,0(a5)
8406971c:	0016e693          	or	a3,a3,1
84069720:	00d78023          	sb	a3,0(a5)
84069724:	421516b7          	lui	a3,0x42151
84069728:	c0068693          	add	a3,a3,-1024 # 42150c00 <__log_strings_end+0x3c14fa66>
8406972c:	4690                	lw	a2,8(a3)
8406972e:	8e79                	and	a2,a2,a4
84069730:	c690                	sw	a2,8(a3)
84069732:	4a90                	lw	a2,16(a3)
84069734:	8f71                	and	a4,a4,a2
84069736:	ca98                	sw	a4,16(a3)
84069738:	4502                	lw	a0,0(sp)
8406973a:	4705                	li	a4,1
8406973c:	c7d8                	sw	a4,12(a5)
8406973e:	2ee1                	jal	84069b16 <hal_nvic_restore_interrupt_mask>
84069740:	40b2                	lw	ra,12(sp)
84069742:	4422                	lw	s0,8(sp)
84069744:	4492                	lw	s1,4(sp)
84069746:	0141                	add	sp,sp,16
84069748:	8082                	ret
8406974a:	4699                	li	a3,6
8406974c:	fcd410e3          	bne	s0,a3,8406970c <clear_gpt_and_restart_hw_gpt+0x76>
84069750:	421506b7          	lui	a3,0x42150
84069754:	60068693          	add	a3,a3,1536 # 42150600 <__log_strings_end+0x3c14f466>
84069758:	4635                	li	a2,13
8406975a:	bf45                	j	8406970a <clear_gpt_and_restart_hw_gpt+0x74>

8406975c <sw_gpt_callback>:
8406975c:	fd410113          	add	sp,sp,-44
84069760:	d222                	sw	s0,36(sp)
84069762:	4100                	lw	s0,0(a0)
84069764:	d406                	sw	ra,40(sp)
84069766:	d026                	sw	s1,32(sp)
84069768:	00241793          	sll	a5,s0,0x2
8406976c:	c43e                	sw	a5,8(sp)
8406976e:	00241713          	sll	a4,s0,0x2
84069772:	00002797          	auipc	a5,0x2
84069776:	a3278793          	add	a5,a5,-1486 # 8406b1a4 <g_sw_gpt_running_note>
8406977a:	97ba                	add	a5,a5,a4
8406977c:	ca02                	sw	zero,20(sp)
8406977e:	4729                	li	a4,10
84069780:	c398                	sw	a4,0(a5)
84069782:	479d                	li	a5,7
84069784:	c03e                	sw	a5,0(sp)
84069786:	0e041563          	bnez	s0,84069870 <sw_gpt_callback+0x114>
8406978a:	084c                	add	a1,sp,20
8406978c:	4501                	li	a0,0
8406978e:	b37ff0ef          	jal	840692c4 <hal_gpt_get_free_run_count>
84069792:	4795                	li	a5,5
84069794:	c03e                	sw	a5,0(sp)
84069796:	00002497          	auipc	s1,0x2
8406979a:	04a48493          	add	s1,s1,74 # 8406b7e0 <g_sw_gpt_notes>
8406979e:	c202                	sw	zero,4(sp)
840697a0:	0808                	add	a0,sp,16
840697a2:	26b5                	jal	84069b0e <hal_nvic_save_and_set_interrupt_mask>
840697a4:	40d4                	lw	a3,4(s1)
840697a6:	4709                	li	a4,2
840697a8:	4542                	lw	a0,16(sp)
840697aa:	0ce69c63          	bne	a3,a4,84069882 <sw_gpt_callback+0x126>
840697ae:	4498                	lw	a4,8(s1)
840697b0:	0c871963          	bne	a4,s0,84069882 <sw_gpt_callback+0x126>
840697b4:	4098                	lw	a4,0(s1)
840697b6:	46d2                	lw	a3,20(sp)
840697b8:	8e99                	sub	a3,a3,a4
840697ba:	80000737          	lui	a4,0x80000
840697be:	1779                	add	a4,a4,-2 # 7ffffffe <__log_strings_end+0x79ffee64>
840697c0:	0cd76163          	bltu	a4,a3,84069882 <sw_gpt_callback+0x126>
840697c4:	4785                	li	a5,1
840697c6:	44d8                	lw	a4,12(s1)
840697c8:	c0dc                	sw	a5,4(s1)
840697ca:	489c                	lw	a5,16(s1)
840697cc:	c63a                	sw	a4,12(sp)
840697ce:	c23e                	sw	a5,4(sp)
840697d0:	2699                	jal	84069b16 <hal_nvic_restore_interrupt_mask>
840697d2:	4512                	lw	a0,4(sp)
840697d4:	4732                	lw	a4,12(sp)
840697d6:	9702                	jalr	a4
840697d8:	4785                	li	a5,1
840697da:	c23e                	sw	a5,4(sp)
840697dc:	04d1                	add	s1,s1,20
840697de:	00002797          	auipc	a5,0x2
840697e2:	0ca78793          	add	a5,a5,202 # 8406b8a8 <g_sw_gpt_notes+0xc8>
840697e6:	faf49de3          	bne	s1,a5,840697a0 <sw_gpt_callback+0x44>
840697ea:	4792                	lw	a5,4(sp)
840697ec:	4705                	li	a4,1
840697ee:	f8e78ce3          	beq	a5,a4,84069786 <sw_gpt_callback+0x2a>
840697f2:	0808                	add	a0,sp,16
840697f4:	2e29                	jal	84069b0e <hal_nvic_save_and_set_interrupt_mask>
840697f6:	4722                	lw	a4,8(sp)
840697f8:	00002797          	auipc	a5,0x2
840697fc:	9ac78793          	add	a5,a5,-1620 # 8406b1a4 <g_sw_gpt_running_note>
84069800:	97ba                	add	a5,a5,a4
84069802:	0007a303          	lw	t1,0(a5)
84069806:	4729                	li	a4,10
84069808:	04e31c63          	bne	t1,a4,84069860 <sw_gpt_callback+0x104>
8406980c:	4552                	lw	a0,20(sp)
8406980e:	86a2                	mv	a3,s0
84069810:	0870                	add	a2,sp,28
84069812:	082c                	add	a1,sp,24
84069814:	c41a                	sw	t1,8(sp)
84069816:	c23e                	sw	a5,4(sp)
84069818:	e25ff0ef          	jal	8406963c <sw_gpt_find_the_next_expire_time>
8406981c:	4762                	lw	a4,24(sp)
8406981e:	4322                	lw	t1,8(sp)
84069820:	4792                	lw	a5,4(sp)
84069822:	06671263          	bne	a4,t1,84069886 <sw_gpt_callback+0x12a>
84069826:	4702                	lw	a4,0(sp)
84069828:	004217b7          	lui	a5,0x421
8406982c:	50078793          	add	a5,a5,1280 # 421500 <__fp_pattern_ram_total+0x419b00>
84069830:	97ba                	add	a5,a5,a4
84069832:	07a2                	sll	a5,a5,0x8
84069834:	00078023          	sb	zero,0(a5)
84069838:	4785                	li	a5,1
8406983a:	02f41363          	bne	s0,a5,84069860 <sw_gpt_callback+0x104>
8406983e:	00002797          	auipc	a5,0x2
84069842:	ade7c783          	lbu	a5,-1314(a5) # 8406b31c <sw_gpt_us_locksleep_status>
84069846:	cf89                	beqz	a5,84069860 <sw_gpt_callback+0x104>
84069848:	00002797          	auipc	a5,0x2
8406984c:	ac078a23          	sb	zero,-1324(a5) # 8406b31c <sw_gpt_us_locksleep_status>
84069850:	00002797          	auipc	a5,0x2
84069854:	ac478793          	add	a5,a5,-1340 # 8406b314 <gpt_lock_sleep_handle>
84069858:	97ba                	add	a5,a5,a4
8406985a:	0007c503          	lbu	a0,0(a5)
8406985e:	2bd1                	jal	84069e32 <hal_sleep_manager_unlock_sleep>
84069860:	4542                	lw	a0,16(sp)
84069862:	2c55                	jal	84069b16 <hal_nvic_restore_interrupt_mask>
84069864:	50a2                	lw	ra,40(sp)
84069866:	5412                	lw	s0,36(sp)
84069868:	5482                	lw	s1,32(sp)
8406986a:	02c10113          	add	sp,sp,44
8406986e:	8082                	ret
84069870:	4785                	li	a5,1
84069872:	f2f412e3          	bne	s0,a5,84069796 <sw_gpt_callback+0x3a>
84069876:	084c                	add	a1,sp,20
84069878:	4505                	li	a0,1
8406987a:	a4bff0ef          	jal	840692c4 <hal_gpt_get_free_run_count>
8406987e:	4799                	li	a5,6
84069880:	bf11                	j	84069794 <sw_gpt_callback+0x38>
84069882:	2c51                	jal	84069b16 <hal_nvic_restore_interrupt_mask>
84069884:	bfa1                	j	840697dc <sw_gpt_callback+0x80>
84069886:	c398                	sw	a4,0(a5)
84069888:	4582                	lw	a1,0(sp)
8406988a:	4572                	lw	a0,28(sp)
8406988c:	e0bff0ef          	jal	84069696 <clear_gpt_and_restart_hw_gpt>
84069890:	bfc1                	j	84069860 <sw_gpt_callback+0x104>

84069892 <sw_gpt_timer_start>:
84069892:	01051793          	sll	a5,a0,0x10
84069896:	fd410113          	add	sp,sp,-44
8406989a:	83c1                	srl	a5,a5,0x10
8406989c:	d406                	sw	ra,40(sp)
8406989e:	d222                	sw	s0,36(sp)
840698a0:	d026                	sw	s1,32(sp)
840698a2:	c232                	sw	a2,4(sp)
840698a4:	c436                	sw	a3,8(sp)
840698a6:	c03e                	sw	a5,0(sp)
840698a8:	c802                	sw	zero,16(sp)
840698aa:	10060863          	beqz	a2,840699ba <sw_gpt_timer_start+0x128>
840698ae:	aaaa07b7          	lui	a5,0xaaaa0
840698b2:	8d7d                	and	a0,a0,a5
840698b4:	10f51363          	bne	a0,a5,840699ba <sw_gpt_timer_start+0x128>
840698b8:	843a                	mv	s0,a4
840698ba:	4702                	lw	a4,0(sp)
840698bc:	47a5                	li	a5,9
840698be:	0ee7ee63          	bltu	a5,a4,840699ba <sw_gpt_timer_start+0x128>
840698c2:	03e807b7          	lui	a5,0x3e80
840698c6:	84ae                	mv	s1,a1
840698c8:	00f5ec63          	bltu	a1,a5,840698e0 <sw_gpt_timer_start+0x4e>
840698cc:	0e040963          	beqz	s0,840699be <sw_gpt_timer_start+0x12c>
840698d0:	0405df63          	bgez	a1,8406992e <sw_gpt_timer_start+0x9c>
840698d4:	4785                	li	a5,1
840698d6:	0ef40463          	beq	s0,a5,840699be <sw_gpt_timer_start+0x12c>
840698da:	431d                	li	t1,7
840698dc:	4481                	li	s1,0
840698de:	a819                	j	840698f4 <sw_gpt_timer_start+0x62>
840698e0:	e439                	bnez	s0,8406992e <sw_gpt_timer_start+0x9c>
840698e2:	080c                	add	a1,sp,16
840698e4:	4501                	li	a0,0
840698e6:	9dfff0ef          	jal	840692c4 <hal_gpt_get_free_run_count>
840698ea:	8526                	mv	a0,s1
840698ec:	cb9ff0ef          	jal	840695a4 <gpt_convert_ms_to_32k_count>
840698f0:	84aa                	mv	s1,a0
840698f2:	4315                	li	t1,5
840698f4:	47c2                	lw	a5,16(sp)
840698f6:	0848                	add	a0,sp,20
840698f8:	c61a                	sw	t1,12(sp)
840698fa:	94be                	add	s1,s1,a5
840698fc:	2c09                	jal	84069b0e <hal_nvic_save_and_set_interrupt_mask>
840698fe:	4782                	lw	a5,0(sp)
84069900:	4332                	lw	t1,12(sp)
84069902:	00279713          	sll	a4,a5,0x2
84069906:	973e                	add	a4,a4,a5
84069908:	070a                	sll	a4,a4,0x2
8406990a:	00002797          	auipc	a5,0x2
8406990e:	ed678793          	add	a5,a5,-298 # 8406b7e0 <g_sw_gpt_notes>
84069912:	97ba                	add	a5,a5,a4
84069914:	43d4                	lw	a3,4(a5)
84069916:	4705                	li	a4,1
84069918:	04e68a63          	beq	a3,a4,8406996c <sw_gpt_timer_start+0xda>
8406991c:	4552                	lw	a0,20(sp)
8406991e:	2ae5                	jal	84069b16 <hal_nvic_restore_interrupt_mask>
84069920:	5565                	li	a0,-7
84069922:	50a2                	lw	ra,40(sp)
84069924:	5412                	lw	s0,36(sp)
84069926:	5482                	lw	s1,32(sp)
84069928:	02c10113          	add	sp,sp,44
8406992c:	8082                	ret
8406992e:	4785                	li	a5,1
84069930:	faf415e3          	bne	s0,a5,840698da <sw_gpt_timer_start+0x48>
84069934:	0848                	add	a0,sp,20
84069936:	2ae1                	jal	84069b0e <hal_nvic_save_and_set_interrupt_mask>
84069938:	00002797          	auipc	a5,0x2
8406993c:	9e478793          	add	a5,a5,-1564 # 8406b31c <sw_gpt_us_locksleep_status>
84069940:	0007c703          	lbu	a4,0(a5)
84069944:	ef01                	bnez	a4,8406995c <sw_gpt_timer_start+0xca>
84069946:	00002517          	auipc	a0,0x2
8406994a:	9d454503          	lbu	a0,-1580(a0) # 8406b31a <gpt_lock_sleep_handle+0x6>
8406994e:	21c5                	jal	84069e2e <hal_sleep_manager_lock_sleep>
84069950:	00002797          	auipc	a5,0x2
84069954:	9cc78793          	add	a5,a5,-1588 # 8406b31c <sw_gpt_us_locksleep_status>
84069958:	00878023          	sb	s0,0(a5)
8406995c:	4552                	lw	a0,20(sp)
8406995e:	2a65                	jal	84069b16 <hal_nvic_restore_interrupt_mask>
84069960:	080c                	add	a1,sp,16
84069962:	4505                	li	a0,1
84069964:	961ff0ef          	jal	840692c4 <hal_gpt_get_free_run_count>
84069968:	4319                	li	t1,6
8406996a:	b769                	j	840698f4 <sw_gpt_timer_start+0x62>
8406996c:	4709                	li	a4,2
8406996e:	c3d8                	sw	a4,4(a5)
84069970:	4712                	lw	a4,4(sp)
84069972:	4542                	lw	a0,16(sp)
84069974:	86a2                	mv	a3,s0
84069976:	c7d8                	sw	a4,12(a5)
84069978:	4722                	lw	a4,8(sp)
8406997a:	0870                	add	a2,sp,28
8406997c:	082c                	add	a1,sp,24
8406997e:	cb98                	sw	a4,16(a5)
84069980:	c01a                	sw	t1,0(sp)
84069982:	c384                	sw	s1,0(a5)
84069984:	c780                	sw	s0,8(a5)
84069986:	cb7ff0ef          	jal	8406963c <sw_gpt_find_the_next_expire_time>
8406998a:	4762                	lw	a4,24(sp)
8406998c:	47a9                	li	a5,10
8406998e:	4302                	lw	t1,0(sp)
84069990:	00f71363          	bne	a4,a5,84069996 <sw_gpt_timer_start+0x104>
84069994:	a001                	j	84069994 <sw_gpt_timer_start+0x102>
84069996:	040a                	sll	s0,s0,0x2
84069998:	00002797          	auipc	a5,0x2
8406999c:	80c78793          	add	a5,a5,-2036 # 8406b1a4 <g_sw_gpt_running_note>
840699a0:	97a2                	add	a5,a5,s0
840699a2:	4394                	lw	a3,0(a5)
840699a4:	00d70763          	beq	a4,a3,840699b2 <sw_gpt_timer_start+0x120>
840699a8:	c398                	sw	a4,0(a5)
840699aa:	4572                	lw	a0,28(sp)
840699ac:	859a                	mv	a1,t1
840699ae:	ce9ff0ef          	jal	84069696 <clear_gpt_and_restart_hw_gpt>
840699b2:	4552                	lw	a0,20(sp)
840699b4:	228d                	jal	84069b16 <hal_nvic_restore_interrupt_mask>
840699b6:	4501                	li	a0,0
840699b8:	b7ad                	j	84069922 <sw_gpt_timer_start+0x90>
840699ba:	557d                	li	a0,-1
840699bc:	b79d                	j	84069922 <sw_gpt_timer_start+0x90>
840699be:	5569                	li	a0,-6
840699c0:	b78d                	j	84069922 <sw_gpt_timer_start+0x90>

840699c2 <sw_gpt_timer_stop>:
840699c2:	1101                	add	sp,sp,-32
840699c4:	aaaa07b7          	lui	a5,0xaaaa0
840699c8:	ca26                	sw	s1,20(sp)
840699ca:	ce06                	sw	ra,28(sp)
840699cc:	01051493          	sll	s1,a0,0x10
840699d0:	cc22                	sw	s0,24(sp)
840699d2:	c402                	sw	zero,8(sp)
840699d4:	8d7d                	and	a0,a0,a5
840699d6:	0ef51563          	bne	a0,a5,84069ac0 <sw_gpt_timer_stop+0xfe>
840699da:	80c1                	srl	s1,s1,0x10
840699dc:	47a5                	li	a5,9
840699de:	557d                	li	a0,-1
840699e0:	0a97e163          	bltu	a5,s1,84069a82 <sw_gpt_timer_stop+0xc0>
840699e4:	842e                	mv	s0,a1
840699e6:	e1dd                	bnez	a1,84069a8c <sw_gpt_timer_stop+0xca>
840699e8:	002c                	add	a1,sp,8
840699ea:	4501                	li	a0,0
840699ec:	8d9ff0ef          	jal	840692c4 <hal_gpt_get_free_run_count>
840699f0:	4715                	li	a4,5
840699f2:	0048                	add	a0,sp,4
840699f4:	c03a                	sw	a4,0(sp)
840699f6:	2a21                	jal	84069b0e <hal_nvic_save_and_set_interrupt_mask>
840699f8:	00249793          	sll	a5,s1,0x2
840699fc:	97a6                	add	a5,a5,s1
840699fe:	00002697          	auipc	a3,0x2
84069a02:	de268693          	add	a3,a3,-542 # 8406b7e0 <g_sw_gpt_notes>
84069a06:	078a                	sll	a5,a5,0x2
84069a08:	97b6                	add	a5,a5,a3
84069a0a:	43d0                	lw	a2,4(a5)
84069a0c:	4689                	li	a3,2
84069a0e:	0ad61563          	bne	a2,a3,84069ab8 <sw_gpt_timer_stop+0xf6>
84069a12:	4522                	lw	a0,8(sp)
84069a14:	4305                	li	t1,1
84069a16:	86a2                	mv	a3,s0
84069a18:	0810                	add	a2,sp,16
84069a1a:	006c                	add	a1,sp,12
84069a1c:	0067a223          	sw	t1,4(a5) # aaaa0004 <_isr_stack_end+0x26a34004>
84069a20:	c1dff0ef          	jal	8406963c <sw_gpt_find_the_next_expire_time>
84069a24:	47b2                	lw	a5,12(sp)
84069a26:	4629                	li	a2,10
84069a28:	4702                	lw	a4,0(sp)
84069a2a:	00001497          	auipc	s1,0x1
84069a2e:	77a48493          	add	s1,s1,1914 # 8406b1a4 <g_sw_gpt_running_note>
84069a32:	00241693          	sll	a3,s0,0x2
84069a36:	4305                	li	t1,1
84069a38:	06c79463          	bne	a5,a2,84069aa0 <sw_gpt_timer_stop+0xde>
84069a3c:	004217b7          	lui	a5,0x421
84069a40:	50078793          	add	a5,a5,1280 # 421500 <__fp_pattern_ram_total+0x419b00>
84069a44:	97ba                	add	a5,a5,a4
84069a46:	07a2                	sll	a5,a5,0x8
84069a48:	00078023          	sb	zero,0(a5)
84069a4c:	02641563          	bne	s0,t1,84069a76 <sw_gpt_timer_stop+0xb4>
84069a50:	00002797          	auipc	a5,0x2
84069a54:	8cc7c783          	lbu	a5,-1844(a5) # 8406b31c <sw_gpt_us_locksleep_status>
84069a58:	cf99                	beqz	a5,84069a76 <sw_gpt_timer_stop+0xb4>
84069a5a:	00002797          	auipc	a5,0x2
84069a5e:	8c078123          	sb	zero,-1854(a5) # 8406b31c <sw_gpt_us_locksleep_status>
84069a62:	00002797          	auipc	a5,0x2
84069a66:	8b278793          	add	a5,a5,-1870 # 8406b314 <gpt_lock_sleep_handle>
84069a6a:	97ba                	add	a5,a5,a4
84069a6c:	0007c503          	lbu	a0,0(a5)
84069a70:	c036                	sw	a3,0(sp)
84069a72:	26c1                	jal	84069e32 <hal_sleep_manager_unlock_sleep>
84069a74:	4682                	lw	a3,0(sp)
84069a76:	96a6                	add	a3,a3,s1
84069a78:	47a9                	li	a5,10
84069a7a:	c29c                	sw	a5,0(a3)
84069a7c:	4512                	lw	a0,4(sp)
84069a7e:	2861                	jal	84069b16 <hal_nvic_restore_interrupt_mask>
84069a80:	4501                	li	a0,0
84069a82:	40f2                	lw	ra,28(sp)
84069a84:	4462                	lw	s0,24(sp)
84069a86:	44d2                	lw	s1,20(sp)
84069a88:	6105                	add	sp,sp,32
84069a8a:	8082                	ret
84069a8c:	4785                	li	a5,1
84069a8e:	471d                	li	a4,7
84069a90:	f6f591e3          	bne	a1,a5,840699f2 <sw_gpt_timer_stop+0x30>
84069a94:	002c                	add	a1,sp,8
84069a96:	4505                	li	a0,1
84069a98:	82dff0ef          	jal	840692c4 <hal_gpt_get_free_run_count>
84069a9c:	4719                	li	a4,6
84069a9e:	bf91                	j	840699f2 <sw_gpt_timer_stop+0x30>
84069aa0:	94b6                	add	s1,s1,a3
84069aa2:	4094                	lw	a3,0(s1)
84069aa4:	c03e                	sw	a5,0(sp)
84069aa6:	fcd78be3          	beq	a5,a3,84069a7c <sw_gpt_timer_stop+0xba>
84069aaa:	4542                	lw	a0,16(sp)
84069aac:	85ba                	mv	a1,a4
84069aae:	be9ff0ef          	jal	84069696 <clear_gpt_and_restart_hw_gpt>
84069ab2:	4782                	lw	a5,0(sp)
84069ab4:	c09c                	sw	a5,0(s1)
84069ab6:	b7d9                	j	84069a7c <sw_gpt_timer_stop+0xba>
84069ab8:	4512                	lw	a0,4(sp)
84069aba:	28b1                	jal	84069b16 <hal_nvic_restore_interrupt_mask>
84069abc:	5575                	li	a0,-3
84069abe:	b7d1                	j	84069a82 <sw_gpt_timer_stop+0xc0>
84069ac0:	557d                	li	a0,-1
84069ac2:	b7c1                	j	84069a82 <sw_gpt_timer_stop+0xc0>

84069ac4 <isrC_main>:
84069ac4:	342027f3          	csrr	a5,mcause
84069ac8:	0007de63          	bgez	a5,84069ae4 <isrC_main+0x20>
84069acc:	0786                	sll	a5,a5,0x1
84069ace:	0017d513          	srl	a0,a5,0x1
84069ad2:	00002717          	auipc	a4,0x2
84069ad6:	dfa70713          	add	a4,a4,-518 # 8406b8cc <nvic_function_table>
84069ada:	0786                	sll	a5,a5,0x1
84069adc:	97ba                	add	a5,a5,a4
84069ade:	439c                	lw	a5,0(a5)
84069ae0:	c391                	beqz	a5,84069ae4 <isrC_main+0x20>
84069ae2:	8782                	jr	a5
84069ae4:	8082                	ret

84069ae6 <hal_nvic_register_isr_handler>:
84069ae6:	050a                	sll	a0,a0,0x2
84069ae8:	00002797          	auipc	a5,0x2
84069aec:	de478793          	add	a5,a5,-540 # 8406b8cc <nvic_function_table>
84069af0:	97aa                	add	a5,a5,a0
84069af2:	c38c                	sw	a1,0(a5)
84069af4:	8082                	ret

84069af6 <hal_nvic_enable_irq>:
84069af6:	4785                	li	a5,1
84069af8:	00a797b3          	sll	a5,a5,a0
84069afc:	3047a073          	csrs	mie,a5
84069b00:	8082                	ret

84069b02 <hal_nvic_disable_irq>:
84069b02:	4785                	li	a5,1
84069b04:	00a797b3          	sll	a5,a5,a0
84069b08:	3047b073          	csrc	mie,a5
84069b0c:	8082                	ret

84069b0e <hal_nvic_save_and_set_interrupt_mask>:
84069b0e:	300477f3          	csrrc	a5,mstatus,8
84069b12:	c11c                	sw	a5,0(a0)
84069b14:	8082                	ret

84069b16 <hal_nvic_restore_interrupt_mask>:
84069b16:	8921                	and	a0,a0,8
84069b18:	30052073          	csrs	mstatus,a0
84069b1c:	8082                	ret

84069b1e <hal_nvic_query_exception_number>:
84069b1e:	00002517          	auipc	a0,0x2
84069b22:	83e52503          	lw	a0,-1986(a0) # 8406b35c <exception_interrupt_nesting_flag>
84069b26:	00a03533          	snez	a0,a0
84069b2a:	8082                	ret

84069b2c <vdma_set_sw_move_byte>:
84069b2c:	4795                	li	a5,5
84069b2e:	02a7e963          	bltu	a5,a0,84069b60 <vdma_set_sw_move_byte+0x34>
84069b32:	050a                	sll	a0,a0,0x2
84069b34:	00001797          	auipc	a5,0x1
84069b38:	6b878793          	add	a5,a5,1720 # 8406b1ec <g_vdma_regbase_table>
84069b3c:	97aa                	add	a5,a5,a0
84069b3e:	4398                	lw	a4,0(a5)
84069b40:	4609                	li	a2,2
84069b42:	00574783          	lbu	a5,5(a4)
84069b46:	0ff7f693          	zext.b	a3,a5
84069b4a:	00c79663          	bne	a5,a2,84069b56 <vdma_set_sw_move_byte+0x2a>
84069b4e:	0035f793          	and	a5,a1,3
84069b52:	557d                	li	a0,-1
84069b54:	e799                	bnez	a5,84069b62 <vdma_set_sw_move_byte+0x36>
84069b56:	40d5d5b3          	sra	a1,a1,a3
84069b5a:	cb2c                	sw	a1,80(a4)
84069b5c:	4501                	li	a0,0
84069b5e:	8082                	ret
84069b60:	5579                	li	a0,-2
84069b62:	8082                	ret

84069b64 <hal_qdec_set_latch_clear>:
84069b64:	00001797          	auipc	a5,0x1
84069b68:	7c67c783          	lbu	a5,1990(a5) # 8406b32a <qdec_available_data>
84069b6c:	5579                	li	a0,-2
84069b6e:	eb99                	bnez	a5,84069b84 <hal_qdec_set_latch_clear+0x20>
84069b70:	4785                	li	a5,1
84069b72:	42101737          	lui	a4,0x42101
84069b76:	02f70423          	sb	a5,40(a4) # 42101028 <__log_strings_end+0x3c0ffe8e>
84069b7a:	00001717          	auipc	a4,0x1
84069b7e:	7af70823          	sb	a5,1968(a4) # 8406b32a <qdec_available_data>
84069b82:	4501                	li	a0,0
84069b84:	8082                	ret

84069b86 <hal_qdec_get_data>:
84069b86:	00001797          	auipc	a5,0x1
84069b8a:	7a47c783          	lbu	a5,1956(a5) # 8406b32a <qdec_available_data>
84069b8e:	c7e1                	beqz	a5,84069c56 <hal_qdec_get_data+0xd0>
84069b90:	00001797          	auipc	a5,0x1
84069b94:	79c7a783          	lw	a5,1948(a5) # 8406b32c <qdec_mode>
84069b98:	1171                	add	sp,sp,-4
84069b9a:	00001717          	auipc	a4,0x1
84069b9e:	79174703          	lbu	a4,1937(a4) # 8406b32b <g_first_data_flag>
84069ba2:	efa5                	bnez	a5,84069c1a <hal_qdec_get_data+0x94>
84069ba4:	421017b7          	lui	a5,0x42101
84069ba8:	0347d783          	lhu	a5,52(a5) # 42101034 <__log_strings_end+0x3c0ffe9a>
84069bac:	07c2                	sll	a5,a5,0x10
84069bae:	83c1                	srl	a5,a5,0x10
84069bb0:	00f11023          	sh	a5,0(sp)
84069bb4:	00001797          	auipc	a5,0x1
84069bb8:	76078b23          	sb	zero,1910(a5) # 8406b32a <qdec_available_data>
84069bbc:	c719                	beqz	a4,84069bca <hal_qdec_get_data+0x44>
84069bbe:	00011023          	sh	zero,0(sp)
84069bc2:	00001797          	auipc	a5,0x1
84069bc6:	760784a3          	sb	zero,1897(a5) # 8406b32b <g_first_data_flag>
84069bca:	00015783          	lhu	a5,0(sp)
84069bce:	2007f793          	and	a5,a5,512
84069bd2:	cf9d                	beqz	a5,84069c10 <hal_qdec_get_data+0x8a>
84069bd4:	00015783          	lhu	a5,0(sp)
84069bd8:	c007e793          	or	a5,a5,-1024
84069bdc:	07c2                	sll	a5,a5,0x10
84069bde:	87c1                	sra	a5,a5,0x10
84069be0:	00001697          	auipc	a3,0x1
84069be4:	74868693          	add	a3,a3,1864 # 8406b328 <dat_Sum>
84069be8:	0006d703          	lhu	a4,0(a3)
84069bec:	97ba                	add	a5,a5,a4
84069bee:	01079713          	sll	a4,a5,0x10
84069bf2:	8741                	sra	a4,a4,0x10
84069bf4:	00e69023          	sh	a4,0(a3)
84069bf8:	8b85                	and	a5,a5,1
84069bfa:	eb81                	bnez	a5,84069c0a <hal_qdec_get_data+0x84>
84069bfc:	8705                	sra	a4,a4,0x1
84069bfe:	00e51023          	sh	a4,0(a0)
84069c02:	00001797          	auipc	a5,0x1
84069c06:	72079323          	sh	zero,1830(a5) # 8406b328 <dat_Sum>
84069c0a:	4501                	li	a0,0
84069c0c:	0111                	add	sp,sp,4
84069c0e:	8082                	ret
84069c10:	00015783          	lhu	a5,0(sp)
84069c14:	3ff7f793          	and	a5,a5,1023
84069c18:	b7e1                	j	84069be0 <hal_qdec_get_data+0x5a>
84069c1a:	421017b7          	lui	a5,0x42101
84069c1e:	0367d783          	lhu	a5,54(a5) # 42101036 <__log_strings_end+0x3c0ffe9c>
84069c22:	07c2                	sll	a5,a5,0x10
84069c24:	83c1                	srl	a5,a5,0x10
84069c26:	00f11123          	sh	a5,2(sp)
84069c2a:	00001797          	auipc	a5,0x1
84069c2e:	70078023          	sb	zero,1792(a5) # 8406b32a <qdec_available_data>
84069c32:	c719                	beqz	a4,84069c40 <hal_qdec_get_data+0xba>
84069c34:	00011123          	sh	zero,2(sp)
84069c38:	00001797          	auipc	a5,0x1
84069c3c:	6e0789a3          	sb	zero,1779(a5) # 8406b32b <g_first_data_flag>
84069c40:	00215783          	lhu	a5,2(sp)
84069c44:	1007f793          	and	a5,a5,256
84069c48:	c781                	beqz	a5,84069c50 <hal_qdec_get_data+0xca>
84069c4a:	00215783          	lhu	a5,2(sp)
84069c4e:	b769                	j	84069bd8 <hal_qdec_get_data+0x52>
84069c50:	00215783          	lhu	a5,2(sp)
84069c54:	b7c1                	j	84069c14 <hal_qdec_get_data+0x8e>
84069c56:	5579                	li	a0,-2
84069c58:	8082                	ret

84069c5a <hal_qdec_latch_status_is_busy>:
84069c5a:	42101737          	lui	a4,0x42101
84069c5e:	02274783          	lbu	a5,34(a4) # 42101022 <__log_strings_end+0x3c0ffe88>
84069c62:	1171                	add	sp,sp,-4
84069c64:	0ff7f793          	zext.b	a5,a5
84069c68:	00f101a3          	sb	a5,3(sp)
84069c6c:	00314683          	lbu	a3,3(sp)
84069c70:	4785                	li	a5,1
84069c72:	00f68e63          	beq	a3,a5,84069c8e <hal_qdec_latch_status_is_busy+0x34>
84069c76:	02974703          	lbu	a4,41(a4)
84069c7a:	00f71763          	bne	a4,a5,84069c88 <hal_qdec_latch_status_is_busy+0x2e>
84069c7e:	00050023          	sb	zero,0(a0)
84069c82:	4501                	li	a0,0
84069c84:	0111                	add	sp,sp,4
84069c86:	8082                	ret
84069c88:	00f50023          	sb	a5,0(a0)
84069c8c:	bfdd                	j	84069c82 <hal_qdec_latch_status_is_busy+0x28>
84069c8e:	5579                	li	a0,-2
84069c90:	bfd5                	j	84069c84 <hal_qdec_latch_status_is_busy+0x2a>

84069c92 <spi_master_isr>:
84069c92:	1539                	add	a0,a0,-18
84069c94:	00153513          	seqz	a0,a0
84069c98:	00251693          	sll	a3,a0,0x2
84069c9c:	00001717          	auipc	a4,0x1
84069ca0:	69c70713          	add	a4,a4,1692 # 8406b338 <g_spi_master_user_data>
84069ca4:	00001797          	auipc	a5,0x1
84069ca8:	69c78793          	add	a5,a5,1692 # 8406b340 <g_spi_master_callback>
84069cac:	9736                	add	a4,a4,a3
84069cae:	97b6                	add	a5,a5,a3
84069cb0:	4310                	lw	a2,0(a4)
84069cb2:	438c                	lw	a1,0(a5)
84069cb4:	a8b1                	j	84069d10 <spi_master_isr_handler>

84069cb6 <hal_spi_master_register_callback>:
84069cb6:	4705                	li	a4,1
84069cb8:	04a76963          	bltu	a4,a0,84069d0a <hal_spi_master_register_callback+0x54>
84069cbc:	87aa                	mv	a5,a0
84069cbe:	557d                	li	a0,-1
84069cc0:	c5b9                	beqz	a1,84069d0e <hal_spi_master_register_callback+0x58>
84069cc2:	1141                	add	sp,sp,-16
84069cc4:	00279513          	sll	a0,a5,0x2
84069cc8:	00001797          	auipc	a5,0x1
84069ccc:	67878793          	add	a5,a5,1656 # 8406b340 <g_spi_master_callback>
84069cd0:	c606                	sw	ra,12(sp)
84069cd2:	97aa                	add	a5,a5,a0
84069cd4:	c38c                	sw	a1,0(a5)
84069cd6:	00001797          	auipc	a5,0x1
84069cda:	66278793          	add	a5,a5,1634 # 8406b338 <g_spi_master_user_data>
84069cde:	97aa                	add	a5,a5,a0
84069ce0:	c390                	sw	a2,0(a5)
84069ce2:	00001797          	auipc	a5,0x1
84069ce6:	0aa78793          	add	a5,a5,170 # 8406ad8c <g_spi_master_irq_code>
84069cea:	97aa                	add	a5,a5,a0
84069cec:	4388                	lw	a0,0(a5)
84069cee:	00000597          	auipc	a1,0x0
84069cf2:	fa458593          	add	a1,a1,-92 # 84069c92 <spi_master_isr>
84069cf6:	c02a                	sw	a0,0(sp)
84069cf8:	defff0ef          	jal	84069ae6 <hal_nvic_register_isr_handler>
84069cfc:	4502                	lw	a0,0(sp)
84069cfe:	df9ff0ef          	jal	84069af6 <hal_nvic_enable_irq>
84069d02:	40b2                	lw	ra,12(sp)
84069d04:	4501                	li	a0,0
84069d06:	0141                	add	sp,sp,16
84069d08:	8082                	ret
84069d0a:	5579                	li	a0,-2
84069d0c:	8082                	ret
84069d0e:	8082                	ret

84069d10 <spi_master_isr_handler>:
84069d10:	050a                	sll	a0,a0,0x2
84069d12:	00001717          	auipc	a4,0x1
84069d16:	08270713          	add	a4,a4,130 # 8406ad94 <g_spi_master_register>
84069d1a:	972a                	add	a4,a4,a0
84069d1c:	4318                	lw	a4,0(a4)
84069d1e:	87ae                	mv	a5,a1
84069d20:	85b2                	mv	a1,a2
84069d22:	5f58                	lw	a4,60(a4)
84069d24:	8b05                	and	a4,a4,1
84069d26:	cb19                	beqz	a4,84069d3c <spi_master_isr_handler+0x2c>
84069d28:	cb91                	beqz	a5,84069d3c <spi_master_isr_handler+0x2c>
84069d2a:	00001717          	auipc	a4,0x1
84069d2e:	60670713          	add	a4,a4,1542 # 8406b330 <g_spi_master_direction>
84069d32:	972a                	add	a4,a4,a0
84069d34:	4308                	lw	a0,0(a4)
84069d36:	00a03533          	snez	a0,a0
84069d3a:	8782                	jr	a5
84069d3c:	8082                	ret

84069d3e <uart_set_sw_move_byte>:
84069d3e:	00159793          	sll	a5,a1,0x1
84069d42:	97ae                	add	a5,a5,a1
84069d44:	97aa                	add	a5,a5,a0
84069d46:	078a                	sll	a5,a5,0x2
84069d48:	00001717          	auipc	a4,0x1
84069d4c:	2e070713          	add	a4,a4,736 # 8406b028 <uart_port_to_dma_map>
84069d50:	97ba                	add	a5,a5,a4
84069d52:	4388                	lw	a0,0(a5)
84069d54:	1151                	add	sp,sp,-12
84069d56:	85b2                	mv	a1,a2
84069d58:	c406                	sw	ra,8(sp)
84069d5a:	dd3ff0ef          	jal	84069b2c <vdma_set_sw_move_byte>
84069d5e:	c111                	beqz	a0,84069d62 <uart_set_sw_move_byte+0x24>
84069d60:	5571                	li	a0,-4
84069d62:	40a2                	lw	ra,8(sp)
84069d64:	0131                	add	sp,sp,12
84069d66:	8082                	ret

84069d68 <hal_ccni_event_callback20>:
84069d68:	1141                	add	sp,sp,-16
84069d6a:	850a                	mv	a0,sp
84069d6c:	c606                	sw	ra,12(sp)
84069d6e:	da1ff0ef          	jal	84069b0e <hal_nvic_save_and_set_interrupt_mask>
84069d72:	4502                	lw	a0,0(sp)
84069d74:	00001797          	auipc	a5,0x1
84069d78:	5c078c23          	sb	zero,1496(a5) # 8406b34c <workround_flag>
84069d7c:	d9bff0ef          	jal	84069b16 <hal_nvic_restore_interrupt_mask>
84069d80:	40b2                	lw	ra,12(sp)
84069d82:	0141                	add	sp,sp,16
84069d84:	8082                	ret

84069d86 <mouse_sensor_send_report_to_CM33>:
84069d86:	02010537          	lui	a0,0x2010
84069d8a:	4581                	li	a1,0
84069d8c:	053d                	add	a0,a0,15 # 201000f <__fp_pattern_ram_total+0x200860f>
84069d8e:	e8cfc06f          	j	8406641a <hal_ccni_set_event>

84069d92 <mouse_sensor_get_data>:
84069d92:	7ffa5717          	auipc	a4,0x7ffa5
84069d96:	90674703          	lbu	a4,-1786(a4) # 400e698 <ccm_spi_sensor+0x8>
84069d9a:	c349                	beqz	a4,84069e1c <mouse_sensor_get_data+0x8a>
84069d9c:	7ffa5797          	auipc	a5,0x7ffa5
84069da0:	8f478793          	add	a5,a5,-1804 # 400e690 <ccm_spi_sensor>
84069da4:	0017c703          	lbu	a4,1(a5)
84069da8:	8b21                	and	a4,a4,8
84069daa:	00001697          	auipc	a3,0x1
84069dae:	58e6af23          	sw	a4,1438(a3) # 8406b348 <is_lifted>
84069db2:	0027c703          	lbu	a4,2(a5)
84069db6:	0b700693          	li	a3,183
84069dba:	0f777713          	and	a4,a4,247
84069dbe:	02d70d63          	beq	a4,a3,84069df8 <mouse_sensor_get_data+0x66>
84069dc2:	1141                	add	sp,sp,-16
84069dc4:	c422                	sw	s0,8(sp)
84069dc6:	c606                	sw	ra,12(sp)
84069dc8:	00001417          	auipc	s0,0x1
84069dcc:	58440413          	add	s0,s0,1412 # 8406b34c <workround_flag>
84069dd0:	00044783          	lbu	a5,0(s0)
84069dd4:	ef89                	bnez	a5,84069dee <mouse_sensor_get_data+0x5c>
84069dd6:	850a                	mv	a0,sp
84069dd8:	d37ff0ef          	jal	84069b0e <hal_nvic_save_and_set_interrupt_mask>
84069ddc:	4502                	lw	a0,0(sp)
84069dde:	4785                	li	a5,1
84069de0:	00f40023          	sb	a5,0(s0)
84069de4:	d33ff0ef          	jal	84069b16 <hal_nvic_restore_interrupt_mask>
84069de8:	4501                	li	a0,0
84069dea:	f9dff0ef          	jal	84069d86 <mouse_sensor_send_report_to_CM33>
84069dee:	40b2                	lw	ra,12(sp)
84069df0:	4422                	lw	s0,8(sp)
84069df2:	555d                	li	a0,-9
84069df4:	0141                	add	sp,sp,16
84069df6:	8082                	ret
84069df8:	0037c683          	lbu	a3,3(a5)
84069dfc:	0047c703          	lbu	a4,4(a5)
84069e00:	0722                	sll	a4,a4,0x8
84069e02:	8f55                	or	a4,a4,a3
84069e04:	00e51023          	sh	a4,0(a0)
84069e08:	0057c703          	lbu	a4,5(a5)
84069e0c:	0067c783          	lbu	a5,6(a5)
84069e10:	4501                	li	a0,0
84069e12:	07a2                	sll	a5,a5,0x8
84069e14:	8fd9                	or	a5,a5,a4
84069e16:	00f59023          	sh	a5,0(a1)
84069e1a:	8082                	ret
84069e1c:	5561                	li	a0,-8
84069e1e:	8082                	ret

84069e20 <mouse_sensor_is_lifted>:
84069e20:	00001517          	auipc	a0,0x1
84069e24:	52852503          	lw	a0,1320(a0) # 8406b348 <is_lifted>
84069e28:	8082                	ret

84069e2a <hal_sleep_manager_set_sleep_handle>:
84069e2a:	4501                	li	a0,0
84069e2c:	8082                	ret

84069e2e <hal_sleep_manager_lock_sleep>:
84069e2e:	4501                	li	a0,0
84069e30:	8082                	ret

84069e32 <hal_sleep_manager_unlock_sleep>:
84069e32:	4501                	li	a0,0
84069e34:	8082                	ret

84069e36 <hal_sleep_manager_riscv_sleep_routine>:
84069e36:	a821                	j	84069e4e <sleep_management_enter_sleep>

84069e38 <hal_sleep_manager_init>:
84069e38:	1151                	add	sp,sp,-12
84069e3a:	c406                	sw	ra,8(sp)
84069e3c:	2859                	jal	84069ed2 <spm_init>
84069e3e:	40a2                	lw	ra,8(sp)
84069e40:	00001797          	auipc	a5,0x1
84069e44:	500786a3          	sb	zero,1293(a5) # 8406b34d <sleep_manager_handle>
84069e48:	4501                	li	a0,0
84069e4a:	0131                	add	sp,sp,12
84069e4c:	8082                	ret

84069e4e <sleep_management_enter_sleep>:
84069e4e:	10500073          	wfi
84069e52:	0001                	nop
84069e54:	8082                	ret

84069e56 <spm_mask_wakeup_source>:
84069e56:	1141                	add	sp,sp,-16
84069e58:	c422                	sw	s0,8(sp)
84069e5a:	842a                	mv	s0,a0
84069e5c:	850a                	mv	a0,sp
84069e5e:	c606                	sw	ra,12(sp)
84069e60:	cafff0ef          	jal	84069b0e <hal_nvic_save_and_set_interrupt_mask>
84069e64:	421307b7          	lui	a5,0x42130
84069e68:	02000713          	li	a4,32
84069e6c:	07a1                	add	a5,a5,8 # 42130008 <__log_strings_end+0x3c12ee6e>
84069e6e:	00e41b63          	bne	s0,a4,84069e84 <spm_mask_wakeup_source+0x2e>
84069e72:	577d                	li	a4,-1
84069e74:	c398                	sw	a4,0(a5)
84069e76:	4502                	lw	a0,0(sp)
84069e78:	c9fff0ef          	jal	84069b16 <hal_nvic_restore_interrupt_mask>
84069e7c:	40b2                	lw	ra,12(sp)
84069e7e:	4422                	lw	s0,8(sp)
84069e80:	0141                	add	sp,sp,16
84069e82:	8082                	ret
84069e84:	4398                	lw	a4,0(a5)
84069e86:	4505                	li	a0,1
84069e88:	00851533          	sll	a0,a0,s0
84069e8c:	8d59                	or	a0,a0,a4
84069e8e:	c388                	sw	a0,0(a5)
84069e90:	b7dd                	j	84069e76 <spm_mask_wakeup_source+0x20>

84069e92 <spm_unmask_wakeup_source>:
84069e92:	1141                	add	sp,sp,-16
84069e94:	c422                	sw	s0,8(sp)
84069e96:	842a                	mv	s0,a0
84069e98:	850a                	mv	a0,sp
84069e9a:	c606                	sw	ra,12(sp)
84069e9c:	c73ff0ef          	jal	84069b0e <hal_nvic_save_and_set_interrupt_mask>
84069ea0:	42130737          	lui	a4,0x42130
84069ea4:	02000793          	li	a5,32
84069ea8:	0721                	add	a4,a4,8 # 42130008 <__log_strings_end+0x3c12ee6e>
84069eaa:	00f41b63          	bne	s0,a5,84069ec0 <spm_unmask_wakeup_source+0x2e>
84069eae:	00072023          	sw	zero,0(a4)
84069eb2:	4502                	lw	a0,0(sp)
84069eb4:	c63ff0ef          	jal	84069b16 <hal_nvic_restore_interrupt_mask>
84069eb8:	40b2                	lw	ra,12(sp)
84069eba:	4422                	lw	s0,8(sp)
84069ebc:	0141                	add	sp,sp,16
84069ebe:	8082                	ret
84069ec0:	4314                	lw	a3,0(a4)
84069ec2:	4785                	li	a5,1
84069ec4:	008797b3          	sll	a5,a5,s0
84069ec8:	fff7c793          	not	a5,a5
84069ecc:	8ff5                	and	a5,a5,a3
84069ece:	c31c                	sw	a5,0(a4)
84069ed0:	b7cd                	j	84069eb2 <spm_unmask_wakeup_source+0x20>

84069ed2 <spm_init>:
84069ed2:	1151                	add	sp,sp,-12
84069ed4:	02000513          	li	a0,32
84069ed8:	c406                	sw	ra,8(sp)
84069eda:	fb9ff0ef          	jal	84069e92 <spm_unmask_wakeup_source>
84069ede:	4505                	li	a0,1
84069ee0:	f77ff0ef          	jal	84069e56 <spm_mask_wakeup_source>
84069ee4:	450d                	li	a0,3
84069ee6:	f71ff0ef          	jal	84069e56 <spm_mask_wakeup_source>
84069eea:	4511                	li	a0,4
84069eec:	f6bff0ef          	jal	84069e56 <spm_mask_wakeup_source>
84069ef0:	452d                	li	a0,11
84069ef2:	f65ff0ef          	jal	84069e56 <spm_mask_wakeup_source>
84069ef6:	451d                	li	a0,7
84069ef8:	f5fff0ef          	jal	84069e56 <spm_mask_wakeup_source>
84069efc:	4519                	li	a0,6
84069efe:	f59ff0ef          	jal	84069e56 <spm_mask_wakeup_source>
84069f02:	42130737          	lui	a4,0x42130
84069f06:	471c                	lw	a5,8(a4)
84069f08:	0721                	add	a4,a4,8 # 42130008 <__log_strings_end+0x3c12ee6e>
84069f0a:	00001517          	auipc	a0,0x1
84069f0e:	16a50513          	add	a0,a0,362 # 8406b074 <log_control_block_common>
84069f12:	4689                	li	a3,2
84069f14:	81f97617          	auipc	a2,0x81f97
84069f18:	f9c60613          	add	a2,a2,-100 # 6000eb0 <msg_id_string.0>
84069f1c:	4585                	li	a1,1
84069f1e:	26bd                	jal	8406a28c <print_module_msgid_log>
84069f20:	40a2                	lw	ra,8(sp)
84069f22:	4501                	li	a0,0
84069f24:	0131                	add	sp,sp,12
84069f26:	8082                	ret

84069f28 <hal_ccni_event_callback16>:
84069f28:	1151                	add	sp,sp,-12
84069f2a:	04900613          	li	a2,73
84069f2e:	81f97597          	auipc	a1,0x81f97
84069f32:	fd658593          	add	a1,a1,-42 # 6000f04 <file.1>
84069f36:	81f97517          	auipc	a0,0x81f97
84069f3a:	02250513          	add	a0,a0,34 # 6000f58 <exp.2>
84069f3e:	c406                	sw	ra,8(sp)
84069f40:	2a09                	jal	8406a052 <light_assert>
84069f42:	40a2                	lw	ra,8(sp)
84069f44:	00001797          	auipc	a5,0x1
84069f48:	2627c783          	lbu	a5,610(a5) # 8406b1a6 <exception_triggered_flag.0>
84069f4c:	0131                	add	sp,sp,12
84069f4e:	8082                	ret

84069f50 <exc_port_alert_other_cores>:
84069f50:	02010537          	lui	a0,0x2010
84069f54:	4581                	li	a1,0
84069f56:	0541                	add	a0,a0,16 # 2010010 <__fp_pattern_ram_total+0x2008610>
84069f58:	cc2fc06f          	j	8406641a <hal_ccni_set_event>

84069f5c <exc_port_gpt_get_free_run_1M_count>:
84069f5c:	85aa                	mv	a1,a0
84069f5e:	4505                	li	a0,1
84069f60:	b64ff06f          	j	840692c4 <hal_gpt_get_free_run_count>

84069f64 <exc_port_gpt_get_free_run_32K_count>:
84069f64:	85aa                	mv	a1,a0
84069f66:	4501                	li	a0,0
84069f68:	b5cff06f          	j	840692c4 <hal_gpt_get_free_run_count>

84069f6c <exc_port_core_status_update>:
84069f6c:	8082                	ret

84069f6e <exc_port_ccni_clear_event>:
84069f6e:	01020537          	lui	a0,0x1020
84069f72:	0541                	add	a0,a0,16 # 1020010 <__fp_pattern_ram_total+0x1018610>
84069f74:	caafc06f          	j	8406641e <hal_ccni_clear_event>

84069f78 <exc_port_ccni_query_event_status>:
84069f78:	1141                	add	sp,sp,-16
84069f7a:	c606                	sw	ra,12(sp)
84069f7c:	c002                	sw	zero,0(sp)
84069f7e:	4702                	lw	a4,0(sp)
84069f80:	4785                	li	a5,1
84069f82:	00f71663          	bne	a4,a5,84069f8e <exc_port_ccni_query_event_status+0x16>
84069f86:	40b2                	lw	ra,12(sp)
84069f88:	4501                	li	a0,0
84069f8a:	0141                	add	sp,sp,16
84069f8c:	8082                	ret
84069f8e:	01020537          	lui	a0,0x1020
84069f92:	858a                	mv	a1,sp
84069f94:	0541                	add	a0,a0,16 # 1020010 <__fp_pattern_ram_total+0x1018610>
84069f96:	b62fc0ef          	jal	840662f8 <hal_ccni_query_event_status>
84069f9a:	b7d5                	j	84069f7e <exc_port_ccni_query_event_status+0x6>

84069f9c <syslog_port_check_in_isr_handler>:
84069f9c:	1151                	add	sp,sp,-12
84069f9e:	c406                	sw	ra,8(sp)
84069fa0:	b7fff0ef          	jal	84069b1e <hal_nvic_query_exception_number>
84069fa4:	40a2                	lw	ra,8(sp)
84069fa6:	00a03533          	snez	a0,a0
84069faa:	0131                	add	sp,sp,12
84069fac:	8082                	ret

84069fae <log_hw_semaphore_take>:
84069fae:	1151                	add	sp,sp,-12
84069fb0:	c222                	sw	s0,4(sp)
84069fb2:	c406                	sw	ra,8(sp)
84069fb4:	842a                	mv	s0,a0
84069fb6:	8522                	mv	a0,s0
84069fb8:	ddefc0ef          	jal	84066596 <hw_semaphore_take_special>
84069fbc:	fd6d                	bnez	a0,84069fb6 <log_hw_semaphore_take+0x8>
84069fbe:	40a2                	lw	ra,8(sp)
84069fc0:	4412                	lw	s0,4(sp)
84069fc2:	0131                	add	sp,sp,12
84069fc4:	8082                	ret

84069fc6 <log_hw_semaphore_give>:
84069fc6:	1151                	add	sp,sp,-12
84069fc8:	c406                	sw	ra,8(sp)
84069fca:	df2fc0ef          	jal	840665bc <hw_semaphore_give_special>
84069fce:	cd11                	beqz	a0,84069fea <log_hw_semaphore_give+0x24>
84069fd0:	40a2                	lw	ra,8(sp)
84069fd2:	05300613          	li	a2,83
84069fd6:	81f97597          	auipc	a1,0x81f97
84069fda:	f8e58593          	add	a1,a1,-114 # 6000f64 <file.0>
84069fde:	81f97517          	auipc	a0,0x81f97
84069fe2:	fc650513          	add	a0,a0,-58 # 6000fa4 <exp.1>
84069fe6:	0131                	add	sp,sp,12
84069fe8:	a0ad                	j	8406a052 <light_assert>
84069fea:	40a2                	lw	ra,8(sp)
84069fec:	0131                	add	sp,sp,12
84069fee:	8082                	ret

84069ff0 <ccni_dump_sysinfo>:
84069ff0:	872a                	mv	a4,a0
84069ff2:	4685                	li	a3,1
84069ff4:	81f97617          	auipc	a2,0x81f97
84069ff8:	01460613          	add	a2,a2,20 # 6001008 <msg_id_string.1>
84069ffc:	4589                	li	a1,2
84069ffe:	00001517          	auipc	a0,0x1
8406a002:	15650513          	add	a0,a0,342 # 8406b154 <log_control_block_system_online_dsp>
8406a006:	a459                	j	8406a28c <print_module_msgid_log>

8406a008 <hal_ccni_event_callback15>:
8406a008:	c5a1                	beqz	a1,8406a050 <hal_ccni_event_callback15+0x48>
8406a00a:	1141                	add	sp,sp,-16
8406a00c:	c226                	sw	s1,4(sp)
8406a00e:	4184                	lw	s1,0(a1)
8406a010:	c422                	sw	s0,8(sp)
8406a012:	468d                	li	a3,3
8406a014:	c026                	sw	s1,0(sp)
8406a016:	41dc                	lw	a5,4(a1)
8406a018:	842e                	mv	s0,a1
8406a01a:	8726                	mv	a4,s1
8406a01c:	81f97617          	auipc	a2,0x81f97
8406a020:	f8c60613          	add	a2,a2,-116 # 6000fa8 <msg_id_string.0>
8406a024:	4585                	li	a1,1
8406a026:	00001517          	auipc	a0,0x1
8406a02a:	12e50513          	add	a0,a0,302 # 8406b154 <log_control_block_system_online_dsp>
8406a02e:	c606                	sw	ra,12(sp)
8406a030:	2cb1                	jal	8406a28c <print_module_msgid_log>
8406a032:	4785                	li	a5,1
8406a034:	00f49963          	bne	s1,a5,8406a046 <hal_ccni_event_callback15+0x3e>
8406a038:	4048                	lw	a0,4(s0)
8406a03a:	4422                	lw	s0,8(sp)
8406a03c:	40b2                	lw	ra,12(sp)
8406a03e:	4492                	lw	s1,4(sp)
8406a040:	0141                	add	sp,sp,16
8406a042:	fafff06f          	j	84069ff0 <ccni_dump_sysinfo>
8406a046:	40b2                	lw	ra,12(sp)
8406a048:	4422                	lw	s0,8(sp)
8406a04a:	4492                	lw	s1,4(sp)
8406a04c:	0141                	add	sp,sp,16
8406a04e:	8082                	ret
8406a050:	8082                	ret

8406a052 <light_assert>:
8406a052:	00001797          	auipc	a5,0x1
8406a056:	30278793          	add	a5,a5,770 # 8406b354 <light_assert_count>
8406a05a:	4398                	lw	a4,0(a5)
8406a05c:	e321                	bnez	a4,8406a09c <light_assert+0x4a>
8406a05e:	4705                	li	a4,1
8406a060:	c398                	sw	a4,0(a5)
8406a062:	300477f3          	csrrc	a5,mstatus,8
8406a066:	00001717          	auipc	a4,0x1
8406a06a:	2ef72523          	sw	a5,746(a4) # 8406b350 <mstatus_assert.0>
8406a06e:	00001797          	auipc	a5,0x1
8406a072:	13a7a783          	lw	a5,314(a5) # 8406b1a8 <exception_info_ptr>
8406a076:	10078793          	add	a5,a5,256
8406a07a:	4709                	li	a4,2
8406a07c:	cf98                	sw	a4,24(a5)
8406a07e:	fa000737          	lui	a4,0xfa000
8406a082:	953a                	add	a0,a0,a4
8406a084:	95ba                	add	a1,a1,a4
8406a086:	81f97717          	auipc	a4,0x81f97
8406a08a:	fea70713          	add	a4,a4,-22 # 6001070 <assert_string>
8406a08e:	cfc8                	sw	a0,28(a5)
8406a090:	d38c                	sw	a1,32(a5)
8406a092:	d3d0                	sw	a2,36(a5)
8406a094:	d798                	sw	a4,40(a5)
8406a096:	00000073          	ecall
8406a09a:	a001                	j	8406a09a <light_assert+0x48>
8406a09c:	8082                	ret

8406a09e <exception_fault_handler>:
8406a09e:	1151                	add	sp,sp,-12
8406a0a0:	c222                	sw	s0,4(sp)
8406a0a2:	00001417          	auipc	s0,0x1
8406a0a6:	10640413          	add	s0,s0,262 # 8406b1a8 <exception_info_ptr>
8406a0aa:	4008                	lw	a0,0(s0)
8406a0ac:	deada7b7          	lui	a5,0xdeada
8406a0b0:	c406                	sw	ra,8(sp)
8406a0b2:	5a578793          	add	a5,a5,1445 # deada5a5 <_isr_stack_end+0x5aa6e5a5>
8406a0b6:	c11c                	sw	a5,0(a0)
8406a0b8:	47d1                	li	a5,20
8406a0ba:	12f52623          	sw	a5,300(a0)
8406a0be:	10052223          	sw	zero,260(a0)
8406a0c2:	10c50513          	add	a0,a0,268
8406a0c6:	e97ff0ef          	jal	84069f5c <exc_port_gpt_get_free_run_1M_count>
8406a0ca:	4008                	lw	a0,0(s0)
8406a0cc:	11050513          	add	a0,a0,272
8406a0d0:	e95ff0ef          	jal	84069f64 <exc_port_gpt_get_free_run_32K_count>
8406a0d4:	4018                	lw	a4,0(s0)
8406a0d6:	10872783          	lw	a5,264(a4)
8406a0da:	0785                	add	a5,a5,1
8406a0dc:	10f72423          	sw	a5,264(a4)
8406a0e0:	e71ff0ef          	jal	84069f50 <exc_port_alert_other_cores>
8406a0e4:	e89ff0ef          	jal	84069f6c <exc_port_core_status_update>
8406a0e8:	4018                	lw	a4,0(s0)
8406a0ea:	a5a5e7b7          	lui	a5,0xa5a5e
8406a0ee:	ead78793          	add	a5,a5,-339 # a5a5dead <_isr_stack_end+0x219f1ead>
8406a0f2:	18f72423          	sw	a5,392(a4)
8406a0f6:	e83ff0ef          	jal	84069f78 <exc_port_ccni_query_event_status>
8406a0fa:	fd75                	bnez	a0,8406a0f6 <exception_fault_handler+0x58>
8406a0fc:	e73ff0ef          	jal	84069f6e <exc_port_ccni_clear_event>
8406a100:	a001                	j	8406a100 <exception_fault_handler+0x62>

8406a102 <port_syslog_build_time_sdk_version_copy>:
8406a102:	1151                	add	sp,sp,-12
8406a104:	c222                	sw	s0,4(sp)
8406a106:	00151413          	sll	s0,a0,0x1
8406a10a:	942a                	add	s0,s0,a0
8406a10c:	0412                	sll	s0,s0,0x4
8406a10e:	7ffa4517          	auipc	a0,0x7ffa4
8406a112:	79a50513          	add	a0,a0,1946 # 400e8a8 <ccm_sw_verno_str>
8406a116:	03000613          	li	a2,48
8406a11a:	00001597          	auipc	a1,0x1
8406a11e:	f2658593          	add	a1,a1,-218 # 8406b040 <sw_verno_str>
8406a122:	9522                	add	a0,a0,s0
8406a124:	c406                	sw	ra,8(sp)
8406a126:	2645                	jal	8406a4c6 <strncpy>
8406a128:	7ffa5517          	auipc	a0,0x7ffa5
8406a12c:	81050513          	add	a0,a0,-2032 # 400e938 <ccm_build_date_time_str>
8406a130:	9522                	add	a0,a0,s0
8406a132:	4412                	lw	s0,4(sp)
8406a134:	40a2                	lw	ra,8(sp)
8406a136:	03000613          	li	a2,48
8406a13a:	00001597          	auipc	a1,0x1
8406a13e:	f1658593          	add	a1,a1,-234 # 8406b050 <build_date_time_str>
8406a142:	0131                	add	sp,sp,12
8406a144:	a649                	j	8406a4c6 <strncpy>

8406a146 <find_start_of_cpu_log_filters>:
8406a146:	00001617          	auipc	a2,0x1
8406a14a:	22262603          	lw	a2,546(a2) # 8406b368 <g_syslog_share_variable>
8406a14e:	03860713          	add	a4,a2,56
8406a152:	05860593          	add	a1,a2,88
8406a156:	02000793          	li	a5,32
8406a15a:	00074683          	lbu	a3,0(a4)
8406a15e:	01869313          	sll	t1,a3,0x18
8406a162:	41835313          	sra	t1,t1,0x18
8406a166:	00035c63          	bgez	t1,8406a17e <find_start_of_cpu_log_filters+0x38>
8406a16a:	f7f6f693          	and	a3,a3,-129
8406a16e:	00a68863          	beq	a3,a0,8406a17e <find_start_of_cpu_log_filters+0x38>
8406a172:	00174683          	lbu	a3,1(a4)
8406a176:	0709                	add	a4,a4,2
8406a178:	97b6                	add	a5,a5,a3
8406a17a:	feb710e3          	bne	a4,a1,8406a15a <find_start_of_cpu_log_filters+0x14>
8406a17e:	03878793          	add	a5,a5,56
8406a182:	00f60533          	add	a0,a2,a5
8406a186:	8082                	ret

8406a188 <log_print_msgid>:
8406a188:	f8410113          	add	sp,sp,-124
8406a18c:	daa2                	sw	s0,116(sp)
8406a18e:	00001417          	auipc	s0,0x1
8406a192:	1da40413          	add	s0,s0,474 # 8406b368 <g_syslog_share_variable>
8406a196:	d8a6                	sw	s1,112(sp)
8406a198:	84b6                	mv	s1,a3
8406a19a:	4014                	lw	a3,0(s0)
8406a19c:	dc86                	sw	ra,120(sp)
8406a19e:	c032                	sw	a2,0(sp)
8406a1a0:	0196c603          	lbu	a2,25(a3)
8406a1a4:	c23a                	sw	a4,4(sp)
8406a1a6:	c402                	sw	zero,8(sp)
8406a1a8:	4685                	li	a3,1
8406a1aa:	0cd60363          	beq	a2,a3,8406a270 <log_print_msgid+0xe8>
8406a1ae:	862e                	mv	a2,a1
8406a1b0:	85aa                	mv	a1,a0
8406a1b2:	1028                	add	a0,sp,40
8406a1b4:	39d000ef          	jal	8406ad50 <check_log_control>
8406a1b8:	cd45                	beqz	a0,8406a270 <log_print_msgid+0xe8>
8406a1ba:	46a9                	li	a3,10
8406a1bc:	0a96ea63          	bltu	a3,s1,8406a270 <log_print_msgid+0xe8>
8406a1c0:	4712                	lw	a4,4(sp)
8406a1c2:	00249693          	sll	a3,s1,0x2
8406a1c6:	04810313          	add	t1,sp,72
8406a1ca:	4481                	li	s1,0
8406a1cc:	0ad49863          	bne	s1,a3,8406a27c <log_print_msgid+0xf4>
8406a1d0:	6719                	lui	a4,0x6
8406a1d2:	d0570713          	add	a4,a4,-763 # 5d05 <_system_stack_len+0x5905>
8406a1d6:	00e11823          	sh	a4,16(sp)
8406a1da:	01048713          	add	a4,s1,16
8406a1de:	00e11923          	sh	a4,18(sp)
8406a1e2:	6705                	lui	a4,0x1
8406a1e4:	f4170713          	add	a4,a4,-191 # f41 <_system_stack_len+0xb41>
8406a1e8:	00e11a23          	sh	a4,20(sp)
8406a1ec:	0818                	add	a4,sp,16
8406a1ee:	d43a                	sw	a4,40(sp)
8406a1f0:	4719                	li	a4,6
8406a1f2:	d63a                	sw	a4,44(sp)
8406a1f4:	0068                	add	a0,sp,12
8406a1f6:	4705                	li	a4,1
8406a1f8:	00e10c23          	sb	a4,24(sp)
8406a1fc:	913ff0ef          	jal	84069b0e <hal_nvic_save_and_set_interrupt_mask>
8406a200:	4014                	lw	a3,0(s0)
8406a202:	4532                	lw	a0,12(sp)
8406a204:	46d8                	lw	a4,12(a3)
8406a206:	00170613          	add	a2,a4,1
8406a20a:	c6d0                	sw	a2,12(a3)
8406a20c:	00e10ca3          	sb	a4,25(sp)
8406a210:	907ff0ef          	jal	84069b16 <hal_nvic_restore_interrupt_mask>
8406a214:	42101737          	lui	a4,0x42101
8406a218:	00011d23          	sh	zero,26(sp)
8406a21c:	00011e23          	sh	zero,28(sp)
8406a220:	81872503          	lw	a0,-2024(a4) # 42100818 <__log_strings_end+0x3c0ff67e>
8406a224:	3e800613          	li	a2,1000
8406a228:	4681                	li	a3,0
8406a22a:	4581                	li	a1,0
8406a22c:	2415                	jal	8406a450 <__muldi3>
8406a22e:	4782                	lw	a5,0(sp)
8406a230:	fa000737          	lui	a4,0xfa000
8406a234:	05c6                	sll	a1,a1,0x11
8406a236:	973e                	add	a4,a4,a5
8406a238:	813d                	srl	a0,a0,0xf
8406a23a:	02f11123          	sh	a5,34(sp)
8406a23e:	401c                	lw	a5,0(s0)
8406a240:	8d4d                	or	a0,a0,a1
8406a242:	00a11f23          	sh	a0,30(sp)
8406a246:	8141                	srl	a0,a0,0x10
8406a248:	8341                	srl	a4,a4,0x10
8406a24a:	02a11023          	sh	a0,32(sp)
8406a24e:	4388                	lw	a0,0(a5)
8406a250:	02e11223          	sh	a4,36(sp)
8406a254:	0838                	add	a4,sp,24
8406a256:	d83a                	sw	a4,48(sp)
8406a258:	04810313          	add	t1,sp,72
8406a25c:	4739                	li	a4,14
8406a25e:	0034                	add	a3,sp,8
8406a260:	460d                	li	a2,3
8406a262:	102c                	add	a1,sp,40
8406a264:	da3a                	sw	a4,52(sp)
8406a266:	dc1a                	sw	t1,56(sp)
8406a268:	de26                	sw	s1,60(sp)
8406a26a:	c082                	sw	zero,64(sp)
8406a26c:	1ab000ef          	jal	8406ac16 <mux_tx>
8406a270:	50e6                	lw	ra,120(sp)
8406a272:	5456                	lw	s0,116(sp)
8406a274:	54c6                	lw	s1,112(sp)
8406a276:	07c10113          	add	sp,sp,124
8406a27a:	8082                	ret
8406a27c:	009705b3          	add	a1,a4,s1
8406a280:	418c                	lw	a1,0(a1)
8406a282:	00930633          	add	a2,t1,s1
8406a286:	0491                	add	s1,s1,4
8406a288:	c20c                	sw	a1,0(a2)
8406a28a:	b789                	j	8406a1cc <log_print_msgid+0x44>

8406a28c <print_module_msgid_log>:
8406a28c:	fdc10113          	add	sp,sp,-36
8406a290:	ca22                	sw	s0,20(sp)
8406a292:	cc06                	sw	ra,24(sp)
8406a294:	842a                	mv	s0,a0
8406a296:	c42e                	sw	a1,8(sp)
8406a298:	c232                	sw	a2,4(sp)
8406a29a:	c036                	sw	a3,0(sp)
8406a29c:	ce3a                	sw	a4,28(sp)
8406a29e:	d03e                	sw	a5,32(sp)
8406a2a0:	cfdff0ef          	jal	84069f9c <syslog_port_check_in_isr_handler>
8406a2a4:	e909                	bnez	a0,8406a2b6 <print_module_msgid_log+0x2a>
8406a2a6:	4682                	lw	a3,0(sp)
8406a2a8:	4612                	lw	a2,4(sp)
8406a2aa:	45a2                	lw	a1,8(sp)
8406a2ac:	0878                	add	a4,sp,28
8406a2ae:	8522                	mv	a0,s0
8406a2b0:	c63a                	sw	a4,12(sp)
8406a2b2:	ed7ff0ef          	jal	8406a188 <log_print_msgid>
8406a2b6:	40e2                	lw	ra,24(sp)
8406a2b8:	4452                	lw	s0,20(sp)
8406a2ba:	02410113          	add	sp,sp,36
8406a2be:	8082                	ret

8406a2c0 <log_set_filter>:
8406a2c0:	00001797          	auipc	a5,0x1
8406a2c4:	0a878793          	add	a5,a5,168 # 8406b368 <g_syslog_share_variable>
8406a2c8:	4398                	lw	a4,0(a5)
8406a2ca:	1141                	add	sp,sp,-16
8406a2cc:	c226                	sw	s1,4(sp)
8406a2ce:	4344                	lw	s1,4(a4)
8406a2d0:	c606                	sw	ra,12(sp)
8406a2d2:	c422                	sw	s0,8(sp)
8406a2d4:	4709                	li	a4,2
8406a2d6:	08e49463          	bne	s1,a4,8406a35e <log_set_filter+0x9e>
8406a2da:	4505                	li	a0,1
8406a2dc:	e27ff0ef          	jal	8406a102 <port_syslog_build_time_sdk_version_copy>
8406a2e0:	00001417          	auipc	s0,0x1
8406a2e4:	d9440413          	add	s0,s0,-620 # 8406b074 <log_control_block_common>
8406a2e8:	00001517          	auipc	a0,0x1
8406a2ec:	e8850513          	add	a0,a0,-376 # 8406b170 <combo_key_result>
8406a2f0:	8d01                	sub	a0,a0,s0
8406a2f2:	45f1                	li	a1,28
8406a2f4:	ffdf90ef          	jal	840642f0 <__hidden___udivsi3>
8406a2f8:	00001797          	auipc	a5,0x1
8406a2fc:	07078793          	add	a5,a5,112 # 8406b368 <g_syslog_share_variable>
8406a300:	439c                	lw	a5,0(a5)
8406a302:	86aa                	mv	a3,a0
8406a304:	0387c703          	lbu	a4,56(a5)
8406a308:	1287a223          	sw	s0,292(a5)
8406a30c:	03878413          	add	s0,a5,56
8406a310:	01871613          	sll	a2,a4,0x18
8406a314:	8661                	sra	a2,a2,0x18
8406a316:	04065a63          	bgez	a2,8406a36a <log_set_filter+0xaa>
8406a31a:	f7f77713          	and	a4,a4,-129
8406a31e:	4605                	li	a2,1
8406a320:	00c70f63          	beq	a4,a2,8406a33e <log_set_filter+0x7e>
8406a324:	03a7c703          	lbu	a4,58(a5)
8406a328:	01871593          	sll	a1,a4,0x18
8406a32c:	85e1                	sra	a1,a1,0x18
8406a32e:	0605d563          	bgez	a1,8406a398 <log_set_filter+0xd8>
8406a332:	f7f77713          	and	a4,a4,-129
8406a336:	02c71b63          	bne	a4,a2,8406a36c <log_set_filter+0xac>
8406a33a:	03a78413          	add	s0,a5,58
8406a33e:	00144783          	lbu	a5,1(s0)
8406a342:	04d78963          	beq	a5,a3,8406a394 <log_set_filter+0xd4>
8406a346:	44e00613          	li	a2,1102
8406a34a:	81f97597          	auipc	a1,0x81f97
8406a34e:	d5258593          	add	a1,a1,-686 # 600109c <file.0>
8406a352:	81f97517          	auipc	a0,0x81f97
8406a356:	d8650513          	add	a0,a0,-634 # 60010d8 <exp.1>
8406a35a:	cf9ff0ef          	jal	8406a052 <light_assert>
8406a35e:	4501                	li	a0,0
8406a360:	40b2                	lw	ra,12(sp)
8406a362:	4422                	lw	s0,8(sp)
8406a364:	4492                	lw	s1,4(sp)
8406a366:	0141                	add	sp,sp,16
8406a368:	8082                	ret
8406a36a:	4481                	li	s1,0
8406a36c:	4505                	li	a0,1
8406a36e:	c036                	sw	a3,0(sp)
8406a370:	dd7ff0ef          	jal	8406a146 <find_start_of_cpu_log_filters>
8406a374:	4682                	lw	a3,0(sp)
8406a376:	00001617          	auipc	a2,0x1
8406a37a:	cfe60613          	add	a2,a2,-770 # 8406b074 <log_control_block_common>
8406a37e:	4701                	li	a4,0
8406a380:	00d71e63          	bne	a4,a3,8406a39c <log_set_filter+0xdc>
8406a384:	0486                	sll	s1,s1,0x1
8406a386:	9426                	add	s0,s0,s1
8406a388:	f8100793          	li	a5,-127
8406a38c:	00f40023          	sb	a5,0(s0)
8406a390:	00e400a3          	sb	a4,1(s0)
8406a394:	4505                	li	a0,1
8406a396:	b7e9                	j	8406a360 <log_set_filter+0xa0>
8406a398:	4485                	li	s1,1
8406a39a:	bfc9                	j	8406a36c <log_set_filter+0xac>
8406a39c:	425c                	lw	a5,4(a2)
8406a39e:	00862303          	lw	t1,8(a2)
8406a3a2:	00e505b3          	add	a1,a0,a4
8406a3a6:	0792                	sll	a5,a5,0x4
8406a3a8:	0067e7b3          	or	a5,a5,t1
8406a3ac:	0ff7f793          	zext.b	a5,a5
8406a3b0:	00f58023          	sb	a5,0(a1)
8406a3b4:	0705                	add	a4,a4,1 # fa000001 <_isr_stack_end+0x75f94001>
8406a3b6:	0671                	add	a2,a2,28
8406a3b8:	b7e1                	j	8406a380 <log_set_filter+0xc0>

8406a3ba <log_init>:
8406a3ba:	7ffa4797          	auipc	a5,0x7ffa4
8406a3be:	38678793          	add	a5,a5,902 # 400e740 <ccm_syslog>
8406a3c2:	00001717          	auipc	a4,0x1
8406a3c6:	faf72323          	sw	a5,-90(a4) # 8406b368 <g_syslog_share_variable>
8406a3ca:	0047c703          	lbu	a4,4(a5)
8406a3ce:	0057c683          	lbu	a3,5(a5)
8406a3d2:	06a2                	sll	a3,a3,0x8
8406a3d4:	8ed9                	or	a3,a3,a4
8406a3d6:	0067c703          	lbu	a4,6(a5)
8406a3da:	0077c783          	lbu	a5,7(a5)
8406a3de:	0742                	sll	a4,a4,0x10
8406a3e0:	8f55                	or	a4,a4,a3
8406a3e2:	07e2                	sll	a5,a5,0x18
8406a3e4:	8fd9                	or	a5,a5,a4
8406a3e6:	4709                	li	a4,2
8406a3e8:	06e79263          	bne	a5,a4,8406a44c <log_init+0x92>
8406a3ec:	00001797          	auipc	a5,0x1
8406a3f0:	dcc7a783          	lw	a5,-564(a5) # 8406b1b8 <g_mux_port_configs>
8406a3f4:	47d4                	lw	a3,12(a5)
8406a3f6:	1151                	add	sp,sp,-12
8406a3f8:	c406                	sw	ra,8(sp)
8406a3fa:	00001717          	auipc	a4,0x1
8406a3fe:	55270713          	add	a4,a4,1362 # 8406b94c <mux_uart_log_vrwp>
8406a402:	c314                	sw	a3,0(a4)
8406a404:	47d4                	lw	a3,12(a5)
8406a406:	c354                	sw	a3,4(a4)
8406a408:	4b94                	lw	a3,16(a5)
8406a40a:	c714                	sw	a3,8(a4)
8406a40c:	47d4                	lw	a3,12(a5)
8406a40e:	c754                	sw	a3,12(a4)
8406a410:	47d4                	lw	a3,12(a5)
8406a412:	4b90                	lw	a2,16(a5)
8406a414:	96b2                	add	a3,a3,a2
8406a416:	cb14                	sw	a3,16(a4)
8406a418:	00001697          	auipc	a3,0x1
8406a41c:	5406a423          	sw	zero,1352(a3) # 8406b960 <mux_uart_log_vrwp+0x14>
8406a420:	43d4                	lw	a3,4(a5)
8406a422:	cf54                	sw	a3,28(a4)
8406a424:	43d4                	lw	a3,4(a5)
8406a426:	d314                	sw	a3,32(a4)
8406a428:	4794                	lw	a3,8(a5)
8406a42a:	d354                	sw	a3,36(a4)
8406a42c:	43d4                	lw	a3,4(a5)
8406a42e:	d714                	sw	a3,40(a4)
8406a430:	43d4                	lw	a3,4(a5)
8406a432:	479c                	lw	a5,8(a5)
8406a434:	97b6                	add	a5,a5,a3
8406a436:	d75c                	sw	a5,44(a4)
8406a438:	00001797          	auipc	a5,0x1
8406a43c:	5407a623          	sw	zero,1356(a5) # 8406b984 <mux_uart_log_vrwp+0x38>
8406a440:	e81ff0ef          	jal	8406a2c0 <log_set_filter>
8406a444:	40a2                	lw	ra,8(sp)
8406a446:	4501                	li	a0,0
8406a448:	0131                	add	sp,sp,12
8406a44a:	8082                	ret
8406a44c:	557d                	li	a0,-1
8406a44e:	8082                	ret

8406a450 <__muldi3>:
8406a450:	1121                	add	sp,sp,-24
8406a452:	832a                	mv	t1,a0
8406a454:	8532                	mv	a0,a2
8406a456:	862e                	mv	a2,a1
8406a458:	82b6                	mv	t0,a3
8406a45a:	ca06                	sw	ra,20(sp)
8406a45c:	c822                	sw	s0,16(sp)
8406a45e:	c626                	sw	s1,12(sp)
8406a460:	871a                	mv	a4,t1
8406a462:	86aa                	mv	a3,a0
8406a464:	4781                	li	a5,0
8406a466:	4581                	li	a1,0
8406a468:	4381                	li	t2,0
8406a46a:	c01a                	sw	t1,0(sp)
8406a46c:	c232                	sw	a2,4(sp)
8406a46e:	c42a                	sw	a0,8(sp)
8406a470:	00770633          	add	a2,a4,t2
8406a474:	0016f313          	and	t1,a3,1
8406a478:	00f58433          	add	s0,a1,a5
8406a47c:	01f75513          	srl	a0,a4,0x1f
8406a480:	8285                	srl	a3,a3,0x1
8406a482:	00e634b3          	sltu	s1,a2,a4
8406a486:	0786                	sll	a5,a5,0x1
8406a488:	00030563          	beqz	t1,8406a492 <__muldi3+0x42>
8406a48c:	83b2                	mv	t2,a2
8406a48e:	008485b3          	add	a1,s1,s0
8406a492:	0706                	sll	a4,a4,0x1
8406a494:	8fc9                	or	a5,a5,a0
8406a496:	fee9                	bnez	a3,8406a470 <__muldi3+0x20>
8406a498:	4612                	lw	a2,4(sp)
8406a49a:	4302                	lw	t1,0(sp)
8406a49c:	4522                	lw	a0,8(sp)
8406a49e:	87ae                	mv	a5,a1
8406a4a0:	c609                	beqz	a2,8406a4aa <__muldi3+0x5a>
8406a4a2:	85b2                	mv	a1,a2
8406a4a4:	e2df90ef          	jal	840642d0 <__mulsi3>
8406a4a8:	97aa                	add	a5,a5,a0
8406a4aa:	00028763          	beqz	t0,8406a4b8 <__muldi3+0x68>
8406a4ae:	851a                	mv	a0,t1
8406a4b0:	8596                	mv	a1,t0
8406a4b2:	e1ff90ef          	jal	840642d0 <__mulsi3>
8406a4b6:	97aa                	add	a5,a5,a0
8406a4b8:	40d2                	lw	ra,20(sp)
8406a4ba:	4442                	lw	s0,16(sp)
8406a4bc:	44b2                	lw	s1,12(sp)
8406a4be:	851e                	mv	a0,t2
8406a4c0:	85be                	mv	a1,a5
8406a4c2:	0161                	add	sp,sp,24
8406a4c4:	8082                	ret

8406a4c6 <strncpy>:
8406a4c6:	00a5e7b3          	or	a5,a1,a0
8406a4ca:	8b8d                	and	a5,a5,3
8406a4cc:	e781                	bnez	a5,8406a4d4 <strncpy+0xe>
8406a4ce:	478d                	li	a5,3
8406a4d0:	02c7e263          	bltu	a5,a2,8406a4f4 <strncpy+0x2e>
8406a4d4:	872a                	mv	a4,a0
8406a4d6:	a811                	j	8406a4ea <strncpy+0x24>
8406a4d8:	fff5c683          	lbu	a3,-1(a1)
8406a4dc:	fff60313          	add	t1,a2,-1
8406a4e0:	fed78fa3          	sb	a3,-1(a5)
8406a4e4:	caa5                	beqz	a3,8406a554 <strncpy+0x8e>
8406a4e6:	873e                	mv	a4,a5
8406a4e8:	861a                	mv	a2,t1
8406a4ea:	0585                	add	a1,a1,1
8406a4ec:	00170793          	add	a5,a4,1
8406a4f0:	f665                	bnez	a2,8406a4d8 <strncpy+0x12>
8406a4f2:	8082                	ret
8406a4f4:	1171                	add	sp,sp,-4
8406a4f6:	feff02b7          	lui	t0,0xfeff0
8406a4fa:	80808337          	lui	t1,0x80808
8406a4fe:	c022                	sw	s0,0(sp)
8406a500:	872a                	mv	a4,a0
8406a502:	eff28293          	add	t0,t0,-257 # fefefeff <_isr_stack_end+0x7af83eff>
8406a506:	08030313          	add	t1,t1,128 # 80808080 <__log_strings_end+0x7a806ee6>
8406a50a:	438d                	li	t2,3
8406a50c:	a039                	j	8406a51a <strncpy+0x54>
8406a50e:	c314                	sw	a3,0(a4)
8406a510:	1671                	add	a2,a2,-4
8406a512:	0711                	add	a4,a4,4
8406a514:	0591                	add	a1,a1,4
8406a516:	02c3f863          	bgeu	t2,a2,8406a546 <strncpy+0x80>
8406a51a:	4194                	lw	a3,0(a1)
8406a51c:	005687b3          	add	a5,a3,t0
8406a520:	fff6c413          	not	s0,a3
8406a524:	8fe1                	and	a5,a5,s0
8406a526:	0067f7b3          	and	a5,a5,t1
8406a52a:	d3f5                	beqz	a5,8406a50e <strncpy+0x48>
8406a52c:	0585                	add	a1,a1,1
8406a52e:	00170793          	add	a5,a4,1
8406a532:	ce11                	beqz	a2,8406a54e <strncpy+0x88>
8406a534:	fff5c683          	lbu	a3,-1(a1)
8406a538:	fff60313          	add	t1,a2,-1
8406a53c:	fed78fa3          	sb	a3,-1(a5)
8406a540:	c29d                	beqz	a3,8406a566 <strncpy+0xa0>
8406a542:	873e                	mv	a4,a5
8406a544:	861a                	mv	a2,t1
8406a546:	0585                	add	a1,a1,1
8406a548:	00170793          	add	a5,a4,1
8406a54c:	f665                	bnez	a2,8406a534 <strncpy+0x6e>
8406a54e:	4402                	lw	s0,0(sp)
8406a550:	0111                	add	sp,sp,4
8406a552:	8082                	ret
8406a554:	9732                	add	a4,a4,a2
8406a556:	02030363          	beqz	t1,8406a57c <strncpy+0xb6>
8406a55a:	0785                	add	a5,a5,1
8406a55c:	fe078fa3          	sb	zero,-1(a5)
8406a560:	fee79de3          	bne	a5,a4,8406a55a <strncpy+0x94>
8406a564:	8082                	ret
8406a566:	9732                	add	a4,a4,a2
8406a568:	fe0303e3          	beqz	t1,8406a54e <strncpy+0x88>
8406a56c:	0785                	add	a5,a5,1
8406a56e:	fe078fa3          	sb	zero,-1(a5)
8406a572:	fee79de3          	bne	a5,a4,8406a56c <strncpy+0xa6>
8406a576:	4402                	lw	s0,0(sp)
8406a578:	0111                	add	sp,sp,4
8406a57a:	8082                	ret
8406a57c:	8082                	ret

8406a57e <memcpy>:
8406a57e:	00a5c7b3          	xor	a5,a1,a0
8406a582:	8b8d                	and	a5,a5,3
8406a584:	00c506b3          	add	a3,a0,a2
8406a588:	e7a9                	bnez	a5,8406a5d2 <memcpy+0x54>
8406a58a:	478d                	li	a5,3
8406a58c:	04c7f363          	bgeu	a5,a2,8406a5d2 <memcpy+0x54>
8406a590:	00357713          	and	a4,a0,3
8406a594:	87aa                	mv	a5,a0
8406a596:	eb31                	bnez	a4,8406a5ea <memcpy+0x6c>
8406a598:	ffc6f713          	and	a4,a3,-4
8406a59c:	40f70333          	sub	t1,a4,a5
8406a5a0:	02000613          	li	a2,32
8406a5a4:	06664763          	blt	a2,t1,8406a612 <memcpy+0x94>
8406a5a8:	832e                	mv	t1,a1
8406a5aa:	863e                	mv	a2,a5
8406a5ac:	02e7f063          	bgeu	a5,a4,8406a5cc <memcpy+0x4e>
8406a5b0:	00032283          	lw	t0,0(t1)
8406a5b4:	0611                	add	a2,a2,4
8406a5b6:	0311                	add	t1,t1,4
8406a5b8:	fe562e23          	sw	t0,-4(a2)
8406a5bc:	fee66ae3          	bltu	a2,a4,8406a5b0 <memcpy+0x32>
8406a5c0:	177d                	add	a4,a4,-1
8406a5c2:	8f1d                	sub	a4,a4,a5
8406a5c4:	9b71                	and	a4,a4,-4
8406a5c6:	0711                	add	a4,a4,4
8406a5c8:	97ba                	add	a5,a5,a4
8406a5ca:	95ba                	add	a1,a1,a4
8406a5cc:	00d7e663          	bltu	a5,a3,8406a5d8 <memcpy+0x5a>
8406a5d0:	8082                	ret
8406a5d2:	87aa                	mv	a5,a0
8406a5d4:	02d57e63          	bgeu	a0,a3,8406a610 <memcpy+0x92>
8406a5d8:	0005c703          	lbu	a4,0(a1)
8406a5dc:	0785                	add	a5,a5,1
8406a5de:	0585                	add	a1,a1,1
8406a5e0:	fee78fa3          	sb	a4,-1(a5)
8406a5e4:	fef69ae3          	bne	a3,a5,8406a5d8 <memcpy+0x5a>
8406a5e8:	8082                	ret
8406a5ea:	0005c603          	lbu	a2,0(a1)
8406a5ee:	0785                	add	a5,a5,1
8406a5f0:	0037f713          	and	a4,a5,3
8406a5f4:	fec78fa3          	sb	a2,-1(a5)
8406a5f8:	0585                	add	a1,a1,1
8406a5fa:	df59                	beqz	a4,8406a598 <memcpy+0x1a>
8406a5fc:	0005c603          	lbu	a2,0(a1)
8406a600:	0785                	add	a5,a5,1
8406a602:	0037f713          	and	a4,a5,3
8406a606:	fec78fa3          	sb	a2,-1(a5)
8406a60a:	0585                	add	a1,a1,1
8406a60c:	ff79                	bnez	a4,8406a5ea <memcpy+0x6c>
8406a60e:	b769                	j	8406a598 <memcpy+0x1a>
8406a610:	8082                	ret
8406a612:	1161                	add	sp,sp,-8
8406a614:	c222                	sw	s0,4(sp)
8406a616:	c026                	sw	s1,0(sp)
8406a618:	02000413          	li	s0,32
8406a61c:	4184                	lw	s1,0(a1)
8406a61e:	0045a383          	lw	t2,4(a1)
8406a622:	0085a283          	lw	t0,8(a1)
8406a626:	c384                	sw	s1,0(a5)
8406a628:	4984                	lw	s1,16(a1)
8406a62a:	00c5a303          	lw	t1,12(a1)
8406a62e:	02478793          	add	a5,a5,36
8406a632:	fe97a623          	sw	s1,-20(a5)
8406a636:	49c4                	lw	s1,20(a1)
8406a638:	40f70633          	sub	a2,a4,a5
8406a63c:	fe77a023          	sw	t2,-32(a5)
8406a640:	fe97a823          	sw	s1,-16(a5)
8406a644:	4d84                	lw	s1,24(a1)
8406a646:	fe57a223          	sw	t0,-28(a5)
8406a64a:	fe67a423          	sw	t1,-24(a5)
8406a64e:	fe97aa23          	sw	s1,-12(a5)
8406a652:	4dc4                	lw	s1,28(a1)
8406a654:	02458593          	add	a1,a1,36
8406a658:	fe97ac23          	sw	s1,-8(a5)
8406a65c:	ffc5a483          	lw	s1,-4(a1)
8406a660:	fe97ae23          	sw	s1,-4(a5)
8406a664:	fac44ce3          	blt	s0,a2,8406a61c <memcpy+0x9e>
8406a668:	832e                	mv	t1,a1
8406a66a:	863e                	mv	a2,a5
8406a66c:	02e7f063          	bgeu	a5,a4,8406a68c <memcpy+0x10e>
8406a670:	00032283          	lw	t0,0(t1)
8406a674:	0611                	add	a2,a2,4
8406a676:	0311                	add	t1,t1,4
8406a678:	fe562e23          	sw	t0,-4(a2)
8406a67c:	fee66ae3          	bltu	a2,a4,8406a670 <memcpy+0xf2>
8406a680:	177d                	add	a4,a4,-1
8406a682:	8f1d                	sub	a4,a4,a5
8406a684:	9b71                	and	a4,a4,-4
8406a686:	0711                	add	a4,a4,4
8406a688:	97ba                	add	a5,a5,a4
8406a68a:	95ba                	add	a1,a1,a4
8406a68c:	00d7e663          	bltu	a5,a3,8406a698 <memcpy+0x11a>
8406a690:	4412                	lw	s0,4(sp)
8406a692:	4482                	lw	s1,0(sp)
8406a694:	0121                	add	sp,sp,8
8406a696:	8082                	ret
8406a698:	0005c703          	lbu	a4,0(a1)
8406a69c:	0785                	add	a5,a5,1
8406a69e:	0585                	add	a1,a1,1
8406a6a0:	fee78fa3          	sb	a4,-1(a5)
8406a6a4:	fef686e3          	beq	a3,a5,8406a690 <memcpy+0x112>
8406a6a8:	0005c703          	lbu	a4,0(a1)
8406a6ac:	0785                	add	a5,a5,1
8406a6ae:	0585                	add	a1,a1,1
8406a6b0:	fee78fa3          	sb	a4,-1(a5)
8406a6b4:	fef692e3          	bne	a3,a5,8406a698 <memcpy+0x11a>
8406a6b8:	bfe1                	j	8406a690 <memcpy+0x112>

8406a6ba <exception_get_disable_all_log_flag>:
8406a6ba:	7ffa4517          	auipc	a0,0x7ffa4
8406a6be:	ec654503          	lbu	a0,-314(a0) # 400e580 <ccm_disable_all_log>
8406a6c2:	8082                	ret

8406a6c4 <parse_port_type.constprop.0>:
8406a6c4:	478d                	li	a5,3
8406a6c6:	00a7e563          	bltu	a5,a0,8406a6d0 <parse_port_type.constprop.0+0xc>
8406a6ca:	0005a023          	sw	zero,0(a1)
8406a6ce:	8082                	ret
8406a6d0:	1151                	add	sp,sp,-12
8406a6d2:	81f97517          	auipc	a0,0x81f97
8406a6d6:	a4650513          	add	a0,a0,-1466 # 6001118 <exp.3>
8406a6da:	2a900613          	li	a2,681
8406a6de:	81f97597          	auipc	a1,0x81f97
8406a6e2:	9fe58593          	add	a1,a1,-1538 # 60010dc <file.2>
8406a6e6:	c406                	sw	ra,8(sp)
8406a6e8:	96bff0ef          	jal	8406a052 <light_assert>
8406a6ec:	40a2                	lw	ra,8(sp)
8406a6ee:	deadc537          	lui	a0,0xdeadc
8406a6f2:	eef50513          	add	a0,a0,-273 # deadbeef <_isr_stack_end+0x5aa6feef>
8406a6f6:	0131                	add	sp,sp,12
8406a6f8:	8082                	ret

8406a6fa <mux_driver_debug_for_check>:
8406a6fa:	411c                	lw	a5,0(a0)
8406a6fc:	4918                	lw	a4,16(a0)
8406a6fe:	4114                	lw	a3,0(a0)
8406a700:	00e7b7b3          	sltu	a5,a5,a4
8406a704:	4558                	lw	a4,12(a0)
8406a706:	0017b793          	seqz	a5,a5
8406a70a:	00e6f463          	bgeu	a3,a4,8406a712 <mux_driver_debug_for_check+0x18>
8406a70e:	0027e793          	or	a5,a5,2
8406a712:	4154                	lw	a3,4(a0)
8406a714:	4918                	lw	a4,16(a0)
8406a716:	00e6e463          	bltu	a3,a4,8406a71e <mux_driver_debug_for_check+0x24>
8406a71a:	0047e793          	or	a5,a5,4
8406a71e:	4154                	lw	a3,4(a0)
8406a720:	4558                	lw	a4,12(a0)
8406a722:	00e6f463          	bgeu	a3,a4,8406a72a <mux_driver_debug_for_check+0x30>
8406a726:	0087e793          	or	a5,a5,8
8406a72a:	4114                	lw	a3,0(a0)
8406a72c:	4158                	lw	a4,4(a0)
8406a72e:	08e69163          	bne	a3,a4,8406a7b0 <mux_driver_debug_for_check+0xb6>
8406a732:	4958                	lw	a4,20(a0)
8406a734:	c719                	beqz	a4,8406a742 <mux_driver_debug_for_check+0x48>
8406a736:	4954                	lw	a3,20(a0)
8406a738:	4518                	lw	a4,8(a0)
8406a73a:	00e68463          	beq	a3,a4,8406a742 <mux_driver_debug_for_check+0x48>
8406a73e:	0107e793          	or	a5,a5,16
8406a742:	4d54                	lw	a3,28(a0)
8406a744:	5558                	lw	a4,44(a0)
8406a746:	00e6e463          	bltu	a3,a4,8406a74e <mux_driver_debug_for_check+0x54>
8406a74a:	0807e793          	or	a5,a5,128
8406a74e:	4d54                	lw	a3,28(a0)
8406a750:	5518                	lw	a4,40(a0)
8406a752:	00e6f463          	bgeu	a3,a4,8406a75a <mux_driver_debug_for_check+0x60>
8406a756:	1007e793          	or	a5,a5,256
8406a75a:	5114                	lw	a3,32(a0)
8406a75c:	5558                	lw	a4,44(a0)
8406a75e:	00e6e463          	bltu	a3,a4,8406a766 <mux_driver_debug_for_check+0x6c>
8406a762:	2007e793          	or	a5,a5,512
8406a766:	5114                	lw	a3,32(a0)
8406a768:	5518                	lw	a4,40(a0)
8406a76a:	00e6f463          	bgeu	a3,a4,8406a772 <mux_driver_debug_for_check+0x78>
8406a76e:	4007e793          	or	a5,a5,1024
8406a772:	4d50                	lw	a2,28(a0)
8406a774:	5118                	lw	a4,32(a0)
8406a776:	00001697          	auipc	a3,0x1
8406a77a:	bea68693          	add	a3,a3,-1046 # 8406b360 <mux_rw_pointer_debug_flags>
8406a77e:	06e61463          	bne	a2,a4,8406a7e6 <mux_driver_debug_for_check+0xec>
8406a782:	5d18                	lw	a4,56(a0)
8406a784:	cf51                	beqz	a4,8406a820 <mux_driver_debug_for_check+0x126>
8406a786:	5d10                	lw	a2,56(a0)
8406a788:	5158                	lw	a4,36(a0)
8406a78a:	08e60b63          	beq	a2,a4,8406a820 <mux_driver_debug_for_check+0x126>
8406a78e:	6705                	lui	a4,0x1
8406a790:	80070713          	add	a4,a4,-2048 # 800 <_system_stack_len+0x400>
8406a794:	8f5d                	or	a4,a4,a5
8406a796:	c298                	sw	a4,0(a3)
8406a798:	1b600613          	li	a2,438
8406a79c:	81f97597          	auipc	a1,0x81f97
8406a7a0:	9c058593          	add	a1,a1,-1600 # 600115c <file.6>
8406a7a4:	81f97517          	auipc	a0,0x81f97
8406a7a8:	9f450513          	add	a0,a0,-1548 # 6001198 <exp.7>
8406a7ac:	8a7ff06f          	j	8406a052 <light_assert>
8406a7b0:	4114                	lw	a3,0(a0)
8406a7b2:	4158                	lw	a4,4(a0)
8406a7b4:	00e6fb63          	bgeu	a3,a4,8406a7ca <mux_driver_debug_for_check+0xd0>
8406a7b8:	4954                	lw	a3,20(a0)
8406a7ba:	4158                	lw	a4,4(a0)
8406a7bc:	4110                	lw	a2,0(a0)
8406a7be:	8f11                	sub	a4,a4,a2
8406a7c0:	f8e681e3          	beq	a3,a4,8406a742 <mux_driver_debug_for_check+0x48>
8406a7c4:	0207e793          	or	a5,a5,32
8406a7c8:	bfad                	j	8406a742 <mux_driver_debug_for_check+0x48>
8406a7ca:	4918                	lw	a4,16(a0)
8406a7cc:	410c                	lw	a1,0(a0)
8406a7ce:	00452303          	lw	t1,4(a0)
8406a7d2:	4550                	lw	a2,12(a0)
8406a7d4:	4954                	lw	a3,20(a0)
8406a7d6:	971a                	add	a4,a4,t1
8406a7d8:	8f0d                	sub	a4,a4,a1
8406a7da:	8f11                	sub	a4,a4,a2
8406a7dc:	f6e683e3          	beq	a3,a4,8406a742 <mux_driver_debug_for_check+0x48>
8406a7e0:	0407e793          	or	a5,a5,64
8406a7e4:	bfb9                	j	8406a742 <mux_driver_debug_for_check+0x48>
8406a7e6:	4d50                	lw	a2,28(a0)
8406a7e8:	5118                	lw	a4,32(a0)
8406a7ea:	00e67c63          	bgeu	a2,a4,8406a802 <mux_driver_debug_for_check+0x108>
8406a7ee:	5d10                	lw	a2,56(a0)
8406a7f0:	5118                	lw	a4,32(a0)
8406a7f2:	4d4c                	lw	a1,28(a0)
8406a7f4:	8f0d                	sub	a4,a4,a1
8406a7f6:	02e60563          	beq	a2,a4,8406a820 <mux_driver_debug_for_check+0x126>
8406a7fa:	6705                	lui	a4,0x1
8406a7fc:	8fd9                	or	a5,a5,a4
8406a7fe:	c29c                	sw	a5,0(a3)
8406a800:	bf61                	j	8406a798 <mux_driver_debug_for_check+0x9e>
8406a802:	5558                	lw	a4,44(a0)
8406a804:	01c52303          	lw	t1,28(a0)
8406a808:	02052283          	lw	t0,32(a0)
8406a80c:	550c                	lw	a1,40(a0)
8406a80e:	5d10                	lw	a2,56(a0)
8406a810:	9716                	add	a4,a4,t0
8406a812:	40670733          	sub	a4,a4,t1
8406a816:	8f0d                	sub	a4,a4,a1
8406a818:	00e60463          	beq	a2,a4,8406a820 <mux_driver_debug_for_check+0x126>
8406a81c:	6709                	lui	a4,0x2
8406a81e:	bff9                	j	8406a7fc <mux_driver_debug_for_check+0x102>
8406a820:	c29c                	sw	a5,0(a3)
8406a822:	fbbd                	bnez	a5,8406a798 <mux_driver_debug_for_check+0x9e>
8406a824:	8082                	ret

8406a826 <mux_common_device_get_hw_rptr>:
8406a826:	c591                	beqz	a1,8406a832 <mux_common_device_get_hw_rptr+0xc>
8406a828:	411c                	lw	a5,0(a0)
8406a82a:	4558                	lw	a4,12(a0)
8406a82c:	40e78533          	sub	a0,a5,a4
8406a830:	8082                	ret
8406a832:	4d5c                	lw	a5,28(a0)
8406a834:	5518                	lw	a4,40(a0)
8406a836:	bfdd                	j	8406a82c <mux_common_device_get_hw_rptr+0x6>

8406a838 <mux_common_device_get_hw_wptr>:
8406a838:	c591                	beqz	a1,8406a844 <mux_common_device_get_hw_wptr+0xc>
8406a83a:	415c                	lw	a5,4(a0)
8406a83c:	4558                	lw	a4,12(a0)
8406a83e:	40e78533          	sub	a0,a5,a4
8406a842:	8082                	ret
8406a844:	511c                	lw	a5,32(a0)
8406a846:	5518                	lw	a4,40(a0)
8406a848:	bfdd                	j	8406a83e <mux_common_device_get_hw_wptr+0x6>

8406a84a <mux_common_device_set_tx_hw_wptr>:
8406a84a:	511c                	lw	a5,32(a0)
8406a84c:	5558                	lw	a4,44(a0)
8406a84e:	97ae                	add	a5,a5,a1
8406a850:	00e7ee63          	bltu	a5,a4,8406a86c <mux_common_device_set_tx_hw_wptr+0x22>
8406a854:	551c                	lw	a5,40(a0)
8406a856:	5114                	lw	a3,32(a0)
8406a858:	5558                	lw	a4,44(a0)
8406a85a:	97b6                	add	a5,a5,a3
8406a85c:	97ae                	add	a5,a5,a1
8406a85e:	8f99                	sub	a5,a5,a4
8406a860:	d11c                	sw	a5,32(a0)
8406a862:	5d1c                	lw	a5,56(a0)
8406a864:	97ae                	add	a5,a5,a1
8406a866:	dd1c                	sw	a5,56(a0)
8406a868:	e93ff06f          	j	8406a6fa <mux_driver_debug_for_check>
8406a86c:	511c                	lw	a5,32(a0)
8406a86e:	97ae                	add	a5,a5,a1
8406a870:	bfc5                	j	8406a860 <mux_common_device_set_tx_hw_wptr+0x16>

8406a872 <mux_common_device_set_tx_hw_rptr_internal_use>:
8406a872:	cda9                	beqz	a1,8406a8cc <mux_common_device_set_tx_hw_rptr_internal_use+0x5a>
8406a874:	4d5c                	lw	a5,28(a0)
8406a876:	5558                	lw	a4,44(a0)
8406a878:	1151                	add	sp,sp,-12
8406a87a:	c222                	sw	s0,4(sp)
8406a87c:	c406                	sw	ra,8(sp)
8406a87e:	97ae                	add	a5,a5,a1
8406a880:	842a                	mv	s0,a0
8406a882:	04e7e263          	bltu	a5,a4,8406a8c6 <mux_common_device_set_tx_hw_rptr_internal_use+0x54>
8406a886:	551c                	lw	a5,40(a0)
8406a888:	4d54                	lw	a3,28(a0)
8406a88a:	5558                	lw	a4,44(a0)
8406a88c:	97b6                	add	a5,a5,a3
8406a88e:	97ae                	add	a5,a5,a1
8406a890:	8f99                	sub	a5,a5,a4
8406a892:	cc5c                	sw	a5,28(s0)
8406a894:	5c1c                	lw	a5,56(s0)
8406a896:	8f8d                	sub	a5,a5,a1
8406a898:	dc1c                	sw	a5,56(s0)
8406a89a:	4c58                	lw	a4,28(s0)
8406a89c:	545c                	lw	a5,44(s0)
8406a89e:	00f76e63          	bltu	a4,a5,8406a8ba <mux_common_device_set_tx_hw_rptr_internal_use+0x48>
8406a8a2:	1e500613          	li	a2,485
8406a8a6:	81f97597          	auipc	a1,0x81f97
8406a8aa:	87658593          	add	a1,a1,-1930 # 600111c <file.4>
8406a8ae:	81f97517          	auipc	a0,0x81f97
8406a8b2:	8aa50513          	add	a0,a0,-1878 # 6001158 <exp.5>
8406a8b6:	f9cff0ef          	jal	8406a052 <light_assert>
8406a8ba:	8522                	mv	a0,s0
8406a8bc:	4412                	lw	s0,4(sp)
8406a8be:	40a2                	lw	ra,8(sp)
8406a8c0:	0131                	add	sp,sp,12
8406a8c2:	e39ff06f          	j	8406a6fa <mux_driver_debug_for_check>
8406a8c6:	4d5c                	lw	a5,28(a0)
8406a8c8:	97ae                	add	a5,a5,a1
8406a8ca:	b7e1                	j	8406a892 <mux_common_device_set_tx_hw_rptr_internal_use+0x20>
8406a8cc:	8082                	ret

8406a8ce <port_mux_uart_get_hw_rptr>:
8406a8ce:	1141                	add	sp,sp,-16
8406a8d0:	c422                	sw	s0,8(sp)
8406a8d2:	c606                	sw	ra,12(sp)
8406a8d4:	c02e                	sw	a1,0(sp)
8406a8d6:	842a                	mv	s0,a0
8406a8d8:	ed11                	bnez	a0,8406a8f4 <port_mux_uart_get_hw_rptr+0x26>
8406a8da:	de1ff0ef          	jal	8406a6ba <exception_get_disable_all_log_flag>
8406a8de:	4582                	lw	a1,0(sp)
8406a8e0:	c911                	beqz	a0,8406a8f4 <port_mux_uart_get_hw_rptr+0x26>
8406a8e2:	4422                	lw	s0,8(sp)
8406a8e4:	40b2                	lw	ra,12(sp)
8406a8e6:	00001517          	auipc	a0,0x1
8406a8ea:	06650513          	add	a0,a0,102 # 8406b94c <mux_uart_log_vrwp>
8406a8ee:	0141                	add	sp,sp,16
8406a8f0:	f37ff06f          	j	8406a826 <mux_common_device_get_hw_rptr>
8406a8f4:	040e                	sll	s0,s0,0x3
8406a8f6:	00001797          	auipc	a5,0x1
8406a8fa:	8f678793          	add	a5,a5,-1802 # 8406b1ec <g_vdma_regbase_table>
8406a8fe:	97a2                	add	a5,a5,s0
8406a900:	439c                	lw	a5,0(a5)
8406a902:	40b2                	lw	ra,12(sp)
8406a904:	4422                	lw	s0,8(sp)
8406a906:	4fd8                	lw	a4,28(a5)
8406a908:	53c8                	lw	a0,36(a5)
8406a90a:	0141                	add	sp,sp,16
8406a90c:	8d19                	sub	a0,a0,a4
8406a90e:	8082                	ret

8406a910 <port_mux_uart_get_hw_wptr>:
8406a910:	1141                	add	sp,sp,-16
8406a912:	c422                	sw	s0,8(sp)
8406a914:	c606                	sw	ra,12(sp)
8406a916:	c02e                	sw	a1,0(sp)
8406a918:	842a                	mv	s0,a0
8406a91a:	ed11                	bnez	a0,8406a936 <port_mux_uart_get_hw_wptr+0x26>
8406a91c:	d9fff0ef          	jal	8406a6ba <exception_get_disable_all_log_flag>
8406a920:	4582                	lw	a1,0(sp)
8406a922:	c911                	beqz	a0,8406a936 <port_mux_uart_get_hw_wptr+0x26>
8406a924:	4422                	lw	s0,8(sp)
8406a926:	40b2                	lw	ra,12(sp)
8406a928:	00001517          	auipc	a0,0x1
8406a92c:	02450513          	add	a0,a0,36 # 8406b94c <mux_uart_log_vrwp>
8406a930:	0141                	add	sp,sp,16
8406a932:	f07ff06f          	j	8406a838 <mux_common_device_get_hw_wptr>
8406a936:	040e                	sll	s0,s0,0x3
8406a938:	00001797          	auipc	a5,0x1
8406a93c:	8b478793          	add	a5,a5,-1868 # 8406b1ec <g_vdma_regbase_table>
8406a940:	97a2                	add	a5,a5,s0
8406a942:	439c                	lw	a5,0(a5)
8406a944:	40b2                	lw	ra,12(sp)
8406a946:	4422                	lw	s0,8(sp)
8406a948:	4fd8                	lw	a4,28(a5)
8406a94a:	5388                	lw	a0,32(a5)
8406a94c:	0141                	add	sp,sp,16
8406a94e:	8d19                	sub	a0,a0,a4
8406a950:	8082                	ret

8406a952 <port_mux_uart_set_tx_hw_wptr>:
8406a952:	00001717          	auipc	a4,0x1
8406a956:	86270713          	add	a4,a4,-1950 # 8406b1b4 <g_uart_on_off_status>
8406a95a:	972a                	add	a4,a4,a0
8406a95c:	00074703          	lbu	a4,0(a4)
8406a960:	1131                	add	sp,sp,-20
8406a962:	c622                	sw	s0,12(sp)
8406a964:	c426                	sw	s1,8(sp)
8406a966:	c806                	sw	ra,16(sp)
8406a968:	00001417          	auipc	s0,0x1
8406a96c:	03040413          	add	s0,s0,48 # 8406b998 <g_uart_record_wptr_legnth>
8406a970:	00251493          	sll	s1,a0,0x2
8406a974:	cb21                	beqz	a4,8406a9c4 <port_mux_uart_set_tx_hw_wptr+0x72>
8406a976:	87aa                	mv	a5,a0
8406a978:	ed15                	bnez	a0,8406a9b4 <port_mux_uart_set_tx_hw_wptr+0x62>
8406a97a:	c22e                	sw	a1,4(sp)
8406a97c:	c02a                	sw	a0,0(sp)
8406a97e:	d3dff0ef          	jal	8406a6ba <exception_get_disable_all_log_flag>
8406a982:	4782                	lw	a5,0(sp)
8406a984:	4592                	lw	a1,4(sp)
8406a986:	c51d                	beqz	a0,8406a9b4 <port_mux_uart_set_tx_hw_wptr+0x62>
8406a988:	00001517          	auipc	a0,0x1
8406a98c:	fc450513          	add	a0,a0,-60 # 8406b94c <mux_uart_log_vrwp>
8406a990:	c02e                	sw	a1,0(sp)
8406a992:	eb9ff0ef          	jal	8406a84a <mux_common_device_set_tx_hw_wptr>
8406a996:	4582                	lw	a1,0(sp)
8406a998:	00001517          	auipc	a0,0x1
8406a99c:	fb450513          	add	a0,a0,-76 # 8406b94c <mux_uart_log_vrwp>
8406a9a0:	ed3ff0ef          	jal	8406a872 <mux_common_device_set_tx_hw_rptr_internal_use>
8406a9a4:	94a2                	add	s1,s1,s0
8406a9a6:	0004a023          	sw	zero,0(s1)
8406a9aa:	40c2                	lw	ra,16(sp)
8406a9ac:	4432                	lw	s0,12(sp)
8406a9ae:	44a2                	lw	s1,8(sp)
8406a9b0:	0151                	add	sp,sp,20
8406a9b2:	8082                	ret
8406a9b4:	01059613          	sll	a2,a1,0x10
8406a9b8:	8241                	srl	a2,a2,0x10
8406a9ba:	4581                	li	a1,0
8406a9bc:	853e                	mv	a0,a5
8406a9be:	b80ff0ef          	jal	84069d3e <uart_set_sw_move_byte>
8406a9c2:	b7cd                	j	8406a9a4 <port_mux_uart_set_tx_hw_wptr+0x52>
8406a9c4:	9426                	add	s0,s0,s1
8406a9c6:	c00c                	sw	a1,0(s0)
8406a9c8:	b7cd                	j	8406a9aa <port_mux_uart_set_tx_hw_wptr+0x58>

8406a9ca <port_mux_get_sw_wptr>:
8406a9ca:	1151                	add	sp,sp,-12
8406a9cc:	c222                	sw	s0,4(sp)
8406a9ce:	c406                	sw	ra,8(sp)
8406a9d0:	842a                	mv	s0,a0
8406a9d2:	ed01                	bnez	a0,8406a9ea <port_mux_get_sw_wptr+0x20>
8406a9d4:	ce7ff0ef          	jal	8406a6ba <exception_get_disable_all_log_flag>
8406a9d8:	c909                	beqz	a0,8406a9ea <port_mux_get_sw_wptr+0x20>
8406a9da:	00001517          	auipc	a0,0x1
8406a9de:	98a52503          	lw	a0,-1654(a0) # 8406b364 <mux_sw_wptr>
8406a9e2:	40a2                	lw	ra,8(sp)
8406a9e4:	4412                	lw	s0,4(sp)
8406a9e6:	0131                	add	sp,sp,12
8406a9e8:	8082                	ret
8406a9ea:	00341793          	sll	a5,s0,0x3
8406a9ee:	8f81                	sub	a5,a5,s0
8406a9f0:	078e                	sll	a5,a5,0x3
8406a9f2:	00000717          	auipc	a4,0x0
8406a9f6:	7c672703          	lw	a4,1990(a4) # 8406b1b8 <g_mux_port_configs>
8406a9fa:	97ba                	add	a5,a5,a4
8406a9fc:	4bc8                	lw	a0,20(a5)
8406a9fe:	b7d5                	j	8406a9e2 <port_mux_get_sw_wptr+0x18>

8406aa00 <port_mux_get_tx_buf_len>:
8406aa00:	1151                	add	sp,sp,-12
8406aa02:	c222                	sw	s0,4(sp)
8406aa04:	c406                	sw	ra,8(sp)
8406aa06:	842a                	mv	s0,a0
8406aa08:	ed01                	bnez	a0,8406aa20 <port_mux_get_tx_buf_len+0x20>
8406aa0a:	cb1ff0ef          	jal	8406a6ba <exception_get_disable_all_log_flag>
8406aa0e:	c909                	beqz	a0,8406aa20 <port_mux_get_tx_buf_len+0x20>
8406aa10:	00001517          	auipc	a0,0x1
8406aa14:	f6052503          	lw	a0,-160(a0) # 8406b970 <mux_uart_log_vrwp+0x24>
8406aa18:	40a2                	lw	ra,8(sp)
8406aa1a:	4412                	lw	s0,4(sp)
8406aa1c:	0131                	add	sp,sp,12
8406aa1e:	8082                	ret
8406aa20:	00341793          	sll	a5,s0,0x3
8406aa24:	8f81                	sub	a5,a5,s0
8406aa26:	078e                	sll	a5,a5,0x3
8406aa28:	00000717          	auipc	a4,0x0
8406aa2c:	79072703          	lw	a4,1936(a4) # 8406b1b8 <g_mux_port_configs>
8406aa30:	97ba                	add	a5,a5,a4
8406aa32:	4788                	lw	a0,8(a5)
8406aa34:	b7d5                	j	8406aa18 <port_mux_get_tx_buf_len+0x18>

8406aa36 <buffer_check_free_space>:
8406aa36:	0ff57793          	zext.b	a5,a0
8406aa3a:	1131                	add	sp,sp,-20
8406aa3c:	853e                	mv	a0,a5
8406aa3e:	4581                	li	a1,0
8406aa40:	c806                	sw	ra,16(sp)
8406aa42:	c03e                	sw	a5,0(sp)
8406aa44:	c622                	sw	s0,12(sp)
8406aa46:	c426                	sw	s1,8(sp)
8406aa48:	e87ff0ef          	jal	8406a8ce <port_mux_uart_get_hw_rptr>
8406aa4c:	842a                	mv	s0,a0
8406aa4e:	4502                	lw	a0,0(sp)
8406aa50:	4581                	li	a1,0
8406aa52:	ebfff0ef          	jal	8406a910 <port_mux_uart_get_hw_wptr>
8406aa56:	c22a                	sw	a0,4(sp)
8406aa58:	4502                	lw	a0,0(sp)
8406aa5a:	f71ff0ef          	jal	8406a9ca <port_mux_get_sw_wptr>
8406aa5e:	84aa                	mv	s1,a0
8406aa60:	4502                	lw	a0,0(sp)
8406aa62:	f9fff0ef          	jal	8406aa00 <port_mux_get_tx_buf_len>
8406aa66:	4712                	lw	a4,4(sp)
8406aa68:	86aa                	mv	a3,a0
8406aa6a:	40940533          	sub	a0,s0,s1
8406aa6e:	00876763          	bltu	a4,s0,8406aa7c <buffer_check_free_space+0x46>
8406aa72:	00e4e563          	bltu	s1,a4,8406aa7c <buffer_check_free_space+0x46>
8406aa76:	9436                	add	s0,s0,a3
8406aa78:	40940533          	sub	a0,s0,s1
8406aa7c:	4791                	li	a5,4
8406aa7e:	00f57363          	bgeu	a0,a5,8406aa84 <buffer_check_free_space+0x4e>
8406aa82:	4511                	li	a0,4
8406aa84:	40c2                	lw	ra,16(sp)
8406aa86:	4432                	lw	s0,12(sp)
8406aa88:	44a2                	lw	s1,8(sp)
8406aa8a:	1571                	add	a0,a0,-4
8406aa8c:	0151                	add	sp,sp,20
8406aa8e:	8082                	ret

8406aa90 <buffer_copy_data_out>:
8406aa90:	1111                	add	sp,sp,-28
8406aa92:	00000297          	auipc	t0,0x0
8406aa96:	72628293          	add	t0,t0,1830 # 8406b1b8 <g_mux_port_configs>
8406aa9a:	c826                	sw	s1,16(sp)
8406aa9c:	00351713          	sll	a4,a0,0x3
8406aaa0:	84b6                	mv	s1,a3
8406aaa2:	0002a683          	lw	a3,0(t0)
8406aaa6:	8f09                	sub	a4,a4,a0
8406aaa8:	070e                	sll	a4,a4,0x3
8406aaaa:	96ba                	add	a3,a3,a4
8406aaac:	42dc                	lw	a5,4(a3)
8406aaae:	4694                	lw	a3,8(a3)
8406aab0:	ca22                	sw	s0,20(sp)
8406aab2:	cc06                	sw	ra,24(sp)
8406aab4:	97b6                	add	a5,a5,a3
8406aab6:	c62e                	sw	a1,12(sp)
8406aab8:	c03a                	sw	a4,0(sp)
8406aaba:	40c786b3          	sub	a3,a5,a2
8406aabe:	c43e                	sw	a5,8(sp)
8406aac0:	8432                	mv	s0,a2
8406aac2:	04d4ea63          	bltu	s1,a3,8406ab16 <buffer_copy_data_out+0x86>
8406aac6:	8636                	mv	a2,a3
8406aac8:	8522                	mv	a0,s0
8406aaca:	c236                	sw	a3,4(sp)
8406aacc:	ab3ff0ef          	jal	8406a57e <memcpy>
8406aad0:	00000297          	auipc	t0,0x0
8406aad4:	6e828293          	add	t0,t0,1768 # 8406b1b8 <g_mux_port_configs>
8406aad8:	0002a603          	lw	a2,0(t0)
8406aadc:	4702                	lw	a4,0(sp)
8406aade:	47a2                	lw	a5,8(sp)
8406aae0:	4692                	lw	a3,4(sp)
8406aae2:	963a                	add	a2,a2,a4
8406aae4:	4332                	lw	t1,12(sp)
8406aae6:	4248                	lw	a0,4(a2)
8406aae8:	8c1d                	sub	s0,s0,a5
8406aaea:	00848633          	add	a2,s1,s0
8406aaee:	00d305b3          	add	a1,t1,a3
8406aaf2:	a8dff0ef          	jal	8406a57e <memcpy>
8406aaf6:	00000297          	auipc	t0,0x0
8406aafa:	6c228293          	add	t0,t0,1730 # 8406b1b8 <g_mux_port_configs>
8406aafe:	0002a783          	lw	a5,0(t0)
8406ab02:	4702                	lw	a4,0(sp)
8406ab04:	97ba                	add	a5,a5,a4
8406ab06:	43c8                	lw	a0,4(a5)
8406ab08:	9526                	add	a0,a0,s1
8406ab0a:	9522                	add	a0,a0,s0
8406ab0c:	40e2                	lw	ra,24(sp)
8406ab0e:	4452                	lw	s0,20(sp)
8406ab10:	44c2                	lw	s1,16(sp)
8406ab12:	0171                	add	sp,sp,28
8406ab14:	8082                	ret
8406ab16:	8626                	mv	a2,s1
8406ab18:	8522                	mv	a0,s0
8406ab1a:	a65ff0ef          	jal	8406a57e <memcpy>
8406ab1e:	00940533          	add	a0,s0,s1
8406ab22:	b7ed                	j	8406ab0c <buffer_copy_data_out+0x7c>

8406ab24 <internal_buffer_wptr_update>:
8406ab24:	1111                	add	sp,sp,-28
8406ab26:	47a9                	li	a5,10
8406ab28:	006c                	add	a1,sp,12
8406ab2a:	c63e                	sw	a5,12(sp)
8406ab2c:	cc06                	sw	ra,24(sp)
8406ab2e:	ca22                	sw	s0,20(sp)
8406ab30:	c826                	sw	s1,16(sp)
8406ab32:	842a                	mv	s0,a0
8406ab34:	c402                	sw	zero,8(sp)
8406ab36:	b8fff0ef          	jal	8406a6c4 <parse_port_type.constprop.0>
8406ab3a:	84aa                	mv	s1,a0
8406ab3c:	002c                	add	a1,sp,8
8406ab3e:	4525                	li	a0,9
8406ab40:	c6eff0ef          	jal	84069fae <log_hw_semaphore_take>
8406ab44:	00341713          	sll	a4,s0,0x3
8406ab48:	8f01                	sub	a4,a4,s0
8406ab4a:	070e                	sll	a4,a4,0x3
8406ab4c:	00000797          	auipc	a5,0x0
8406ab50:	66c7a783          	lw	a5,1644(a5) # 8406b1b8 <g_mux_port_configs>
8406ab54:	97ba                	add	a5,a5,a4
8406ab56:	4f98                	lw	a4,24(a5)
8406ab58:	177d                	add	a4,a4,-1
8406ab5a:	cf98                	sw	a4,24(a5)
8406ab5c:	4f9c                	lw	a5,24(a5)
8406ab5e:	ef95                	bnez	a5,8406ab9a <internal_buffer_wptr_update+0x76>
8406ab60:	0ff4f793          	zext.b	a5,s1
8406ab64:	4581                	li	a1,0
8406ab66:	853e                	mv	a0,a5
8406ab68:	c03e                	sw	a5,0(sp)
8406ab6a:	da7ff0ef          	jal	8406a910 <port_mux_uart_get_hw_wptr>
8406ab6e:	0ff47793          	zext.b	a5,s0
8406ab72:	84aa                	mv	s1,a0
8406ab74:	853e                	mv	a0,a5
8406ab76:	c23e                	sw	a5,4(sp)
8406ab78:	e53ff0ef          	jal	8406a9ca <port_mux_get_sw_wptr>
8406ab7c:	842a                	mv	s0,a0
8406ab7e:	4512                	lw	a0,4(sp)
8406ab80:	e81ff0ef          	jal	8406aa00 <port_mux_get_tx_buf_len>
8406ab84:	409405b3          	sub	a1,s0,s1
8406ab88:	00947663          	bgeu	s0,s1,8406ab94 <internal_buffer_wptr_update+0x70>
8406ab8c:	00a407b3          	add	a5,s0,a0
8406ab90:	409785b3          	sub	a1,a5,s1
8406ab94:	4502                	lw	a0,0(sp)
8406ab96:	dbdff0ef          	jal	8406a952 <port_mux_uart_set_tx_hw_wptr>
8406ab9a:	45a2                	lw	a1,8(sp)
8406ab9c:	4525                	li	a0,9
8406ab9e:	c28ff0ef          	jal	84069fc6 <log_hw_semaphore_give>
8406aba2:	40e2                	lw	ra,24(sp)
8406aba4:	4452                	lw	s0,20(sp)
8406aba6:	44c2                	lw	s1,16(sp)
8406aba8:	0171                	add	sp,sp,28
8406abaa:	8082                	ret

8406abac <internal_buffer_pre_alloc>:
8406abac:	1141                	add	sp,sp,-16
8406abae:	c422                	sw	s0,8(sp)
8406abb0:	c226                	sw	s1,4(sp)
8406abb2:	842e                	mv	s0,a1
8406abb4:	84aa                	mv	s1,a0
8406abb6:	858a                	mv	a1,sp
8406abb8:	4525                	li	a0,9
8406abba:	c606                	sw	ra,12(sp)
8406abbc:	c002                	sw	zero,0(sp)
8406abbe:	bf0ff0ef          	jal	84069fae <log_hw_semaphore_take>
8406abc2:	8526                	mv	a0,s1
8406abc4:	e73ff0ef          	jal	8406aa36 <buffer_check_free_space>
8406abc8:	4582                	lw	a1,0(sp)
8406abca:	00857c63          	bgeu	a0,s0,8406abe2 <internal_buffer_pre_alloc+0x36>
8406abce:	4525                	li	a0,9
8406abd0:	bf6ff0ef          	jal	84069fc6 <log_hw_semaphore_give>
8406abd4:	4401                	li	s0,0
8406abd6:	40b2                	lw	ra,12(sp)
8406abd8:	8522                	mv	a0,s0
8406abda:	4422                	lw	s0,8(sp)
8406abdc:	4492                	lw	s1,4(sp)
8406abde:	0141                	add	sp,sp,16
8406abe0:	8082                	ret
8406abe2:	00349513          	sll	a0,s1,0x3
8406abe6:	8d05                	sub	a0,a0,s1
8406abe8:	050e                	sll	a0,a0,0x3
8406abea:	00000797          	auipc	a5,0x0
8406abee:	5ce7a783          	lw	a5,1486(a5) # 8406b1b8 <g_mux_port_configs>
8406abf2:	97aa                	add	a5,a5,a0
8406abf4:	4bd4                	lw	a3,20(a5)
8406abf6:	4790                	lw	a2,8(a5)
8406abf8:	00d40733          	add	a4,s0,a3
8406abfc:	00c76363          	bltu	a4,a2,8406ac02 <internal_buffer_pre_alloc+0x56>
8406ac00:	8f11                	sub	a4,a4,a2
8406ac02:	cbd8                	sw	a4,20(a5)
8406ac04:	4f98                	lw	a4,24(a5)
8406ac06:	4525                	li	a0,9
8406ac08:	0705                	add	a4,a4,1
8406ac0a:	cf98                	sw	a4,24(a5)
8406ac0c:	43c0                	lw	s0,4(a5)
8406ac0e:	9436                	add	s0,s0,a3
8406ac10:	bb6ff0ef          	jal	84069fc6 <log_hw_semaphore_give>
8406ac14:	b7c9                	j	8406abd6 <internal_buffer_pre_alloc+0x2a>

8406ac16 <mux_tx>:
8406ac16:	1111                	add	sp,sp,-28
8406ac18:	0ff57713          	zext.b	a4,a0
8406ac1c:	ca22                	sw	s0,20(sp)
8406ac1e:	cc06                	sw	ra,24(sp)
8406ac20:	c826                	sw	s1,16(sp)
8406ac22:	c03a                	sw	a4,0(sp)
8406ac24:	0006a023          	sw	zero,0(a3)
8406ac28:	8436                	mv	s0,a3
8406ac2a:	4682                	lw	a3,0(sp)
8406ac2c:	070e                	sll	a4,a4,0x3
8406ac2e:	c232                	sw	a2,4(sp)
8406ac30:	8f15                	sub	a4,a4,a3
8406ac32:	070e                	sll	a4,a4,0x3
8406ac34:	00000697          	auipc	a3,0x0
8406ac38:	5846a683          	lw	a3,1412(a3) # 8406b1b8 <g_mux_port_configs>
8406ac3c:	9736                	add	a4,a4,a3
8406ac3e:	03474603          	lbu	a2,52(a4)
8406ac42:	4685                	li	a3,1
8406ac44:	4505                	li	a0,1
8406ac46:	04d61663          	bne	a2,a3,8406ac92 <mux_tx+0x7c>
8406ac4a:	87ae                	mv	a5,a1
8406ac4c:	00458613          	add	a2,a1,4
8406ac50:	4481                	li	s1,0
8406ac52:	4681                	li	a3,0
8406ac54:	4592                	lw	a1,4(sp)
8406ac56:	02b69663          	bne	a3,a1,8406ac82 <mux_tx+0x6c>
8406ac5a:	4718                	lw	a4,8(a4)
8406ac5c:	c305                	beqz	a4,8406ac7c <mux_tx+0x66>
8406ac5e:	4502                	lw	a0,0(sp)
8406ac60:	85a6                	mv	a1,s1
8406ac62:	c43e                	sw	a5,8(sp)
8406ac64:	f49ff0ef          	jal	8406abac <internal_buffer_pre_alloc>
8406ac68:	862a                	mv	a2,a0
8406ac6a:	c10d                	beqz	a0,8406ac8c <mux_tx+0x76>
8406ac6c:	47a2                	lw	a5,8(sp)
8406ac6e:	4701                	li	a4,0
8406ac70:	4692                	lw	a3,4(sp)
8406ac72:	02d71563          	bne	a4,a3,8406ac9c <mux_tx+0x86>
8406ac76:	4502                	lw	a0,0(sp)
8406ac78:	eadff0ef          	jal	8406ab24 <internal_buffer_wptr_update>
8406ac7c:	c004                	sw	s1,0(s0)
8406ac7e:	4501                	li	a0,0
8406ac80:	a809                	j	8406ac92 <mux_tx+0x7c>
8406ac82:	420c                	lw	a1,0(a2)
8406ac84:	0685                	add	a3,a3,1
8406ac86:	0621                	add	a2,a2,8
8406ac88:	94ae                	add	s1,s1,a1
8406ac8a:	b7e9                	j	8406ac54 <mux_tx+0x3e>
8406ac8c:	00042023          	sw	zero,0(s0)
8406ac90:	4535                	li	a0,13
8406ac92:	40e2                	lw	ra,24(sp)
8406ac94:	4452                	lw	s0,20(sp)
8406ac96:	44c2                	lw	s1,16(sp)
8406ac98:	0171                	add	sp,sp,28
8406ac9a:	8082                	ret
8406ac9c:	43d4                	lw	a3,4(a5)
8406ac9e:	438c                	lw	a1,0(a5)
8406aca0:	4502                	lw	a0,0(sp)
8406aca2:	c63a                	sw	a4,12(sp)
8406aca4:	c43e                	sw	a5,8(sp)
8406aca6:	debff0ef          	jal	8406aa90 <buffer_copy_data_out>
8406acaa:	4732                	lw	a4,12(sp)
8406acac:	47a2                	lw	a5,8(sp)
8406acae:	862a                	mv	a2,a0
8406acb0:	0705                	add	a4,a4,1
8406acb2:	07a1                	add	a5,a5,8
8406acb4:	bf75                	j	8406ac70 <mux_tx+0x5a>

8406acb6 <filter_runtime_check>:
8406acb6:	1121                	add	sp,sp,-24
8406acb8:	c822                	sw	s0,16(sp)
8406acba:	c626                	sw	s1,12(sp)
8406acbc:	ca06                	sw	ra,20(sp)
8406acbe:	00000797          	auipc	a5,0x0
8406acc2:	4b278793          	add	a5,a5,1202 # 8406b170 <combo_key_result>
8406acc6:	842e                	mv	s0,a1
8406acc8:	84b2                	mv	s1,a2
8406acca:	00f5f863          	bgeu	a1,a5,8406acda <filter_runtime_check+0x24>
8406acce:	00000797          	auipc	a5,0x0
8406acd2:	3a678793          	add	a5,a5,934 # 8406b074 <log_control_block_common>
8406acd6:	02f5f963          	bgeu	a1,a5,8406ad08 <filter_runtime_check+0x52>
8406acda:	4058                	lw	a4,4(s0)
8406acdc:	4785                	li	a5,1
8406acde:	4501                	li	a0,0
8406ace0:	00f70f63          	beq	a4,a5,8406acfe <filter_runtime_check+0x48>
8406ace4:	00000797          	auipc	a5,0x0
8406ace8:	6847a783          	lw	a5,1668(a5) # 8406b368 <g_syslog_share_variable>
8406acec:	0297c783          	lbu	a5,41(a5)
8406acf0:	00f4e763          	bltu	s1,a5,8406acfe <filter_runtime_check+0x48>
8406acf4:	4408                	lw	a0,8(s0)
8406acf6:	00a4b533          	sltu	a0,s1,a0
8406acfa:	00154513          	xor	a0,a0,1
8406acfe:	40d2                	lw	ra,20(sp)
8406ad00:	4442                	lw	s0,16(sp)
8406ad02:	44b2                	lw	s1,12(sp)
8406ad04:	0161                	add	sp,sp,24
8406ad06:	8082                	ret
8406ad08:	00000697          	auipc	a3,0x0
8406ad0c:	6606a683          	lw	a3,1632(a3) # 8406b368 <g_syslog_share_variable>
8406ad10:	1246a703          	lw	a4,292(a3)
8406ad14:	4505                	li	a0,1
8406ad16:	c436                	sw	a3,8(sp)
8406ad18:	c23a                	sw	a4,4(sp)
8406ad1a:	c2cff0ef          	jal	8406a146 <find_start_of_cpu_log_filters>
8406ad1e:	4712                	lw	a4,4(sp)
8406ad20:	c02a                	sw	a0,0(sp)
8406ad22:	45f1                	li	a1,28
8406ad24:	40e40533          	sub	a0,s0,a4
8406ad28:	dc8f90ef          	jal	840642f0 <__hidden___udivsi3>
8406ad2c:	4782                	lw	a5,0(sp)
8406ad2e:	4605                	li	a2,1
8406ad30:	97aa                	add	a5,a5,a0
8406ad32:	0007c703          	lbu	a4,0(a5)
8406ad36:	4501                	li	a0,0
8406ad38:	8311                	srl	a4,a4,0x4
8406ad3a:	fcc702e3          	beq	a4,a2,8406acfe <filter_runtime_check+0x48>
8406ad3e:	46a2                	lw	a3,8(sp)
8406ad40:	0296c703          	lbu	a4,41(a3)
8406ad44:	fae4ede3          	bltu	s1,a4,8406acfe <filter_runtime_check+0x48>
8406ad48:	0007c503          	lbu	a0,0(a5)
8406ad4c:	893d                	and	a0,a0,15
8406ad4e:	b765                	j	8406acf6 <filter_runtime_check+0x40>

8406ad50 <check_log_control>:
8406ad50:	00000797          	auipc	a5,0x0
8406ad54:	6187a783          	lw	a5,1560(a5) # 8406b368 <g_syslog_share_variable>
8406ad58:	cf91                	beqz	a5,8406ad74 <check_log_control+0x24>
8406ad5a:	43d8                	lw	a4,4(a5)
8406ad5c:	cf01                	beqz	a4,8406ad74 <check_log_control+0x24>
8406ad5e:	43d4                	lw	a3,4(a5)
8406ad60:	470d                	li	a4,3
8406ad62:	00e68963          	beq	a3,a4,8406ad74 <check_log_control+0x24>
8406ad66:	43d4                	lw	a3,4(a5)
8406ad68:	4709                	li	a4,2
8406ad6a:	4785                	li	a5,1
8406ad6c:	00e69563          	bne	a3,a4,8406ad76 <check_log_control+0x26>
8406ad70:	f47ff06f          	j	8406acb6 <filter_runtime_check>
8406ad74:	4781                	li	a5,0
8406ad76:	853e                	mv	a0,a5
8406ad78:	8082                	ret
