
/workdir/out/ab1623m_evk/hid_ref_mouse_m20/hid_device_ref_design_mouse/riscv/mouse_ref_design/hid_ref_mouse_m20/mouse_ref_design.elf:     file format elf32-littleriscv
architecture: riscv:rv32, flags 0x00000112:
EXEC_P, HAS_SYMS, D_PAGED
start address 0x84064080

Sections:
Idx Name          Size      VMA       LMA       File off  Algn
  0 .vectors      00000098  84064000  84064000  00003000  2**0
                  CONTENTS, ALLOC, LOAD, READONLY, CODE
  1 .text         00006844  840640a0  840640a0  000030a0  2**4
                  CONTENTS, ALLOC, LOAD, READONLY, CODE
  2 .rodata       000003ec  8406a8e4  8406a8e4  000098e4  2**2
                  CONTENTS, ALLOC, LOAD, DATA
  3 .data         00000094  8406acd0  8406acd0  00009cd0  2**2
                  CONTENTS, ALLOC, LOAD, DATA
  4 .tcm_rwdata."/workdir/airoha/risc-v/drivers/chip/ab162x/src/hal_eint_internal.c".73 00000004  8406ad64  8406ad64  00009d64  2**2
                  CONTENTS, ALLOC, LOAD, DATA
  5 .bss          00000784  8406ad68  8406ad68  00009d68  2**2
                  ALLOC
  6 .stack        00000000  8406ba00  8406ba00  00009d68  2**0
                  CONTENTS
  7 .system_stack 00000000  8406bc00  8406bc00  00009d68  2**0
                  CONTENTS
  8 .cross_core_zi_data 00001f54  0400e540  0400e540  00000540  2**4
                  ALLOC
  9 .log_str      000010d2  06000000  06000000  00001000  2**2
                  CONTENTS, ALLOC, LOAD, READONLY, DATA
 10 .debug_info   0002fb48  00000000  00000000  00009d68  2**0
                  CONTENTS, READONLY, DEBUGGING, OCTETS
 11 .debug_abbrev 000095da  00000000  00000000  000398b0  2**0
                  CONTENTS, READONLY, DEBUGGING, OCTETS
 12 .debug_loclists 0000ce1a  00000000  00000000  00042e8a  2**0
                  CONTENTS, READONLY, DEBUGGING, OCTETS
 13 .debug_aranges 00001ae0  00000000  00000000  0004fca8  2**3
                  CONTENTS, READONLY, DEBUGGING, OCTETS
 14 .debug_rnglists 00001bba  00000000  00000000  00051788  2**0
                  CONTENTS, READONLY, DEBUGGING, OCTETS
 15 .debug_line   000254c7  00000000  00000000  00053342  2**0
                  CONTENTS, READONLY, DEBUGGING, OCTETS
 16 .debug_str    00010d7e  00000000  00000000  00078809  2**0
                  CONTENTS, READONLY, DEBUGGING, OCTETS
 17 .debug_line_str 00002010  00000000  00000000  00089587  2**0
                  CONTENTS, READONLY, DEBUGGING, OCTETS
 18 .comment      00000033  00000000  00000000  0008b597  2**0
                  CONTENTS, READONLY
 19 .riscv.attributes 0000003a  00000000  00000000  0008b5ca  2**0
                  CONTENTS, READONLY
 20 .debug_frame  000049f0  00000000  00000000  0008b604  2**2
                  CONTENTS, READONLY, DEBUGGING, OCTETS

Disassembly of section .vectors:

84064000 <_vectors_start>:
84064000:	2400006f          	j	84064240 <aiorha_exc_handler>
84064004:	14c0006f          	j	84064150 <airoha_int_handler>
84064008:	1480006f          	j	84064150 <airoha_int_handler>
8406400c:	1440006f          	j	84064150 <airoha_int_handler>
84064010:	1400006f          	j	84064150 <airoha_int_handler>
84064014:	13c0006f          	j	84064150 <airoha_int_handler>
84064018:	1380006f          	j	84064150 <airoha_int_handler>
8406401c:	1340006f          	j	84064150 <airoha_int_handler>
84064020:	1300006f          	j	84064150 <airoha_int_handler>
84064024:	12c0006f          	j	84064150 <airoha_int_handler>
84064028:	1280006f          	j	84064150 <airoha_int_handler>
8406402c:	1240006f          	j	84064150 <airoha_int_handler>
84064030:	1200006f          	j	84064150 <airoha_int_handler>
84064034:	11c0006f          	j	84064150 <airoha_int_handler>
84064038:	1180006f          	j	84064150 <airoha_int_handler>
8406403c:	1140006f          	j	84064150 <airoha_int_handler>
84064040:	1100006f          	j	84064150 <airoha_int_handler>
84064044:	10c0006f          	j	84064150 <airoha_int_handler>
84064048:	1080006f          	j	84064150 <airoha_int_handler>
8406404c:	1040006f          	j	84064150 <airoha_int_handler>
84064050:	1000006f          	j	84064150 <airoha_int_handler>
84064054:	0fc0006f          	j	84064150 <airoha_int_handler>
84064058:	0f80006f          	j	84064150 <airoha_int_handler>
8406405c:	0f40006f          	j	84064150 <airoha_int_handler>
84064060:	0f00006f          	j	84064150 <airoha_int_handler>
84064064:	0ec0006f          	j	84064150 <airoha_int_handler>
84064068:	0e80006f          	j	84064150 <airoha_int_handler>
8406406c:	0e40006f          	j	84064150 <airoha_int_handler>
84064070:	0e00006f          	j	84064150 <airoha_int_handler>
84064074:	0dc0006f          	j	84064150 <airoha_int_handler>
84064078:	0d80006f          	j	84064150 <airoha_int_handler>
8406407c:	1c40006f          	j	84064240 <aiorha_exc_handler>
84064080:	0200006f          	j	840640a0 <_text_start>

84064084 <fix_data_init>:
84064084:	0041d863          	bge	gp,tp,84064094 <fix_data_init_end>
84064088:	0051a023          	sw	t0,0(gp)
8406408c:	00418193          	add	gp,gp,4
84064090:	ff5ff06f          	j	84064084 <fix_data_init>

84064094 <fix_data_init_end>:
84064094:	00008067          	ret

Disassembly of section .text:

840640a0 <_text_start>:
840640a0:	00000093          	li	ra,0
840640a4:	00000113          	li	sp,0
840640a8:	00000193          	li	gp,0
840640ac:	00000213          	li	tp,0
840640b0:	00000293          	li	t0,0
840640b4:	00000313          	li	t1,0
840640b8:	00000393          	li	t2,0
840640bc:	00000413          	li	s0,0
840640c0:	00000493          	li	s1,0
840640c4:	00000513          	li	a0,0
840640c8:	00000593          	li	a1,0
840640cc:	00000613          	li	a2,0
840640d0:	00000693          	li	a3,0
840640d4:	00000713          	li	a4,0
840640d8:	00000793          	li	a5,0
840640dc:	00008117          	auipc	sp,0x8
840640e0:	b2410113          	add	sp,sp,-1244 # 8406bc00 <_isr_stack_begin>

840640e4 <_start>:
840640e4:	00007197          	auipc	gp,0x7
840640e8:	c8418193          	add	gp,gp,-892 # 8406ad68 <risv_app_sleep_lock_status>
840640ec:	00007217          	auipc	tp,0x7
840640f0:	40020213          	add	tp,tp,1024 # 8406b4ec <__fp_pattern_ram_free_begin>
840640f4:	0041d763          	bge	gp,tp,84064102 <zero_loop_end>

840640f8 <zero_loop>:
840640f8:	0001a023          	sw	zero,0(gp)
840640fc:	0191                	add	gp,gp,4
840640fe:	fe325de3          	bge	tp,gp,840640f8 <zero_loop>

84064102 <zero_loop_end>:
84064102:	a5a5a2b7          	lui	t0,0xa5a5a
84064106:	5a528293          	add	t0,t0,1445 # a5a5a5a5 <_isr_stack_end+0x219ee5a5>
8406410a:	00008197          	auipc	gp,0x8
8406410e:	af618193          	add	gp,gp,-1290 # 8406bc00 <_isr_stack_begin>
84064112:	00008217          	auipc	tp,0x8
84064116:	eee20213          	add	tp,tp,-274 # 8406c000 <_isr_stack_end>
8406411a:	f6bff0ef          	jal	84064084 <fix_data_init>
8406411e:	00008197          	auipc	gp,0x8
84064122:	8e218193          	add	gp,gp,-1822 # 8406ba00 <__fp_pattern_ram_free_end>
84064126:	00008217          	auipc	tp,0x8
8406412a:	ada20213          	add	tp,tp,-1318 # 8406bc00 <_isr_stack_begin>
8406412e:	f57ff0ef          	jal	84064084 <fix_data_init>

84064132 <main_entry>:
84064132:	4501                	li	a0,0
84064134:	4581                	li	a1,0
84064136:	5c6000ef          	jal	840646fc <main>
8406413a:	a001                	j	8406413a <main_entry+0x8>
	...

84064150 <airoha_int_handler>:
84064150:	fb810113          	add	sp,sp,-72
84064154:	c006                	sw	ra,0(sp)
84064156:	c40e                	sw	gp,8(sp)
84064158:	c612                	sw	tp,12(sp)
8406415a:	c816                	sw	t0,16(sp)
8406415c:	ca1a                	sw	t1,20(sp)
8406415e:	cc1e                	sw	t2,24(sp)
84064160:	ce22                	sw	s0,28(sp)
84064162:	d026                	sw	s1,32(sp)
84064164:	d22a                	sw	a0,36(sp)
84064166:	d42e                	sw	a1,40(sp)
84064168:	d632                	sw	a2,44(sp)
8406416a:	d836                	sw	a3,48(sp)
8406416c:	da3a                	sw	a4,52(sp)
8406416e:	dc3e                	sw	a5,56(sp)
84064170:	341021f3          	csrr	gp,mepc
84064174:	30002273          	csrr	tp,mstatus
84064178:	304022f3          	csrr	t0,mie
8406417c:	de0e                	sw	gp,60(sp)
8406417e:	c092                	sw	tp,64(sp)
84064180:	c296                	sw	t0,68(sp)
84064182:	00007197          	auipc	gp,0x7
84064186:	d3618193          	add	gp,gp,-714 # 8406aeb8 <exception_interrupt_nesting_flag>
8406418a:	0001a203          	lw	tp,0(gp)
8406418e:	00021c63          	bnez	tp,840641a6 <not_first_time_entry>
84064192:	00007317          	auipc	t1,0x7
84064196:	d2230313          	add	t1,t1,-734 # 8406aeb4 <exception_thread_sp>
8406419a:	00232023          	sw	sp,0(t1)
8406419e:	00008117          	auipc	sp,0x8
840641a2:	e6210113          	add	sp,sp,-414 # 8406c000 <_isr_stack_end>

840641a6 <not_first_time_entry>:
840641a6:	0205                	add	tp,tp,1 # 1 <_min_stack+0x1>
840641a8:	0041a023          	sw	tp,0(gp)
840641ac:	34202373          	csrr	t1,mcause
840641b0:	800003b7          	lui	t2,0x80000
840641b4:	13fd                	add	t2,t2,-1 # 7fffffff <__log_strings_end+0x79ffef2d>
840641b6:	00737333          	and	t1,t1,t2
840641ba:	0305                	add	t1,t1,1
840641bc:	4385                	li	t2,1
840641be:	00639333          	sll	t1,t2,t1
840641c2:	137d                	add	t1,t1,-1
840641c4:	fff34313          	not	t1,t1
840641c8:	0062f2b3          	and	t0,t0,t1
840641cc:	30429073          	csrw	mie,t0
840641d0:	30046073          	csrs	mstatus,8
840641d4:	464050ef          	jal	84069638 <isrC_main>
840641d8:	30047073          	csrc	mstatus,8
840641dc:	00007197          	auipc	gp,0x7
840641e0:	cdc18193          	add	gp,gp,-804 # 8406aeb8 <exception_interrupt_nesting_flag>
840641e4:	0001a203          	lw	tp,0(gp)
840641e8:	127d                	add	tp,tp,-1 # ffffffff <_isr_stack_end+0x7bf93fff>
840641ea:	0041a023          	sw	tp,0(gp)
840641ee:	00021863          	bnez	tp,840641fe <not_first_time_exit>
840641f2:	00007317          	auipc	t1,0x7
840641f6:	cc230313          	add	t1,t1,-830 # 8406aeb4 <exception_thread_sp>
840641fa:	00032103          	lw	sp,0(t1)

840641fe <not_first_time_exit>:
840641fe:	4296                	lw	t0,68(sp)
84064200:	4206                	lw	tp,64(sp)
84064202:	51f2                	lw	gp,60(sp)
84064204:	30429073          	csrw	mie,t0
84064208:	30021073          	csrw	mstatus,tp
8406420c:	34119073          	csrw	mepc,gp
84064210:	57e2                	lw	a5,56(sp)
84064212:	5752                	lw	a4,52(sp)
84064214:	56c2                	lw	a3,48(sp)
84064216:	5632                	lw	a2,44(sp)
84064218:	55a2                	lw	a1,40(sp)
8406421a:	5512                	lw	a0,36(sp)
8406421c:	5482                	lw	s1,32(sp)
8406421e:	4472                	lw	s0,28(sp)
84064220:	43e2                	lw	t2,24(sp)
84064222:	4352                	lw	t1,20(sp)
84064224:	42c2                	lw	t0,16(sp)
84064226:	4232                	lw	tp,12(sp)
84064228:	41a2                	lw	gp,8(sp)
8406422a:	4082                	lw	ra,0(sp)
8406422c:	04810113          	add	sp,sp,72
84064230:	30200073          	mret
84064234:	00000013          	nop
84064238:	00000013          	nop
8406423c:	00000013          	nop

84064240 <aiorha_exc_handler>:
84064240:	34019073          	csrw	mscratch,gp
84064244:	00007197          	auipc	gp,0x7
84064248:	acc18193          	add	gp,gp,-1332 # 8406ad10 <exception_context_regs_ptr>
8406424c:	0001a183          	lw	gp,0(gp)
84064250:	0011a023          	sw	ra,0(gp)
84064254:	0021a223          	sw	sp,4(gp)
84064258:	0041a623          	sw	tp,12(gp)
8406425c:	0051a823          	sw	t0,16(gp)
84064260:	0061aa23          	sw	t1,20(gp)
84064264:	0071ac23          	sw	t2,24(gp)
84064268:	0081ae23          	sw	s0,28(gp)
8406426c:	0291a023          	sw	s1,32(gp)
84064270:	02a1a223          	sw	a0,36(gp)
84064274:	02b1a423          	sw	a1,40(gp)
84064278:	02c1a623          	sw	a2,44(gp)
8406427c:	02d1a823          	sw	a3,48(gp)
84064280:	02e1aa23          	sw	a4,52(gp)
84064284:	02f1ac23          	sw	a5,56(gp)
84064288:	34102273          	csrr	tp,mepc
8406428c:	300022f3          	csrr	t0,mstatus
84064290:	30402373          	csrr	t1,mie
84064294:	340023f3          	csrr	t2,mscratch
84064298:	34202473          	csrr	s0,mcause
8406429c:	343024f3          	csrr	s1,mtval
840642a0:	0241ae23          	sw	tp,60(gp)
840642a4:	0451a023          	sw	t0,64(gp)
840642a8:	0461a223          	sw	t1,68(gp)
840642ac:	0071a423          	sw	t2,8(gp)
840642b0:	0481a423          	sw	s0,72(gp)
840642b4:	0491a623          	sw	s1,76(gp)
840642b8:	00007317          	auipc	t1,0x7
840642bc:	a5430313          	add	t1,t1,-1452 # 8406ad0c <exception_stack_ptr>
840642c0:	00032103          	lw	sp,0(t1)
840642c4:	1450506f          	j	84069c08 <exception_fault_handler>
	...

840642d0 <__mulsi3>:
840642d0:	862a                	mv	a2,a0
840642d2:	4501                	li	a0,0
840642d4:	0015f693          	and	a3,a1,1
840642d8:	c291                	beqz	a3,840642dc <__mulsi3+0xc>
840642da:	9532                	add	a0,a0,a2
840642dc:	8185                	srl	a1,a1,0x1
840642de:	0606                	sll	a2,a2,0x1
840642e0:	f9f5                	bnez	a1,840642d4 <__mulsi3+0x4>
840642e2:	8082                	ret
840642e4:	0000                	unimp
	...

840642e8 <__divsi3>:
840642e8:	02054e63          	bltz	a0,84064324 <__umodsi3+0x8>
840642ec:	0405c363          	bltz	a1,84064332 <__umodsi3+0x16>

840642f0 <__hidden___udivsi3>:
840642f0:	862e                	mv	a2,a1
840642f2:	85aa                	mv	a1,a0
840642f4:	557d                	li	a0,-1
840642f6:	c215                	beqz	a2,8406431a <__hidden___udivsi3+0x2a>
840642f8:	4685                	li	a3,1
840642fa:	00b67863          	bgeu	a2,a1,8406430a <__hidden___udivsi3+0x1a>
840642fe:	00c05663          	blez	a2,8406430a <__hidden___udivsi3+0x1a>
84064302:	0606                	sll	a2,a2,0x1
84064304:	0686                	sll	a3,a3,0x1
84064306:	feb66ce3          	bltu	a2,a1,840642fe <__hidden___udivsi3+0xe>
8406430a:	4501                	li	a0,0
8406430c:	00c5e463          	bltu	a1,a2,84064314 <__hidden___udivsi3+0x24>
84064310:	8d91                	sub	a1,a1,a2
84064312:	8d55                	or	a0,a0,a3
84064314:	8285                	srl	a3,a3,0x1
84064316:	8205                	srl	a2,a2,0x1
84064318:	faf5                	bnez	a3,8406430c <__hidden___udivsi3+0x1c>
8406431a:	8082                	ret

8406431c <__umodsi3>:
8406431c:	8286                	mv	t0,ra
8406431e:	3fc9                	jal	840642f0 <__hidden___udivsi3>
84064320:	852e                	mv	a0,a1
84064322:	8282                	jr	t0
84064324:	40a00533          	neg	a0,a0
84064328:	00b04763          	bgtz	a1,84064336 <__umodsi3+0x1a>
8406432c:	40b005b3          	neg	a1,a1
84064330:	b7c1                	j	840642f0 <__hidden___udivsi3>
84064332:	40b005b3          	neg	a1,a1
84064336:	8286                	mv	t0,ra
84064338:	3f65                	jal	840642f0 <__hidden___udivsi3>
8406433a:	40a00533          	neg	a0,a0
8406433e:	8282                	jr	t0

84064340 <__modsi3>:
84064340:	8286                	mv	t0,ra
84064342:	0005c763          	bltz	a1,84064350 <__modsi3+0x10>
84064346:	00054963          	bltz	a0,84064358 <__modsi3+0x18>
8406434a:	375d                	jal	840642f0 <__hidden___udivsi3>
8406434c:	852e                	mv	a0,a1
8406434e:	8282                	jr	t0
84064350:	40b005b3          	neg	a1,a1
84064354:	fe055be3          	bgez	a0,8406434a <__modsi3+0xa>
84064358:	40a00533          	neg	a0,a0
8406435c:	3f51                	jal	840642f0 <__hidden___udivsi3>
8406435e:	40b00533          	neg	a0,a1
84064362:	8282                	jr	t0
	...

84064366 <memset>:
84064366:	433d                	li	t1,15
84064368:	872a                	mv	a4,a0
8406436a:	02c37363          	bgeu	t1,a2,84064390 <memset+0x2a>
8406436e:	00f77793          	and	a5,a4,15
84064372:	efbd                	bnez	a5,840643f0 <memset+0x8a>
84064374:	e5ad                	bnez	a1,840643de <memset+0x78>
84064376:	ff067693          	and	a3,a2,-16
8406437a:	8a3d                	and	a2,a2,15
8406437c:	96ba                	add	a3,a3,a4
8406437e:	c30c                	sw	a1,0(a4)
84064380:	c34c                	sw	a1,4(a4)
84064382:	c70c                	sw	a1,8(a4)
84064384:	c74c                	sw	a1,12(a4)
84064386:	0741                	add	a4,a4,16
84064388:	fed76be3          	bltu	a4,a3,8406437e <memset+0x18>
8406438c:	e211                	bnez	a2,84064390 <memset+0x2a>
8406438e:	8082                	ret
84064390:	40c306b3          	sub	a3,t1,a2
84064394:	068a                	sll	a3,a3,0x2
84064396:	00000297          	auipc	t0,0x0
8406439a:	9696                	add	a3,a3,t0
8406439c:	00a68067          	jr	10(a3)
840643a0:	00b70723          	sb	a1,14(a4)
840643a4:	00b706a3          	sb	a1,13(a4)
840643a8:	00b70623          	sb	a1,12(a4)
840643ac:	00b705a3          	sb	a1,11(a4)
840643b0:	00b70523          	sb	a1,10(a4)
840643b4:	00b704a3          	sb	a1,9(a4)
840643b8:	00b70423          	sb	a1,8(a4)
840643bc:	00b703a3          	sb	a1,7(a4)
840643c0:	00b70323          	sb	a1,6(a4)
840643c4:	00b702a3          	sb	a1,5(a4)
840643c8:	00b70223          	sb	a1,4(a4)
840643cc:	00b701a3          	sb	a1,3(a4)
840643d0:	00b70123          	sb	a1,2(a4)
840643d4:	00b700a3          	sb	a1,1(a4)
840643d8:	00b70023          	sb	a1,0(a4)
840643dc:	8082                	ret
840643de:	0ff5f593          	zext.b	a1,a1
840643e2:	00859693          	sll	a3,a1,0x8
840643e6:	8dd5                	or	a1,a1,a3
840643e8:	01059693          	sll	a3,a1,0x10
840643ec:	8dd5                	or	a1,a1,a3
840643ee:	b761                	j	84064376 <memset+0x10>
840643f0:	00279693          	sll	a3,a5,0x2
840643f4:	00000297          	auipc	t0,0x0
840643f8:	9696                	add	a3,a3,t0
840643fa:	8286                	mv	t0,ra
840643fc:	fa8680e7          	jalr	-88(a3)
84064400:	8096                	mv	ra,t0
84064402:	17c1                	add	a5,a5,-16
84064404:	8f1d                	sub	a4,a4,a5
84064406:	963e                	add	a2,a2,a5
84064408:	f8c374e3          	bgeu	t1,a2,84064390 <memset+0x2a>
8406440c:	b7a5                	j	84064374 <memset+0xe>

8406440e <rv_sleep_lock_request>:
8406440e:	1141                	add	sp,sp,-16
84064410:	c422                	sw	s0,8(sp)
84064412:	c226                	sw	s1,4(sp)
84064414:	c606                	sw	ra,12(sp)
84064416:	00007497          	auipc	s1,0x7
8406441a:	95248493          	add	s1,s1,-1710 # 8406ad68 <risv_app_sleep_lock_status>
8406441e:	0004c783          	lbu	a5,0(s1)
84064422:	842a                	mv	s0,a0
84064424:	cd0d                	beqz	a0,8406445e <rv_sleep_lock_request+0x50>
84064426:	4501                	li	a0,0
84064428:	e791                	bnez	a5,84064434 <rv_sleep_lock_request+0x26>
8406442a:	455d                	li	a0,23
8406442c:	00848023          	sb	s0,0(s1)
84064430:	568050ef          	jal	84069998 <hal_sleep_manager_lock_sleep>
84064434:	c02a                	sw	a0,0(sp)
84064436:	0004c783          	lbu	a5,0(s1)
8406443a:	8722                	mv	a4,s0
8406443c:	468d                	li	a3,3
8406443e:	81f9c617          	auipc	a2,0x81f9c
84064442:	d6660613          	add	a2,a2,-666 # 60001a4 <msg_id_string.3>
84064446:	4585                	li	a1,1
84064448:	00007517          	auipc	a0,0x7
8406444c:	83450513          	add	a0,a0,-1996 # 8406ac7c <log_control_block_riscv_ps>
84064450:	1a7050ef          	jal	84069df6 <print_module_msgid_log>
84064454:	40b2                	lw	ra,12(sp)
84064456:	4422                	lw	s0,8(sp)
84064458:	4492                	lw	s1,4(sp)
8406445a:	0141                	add	sp,sp,16
8406445c:	8082                	ret
8406445e:	4501                	li	a0,0
84064460:	dbf1                	beqz	a5,84064434 <rv_sleep_lock_request+0x26>
84064462:	455d                	li	a0,23
84064464:	00007797          	auipc	a5,0x7
84064468:	90078223          	sb	zero,-1788(a5) # 8406ad68 <risv_app_sleep_lock_status>
8406446c:	530050ef          	jal	8406999c <hal_sleep_manager_unlock_sleep>
84064470:	b7d1                	j	84064434 <rv_sleep_lock_request+0x26>

84064472 <hal_ccni_event_callback3>:
84064472:	4705                	li	a4,1
84064474:	00007697          	auipc	a3,0x7
84064478:	92e68e23          	sb	a4,-1732(a3) # 8406adb0 <g_riscv_ccni_irq_occur>
8406447c:	0005c703          	lbu	a4,0(a1)
84064480:	46b1                	li	a3,12
84064482:	1741                	add	a4,a4,-16
84064484:	0ff77713          	zext.b	a4,a4
84064488:	18e6eb63          	bltu	a3,a4,8406461e <hal_ccni_event_callback3+0x1ac>
8406448c:	00006697          	auipc	a3,0x6
84064490:	4b068693          	add	a3,a3,1200 # 8406a93c <g_spi_master_register+0x48>
84064494:	070a                	sll	a4,a4,0x2
84064496:	9736                	add	a4,a4,a3
84064498:	4318                	lw	a4,0(a4)
8406449a:	1151                	add	sp,sp,-12
8406449c:	c406                	sw	ra,8(sp)
8406449e:	9736                	add	a4,a4,a3
840644a0:	c222                	sw	s0,4(sp)
840644a2:	c026                	sw	s1,0(sp)
840644a4:	87ae                	mv	a5,a1
840644a6:	8702                	jr	a4
840644a8:	4184                	lw	s1,0(a1)
840644aa:	4685                	li	a3,1
840644ac:	81f9c617          	auipc	a2,0x81f9c
840644b0:	cc060613          	add	a2,a2,-832 # 600016c <msg_id_string.2>
840644b4:	80a1                	srl	s1,s1,0x8
840644b6:	0ff4f413          	zext.b	s0,s1
840644ba:	8722                	mv	a4,s0
840644bc:	4585                	li	a1,1
840644be:	00006517          	auipc	a0,0x6
840644c2:	7be50513          	add	a0,a0,1982 # 8406ac7c <log_control_block_riscv_ps>
840644c6:	131050ef          	jal	84069df6 <print_module_msgid_log>
840644ca:	8522                	mv	a0,s0
840644cc:	2171                	jal	84064958 <riscv_mouse_key_change_state>
840644ce:	02200793          	li	a5,34
840644d2:	06f40863          	beq	s0,a5,84064542 <hal_ccni_event_callback3+0xd0>
840644d6:	0487e663          	bltu	a5,s0,84064522 <hal_ccni_event_callback3+0xb0>
840644da:	47cd                	li	a5,19
840644dc:	0287e363          	bltu	a5,s0,84064502 <hal_ccni_event_callback3+0x90>
840644e0:	0fe4f493          	and	s1,s1,254
840644e4:	c09d                	beqz	s1,8406450a <hal_ccni_event_callback3+0x98>
840644e6:	ffe40793          	add	a5,s0,-2
840644ea:	4745                	li	a4,17
840644ec:	00f76f63          	bltu	a4,a5,8406450a <hal_ccni_event_callback3+0x98>
840644f0:	00006717          	auipc	a4,0x6
840644f4:	48070713          	add	a4,a4,1152 # 8406a970 <g_spi_master_register+0x7c>
840644f8:	078a                	sll	a5,a5,0x2
840644fa:	97ba                	add	a5,a5,a4
840644fc:	439c                	lw	a5,0(a5)
840644fe:	97ba                	add	a5,a5,a4
84064500:	8782                	jr	a5
84064502:	02100793          	li	a5,33
84064506:	06f40c63          	beq	s0,a5,8406457e <hal_ccni_event_callback3+0x10c>
8406450a:	8522                	mv	a0,s0
8406450c:	171000ef          	jal	84064e7c <peripheral_sampling_app_state_update>
84064510:	00007797          	auipc	a5,0x7
84064514:	8487ae23          	sw	s0,-1956(a5) # 8406ad6c <last_app_state>
84064518:	40a2                	lw	ra,8(sp)
8406451a:	4412                	lw	s0,4(sp)
8406451c:	4482                	lw	s1,0(sp)
8406451e:	0131                	add	sp,sp,12
84064520:	8082                	ret
84064522:	08000793          	li	a5,128
84064526:	00f40e63          	beq	s0,a5,84064542 <hal_ccni_event_callback3+0xd0>
8406452a:	0087ee63          	bltu	a5,s0,84064546 <hal_ccni_event_callback3+0xd4>
8406452e:	04100793          	li	a5,65
84064532:	04f40c63          	beq	s0,a5,8406458a <hal_ccni_event_callback3+0x118>
84064536:	0fd4f493          	and	s1,s1,253
8406453a:	04000793          	li	a5,64
8406453e:	fcf496e3          	bne	s1,a5,8406450a <hal_ccni_event_callback3+0x98>
84064542:	4505                	li	a0,1
84064544:	a819                	j	8406455a <hal_ccni_event_callback3+0xe8>
84064546:	08100793          	li	a5,129
8406454a:	04f40063          	beq	s0,a5,8406458a <hal_ccni_event_callback3+0x118>
8406454e:	08300793          	li	a5,131
84064552:	fef408e3          	beq	s0,a5,84064542 <hal_ccni_event_callback3+0xd0>
84064556:	bf55                	j	8406450a <hal_ccni_event_callback3+0x98>
84064558:	4501                	li	a0,0
8406455a:	3d55                	jal	8406440e <rv_sleep_lock_request>
8406455c:	b77d                	j	8406450a <hal_ccni_event_callback3+0x98>
8406455e:	4525                	li	a0,9
84064560:	465010ef          	jal	840661c4 <hid_common_clear_hid_exp_flag>
84064564:	1b3020ef          	jal	84066f16 <hid_experss_bt_clear_queue>
84064568:	bfe9                	j	84064542 <hal_ccni_event_callback3+0xd0>
8406456a:	0cb000ef          	jal	84064e34 <peripheral_sampling_init>
8406456e:	bf71                	j	8406450a <hal_ccni_event_callback3+0x98>
84064570:	4505                	li	a0,1
84064572:	3d71                	jal	8406440e <rv_sleep_lock_request>
84064574:	47b010ef          	jal	840661ee <hid_common_get_dongle_scenario>
84064578:	364020ef          	jal	840668dc <hid_express_dongle_scenario_update>
8406457c:	b779                	j	8406450a <hal_ccni_event_callback3+0x98>
8406457e:	4505                	li	a0,1
84064580:	3579                	jal	8406440e <rv_sleep_lock_request>
84064582:	3ce020ef          	jal	84066950 <hid_express_clear_key_pushed>
84064586:	2b59                	jal	84064b1c <peripheral_sampling_state_change_active>
84064588:	b749                	j	8406450a <hal_ccni_event_callback3+0x98>
8406458a:	4505                	li	a0,1
8406458c:	3549                	jal	8406440e <rv_sleep_lock_request>
8406458e:	bfe5                	j	84064586 <hal_ccni_event_callback3+0x114>
84064590:	4412                	lw	s0,4(sp)
84064592:	0035a603          	lw	a2,3(a1)
84064596:	40a2                	lw	ra,8(sp)
84064598:	4482                	lw	s1,0(sp)
8406459a:	0025c583          	lbu	a1,2(a1)
8406459e:	0017c503          	lbu	a0,1(a5)
840645a2:	0131                	add	sp,sp,12
840645a4:	73c0306f          	j	84067ce0 <rv_fake_report_config>
840645a8:	423030ef          	jal	840681ca <key_remap_frontend_setting_update>
840645ac:	4412                	lw	s0,4(sp)
840645ae:	40a2                	lw	ra,8(sp)
840645b0:	4482                	lw	s1,0(sp)
840645b2:	0131                	add	sp,sp,12
840645b4:	62e0406f          	j	84068be2 <key_remap_backend_setting>
840645b8:	4412                	lw	s0,4(sp)
840645ba:	40a2                	lw	ra,8(sp)
840645bc:	4482                	lw	s1,0(sp)
840645be:	0015a503          	lw	a0,1(a1)
840645c2:	0131                	add	sp,sp,12
840645c4:	0450306f          	j	84067e08 <rv_fake_report_set>
840645c8:	4412                	lw	s0,4(sp)
840645ca:	0035c603          	lbu	a2,3(a1)
840645ce:	40a2                	lw	ra,8(sp)
840645d0:	4482                	lw	s1,0(sp)
840645d2:	0025c583          	lbu	a1,2(a1)
840645d6:	0017c503          	lbu	a0,1(a5)
840645da:	0131                	add	sp,sp,12
840645dc:	12b0206f          	j	84066f06 <hid_experss_bt_set_attr_handle>
840645e0:	4412                	lw	s0,4(sp)
840645e2:	40a2                	lw	ra,8(sp)
840645e4:	4482                	lw	s1,0(sp)
840645e6:	0131                	add	sp,sp,12
840645e8:	7de0006f          	j	84064dc6 <peripheral_sampling_common_para_update>
840645ec:	0025c703          	lbu	a4,2(a1)
840645f0:	4581                	li	a1,0
840645f2:	c709                	beqz	a4,840645fc <hal_ccni_event_callback3+0x18a>
840645f4:	0017c503          	lbu	a0,1(a5)
840645f8:	214d                	jal	84064a9a <riscv_mouse_key_id_to_key_status>
840645fa:	85aa                	mv	a1,a0
840645fc:	4501                	li	a0,0
840645fe:	4412                	lw	s0,4(sp)
84064600:	40a2                	lw	ra,8(sp)
84064602:	4482                	lw	s1,0(sp)
84064604:	0131                	add	sp,sp,12
84064606:	3560206f          	j	8406695c <hid_express__push_to_key_queue>
8406460a:	0025a583          	lw	a1,2(a1)
8406460e:	0017c503          	lbu	a0,1(a5)
84064612:	b7f5                	j	840645fe <hal_ccni_event_callback3+0x18c>
84064614:	4412                	lw	s0,4(sp)
84064616:	40a2                	lw	ra,8(sp)
84064618:	4482                	lw	s1,0(sp)
8406461a:	0131                	add	sp,sp,12
8406461c:	a301                	j	84064b1c <peripheral_sampling_state_change_active>
8406461e:	8082                	ret

84064620 <riscv_app_ccin_init>:
84064620:	01020537          	lui	a0,0x1020
84064624:	050d                	add	a0,a0,3 # 1020003 <__fp_pattern_ram_total+0x1018603>
84064626:	1d70106f          	j	84065ffc <hal_ccni_unmask_event>

8406462a <riscv_app_ccin_send>:
8406462a:	4721                	li	a4,8
8406462c:	08b76663          	bltu	a4,a1,840646b8 <riscv_app_ccin_send+0x8e>
84064630:	87aa                	mv	a5,a0
84064632:	5571                	li	a0,-4
84064634:	c7c1                	beqz	a5,840646bc <riscv_app_ccin_send+0x92>
84064636:	1121                	add	sp,sp,-24
84064638:	862e                	mv	a2,a1
8406463a:	0048                	add	a0,sp,4
8406463c:	85be                	mv	a1,a5
8406463e:	ca06                	sw	ra,20(sp)
84064640:	c822                	sw	s0,16(sp)
84064642:	2a7050ef          	jal	8406a0e8 <memcpy>
84064646:	02010537          	lui	a0,0x2010
8406464a:	004c                	add	a1,sp,4
8406464c:	050d                	add	a0,a0,3 # 2010003 <__fp_pattern_ram_total+0x2008603>
8406464e:	19f010ef          	jal	84065fec <hal_ccni_set_event>
84064652:	57f5                	li	a5,-3
84064654:	04f51e63          	bne	a0,a5,840646b0 <riscv_app_ccin_send+0x86>
84064658:	4785                	li	a5,1
8406465a:	c03e                	sw	a5,0(sp)
8406465c:	4401                	li	s0,0
8406465e:	4702                	lw	a4,0(sp)
84064660:	4785                	li	a5,1
84064662:	02f71d63          	bne	a4,a5,8406469c <riscv_app_ccin_send+0x72>
84064666:	3e800793          	li	a5,1000
8406466a:	00f41f63          	bne	s0,a5,84064688 <riscv_app_ccin_send+0x5e>
8406466e:	16f00613          	li	a2,367
84064672:	81f9c597          	auipc	a1,0x81f9c
84064676:	a5658593          	add	a1,a1,-1450 # 60000c8 <file.0>
8406467a:	81f9c517          	auipc	a0,0x81f9c
8406467e:	aa250513          	add	a0,a0,-1374 # 600011c <exp.1>
84064682:	53a050ef          	jal	84069bbc <light_assert>
84064686:	a839                	j	840646a4 <riscv_app_ccin_send+0x7a>
84064688:	0405                	add	s0,s0,1
8406468a:	02010537          	lui	a0,0x2010
8406468e:	0442                	sll	s0,s0,0x10
84064690:	858a                	mv	a1,sp
84064692:	050d                	add	a0,a0,3 # 2010003 <__fp_pattern_ram_total+0x2008603>
84064694:	8041                	srl	s0,s0,0x10
84064696:	035010ef          	jal	84065eca <hal_ccni_query_event_status>
8406469a:	b7d1                	j	8406465e <riscv_app_ccin_send+0x34>
8406469c:	3e800793          	li	a5,1000
840646a0:	fcf407e3          	beq	s0,a5,8406466e <riscv_app_ccin_send+0x44>
840646a4:	02010537          	lui	a0,0x2010
840646a8:	004c                	add	a1,sp,4
840646aa:	050d                	add	a0,a0,3 # 2010003 <__fp_pattern_ram_total+0x2008603>
840646ac:	141010ef          	jal	84065fec <hal_ccni_set_event>
840646b0:	40d2                	lw	ra,20(sp)
840646b2:	4442                	lw	s0,16(sp)
840646b4:	0161                	add	sp,sp,24
840646b6:	8082                	ret
840646b8:	5571                	li	a0,-4
840646ba:	8082                	ret
840646bc:	8082                	ret

840646be <riscv_app_ccin_fake_data_disable>:
840646be:	1141                	add	sp,sp,-16
840646c0:	f8400793          	li	a5,-124
840646c4:	850a                	mv	a0,sp
840646c6:	4585                	li	a1,1
840646c8:	c606                	sw	ra,12(sp)
840646ca:	00f10023          	sb	a5,0(sp)
840646ce:	3fb1                	jal	8406462a <riscv_app_ccin_send>
840646d0:	40b2                	lw	ra,12(sp)
840646d2:	0141                	add	sp,sp,16
840646d4:	8082                	ret

840646d6 <riscv_app_ccni_key_remap_send>:
840646d6:	1131                	add	sp,sp,-20
840646d8:	00b11123          	sh	a1,2(sp)
840646dc:	81c1                	srl	a1,a1,0x10
840646de:	00a100a3          	sb	a0,1(sp)
840646e2:	00b10223          	sb	a1,4(sp)
840646e6:	f8300793          	li	a5,-125
840646ea:	850a                	mv	a0,sp
840646ec:	4595                	li	a1,5
840646ee:	c806                	sw	ra,16(sp)
840646f0:	00f10023          	sb	a5,0(sp)
840646f4:	3f1d                	jal	8406462a <riscv_app_ccin_send>
840646f6:	40c2                	lw	ra,16(sp)
840646f8:	0151                	add	sp,sp,20
840646fa:	8082                	ret

840646fc <main>:
840646fc:	1141                	add	sp,sp,-16
840646fe:	c606                	sw	ra,12(sp)
84064700:	c422                	sw	s0,8(sp)
84064702:	213000ef          	jal	84065114 <system_init>
84064706:	4681                	li	a3,0
84064708:	81f9c617          	auipc	a2,0x81f9c
8406470c:	b0860613          	add	a2,a2,-1272 # 6000210 <msg_id_string.0>
84064710:	4585                	li	a1,1
84064712:	00006517          	auipc	a0,0x6
84064716:	56a50513          	add	a0,a0,1386 # 8406ac7c <log_control_block_riscv_ps>
8406471a:	6dc050ef          	jal	84069df6 <print_module_msgid_log>
8406471e:	716000ef          	jal	84064e34 <peripheral_sampling_init>
84064722:	3dfd                	jal	84064620 <riscv_app_ccin_init>
84064724:	4505                	li	a0,1
84064726:	31e5                	jal	8406440e <rv_sleep_lock_request>
84064728:	00006417          	auipc	s0,0x6
8406472c:	6d040413          	add	s0,s0,1744 # 8406adf8 <hid_flags>
84064730:	3be040ef          	jal	84068aee <key_remap_backend_postprocess>
84064734:	401c                	lw	a5,0(s0)
84064736:	0207f793          	and	a5,a5,32
8406473a:	e391                	bnez	a5,8406473e <main+0x42>
8406473c:	2489                	jal	8406497e <riscv_mouse_key_pairing_key_check>
8406473e:	2db5                	jal	84064dba <peripheral_sampling_debug_print>
84064740:	1b0020ef          	jal	840668f0 <hid_express_debug_print>
84064744:	850a                	mv	a0,sp
84064746:	73d040ef          	jal	84069682 <hal_nvic_save_and_set_interrupt_mask>
8406474a:	256050ef          	jal	840699a0 <hal_sleep_manager_riscv_sleep_routine>
8406474e:	4502                	lw	a0,0(sp)
84064750:	73b040ef          	jal	8406968a <hal_nvic_restore_interrupt_mask>
84064754:	bff1                	j	84064730 <main+0x34>

84064756 <riscv_motion_sensor_data_get>:
84064756:	1141                	add	sp,sp,-16
84064758:	c422                	sw	s0,8(sp)
8406475a:	c226                	sw	s1,4(sp)
8406475c:	842e                	mv	s0,a1
8406475e:	84aa                	mv	s1,a0
84064760:	00210593          	add	a1,sp,2
84064764:	850a                	mv	a0,sp
84064766:	c606                	sw	ra,12(sp)
84064768:	00011023          	sh	zero,0(sp)
8406476c:	00011123          	sh	zero,2(sp)
84064770:	196050ef          	jal	84069906 <mouse_sensor_get_data>
84064774:	0004a023          	sw	zero,0(s1)
84064778:	00042023          	sw	zero,0(s0)
8406477c:	e911                	bnez	a0,84064790 <riscv_motion_sensor_data_get+0x3a>
8406477e:	00011703          	lh	a4,0(sp)
84064782:	00211783          	lh	a5,2(sp)
84064786:	00f766b3          	or	a3,a4,a5
8406478a:	c299                	beqz	a3,84064790 <riscv_motion_sensor_data_get+0x3a>
8406478c:	c098                	sw	a4,0(s1)
8406478e:	c01c                	sw	a5,0(s0)
84064790:	40b2                	lw	ra,12(sp)
84064792:	4422                	lw	s0,8(sp)
84064794:	4492                	lw	s1,4(sp)
84064796:	0141                	add	sp,sp,16
84064798:	8082                	ret

8406479a <riscv_motion_sensor_init>:
8406479a:	4501                	li	a0,0
8406479c:	8082                	ret

8406479e <riscv_mouse_key_polling_all_key_status>:
8406479e:	1121                	add	sp,sp,-24
840647a0:	002c                	add	a1,sp,8
840647a2:	0048                	add	a0,sp,4
840647a4:	c822                	sw	s0,16(sp)
840647a6:	c626                	sw	s1,12(sp)
840647a8:	00006797          	auipc	a5,0x6
840647ac:	5c07a823          	sw	zero,1488(a5) # 8406ad78 <mouse_5key>
840647b0:	ca06                	sw	ra,20(sp)
840647b2:	63e040ef          	jal	84068df0 <hal_eint_get_debounce_out_value_by_mask>
840647b6:	4512                	lw	a0,4(sp)
840647b8:	4322                	lw	t1,8(sp)
840647ba:	00006417          	auipc	s0,0x6
840647be:	5be40413          	add	s0,s0,1470 # 8406ad78 <mouse_5key>
840647c2:	4018                	lw	a4,0(s0)
840647c4:	00006797          	auipc	a5,0x6
840647c8:	5b87a783          	lw	a5,1464(a5) # 8406ad7c <rv_key_num>
840647cc:	fff54513          	not	a0,a0
840647d0:	fff34313          	not	t1,t1
840647d4:	c03e                	sw	a5,0(sp)
840647d6:	00006297          	auipc	t0,0x6
840647da:	6f228293          	add	t0,t0,1778 # 8406aec8 <rv_key_ids>
840647de:	4581                	li	a1,0
840647e0:	4681                	li	a3,0
840647e2:	43fd                	li	t2,31
840647e4:	02f00493          	li	s1,47
840647e8:	4605                	li	a2,1
840647ea:	4782                	lw	a5,0(sp)
840647ec:	00d79a63          	bne	a5,a3,84064800 <riscv_mouse_key_polling_all_key_status+0x62>
840647f0:	c191                	beqz	a1,840647f4 <riscv_mouse_key_polling_all_key_status+0x56>
840647f2:	c018                	sw	a4,0(s0)
840647f4:	4008                	lw	a0,0(s0)
840647f6:	40d2                	lw	ra,20(sp)
840647f8:	4442                	lw	s0,16(sp)
840647fa:	44b2                	lw	s1,12(sp)
840647fc:	0161                	add	sp,sp,24
840647fe:	8082                	ret
84064800:	0002a783          	lw	a5,0(t0)
84064804:	00f3ed63          	bltu	t2,a5,8406481e <riscv_mouse_key_polling_all_key_status+0x80>
84064808:	00f617b3          	sll	a5,a2,a5
8406480c:	8fe9                	and	a5,a5,a0
8406480e:	c789                	beqz	a5,84064818 <riscv_mouse_key_polling_all_key_status+0x7a>
84064810:	00d617b3          	sll	a5,a2,a3
84064814:	8f5d                	or	a4,a4,a5
84064816:	4585                	li	a1,1
84064818:	0685                	add	a3,a3,1
8406481a:	0291                	add	t0,t0,4
8406481c:	b7f9                	j	840647ea <riscv_mouse_key_polling_all_key_status+0x4c>
8406481e:	fef4ede3          	bltu	s1,a5,84064818 <riscv_mouse_key_polling_all_key_status+0x7a>
84064822:	1781                	add	a5,a5,-32
84064824:	00f617b3          	sll	a5,a2,a5
84064828:	0067f7b3          	and	a5,a5,t1
8406482c:	b7cd                	j	8406480e <riscv_mouse_key_polling_all_key_status+0x70>

8406482e <riscv_mouse_key_combo_key_check>:
8406482e:	1131                	add	sp,sp,-20
84064830:	004c                	add	a1,sp,4
84064832:	850a                	mv	a0,sp
84064834:	c806                	sw	ra,16(sp)
84064836:	5ba040ef          	jal	84068df0 <hal_eint_get_debounce_out_value_by_mask>
8406483a:	00006797          	auipc	a5,0x6
8406483e:	6b678793          	add	a5,a5,1718 # 8406aef0 <combo_cfg>
84064842:	4582                	lw	a1,0(sp)
84064844:	4312                	lw	t1,4(sp)
84064846:	43d0                	lw	a2,4(a5)
84064848:	4398                	lw	a4,0(a5)
8406484a:	4501                	li	a0,0
8406484c:	00a61763          	bne	a2,a0,8406485a <riscv_mouse_key_combo_key_check+0x2c>
84064850:	0ff00513          	li	a0,255
84064854:	40c2                	lw	ra,16(sp)
84064856:	0151                	add	sp,sp,20
84064858:	8082                	ret
8406485a:	86ba                	mv	a3,a4
8406485c:	429c                	lw	a5,0(a3)
8406485e:	42d4                	lw	a3,4(a3)
84064860:	0721                	add	a4,a4,8
84064862:	8fed                	and	a5,a5,a1
84064864:	00d376b3          	and	a3,t1,a3
84064868:	8fd5                	or	a5,a5,a3
8406486a:	d7ed                	beqz	a5,84064854 <riscv_mouse_key_combo_key_check+0x26>
8406486c:	0505                	add	a0,a0,1
8406486e:	bff9                	j	8406484c <riscv_mouse_key_combo_key_check+0x1e>

84064870 <riscv_mouse_key_early_handle>:
84064870:	00006597          	auipc	a1,0x6
84064874:	69458593          	add	a1,a1,1684 # 8406af04 <riscv_app+0x4>
84064878:	4505                	li	a0,1
8406487a:	5c80406f          	j	84068e42 <hal_gpt_get_free_run_count>

8406487e <riscv_mouse_key_get_key_status>:
8406487e:	1151                	add	sp,sp,-12
84064880:	c222                	sw	s0,4(sp)
84064882:	00006597          	auipc	a1,0x6
84064886:	68258593          	add	a1,a1,1666 # 8406af04 <riscv_app+0x4>
8406488a:	842a                	mv	s0,a0
8406488c:	4505                	li	a0,1
8406488e:	c406                	sw	ra,8(sp)
84064890:	5b2040ef          	jal	84068e42 <hal_gpt_get_free_run_count>
84064894:	3729                	jal	8406479e <riscv_mouse_key_polling_all_key_status>
84064896:	c008                	sw	a0,0(s0)
84064898:	40a2                	lw	ra,8(sp)
8406489a:	4412                	lw	s0,4(sp)
8406489c:	4501                	li	a0,0
8406489e:	0131                	add	sp,sp,12
840648a0:	8082                	ret

840648a2 <riscv_mouse_key_post_process>:
840648a2:	00006797          	auipc	a5,0x6
840648a6:	4d67a783          	lw	a5,1238(a5) # 8406ad78 <mouse_5key>
840648aa:	00006717          	auipc	a4,0x6
840648ae:	4cf72323          	sw	a5,1222(a4) # 8406ad70 <new_keys_status_record>
840648b2:	8082                	ret

840648b4 <riscv_mouse_key_get_combo_key>:
840648b4:	00006617          	auipc	a2,0x6
840648b8:	64460613          	add	a2,a2,1604 # 8406aef8 <combo_cfg+0x8>
840648bc:	00006597          	auipc	a1,0x6
840648c0:	63858593          	add	a1,a1,1592 # 8406aef4 <combo_cfg+0x4>
840648c4:	00006517          	auipc	a0,0x6
840648c8:	62c50513          	add	a0,a0,1580 # 8406aef0 <combo_cfg>
840648cc:	12f0106f          	j	840661fa <hid_common_get_combo_key_list>

840648d0 <riscv_mouse_key_init>:
840648d0:	fd810113          	add	sp,sp,-40
840648d4:	d022                	sw	s0,32(sp)
840648d6:	ce26                	sw	s1,28(sp)
840648d8:	d206                	sw	ra,36(sp)
840648da:	00006617          	auipc	a2,0x6
840648de:	40262603          	lw	a2,1026(a2) # 8406acdc <hid_common>
840648e2:	03864683          	lbu	a3,56(a2)
840648e6:	00006497          	auipc	s1,0x6
840648ea:	49648493          	add	s1,s1,1174 # 8406ad7c <rv_key_num>
840648ee:	00006717          	auipc	a4,0x6
840648f2:	5da70713          	add	a4,a4,1498 # 8406aec8 <rv_key_ids>
840648f6:	c094                	sw	a3,0(s1)
840648f8:	4781                	li	a5,0
840648fa:	843a                	mv	s0,a4
840648fc:	04d7e663          	bltu	a5,a3,84064948 <riscv_mouse_key_init+0x78>
84064900:	3f55                	jal	840648b4 <riscv_mouse_key_get_combo_key>
84064902:	4c5c                	lw	a5,28(s0)
84064904:	00006517          	auipc	a0,0x6
84064908:	37850513          	add	a0,a0,888 # 8406ac7c <log_control_block_riscv_ps>
8406490c:	46a9                	li	a3,10
8406490e:	cc3e                	sw	a5,24(sp)
84064910:	4c1c                	lw	a5,24(s0)
84064912:	81f9c617          	auipc	a2,0x81f9c
84064916:	9e260613          	add	a2,a2,-1566 # 60002f4 <msg_id_string.1>
8406491a:	4585                	li	a1,1
8406491c:	ca3e                	sw	a5,20(sp)
8406491e:	485c                	lw	a5,20(s0)
84064920:	c83e                	sw	a5,16(sp)
84064922:	481c                	lw	a5,16(s0)
84064924:	c63e                	sw	a5,12(sp)
84064926:	445c                	lw	a5,12(s0)
84064928:	c43e                	sw	a5,8(sp)
8406492a:	441c                	lw	a5,8(s0)
8406492c:	c23e                	sw	a5,4(sp)
8406492e:	405c                	lw	a5,4(s0)
84064930:	c03e                	sw	a5,0(sp)
84064932:	401c                	lw	a5,0(s0)
84064934:	4098                	lw	a4,0(s1)
84064936:	4c0050ef          	jal	84069df6 <print_module_msgid_log>
8406493a:	5092                	lw	ra,36(sp)
8406493c:	5402                	lw	s0,32(sp)
8406493e:	44f2                	lw	s1,28(sp)
84064940:	4501                	li	a0,0
84064942:	02810113          	add	sp,sp,40
84064946:	8082                	ret
84064948:	00f605b3          	add	a1,a2,a5
8406494c:	02e5c583          	lbu	a1,46(a1)
84064950:	0785                	add	a5,a5,1
84064952:	c30c                	sw	a1,0(a4)
84064954:	0711                	add	a4,a4,4
84064956:	b75d                	j	840648fc <riscv_mouse_key_init+0x2c>

84064958 <riscv_mouse_key_change_state>:
84064958:	00006797          	auipc	a5,0x6
8406495c:	5aa7a223          	sw	a0,1444(a5) # 8406aefc <combo_cfg+0xc>
84064960:	8082                	ret

84064962 <riscv_mouse_keys_is_new_key_pressed>:
84064962:	00006797          	auipc	a5,0x6
84064966:	4167a783          	lw	a5,1046(a5) # 8406ad78 <mouse_5key>
8406496a:	4501                	li	a0,0
8406496c:	cb81                	beqz	a5,8406497c <riscv_mouse_keys_is_new_key_pressed+0x1a>
8406496e:	00006517          	auipc	a0,0x6
84064972:	40252503          	lw	a0,1026(a0) # 8406ad70 <new_keys_status_record>
84064976:	8d1d                	sub	a0,a0,a5
84064978:	00a03533          	snez	a0,a0
8406497c:	8082                	ret

8406497e <riscv_mouse_key_pairing_key_check>:
8406497e:	1131                	add	sp,sp,-20
84064980:	c622                	sw	s0,12(sp)
84064982:	00006417          	auipc	s0,0x6
84064986:	56e40413          	add	s0,s0,1390 # 8406aef0 <combo_cfg>
8406498a:	445c                	lw	a5,12(s0)
8406498c:	c806                	sw	ra,16(sp)
8406498e:	c426                	sw	s1,8(sp)
84064990:	0e07f713          	and	a4,a5,224
84064994:	cb31                	beqz	a4,840649e8 <riscv_mouse_key_pairing_key_check+0x6a>
84064996:	8b85                	and	a5,a5,1
84064998:	cba1                	beqz	a5,840649e8 <riscv_mouse_key_pairing_key_check+0x6a>
8406499a:	c002                	sw	zero,0(sp)
8406499c:	c202                	sw	zero,4(sp)
8406499e:	3d41                	jal	8406482e <riscv_mouse_key_combo_key_check>
840649a0:	00006717          	auipc	a4,0x6
840649a4:	32a72823          	sw	a0,816(a4) # 8406acd0 <combo_key_result>
840649a8:	00006497          	auipc	s1,0x6
840649ac:	3d848493          	add	s1,s1,984 # 8406ad80 <start_gpt_free_count>
840649b0:	4098                	lw	a4,0(s1)
840649b2:	c71d                	beqz	a4,840649e0 <riscv_mouse_key_pairing_key_check+0x62>
840649b4:	e10d                	bnez	a0,840649d6 <riscv_mouse_key_pairing_key_check+0x58>
840649b6:	858a                	mv	a1,sp
840649b8:	48a040ef          	jal	84068e42 <hal_gpt_get_free_run_count>
840649bc:	4582                	lw	a1,0(sp)
840649be:	4088                	lw	a0,0(s1)
840649c0:	0050                	add	a2,sp,4
840649c2:	500040ef          	jal	84068ec2 <hal_gpt_get_duration_count>
840649c6:	441c                	lw	a5,8(s0)
840649c8:	4712                	lw	a4,4(sp)
840649ca:	07be                	sll	a5,a5,0xf
840649cc:	00f76e63          	bltu	a4,a5,840649e8 <riscv_mouse_key_pairing_key_check+0x6a>
840649d0:	4525                	li	a0,9
840649d2:	7dc010ef          	jal	840661ae <hid_common_set_hid_exp_flag>
840649d6:	00006797          	auipc	a5,0x6
840649da:	3a07a523          	sw	zero,938(a5) # 8406ad80 <start_gpt_free_count>
840649de:	a029                	j	840649e8 <riscv_mouse_key_pairing_key_check+0x6a>
840649e0:	f97d                	bnez	a0,840649d6 <riscv_mouse_key_pairing_key_check+0x58>
840649e2:	85a6                	mv	a1,s1
840649e4:	45e040ef          	jal	84068e42 <hal_gpt_get_free_run_count>
840649e8:	40c2                	lw	ra,16(sp)
840649ea:	4432                	lw	s0,12(sp)
840649ec:	44a2                	lw	s1,8(sp)
840649ee:	0151                	add	sp,sp,20
840649f0:	8082                	ret

840649f2 <riscv_mouse_key__app_state_update>:
840649f2:	8082                	ret

840649f4 <riscv_mouse_key_common_para_update>:
840649f4:	8082                	ret

840649f6 <riscv_mouse_key_debug_print>:
840649f6:	1101                	add	sp,sp,-32
840649f8:	cc22                	sw	s0,24(sp)
840649fa:	ca26                	sw	s1,20(sp)
840649fc:	00006417          	auipc	s0,0x6
84064a00:	37840413          	add	s0,s0,888 # 8406ad74 <mouse_5key_printed>
84064a04:	00006497          	auipc	s1,0x6
84064a08:	37448493          	add	s1,s1,884 # 8406ad78 <mouse_5key>
84064a0c:	4018                	lw	a4,0(s0)
84064a0e:	409c                	lw	a5,0(s1)
84064a10:	ce06                	sw	ra,28(sp)
84064a12:	04f70663          	beq	a4,a5,84064a5e <riscv_mouse_key_debug_print+0x68>
84064a16:	00006597          	auipc	a1,0x6
84064a1a:	2c65a583          	lw	a1,710(a1) # 8406acdc <hid_common>
84064a1e:	45ac                	lw	a1,72(a1)
84064a20:	00006617          	auipc	a2,0x6
84064a24:	4d060613          	add	a2,a2,1232 # 8406aef0 <combo_cfg>
84064a28:	4214                	lw	a3,0(a2)
84064a2a:	c82e                	sw	a1,16(sp)
84064a2c:	00006597          	auipc	a1,0x6
84064a30:	2a45a583          	lw	a1,676(a1) # 8406acd0 <combo_key_result>
84064a34:	c62e                	sw	a1,12(sp)
84064a36:	4250                	lw	a2,4(a2)
84064a38:	4585                	li	a1,1
84064a3a:	00006517          	auipc	a0,0x6
84064a3e:	24250513          	add	a0,a0,578 # 8406ac7c <log_control_block_riscv_ps>
84064a42:	c432                	sw	a2,8(sp)
84064a44:	42d0                	lw	a2,4(a3)
84064a46:	c232                	sw	a2,4(sp)
84064a48:	4294                	lw	a3,0(a3)
84064a4a:	81f9c617          	auipc	a2,0x81f9c
84064a4e:	80e60613          	add	a2,a2,-2034 # 6000258 <msg_id_string.0>
84064a52:	c036                	sw	a3,0(sp)
84064a54:	469d                	li	a3,7
84064a56:	3a0050ef          	jal	84069df6 <print_module_msgid_log>
84064a5a:	409c                	lw	a5,0(s1)
84064a5c:	c01c                	sw	a5,0(s0)
84064a5e:	40f2                	lw	ra,28(sp)
84064a60:	4462                	lw	s0,24(sp)
84064a62:	44d2                	lw	s1,20(sp)
84064a64:	6105                	add	sp,sp,32
84064a66:	8082                	ret

84064a68 <riscv_mouse_key__ccni_send_status>:
84064a68:	1131                	add	sp,sp,-20
84064a6a:	f8600793          	li	a5,-122
84064a6e:	00f10023          	sb	a5,0(sp)
84064a72:	00855793          	srl	a5,a0,0x8
84064a76:	00a100a3          	sb	a0,1(sp)
84064a7a:	00f10123          	sb	a5,2(sp)
84064a7e:	01055793          	srl	a5,a0,0x10
84064a82:	8161                	srl	a0,a0,0x18
84064a84:	00a10223          	sb	a0,4(sp)
84064a88:	4595                	li	a1,5
84064a8a:	850a                	mv	a0,sp
84064a8c:	c806                	sw	ra,16(sp)
84064a8e:	00f101a3          	sb	a5,3(sp)
84064a92:	3e61                	jal	8406462a <riscv_app_ccin_send>
84064a94:	40c2                	lw	ra,16(sp)
84064a96:	0151                	add	sp,sp,20
84064a98:	8082                	ret

84064a9a <riscv_mouse_key_id_to_key_status>:
84064a9a:	00006717          	auipc	a4,0x6
84064a9e:	42e70713          	add	a4,a4,1070 # 8406aec8 <rv_key_ids>
84064aa2:	00006697          	auipc	a3,0x6
84064aa6:	2da6a683          	lw	a3,730(a3) # 8406ad7c <rv_key_num>
84064aaa:	4781                	li	a5,0
84064aac:	00d79463          	bne	a5,a3,84064ab4 <riscv_mouse_key_id_to_key_status+0x1a>
84064ab0:	4501                	li	a0,0
84064ab2:	8082                	ret
84064ab4:	4310                	lw	a2,0(a4)
84064ab6:	0711                	add	a4,a4,4
84064ab8:	00a60463          	beq	a2,a0,84064ac0 <riscv_mouse_key_id_to_key_status+0x26>
84064abc:	0785                	add	a5,a5,1
84064abe:	b7fd                	j	84064aac <riscv_mouse_key_id_to_key_status+0x12>
84064ac0:	4505                	li	a0,1
84064ac2:	00f51533          	sll	a0,a0,a5
84064ac6:	8082                	ret

84064ac8 <peripheral_sampling_inactivity_timeout>:
84064ac8:	1141                	add	sp,sp,-16
84064aca:	f8100793          	li	a5,-127
84064ace:	850a                	mv	a0,sp
84064ad0:	4589                	li	a1,2
84064ad2:	c606                	sw	ra,12(sp)
84064ad4:	00f10023          	sb	a5,0(sp)
84064ad8:	3e89                	jal	8406462a <riscv_app_ccin_send>
84064ada:	40b2                	lw	ra,12(sp)
84064adc:	4789                	li	a5,2
84064ade:	00006717          	auipc	a4,0x6
84064ae2:	2af72523          	sw	a5,682(a4) # 8406ad88 <sampling_state>
84064ae6:	0141                	add	sp,sp,16
84064ae8:	8082                	ret

84064aea <riscv_fake_report_check>:
84064aea:	1151                	add	sp,sp,-12
84064aec:	c222                	sw	s0,4(sp)
84064aee:	c406                	sw	ra,8(sp)
84064af0:	322030ef          	jal	84067e12 <rv_fake_report__get_state>
84064af4:	842a                	mv	s0,a0
84064af6:	35b5                	jal	84064962 <riscv_mouse_keys_is_new_key_pressed>
84064af8:	c919                	beqz	a0,84064b0e <riscv_fake_report_check+0x24>
84064afa:	cc09                	beqz	s0,84064b14 <riscv_fake_report_check+0x2a>
84064afc:	4601                	li	a2,0
84064afe:	4581                	li	a1,0
84064b00:	4501                	li	a0,0
84064b02:	1de030ef          	jal	84067ce0 <rv_fake_report_config>
84064b06:	4412                	lw	s0,4(sp)
84064b08:	40a2                	lw	ra,8(sp)
84064b0a:	0131                	add	sp,sp,12
84064b0c:	be4d                	j	840646be <riscv_app_ccin_fake_data_disable>
84064b0e:	4789                	li	a5,2
84064b10:	fef406e3          	beq	s0,a5,84064afc <riscv_fake_report_check+0x12>
84064b14:	40a2                	lw	ra,8(sp)
84064b16:	4412                	lw	s0,4(sp)
84064b18:	0131                	add	sp,sp,12
84064b1a:	8082                	ret

84064b1c <peripheral_sampling_state_change_active>:
84064b1c:	00006797          	auipc	a5,0x6
84064b20:	2607a623          	sw	zero,620(a5) # 8406ad88 <sampling_state>
84064b24:	8082                	ret

84064b26 <peripheral_sampling_set_inActivity_timeout>:
84064b26:	00006797          	auipc	a5,0x6
84064b2a:	1b67a783          	lw	a5,438(a5) # 8406acdc <hid_common>
84064b2e:	43dc                	lw	a5,4(a5)
84064b30:	00006717          	auipc	a4,0x6
84064b34:	1af72223          	sw	a5,420(a4) # 8406acd4 <inActivity_time>
84064b38:	8082                	ret

84064b3a <peripheral_sampling_all_key_release_ccni_send>:
84064b3a:	1141                	add	sp,sp,-16
84064b3c:	f8200793          	li	a5,-126
84064b40:	850a                	mv	a0,sp
84064b42:	4589                	li	a1,2
84064b44:	c606                	sw	ra,12(sp)
84064b46:	00f10023          	sb	a5,0(sp)
84064b4a:	34c5                	jal	8406462a <riscv_app_ccin_send>
84064b4c:	40b2                	lw	ra,12(sp)
84064b4e:	4789                	li	a5,2
84064b50:	00006717          	auipc	a4,0x6
84064b54:	22f72a23          	sw	a5,564(a4) # 8406ad84 <pairing_state>
84064b58:	0141                	add	sp,sp,16
84064b5a:	8082                	ret

84064b5c <peripheral_sampling_pairing_check>:
84064b5c:	1151                	add	sp,sp,-12
84064b5e:	c222                	sw	s0,4(sp)
84064b60:	c406                	sw	ra,8(sp)
84064b62:	00006417          	auipc	s0,0x6
84064b66:	22240413          	add	s0,s0,546 # 8406ad84 <pairing_state>
84064b6a:	7a8010ef          	jal	84066312 <hid_express_get_hid_flag>
84064b6e:	401c                	lw	a5,0(s0)
84064b70:	cb81                	beqz	a5,84064b80 <peripheral_sampling_pairing_check+0x24>
84064b72:	4705                	li	a4,1
84064b74:	00e78963          	beq	a5,a4,84064b86 <peripheral_sampling_pairing_check+0x2a>
84064b78:	40a2                	lw	ra,8(sp)
84064b7a:	4412                	lw	s0,4(sp)
84064b7c:	0131                	add	sp,sp,12
84064b7e:	8082                	ret
84064b80:	4785                	li	a5,1
84064b82:	c01c                	sw	a5,0(s0)
84064b84:	bfd5                	j	84064b78 <peripheral_sampling_pairing_check+0x1c>
84064b86:	05c57793          	and	a5,a0,92
84064b8a:	05c00713          	li	a4,92
84064b8e:	00e79e63          	bne	a5,a4,84064baa <peripheral_sampling_pairing_check+0x4e>
84064b92:	00006797          	auipc	a5,0x6
84064b96:	20a7a783          	lw	a5,522(a5) # 8406ad9c <pka_share_ptr>
84064b9a:	00c7d703          	lhu	a4,12(a5)
84064b9e:	47a9                	li	a5,10
84064ba0:	fcf71ce3          	bne	a4,a5,84064b78 <peripheral_sampling_pairing_check+0x1c>
84064ba4:	3f59                	jal	84064b3a <peripheral_sampling_all_key_release_ccni_send>
84064ba6:	4789                	li	a5,2
84064ba8:	bfe9                	j	84064b82 <peripheral_sampling_pairing_check+0x26>
84064baa:	09057513          	and	a0,a0,144
84064bae:	09000793          	li	a5,144
84064bb2:	fcf513e3          	bne	a0,a5,84064b78 <peripheral_sampling_pairing_check+0x1c>
84064bb6:	766010ef          	jal	8406631c <hid_express_get_get_tx_result>
84064bba:	fd5d                	bnez	a0,84064b78 <peripheral_sampling_pairing_check+0x1c>
84064bbc:	b7e5                	j	84064ba4 <peripheral_sampling_pairing_check+0x48>

84064bbe <peripheral_sampling_idle_check>:
84064bbe:	1151                	add	sp,sp,-12
84064bc0:	c406                	sw	ra,8(sp)
84064bc2:	c222                	sw	s0,4(sp)
84064bc4:	c026                	sw	s1,0(sp)
84064bc6:	e91d                	bnez	a0,84064bfc <peripheral_sampling_idle_check+0x3e>
84064bc8:	00006717          	auipc	a4,0x6
84064bcc:	1c072703          	lw	a4,448(a4) # 8406ad88 <sampling_state>
84064bd0:	4785                	li	a5,1
84064bd2:	00f71863          	bne	a4,a5,84064be2 <peripheral_sampling_idle_check+0x24>
84064bd6:	00006517          	auipc	a0,0x6
84064bda:	1ba52503          	lw	a0,442(a0) # 8406ad90 <inActivity_gpt_hdl>
84064bde:	4bc040ef          	jal	8406909a <hal_gpt_sw_stop_timer_ms>
84064be2:	00006797          	auipc	a5,0x6
84064be6:	1a07a523          	sw	zero,426(a5) # 8406ad8c <inactivity_counter>
84064bea:	00006797          	auipc	a5,0x6
84064bee:	1807af23          	sw	zero,414(a5) # 8406ad88 <sampling_state>
84064bf2:	40a2                	lw	ra,8(sp)
84064bf4:	4412                	lw	s0,4(sp)
84064bf6:	4482                	lw	s1,0(sp)
84064bf8:	0131                	add	sp,sp,12
84064bfa:	8082                	ret
84064bfc:	00006717          	auipc	a4,0x6
84064c00:	19070713          	add	a4,a4,400 # 8406ad8c <inactivity_counter>
84064c04:	431c                	lw	a5,0(a4)
84064c06:	04f00693          	li	a3,79
84064c0a:	00f6e563          	bltu	a3,a5,84064c14 <peripheral_sampling_idle_check+0x56>
84064c0e:	0785                	add	a5,a5,1
84064c10:	c31c                	sw	a5,0(a4)
84064c12:	b7c5                	j	84064bf2 <peripheral_sampling_idle_check+0x34>
84064c14:	00006797          	auipc	a5,0x6
84064c18:	17478793          	add	a5,a5,372 # 8406ad88 <sampling_state>
84064c1c:	4398                	lw	a4,0(a5)
84064c1e:	fb71                	bnez	a4,84064bf2 <peripheral_sampling_idle_check+0x34>
84064c20:	00006497          	auipc	s1,0x6
84064c24:	0b448493          	add	s1,s1,180 # 8406acd4 <inActivity_time>
84064c28:	4098                	lw	a4,0(s1)
84064c2a:	d761                	beqz	a4,84064bf2 <peripheral_sampling_idle_check+0x34>
84064c2c:	00006417          	auipc	s0,0x6
84064c30:	16440413          	add	s0,s0,356 # 8406ad90 <inActivity_gpt_hdl>
84064c34:	4008                	lw	a0,0(s0)
84064c36:	4705                	li	a4,1
84064c38:	c398                	sw	a4,0(a5)
84064c3a:	460040ef          	jal	8406909a <hal_gpt_sw_stop_timer_ms>
84064c3e:	4008                	lw	a0,0(s0)
84064c40:	4412                	lw	s0,4(sp)
84064c42:	408c                	lw	a1,0(s1)
84064c44:	40a2                	lw	ra,8(sp)
84064c46:	4482                	lw	s1,0(sp)
84064c48:	4681                	li	a3,0
84064c4a:	00000617          	auipc	a2,0x0
84064c4e:	e7e60613          	add	a2,a2,-386 # 84064ac8 <peripheral_sampling_inactivity_timeout>
84064c52:	0131                	add	sp,sp,12
84064c54:	4420406f          	j	84069096 <hal_gpt_sw_start_timer_ms>

84064c58 <peripheral_sampling__need_early_key_handle_in_wireless_mode>:
84064c58:	00006797          	auipc	a5,0x6
84064c5c:	2bc7a783          	lw	a5,700(a5) # 8406af14 <riscv_app+0x14>
84064c60:	fbf7f693          	and	a3,a5,-65
84064c64:	4729                	li	a4,10
84064c66:	4505                	li	a0,1
84064c68:	00e68e63          	beq	a3,a4,84064c84 <peripheral_sampling__need_early_key_handle_in_wireless_mode+0x2c>
84064c6c:	0107f713          	and	a4,a5,16
84064c70:	eb11                	bnez	a4,84064c84 <peripheral_sampling__need_early_key_handle_in_wireless_mode+0x2c>
84064c72:	fc078713          	add	a4,a5,-64
84064c76:	fbe77713          	and	a4,a4,-66
84064c7a:	c709                	beqz	a4,84064c84 <peripheral_sampling__need_early_key_handle_in_wireless_mode+0x2c>
84064c7c:	f7678793          	add	a5,a5,-138
84064c80:	0017b513          	seqz	a0,a5
84064c84:	8082                	ret

84064c86 <peripheral_sampling_last_handler>:
84064c86:	1141                	add	sp,sp,-16
84064c88:	c606                	sw	ra,12(sp)
84064c8a:	260d                	jal	84064fac <riscv_wheel_post_process>
84064c8c:	69a010ef          	jal	84066326 <hid_express_get_outgpoig_report_result>
84064c90:	373d                	jal	84064bbe <peripheral_sampling_idle_check>
84064c92:	3da1                	jal	84064aea <riscv_fake_report_check>
84064c94:	6e9030ef          	jal	84068b7c <key_remap_get_process_status>
84064c98:	478d                	li	a5,3
84064c9a:	04f50563          	beq	a0,a5,84064ce4 <peripheral_sampling_last_handler+0x5e>
84064c9e:	02a7e263          	bltu	a5,a0,84064cc2 <peripheral_sampling_last_handler+0x3c>
84064ca2:	4785                	li	a5,1
84064ca4:	02f50563          	beq	a0,a5,84064cce <peripheral_sampling_last_handler+0x48>
84064ca8:	4789                	li	a5,2
84064caa:	02f50863          	beq	a0,a5,84064cda <peripheral_sampling_last_handler+0x54>
84064cae:	850a                	mv	a0,sp
84064cb0:	6ff030ef          	jal	84068bae <key_remap_get_key_status>
84064cb4:	c119                	beqz	a0,84064cba <peripheral_sampling_last_handler+0x34>
84064cb6:	4502                	lw	a0,0(sp)
84064cb8:	3b45                	jal	84064a68 <riscv_mouse_key__ccni_send_status>
84064cba:	36e5                	jal	840648a2 <riscv_mouse_key_post_process>
84064cbc:	40b2                	lw	ra,12(sp)
84064cbe:	0141                	add	sp,sp,16
84064cc0:	8082                	ret
84064cc2:	479d                	li	a5,7
84064cc4:	fef515e3          	bne	a0,a5,84064cae <peripheral_sampling_last_handler+0x28>
84064cc8:	4581                	li	a1,0
84064cca:	4529                	li	a0,10
84064ccc:	a019                	j	84064cd2 <peripheral_sampling_last_handler+0x4c>
84064cce:	4581                	li	a1,0
84064cd0:	4519                	li	a0,6
84064cd2:	3411                	jal	840646d6 <riscv_app_ccni_key_remap_send>
84064cd4:	6b3030ef          	jal	84068b86 <key_remap_state_reset>
84064cd8:	bfd9                	j	84064cae <peripheral_sampling_last_handler+0x28>
84064cda:	6c5030ef          	jal	84068b9e <key_remap_get_dpi_attr>
84064cde:	85aa                	mv	a1,a0
84064ce0:	451d                	li	a0,7
84064ce2:	bfc5                	j	84064cd2 <peripheral_sampling_last_handler+0x4c>
84064ce4:	4589                	li	a1,2
84064ce6:	bfed                	j	84064ce0 <peripheral_sampling_last_handler+0x5a>

84064ce8 <peripheral_sampling_handler>:
84064ce8:	1151                	add	sp,sp,-12
84064cea:	c222                	sw	s0,4(sp)
84064cec:	c406                	sw	ra,8(sp)
84064cee:	4789                	li	a5,2
84064cf0:	842e                	mv	s0,a1
84064cf2:	06f50f63          	beq	a0,a5,84064d70 <peripheral_sampling_handler+0x88>
84064cf6:	02a7e663          	bltu	a5,a0,84064d22 <peripheral_sampling_handler+0x3a>
84064cfa:	e91d                	bnez	a0,84064d30 <peripheral_sampling_handler+0x48>
84064cfc:	3fb1                	jal	84064c58 <peripheral_sampling__need_early_key_handle_in_wireless_mode>
84064cfe:	00006797          	auipc	a5,0x6
84064d02:	20278793          	add	a5,a5,514 # 8406af00 <riscv_app>
84064d06:	c509                	beqz	a0,84064d10 <peripheral_sampling_handler+0x28>
84064d08:	4b94                	lw	a3,16(a5)
84064d0a:	4719                	li	a4,6
84064d0c:	00e68763          	beq	a3,a4,84064d1a <peripheral_sampling_handler+0x32>
84064d10:	4bd8                	lw	a4,20(a5)
84064d12:	02100793          	li	a5,33
84064d16:	00f71963          	bne	a4,a5,84064d28 <peripheral_sampling_handler+0x40>
84064d1a:	4412                	lw	s0,4(sp)
84064d1c:	40a2                	lw	ra,8(sp)
84064d1e:	0131                	add	sp,sp,12
84064d20:	be81                	j	84064870 <riscv_mouse_key_early_handle>
84064d22:	478d                	li	a5,3
84064d24:	06f50563          	beq	a0,a5,84064d8e <peripheral_sampling_handler+0xa6>
84064d28:	40a2                	lw	ra,8(sp)
84064d2a:	4412                	lw	s0,4(sp)
84064d2c:	0131                	add	sp,sp,12
84064d2e:	8082                	ret
84064d30:	00006797          	auipc	a5,0x6
84064d34:	0c87a783          	lw	a5,200(a5) # 8406adf8 <hid_flags>
84064d38:	2007f793          	and	a5,a5,512
84064d3c:	c789                	beqz	a5,84064d46 <peripheral_sampling_handler+0x5e>
84064d3e:	4412                	lw	s0,4(sp)
84064d40:	40a2                	lw	ra,8(sp)
84064d42:	0131                	add	sp,sp,12
84064d44:	bd21                	j	84064b5c <peripheral_sampling_pairing_check>
84064d46:	05b1                	add	a1,a1,12
84064d48:	00840513          	add	a0,s0,8
84064d4c:	3429                	jal	84064756 <riscv_motion_sensor_data_get>
84064d4e:	3729                	jal	84064c58 <peripheral_sampling__need_early_key_handle_in_wireless_mode>
84064d50:	c909                	beqz	a0,84064d62 <peripheral_sampling_handler+0x7a>
84064d52:	00006717          	auipc	a4,0x6
84064d56:	1be72703          	lw	a4,446(a4) # 8406af10 <riscv_app+0x10>
84064d5a:	4799                	li	a5,6
84064d5c:	00f70363          	beq	a4,a5,84064d62 <peripheral_sampling_handler+0x7a>
84064d60:	3e01                	jal	84064870 <riscv_mouse_key_early_handle>
84064d62:	01040513          	add	a0,s0,16
84064d66:	2a59                	jal	84064efc <riscv_wheel_get_data>
84064d68:	4412                	lw	s0,4(sp)
84064d6a:	40a2                	lw	ra,8(sp)
84064d6c:	0131                	add	sp,sp,12
84064d6e:	aabd                	j	84064eec <riscv_wheel_trigger_read_process>
84064d70:	4785                	li	a5,1
84064d72:	c19c                	sw	a5,0(a1)
84064d74:	00006797          	auipc	a5,0x6
84064d78:	0847a783          	lw	a5,132(a5) # 8406adf8 <hid_flags>
84064d7c:	2007f793          	and	a5,a5,512
84064d80:	f7c5                	bnez	a5,84064d28 <peripheral_sampling_handler+0x40>
84064d82:	4412                	lw	s0,4(sp)
84064d84:	40a2                	lw	ra,8(sp)
84064d86:	00458513          	add	a0,a1,4
84064d8a:	0131                	add	sp,sp,12
84064d8c:	bccd                	j	8406487e <riscv_mouse_key_get_key_status>
84064d8e:	4412                	lw	s0,4(sp)
84064d90:	40a2                	lw	ra,8(sp)
84064d92:	0131                	add	sp,sp,12
84064d94:	bdcd                	j	84064c86 <peripheral_sampling_last_handler>

84064d96 <peripheral_sampling_deinit>:
84064d96:	1151                	add	sp,sp,-12
84064d98:	c222                	sw	s0,4(sp)
84064d9a:	00006417          	auipc	s0,0x6
84064d9e:	ff640413          	add	s0,s0,-10 # 8406ad90 <inActivity_gpt_hdl>
84064da2:	4008                	lw	a0,0(s0)
84064da4:	c406                	sw	ra,8(sp)
84064da6:	2f4040ef          	jal	8406909a <hal_gpt_sw_stop_timer_ms>
84064daa:	4008                	lw	a0,0(s0)
84064dac:	280040ef          	jal	8406902c <hal_gpt_sw_free_timer>
84064db0:	4412                	lw	s0,4(sp)
84064db2:	40a2                	lw	ra,8(sp)
84064db4:	0131                	add	sp,sp,12
84064db6:	4250106f          	j	840669da <hid_express_deinit>

84064dba <peripheral_sampling_debug_print>:
84064dba:	1151                	add	sp,sp,-12
84064dbc:	c406                	sw	ra,8(sp)
84064dbe:	3925                	jal	840649f6 <riscv_mouse_key_debug_print>
84064dc0:	40a2                	lw	ra,8(sp)
84064dc2:	0131                	add	sp,sp,12
84064dc4:	a4ad                	j	8406502e <riscv_wheel_debug_print>

84064dc6 <peripheral_sampling_common_para_update>:
84064dc6:	1141                	add	sp,sp,-16
84064dc8:	c422                	sw	s0,8(sp)
84064dca:	c606                	sw	ra,12(sp)
84064dcc:	00006417          	auipc	s0,0x6
84064dd0:	13440413          	add	s0,s0,308 # 8406af00 <riscv_app>
84064dd4:	00006717          	auipc	a4,0x6
84064dd8:	f0872703          	lw	a4,-248(a4) # 8406acdc <hid_common>
84064ddc:	03974683          	lbu	a3,57(a4)
84064de0:	03a74783          	lbu	a5,58(a4)
84064de4:	4858                	lw	a4,20(s0)
84064de6:	c454                	sw	a3,12(s0)
84064de8:	c41c                	sw	a5,8(s0)
84064dea:	c814                	sw	a3,16(s0)
84064dec:	02077613          	and	a2,a4,32
84064df0:	c61d                	beqz	a2,84064e1e <peripheral_sampling_common_para_update+0x58>
84064df2:	c81c                	sw	a5,16(s0)
84064df4:	c036                	sw	a3,0(sp)
84064df6:	4818                	lw	a4,16(s0)
84064df8:	468d                	li	a3,3
84064dfa:	81f9b617          	auipc	a2,0x81f9b
84064dfe:	56660613          	add	a2,a2,1382 # 6000360 <msg_id_string.0>
84064e02:	4585                	li	a1,1
84064e04:	00006517          	auipc	a0,0x6
84064e08:	e7850513          	add	a0,a0,-392 # 8406ac7c <log_control_block_riscv_ps>
84064e0c:	7eb040ef          	jal	84069df6 <print_module_msgid_log>
84064e10:	4808                	lw	a0,16(s0)
84064e12:	311010ef          	jal	84066922 <hid_express_set_report_rate_idx>
84064e16:	4422                	lw	s0,8(sp)
84064e18:	40b2                	lw	ra,12(sp)
84064e1a:	0141                	add	sp,sp,16
84064e1c:	bee1                	j	840649f4 <riscv_mouse_key_common_para_update>
84064e1e:	08077613          	and	a2,a4,128
84064e22:	fa69                	bnez	a2,84064df4 <peripheral_sampling_common_para_update+0x2e>
84064e24:	04077713          	and	a4,a4,64
84064e28:	d771                	beqz	a4,84064df4 <peripheral_sampling_common_para_update+0x2e>
84064e2a:	00006717          	auipc	a4,0x6
84064e2e:	0e072323          	sw	zero,230(a4) # 8406af10 <riscv_app+0x10>
84064e32:	b7c9                	j	84064df4 <peripheral_sampling_common_para_update+0x2e>

84064e34 <peripheral_sampling_init>:
84064e34:	1151                	add	sp,sp,-12
84064e36:	00006517          	auipc	a0,0x6
84064e3a:	0ca50513          	add	a0,a0,202 # 8406af00 <riscv_app>
84064e3e:	c406                	sw	ra,8(sp)
84064e40:	39e010ef          	jal	840661de <hid_common_get_hid_exp_features>
84064e44:	22ad                	jal	84064fae <riscv_wheel_init>
84064e46:	955ff0ef          	jal	8406479a <riscv_motion_sensor_init>
84064e4a:	3459                	jal	840648d0 <riscv_mouse_key_init>
84064e4c:	3fad                	jal	84064dc6 <peripheral_sampling_common_para_update>
84064e4e:	00006517          	auipc	a0,0x6
84064e52:	0b252503          	lw	a0,178(a0) # 8406af00 <riscv_app>
84064e56:	291010ef          	jal	840668e6 <hid_express_set_features>
84064e5a:	31f1                	jal	84064b26 <peripheral_sampling_set_inActivity_timeout>
84064e5c:	00006517          	auipc	a0,0x6
84064e60:	f3450513          	add	a0,a0,-204 # 8406ad90 <inActivity_gpt_hdl>
84064e64:	0ae040ef          	jal	84068f12 <hal_gpt_sw_get_timer>
84064e68:	00000517          	auipc	a0,0x0
84064e6c:	e8050513          	add	a0,a0,-384 # 84064ce8 <peripheral_sampling_handler>
84064e70:	20b010ef          	jal	8406687a <hid_express_init>
84064e74:	40a2                	lw	ra,8(sp)
84064e76:	4501                	li	a0,0
84064e78:	0131                	add	sp,sp,12
84064e7a:	8082                	ret

84064e7c <peripheral_sampling_app_state_update>:
84064e7c:	1151                	add	sp,sp,-12
84064e7e:	c026                	sw	s1,0(sp)
84064e80:	00006497          	auipc	s1,0x6
84064e84:	08048493          	add	s1,s1,128 # 8406af00 <riscv_app>
84064e88:	48d8                	lw	a4,20(s1)
84064e8a:	c222                	sw	s0,4(sp)
84064e8c:	4685                	li	a3,1
84064e8e:	842a                	mv	s0,a0
84064e90:	81f9b617          	auipc	a2,0x81f9b
84064e94:	54460613          	add	a2,a2,1348 # 60003d4 <msg_id_string.1>
84064e98:	4585                	li	a1,1
84064e9a:	00006517          	auipc	a0,0x6
84064e9e:	de250513          	add	a0,a0,-542 # 8406ac7c <log_control_block_riscv_ps>
84064ea2:	c406                	sw	ra,8(sp)
84064ea4:	753040ef          	jal	84069df6 <print_module_msgid_log>
84064ea8:	02000793          	li	a5,32
84064eac:	c8c0                	sw	s0,20(s1)
84064eae:	02f40763          	beq	s0,a5,84064edc <peripheral_sampling_app_state_update+0x60>
84064eb2:	0287e063          	bltu	a5,s0,84064ed2 <peripheral_sampling_app_state_update+0x56>
84064eb6:	478d                	li	a5,3
84064eb8:	02f40463          	beq	s0,a5,84064ee0 <peripheral_sampling_app_state_update+0x64>
84064ebc:	47a9                	li	a5,10
84064ebe:	00f40f63          	beq	s0,a5,84064edc <peripheral_sampling_app_state_update+0x60>
84064ec2:	8522                	mv	a0,s0
84064ec4:	363d                	jal	840649f2 <riscv_mouse_key__app_state_update>
84064ec6:	8522                	mv	a0,s0
84064ec8:	4412                	lw	s0,4(sp)
84064eca:	40a2                	lw	ra,8(sp)
84064ecc:	4482                	lw	s1,0(sp)
84064ece:	0131                	add	sp,sp,12
84064ed0:	aa91                	j	84065024 <riscv_wheel__app_state_update>
84064ed2:	fc040793          	add	a5,s0,-64
84064ed6:	fbf7f793          	and	a5,a5,-65
84064eda:	f7e5                	bnez	a5,84064ec2 <peripheral_sampling_app_state_update+0x46>
84064edc:	35ed                	jal	84064dc6 <peripheral_sampling_common_para_update>
84064ede:	b7d5                	j	84064ec2 <peripheral_sampling_app_state_update+0x46>
84064ee0:	00006797          	auipc	a5,0x6
84064ee4:	ea07a223          	sw	zero,-348(a5) # 8406ad84 <pairing_state>
84064ee8:	357d                	jal	84064d96 <peripheral_sampling_deinit>
84064eea:	bfe1                	j	84064ec2 <peripheral_sampling_app_state_update+0x46>

84064eec <riscv_wheel_trigger_read_process>:
84064eec:	1151                	add	sp,sp,-12
84064eee:	c406                	sw	ra,8(sp)
84064ef0:	7e8040ef          	jal	840696d8 <hal_qdec_set_latch_clear>
84064ef4:	40a2                	lw	ra,8(sp)
84064ef6:	4501                	li	a0,0
84064ef8:	0131                	add	sp,sp,12
84064efa:	8082                	ret

84064efc <riscv_wheel_get_data>:
84064efc:	1131                	add	sp,sp,-20
84064efe:	c622                	sw	s0,12(sp)
84064f00:	c426                	sw	s1,8(sp)
84064f02:	c806                	sw	ra,16(sp)
84064f04:	00052023          	sw	zero,0(a0)
84064f08:	84aa                	mv	s1,a0
84064f0a:	00310513          	add	a0,sp,3
84064f0e:	00011223          	sh	zero,4(sp)
84064f12:	0bd040ef          	jal	840697ce <hal_qdec_latch_status_is_busy>
84064f16:	547d                	li	s0,-1
84064f18:	e925                	bnez	a0,84064f88 <riscv_wheel_get_data+0x8c>
84064f1a:	842a                	mv	s0,a0
84064f1c:	0048                	add	a0,sp,4
84064f1e:	7dc040ef          	jal	840696fa <hal_qdec_get_data>
84064f22:	00411783          	lh	a5,4(sp)
84064f26:	c785                	beqz	a5,84064f4e <riscv_wheel_get_data+0x52>
84064f28:	00610513          	add	a0,sp,6
84064f2c:	2a41                	jal	840650bc <riscv_wheel_queue_pop_temp>
84064f2e:	00411503          	lh	a0,4(sp)
84064f32:	00a05863          	blez	a0,84064f42 <riscv_wheel_get_data+0x46>
84064f36:	00611783          	lh	a5,6(sp)
84064f3a:	00f04963          	bgtz	a5,84064f4c <riscv_wheel_get_data+0x50>
84064f3e:	2a05                	jal	8406506e <riscv_wheel_queue_push>
84064f40:	a039                	j	84064f4e <riscv_wheel_get_data+0x52>
84064f42:	dd75                	beqz	a0,84064f3e <riscv_wheel_get_data+0x42>
84064f44:	00611783          	lh	a5,6(sp)
84064f48:	fe07dbe3          	bgez	a5,84064f3e <riscv_wheel_get_data+0x42>
84064f4c:	227d                	jal	840650fa <riscv_wheel_queue_update>
84064f4e:	00610513          	add	a0,sp,6
84064f52:	22ad                	jal	840650bc <riscv_wheel_queue_pop_temp>
84064f54:	00611783          	lh	a5,6(sp)
84064f58:	02f05e63          	blez	a5,84064f94 <riscv_wheel_get_data+0x98>
84064f5c:	17fd                	add	a5,a5,-1
84064f5e:	557d                	li	a0,-1
84064f60:	00f11323          	sh	a5,6(sp)
84064f64:	2a59                	jal	840650fa <riscv_wheel_queue_update>
84064f66:	00611783          	lh	a5,6(sp)
84064f6a:	e391                	bnez	a5,84064f6e <riscv_wheel_get_data+0x72>
84064f6c:	2ab5                	jal	840650e8 <riscv_wheel_queue_pop_confirm>
84064f6e:	4785                	li	a5,1
84064f70:	00f11223          	sh	a5,4(sp)
84064f74:	00006717          	auipc	a4,0x6
84064f78:	e2072703          	lw	a4,-480(a4) # 8406ad94 <qdec_reverse_enable>
84064f7c:	00411783          	lh	a5,4(sp)
84064f80:	c319                	beqz	a4,84064f86 <riscv_wheel_get_data+0x8a>
84064f82:	40f007b3          	neg	a5,a5
84064f86:	c09c                	sw	a5,0(s1)
84064f88:	40c2                	lw	ra,16(sp)
84064f8a:	8522                	mv	a0,s0
84064f8c:	4432                	lw	s0,12(sp)
84064f8e:	44a2                	lw	s1,8(sp)
84064f90:	0151                	add	sp,sp,20
84064f92:	8082                	ret
84064f94:	d3e5                	beqz	a5,84064f74 <riscv_wheel_get_data+0x78>
84064f96:	0785                	add	a5,a5,1
84064f98:	4505                	li	a0,1
84064f9a:	00f11323          	sh	a5,6(sp)
84064f9e:	2ab1                	jal	840650fa <riscv_wheel_queue_update>
84064fa0:	00611783          	lh	a5,6(sp)
84064fa4:	e391                	bnez	a5,84064fa8 <riscv_wheel_get_data+0xac>
84064fa6:	2289                	jal	840650e8 <riscv_wheel_queue_pop_confirm>
84064fa8:	57fd                	li	a5,-1
84064faa:	b7d9                	j	84064f70 <riscv_wheel_get_data+0x74>

84064fac <riscv_wheel_post_process>:
84064fac:	8082                	ret

84064fae <riscv_wheel_init>:
84064fae:	00006717          	auipc	a4,0x6
84064fb2:	d2e72703          	lw	a4,-722(a4) # 8406acdc <hid_common>
84064fb6:	431c                	lw	a5,0(a4)
84064fb8:	1141                	add	sp,sp,-16
84064fba:	c606                	sw	ra,12(sp)
84064fbc:	8b89                	and	a5,a5,2
84064fbe:	00006697          	auipc	a3,0x6
84064fc2:	dd668693          	add	a3,a3,-554 # 8406ad94 <qdec_reverse_enable>
84064fc6:	c399                	beqz	a5,84064fcc <riscv_wheel_init+0x1e>
84064fc8:	4785                	li	a5,1
84064fca:	c29c                	sw	a5,0(a3)
84064fcc:	01674783          	lbu	a5,22(a4)
84064fd0:	01774703          	lbu	a4,23(a4)
84064fd4:	00006517          	auipc	a0,0x6
84064fd8:	ca850513          	add	a0,a0,-856 # 8406ac7c <log_control_block_riscv_ps>
84064fdc:	00006617          	auipc	a2,0x6
84064fe0:	daf60ea3          	sb	a5,-579(a2) # 8406ad99 <scroll_ctrl_pin_id>
84064fe4:	8b05                	and	a4,a4,1
84064fe6:	c03a                	sw	a4,0(sp)
84064fe8:	00006617          	auipc	a2,0x6
84064fec:	dae60823          	sb	a4,-592(a2) # 8406ad98 <scroll_active_level>
84064ff0:	4298                	lw	a4,0(a3)
84064ff2:	81f9b617          	auipc	a2,0x81f9b
84064ff6:	46e60613          	add	a2,a2,1134 # 6000460 <msg_id_string.1>
84064ffa:	468d                	li	a3,3
84064ffc:	4585                	li	a1,1
84064ffe:	5f9040ef          	jal	84069df6 <print_module_msgid_log>
84065002:	203d                	jal	84065030 <riscv_wheel_queue_init_q_ctrl>
84065004:	40b2                	lw	ra,12(sp)
84065006:	4501                	li	a0,0
84065008:	0141                	add	sp,sp,16
8406500a:	8082                	ret

8406500c <riscv_wheel_deinit>:
8406500c:	4681                	li	a3,0
8406500e:	81f9b617          	auipc	a2,0x81f9b
84065012:	42260613          	add	a2,a2,1058 # 6000430 <msg_id_string.0>
84065016:	4585                	li	a1,1
84065018:	00006517          	auipc	a0,0x6
8406501c:	c6450513          	add	a0,a0,-924 # 8406ac7c <log_control_block_riscv_ps>
84065020:	5d70406f          	j	84069df6 <print_module_msgid_log>

84065024 <riscv_wheel__app_state_update>:
84065024:	478d                	li	a5,3
84065026:	00f51363          	bne	a0,a5,8406502c <riscv_wheel__app_state_update+0x8>
8406502a:	b7cd                	j	8406500c <riscv_wheel_deinit>
8406502c:	8082                	ret

8406502e <riscv_wheel_debug_print>:
8406502e:	8082                	ret

84065030 <riscv_wheel_queue_init_q_ctrl>:
84065030:	00006797          	auipc	a5,0x6
84065034:	ee878793          	add	a5,a5,-280 # 8406af18 <wheel_q_Ctrl>
84065038:	0007a823          	sw	zero,16(a5)
8406503c:	0007aa23          	sw	zero,20(a5)
84065040:	8082                	ret

84065042 <riscv_wheel_queue_is_full>:
84065042:	00006797          	auipc	a5,0x6
84065046:	ed678793          	add	a5,a5,-298 # 8406af18 <wheel_q_Ctrl>
8406504a:	4b88                	lw	a0,16(a5)
8406504c:	4bdc                	lw	a5,20(a5)
8406504e:	0505                	add	a0,a0,1
84065050:	891d                	and	a0,a0,7
84065052:	8d1d                	sub	a0,a0,a5
84065054:	00153513          	seqz	a0,a0
84065058:	8082                	ret

8406505a <riscv_wheel_queue_is_empty>:
8406505a:	00006797          	auipc	a5,0x6
8406505e:	ebe78793          	add	a5,a5,-322 # 8406af18 <wheel_q_Ctrl>
84065062:	4b88                	lw	a0,16(a5)
84065064:	4bdc                	lw	a5,20(a5)
84065066:	8d1d                	sub	a0,a0,a5
84065068:	00153513          	seqz	a0,a0
8406506c:	8082                	ret

8406506e <riscv_wheel_queue_push>:
8406506e:	1151                	add	sp,sp,-12
84065070:	c222                	sw	s0,4(sp)
84065072:	c406                	sw	ra,8(sp)
84065074:	842a                	mv	s0,a0
84065076:	37f1                	jal	84065042 <riscv_wheel_queue_is_full>
84065078:	c105                	beqz	a0,84065098 <riscv_wheel_queue_push+0x2a>
8406507a:	4412                	lw	s0,4(sp)
8406507c:	40a2                	lw	ra,8(sp)
8406507e:	4681                	li	a3,0
84065080:	81f9b617          	auipc	a2,0x81f9b
84065084:	45c60613          	add	a2,a2,1116 # 60004dc <msg_id_string.0>
84065088:	4585                	li	a1,1
8406508a:	00006517          	auipc	a0,0x6
8406508e:	bf250513          	add	a0,a0,-1038 # 8406ac7c <log_control_block_riscv_ps>
84065092:	0131                	add	sp,sp,12
84065094:	5630406f          	j	84069df6 <print_module_msgid_log>
84065098:	cc11                	beqz	s0,840650b4 <riscv_wheel_queue_push+0x46>
8406509a:	00006717          	auipc	a4,0x6
8406509e:	e7e70713          	add	a4,a4,-386 # 8406af18 <wheel_q_Ctrl>
840650a2:	4b1c                	lw	a5,16(a4)
840650a4:	00179693          	sll	a3,a5,0x1
840650a8:	0785                	add	a5,a5,1
840650aa:	96ba                	add	a3,a3,a4
840650ac:	8b9d                	and	a5,a5,7
840650ae:	00869023          	sh	s0,0(a3)
840650b2:	cb1c                	sw	a5,16(a4)
840650b4:	40a2                	lw	ra,8(sp)
840650b6:	4412                	lw	s0,4(sp)
840650b8:	0131                	add	sp,sp,12
840650ba:	8082                	ret

840650bc <riscv_wheel_queue_pop_temp>:
840650bc:	1151                	add	sp,sp,-12
840650be:	c222                	sw	s0,4(sp)
840650c0:	c406                	sw	ra,8(sp)
840650c2:	842a                	mv	s0,a0
840650c4:	3f59                	jal	8406505a <riscv_wheel_queue_is_empty>
840650c6:	4781                	li	a5,0
840650c8:	e911                	bnez	a0,840650dc <riscv_wheel_queue_pop_temp+0x20>
840650ca:	00006797          	auipc	a5,0x6
840650ce:	e4e78793          	add	a5,a5,-434 # 8406af18 <wheel_q_Ctrl>
840650d2:	4bd8                	lw	a4,20(a5)
840650d4:	0706                	sll	a4,a4,0x1
840650d6:	97ba                	add	a5,a5,a4
840650d8:	00079783          	lh	a5,0(a5)
840650dc:	40a2                	lw	ra,8(sp)
840650de:	00f41023          	sh	a5,0(s0)
840650e2:	4412                	lw	s0,4(sp)
840650e4:	0131                	add	sp,sp,12
840650e6:	8082                	ret

840650e8 <riscv_wheel_queue_pop_confirm>:
840650e8:	00006717          	auipc	a4,0x6
840650ec:	e3070713          	add	a4,a4,-464 # 8406af18 <wheel_q_Ctrl>
840650f0:	4b5c                	lw	a5,20(a4)
840650f2:	0785                	add	a5,a5,1
840650f4:	8b9d                	and	a5,a5,7
840650f6:	cb5c                	sw	a5,20(a4)
840650f8:	8082                	ret

840650fa <riscv_wheel_queue_update>:
840650fa:	00006797          	auipc	a5,0x6
840650fe:	e1e78793          	add	a5,a5,-482 # 8406af18 <wheel_q_Ctrl>
84065102:	4bd8                	lw	a4,20(a5)
84065104:	0706                	sll	a4,a4,0x1
84065106:	97ba                	add	a5,a5,a4
84065108:	0007d703          	lhu	a4,0(a5)
8406510c:	972a                	add	a4,a4,a0
8406510e:	00e79023          	sh	a4,0(a5)
84065112:	8082                	ret

84065114 <system_init>:
84065114:	1151                	add	sp,sp,-12
84065116:	c406                	sw	ra,8(sp)
84065118:	593000ef          	jal	84065eaa <hal_ccni_init>
8406511c:	4585                	li	a1,1
8406511e:	4505                	li	a0,1
84065120:	7a1000ef          	jal	840660c0 <hal_core_status_write>
84065124:	601040ef          	jal	84069f24 <log_init>
84065128:	07b040ef          	jal	840699a2 <hal_sleep_manager_init>
8406512c:	4589                	li	a1,2
8406512e:	4505                	li	a0,1
84065130:	791000ef          	jal	840660c0 <hal_core_status_write>
84065134:	30046073          	csrs	mstatus,8
84065138:	40a2                	lw	ra,8(sp)
8406513a:	0131                	add	sp,sp,12
8406513c:	8082                	ret

8406513e <riscv_pka_rtt_tx_post_prepare_callback>:
8406513e:	ed09                	bnez	a0,84065158 <riscv_pka_rtt_tx_post_prepare_callback+0x1a>
84065140:	1151                	add	sp,sp,-12
84065142:	c406                	sw	ra,8(sp)
84065144:	4a9000ef          	jal	84065dec <pka_share_tx_forward_prepare_rtt0>
84065148:	40a2                	lw	ra,8(sp)
8406514a:	4785                	li	a5,1
8406514c:	00006717          	auipc	a4,0x6
84065150:	c4f70723          	sb	a5,-946(a4) # 8406ad9a <rtt_counter>
84065154:	0131                	add	sp,sp,12
84065156:	8082                	ret
84065158:	4781                	li	a5,0
8406515a:	00006717          	auipc	a4,0x6
8406515e:	c4f70023          	sb	a5,-960(a4) # 8406ad9a <rtt_counter>
84065162:	8082                	ret

84065164 <pka_share_OS_dlist_getfront>:
84065164:	87aa                	mv	a5,a0
84065166:	4148                	lw	a0,4(a0)
84065168:	00a78963          	beq	a5,a0,8406517a <pka_share_OS_dlist_getfront+0x16>
8406516c:	4118                	lw	a4,0(a0)
8406516e:	415c                	lw	a5,4(a0)
84065170:	c35c                	sw	a5,4(a4)
84065172:	c398                	sw	a4,0(a5)
84065174:	c108                	sw	a0,0(a0)
84065176:	c148                	sw	a0,4(a0)
84065178:	8082                	ret
8406517a:	4501                	li	a0,0
8406517c:	8082                	ret

8406517e <__pka_share_OSMQ_Get>:
8406517e:	1151                	add	sp,sp,-12
84065180:	c222                	sw	s0,4(sp)
84065182:	c406                	sw	ra,8(sp)
84065184:	842a                	mv	s0,a0
84065186:	ed09                	bnez	a0,840651a0 <__pka_share_OSMQ_Get+0x22>
84065188:	0b600613          	li	a2,182
8406518c:	81f9b597          	auipc	a1,0x81f9b
84065190:	5b058593          	add	a1,a1,1456 # 600073c <file.11>
84065194:	81f9b517          	auipc	a0,0x81f9b
84065198:	5e050513          	add	a0,a0,1504 # 6000774 <exp.12>
8406519c:	221040ef          	jal	84069bbc <light_assert>
840651a0:	441c                	lw	a5,8(s0)
840651a2:	cb81                	beqz	a5,840651b2 <__pka_share_OSMQ_Get+0x34>
840651a4:	17fd                	add	a5,a5,-1
840651a6:	c41c                	sw	a5,8(s0)
840651a8:	8522                	mv	a0,s0
840651aa:	4412                	lw	s0,4(sp)
840651ac:	40a2                	lw	ra,8(sp)
840651ae:	0131                	add	sp,sp,12
840651b0:	bf55                	j	84065164 <pka_share_OS_dlist_getfront>
840651b2:	40a2                	lw	ra,8(sp)
840651b4:	4412                	lw	s0,4(sp)
840651b6:	4501                	li	a0,0
840651b8:	0131                	add	sp,sp,12
840651ba:	8082                	ret

840651bc <pka_share_OSMQ_Put>:
840651bc:	1151                	add	sp,sp,-12
840651be:	c222                	sw	s0,4(sp)
840651c0:	c026                	sw	s1,0(sp)
840651c2:	c406                	sw	ra,8(sp)
840651c4:	842a                	mv	s0,a0
840651c6:	84ae                	mv	s1,a1
840651c8:	ed09                	bnez	a0,840651e2 <pka_share_OSMQ_Put+0x26>
840651ca:	0db00613          	li	a2,219
840651ce:	81f9b597          	auipc	a1,0x81f9b
840651d2:	52658593          	add	a1,a1,1318 # 60006f4 <file.9>
840651d6:	81f9b517          	auipc	a0,0x81f9b
840651da:	55650513          	add	a0,a0,1366 # 600072c <exp.10>
840651de:	1df040ef          	jal	84069bbc <light_assert>
840651e2:	ec89                	bnez	s1,840651fc <pka_share_OSMQ_Put+0x40>
840651e4:	0dc00613          	li	a2,220
840651e8:	81f9b597          	auipc	a1,0x81f9b
840651ec:	4c858593          	add	a1,a1,1224 # 60006b0 <file.7>
840651f0:	81f9b517          	auipc	a0,0x81f9b
840651f4:	4f850513          	add	a0,a0,1272 # 60006e8 <exp.8>
840651f8:	1c5040ef          	jal	84069bbc <light_assert>
840651fc:	401c                	lw	a5,0(s0)
840651fe:	c0c0                	sw	s0,4(s1)
84065200:	40a2                	lw	ra,8(sp)
84065202:	c09c                	sw	a5,0(s1)
84065204:	c3c4                	sw	s1,4(a5)
84065206:	441c                	lw	a5,8(s0)
84065208:	c004                	sw	s1,0(s0)
8406520a:	4482                	lw	s1,0(sp)
8406520c:	0785                	add	a5,a5,1
8406520e:	c41c                	sw	a5,8(s0)
84065210:	4412                	lw	s0,4(sp)
84065212:	0131                	add	sp,sp,12
84065214:	8082                	ret

84065216 <pka_share_OSMQ_PutFront>:
84065216:	1151                	add	sp,sp,-12
84065218:	c222                	sw	s0,4(sp)
8406521a:	c026                	sw	s1,0(sp)
8406521c:	c406                	sw	ra,8(sp)
8406521e:	842a                	mv	s0,a0
84065220:	84ae                	mv	s1,a1
84065222:	ed09                	bnez	a0,8406523c <pka_share_OSMQ_PutFront+0x26>
84065224:	0ea00613          	li	a2,234
84065228:	81f9b597          	auipc	a1,0x81f9b
8406522c:	44058593          	add	a1,a1,1088 # 6000668 <file.5>
84065230:	81f9b517          	auipc	a0,0x81f9b
84065234:	47050513          	add	a0,a0,1136 # 60006a0 <exp.6>
84065238:	185040ef          	jal	84069bbc <light_assert>
8406523c:	ec89                	bnez	s1,84065256 <pka_share_OSMQ_PutFront+0x40>
8406523e:	0eb00613          	li	a2,235
84065242:	81f9b597          	auipc	a1,0x81f9b
84065246:	3e258593          	add	a1,a1,994 # 6000624 <file.3>
8406524a:	81f9b517          	auipc	a0,0x81f9b
8406524e:	41250513          	add	a0,a0,1042 # 600065c <exp.4>
84065252:	16b040ef          	jal	84069bbc <light_assert>
84065256:	405c                	lw	a5,4(s0)
84065258:	c080                	sw	s0,0(s1)
8406525a:	40a2                	lw	ra,8(sp)
8406525c:	c0dc                	sw	a5,4(s1)
8406525e:	c044                	sw	s1,4(s0)
84065260:	c384                	sw	s1,0(a5)
84065262:	441c                	lw	a5,8(s0)
84065264:	4482                	lw	s1,0(sp)
84065266:	0785                	add	a5,a5,1
84065268:	c41c                	sw	a5,8(s0)
8406526a:	4412                	lw	s0,4(sp)
8406526c:	0131                	add	sp,sp,12
8406526e:	8082                	ret

84065270 <pka_share_tx_buf_apply_to_HWMT>:
84065270:	1131                	add	sp,sp,-20
84065272:	c622                	sw	s0,12(sp)
84065274:	00006417          	auipc	s0,0x6
84065278:	b2840413          	add	s0,s0,-1240 # 8406ad9c <pka_share_ptr>
8406527c:	4008                	lw	a0,0(s0)
8406527e:	c806                	sw	ra,16(sp)
84065280:	0541                	add	a0,a0,16
84065282:	3df5                	jal	8406517e <__pka_share_OSMQ_Get>
84065284:	c02a                	sw	a0,0(sp)
84065286:	c131                	beqz	a0,840652ca <pka_share_tx_buf_apply_to_HWMT+0x5a>
84065288:	0048                	add	a0,sp,4
8406528a:	3f8040ef          	jal	84069682 <hal_nvic_save_and_set_interrupt_mask>
8406528e:	4511                	li	a0,4
84065290:	2359                	jal	84065816 <share_buffer_hw_semaphore_take>
84065292:	401c                	lw	a5,0(s0)
84065294:	4582                	lw	a1,0(sp)
84065296:	4bf0                	lw	a2,84(a5)
84065298:	47f8                	lw	a4,76(a5)
8406529a:	00064503          	lbu	a0,0(a2)
8406529e:	4605                	li	a2,1
840652a0:	4314                	lw	a3,0(a4)
840652a2:	02c51863          	bne	a0,a2,840652d2 <pka_share_tx_buf_apply_to_HWMT+0x62>
840652a6:	e695                	bnez	a3,840652d2 <pka_share_tx_buf_apply_to_HWMT+0x62>
840652a8:	02c7d783          	lhu	a5,44(a5)
840652ac:	97ae                	add	a5,a5,a1
840652ae:	c31c                	sw	a5,0(a4)
840652b0:	4008                	lw	a0,0(s0)
840652b2:	0571                	add	a0,a0,28
840652b4:	3721                	jal	840651bc <pka_share_OSMQ_Put>
840652b6:	4008                	lw	a0,0(s0)
840652b8:	0541                	add	a0,a0,16
840652ba:	35d1                	jal	8406517e <__pka_share_OSMQ_Get>
840652bc:	85aa                	mv	a1,a0
840652be:	e911                	bnez	a0,840652d2 <pka_share_tx_buf_apply_to_HWMT+0x62>
840652c0:	4511                	li	a0,4
840652c2:	2b61                	jal	8406585a <share_buffer_hw_semaphore_give>
840652c4:	4512                	lw	a0,4(sp)
840652c6:	3c4040ef          	jal	8406968a <hal_nvic_restore_interrupt_mask>
840652ca:	40c2                	lw	ra,16(sp)
840652cc:	4432                	lw	s0,12(sp)
840652ce:	0151                	add	sp,sp,20
840652d0:	8082                	ret
840652d2:	4008                	lw	a0,0(s0)
840652d4:	4974                	lw	a3,84(a0)
840652d6:	4938                	lw	a4,80(a0)
840652d8:	0006c603          	lbu	a2,0(a3)
840652dc:	4685                	li	a3,1
840652de:	431c                	lw	a5,0(a4)
840652e0:	00d61b63          	bne	a2,a3,840652f6 <pka_share_tx_buf_apply_to_HWMT+0x86>
840652e4:	eb89                	bnez	a5,840652f6 <pka_share_tx_buf_apply_to_HWMT+0x86>
840652e6:	02c55783          	lhu	a5,44(a0)
840652ea:	97ae                	add	a5,a5,a1
840652ec:	c31c                	sw	a5,0(a4)
840652ee:	4008                	lw	a0,0(s0)
840652f0:	0571                	add	a0,a0,28
840652f2:	35e9                	jal	840651bc <pka_share_OSMQ_Put>
840652f4:	b7f1                	j	840652c0 <pka_share_tx_buf_apply_to_HWMT+0x50>
840652f6:	0541                	add	a0,a0,16
840652f8:	3f39                	jal	84065216 <pka_share_OSMQ_PutFront>
840652fa:	b7d9                	j	840652c0 <pka_share_tx_buf_apply_to_HWMT+0x50>

840652fc <riscv_pka_le_tx_post_prepare_callback>:
840652fc:	bf95                	j	84065270 <pka_share_tx_buf_apply_to_HWMT>

840652fe <pka_share_tx_buf_ack_pending_check>:
840652fe:	1141                	add	sp,sp,-16
84065300:	c226                	sw	s1,4(sp)
84065302:	00006497          	auipc	s1,0x6
84065306:	a9a48493          	add	s1,s1,-1382 # 8406ad9c <pka_share_ptr>
8406530a:	409c                	lw	a5,0(s1)
8406530c:	c422                	sw	s0,8(sp)
8406530e:	c606                	sw	ra,12(sp)
84065310:	02478403          	lb	s0,36(a5)
84065314:	00804763          	bgtz	s0,84065322 <pka_share_tx_buf_ack_pending_check+0x24>
84065318:	40b2                	lw	ra,12(sp)
8406531a:	4422                	lw	s0,8(sp)
8406531c:	4492                	lw	s1,4(sp)
8406531e:	0141                	add	sp,sp,16
84065320:	8082                	ret
84065322:	4088                	lw	a0,0(s1)
84065324:	0571                	add	a0,a0,28
84065326:	3da1                	jal	8406517e <__pka_share_OSMQ_Get>
84065328:	85aa                	mv	a1,a0
8406532a:	c105                	beqz	a0,8406534a <pka_share_tx_buf_ack_pending_check+0x4c>
8406532c:	01158783          	lb	a5,17(a1)
84065330:	4088                	lw	a0,0(s1)
84065332:	0207d063          	bgez	a5,84065352 <pka_share_tx_buf_ack_pending_check+0x54>
84065336:	0511                	add	a0,a0,4
84065338:	c02e                	sw	a1,0(sp)
8406533a:	3549                	jal	840651bc <pka_share_OSMQ_Put>
8406533c:	4582                	lw	a1,0(sp)
8406533e:	0115c783          	lbu	a5,17(a1)
84065342:	07f7f793          	and	a5,a5,127
84065346:	00f588a3          	sb	a5,17(a1)
8406534a:	147d                	add	s0,s0,-1
8406534c:	0462                	sll	s0,s0,0x18
8406534e:	8461                	sra	s0,s0,0x18
84065350:	b7d1                	j	84065314 <pka_share_tx_buf_ack_pending_check+0x16>
84065352:	0571                	add	a0,a0,28
84065354:	35a5                	jal	840651bc <pka_share_OSMQ_Put>
84065356:	bfd5                	j	8406534a <pka_share_tx_buf_ack_pending_check+0x4c>

84065358 <record_riscV_info>:
84065358:	1131                	add	sp,sp,-20
8406535a:	c622                	sw	s0,12(sp)
8406535c:	c806                	sw	ra,16(sp)
8406535e:	c426                	sw	s1,8(sp)
84065360:	00006697          	auipc	a3,0x6
84065364:	a3b68693          	add	a3,a3,-1477 # 8406ad9b <RiscVHidIdx>
84065368:	c22a                	sw	a0,4(sp)
8406536a:	0006c503          	lbu	a0,0(a3)
8406536e:	00006417          	auipc	s0,0x6
84065372:	bc240413          	add	s0,s0,-1086 # 8406af30 <RiscVHID>
84065376:	c032                	sw	a2,0(sp)
84065378:	00151793          	sll	a5,a0,0x1
8406537c:	97aa                	add	a5,a5,a0
8406537e:	078a                	sll	a5,a5,0x2
84065380:	97a2                	add	a5,a5,s0
84065382:	0047d783          	lhu	a5,4(a5)
84065386:	02b78863          	beq	a5,a1,840653b6 <record_riscV_info+0x5e>
8406538a:	84ae                	mv	s1,a1
8406538c:	0505                	add	a0,a0,1
8406538e:	45a9                	li	a1,10
84065390:	fb1fe0ef          	jal	84064340 <__modsi3>
84065394:	00151793          	sll	a5,a0,0x1
84065398:	4712                	lw	a4,4(sp)
8406539a:	4602                	lw	a2,0(sp)
8406539c:	97aa                	add	a5,a5,a0
8406539e:	078a                	sll	a5,a5,0x2
840653a0:	97a2                	add	a5,a5,s0
840653a2:	00006697          	auipc	a3,0x6
840653a6:	9f968693          	add	a3,a3,-1543 # 8406ad9b <RiscVHidIdx>
840653aa:	00a68023          	sb	a0,0(a3)
840653ae:	c398                	sw	a4,0(a5)
840653b0:	00979223          	sh	s1,4(a5)
840653b4:	c790                	sw	a2,8(a5)
840653b6:	40c2                	lw	ra,16(sp)
840653b8:	4432                	lw	s0,12(sp)
840653ba:	44a2                	lw	s1,8(sp)
840653bc:	0151                	add	sp,sp,20
840653be:	8082                	ret

840653c0 <pka_share_tx_buf_set_pkt_len>:
840653c0:	00b51523          	sh	a1,10(a0)
840653c4:	00b51b23          	sh	a1,22(a0)
840653c8:	8082                	ret

840653ca <pka_share_hwmt_get_rxhdr>:
840653ca:	00006797          	auipc	a5,0x6
840653ce:	9d27a783          	lw	a5,-1582(a5) # 8406ad9c <pka_share_ptr>
840653d2:	0807a783          	lw	a5,128(a5)
840653d6:	ffc7c503          	lbu	a0,-4(a5)
840653da:	8082                	ret

840653dc <pka_share_hwmt_get_curidx>:
840653dc:	00006797          	auipc	a5,0x6
840653e0:	9c07a783          	lw	a5,-1600(a5) # 8406ad9c <pka_share_ptr>
840653e4:	5bfc                	lw	a5,116(a5)
840653e6:	0007c503          	lbu	a0,0(a5)
840653ea:	8082                	ret

840653ec <pka_share_get_hwmt_last_anchor>:
840653ec:	00006797          	auipc	a5,0x6
840653f0:	9b07a783          	lw	a5,-1616(a5) # 8406ad9c <pka_share_ptr>
840653f4:	5fb8                	lw	a4,120(a5)
840653f6:	5ffc                	lw	a5,124(a5)
840653f8:	4318                	lw	a4,0(a4)
840653fa:	0007d783          	lhu	a5,0(a5)
840653fe:	c118                	sw	a4,0(a0)
84065400:	00f51223          	sh	a5,4(a0)
84065404:	8082                	ret

84065406 <pka_share_get_hwmt_pico_offset>:
84065406:	00006717          	auipc	a4,0x6
8406540a:	99672703          	lw	a4,-1642(a4) # 8406ad9c <pka_share_ptr>
8406540e:	437c                	lw	a5,68(a4)
84065410:	439c                	lw	a5,0(a5)
84065412:	079a                	sll	a5,a5,0x6
84065414:	8399                	srl	a5,a5,0x6
84065416:	c11c                	sw	a5,0(a0)
84065418:	473c                	lw	a5,72(a4)
8406541a:	0007d783          	lhu	a5,0(a5)
8406541e:	07d2                	sll	a5,a5,0x14
84065420:	83d1                	srl	a5,a5,0x14
84065422:	00f51223          	sh	a5,4(a0)
84065426:	8082                	ret

84065428 <pka_share_get_sync_clk>:
84065428:	a00107b7          	lui	a5,0xa0010
8406542c:	41078793          	add	a5,a5,1040 # a0010410 <_isr_stack_end+0x1bfa4410>
84065430:	439c                	lw	a5,0(a5)
84065432:	8389                	srl	a5,a5,0x2
84065434:	c11c                	sw	a5,0(a0)
84065436:	a00107b7          	lui	a5,0xa0010
8406543a:	41478793          	add	a5,a5,1044 # a0010414 <_isr_stack_end+0x1bfa4414>
8406543e:	439c                	lw	a5,0(a5)
84065440:	00f51223          	sh	a5,4(a0)
84065444:	8082                	ret

84065446 <riscv_pka_rt_tx_post_prepare_callback>:
84065446:	7159                	add	sp,sp,-112
84065448:	d686                	sw	ra,108(sp)
8406544a:	d4a2                	sw	s0,104(sp)
8406544c:	d2a6                	sw	s1,100(sp)
8406544e:	3779                	jal	840653dc <pka_share_hwmt_get_curidx>
84065450:	1c051c63          	bnez	a0,84065628 <riscv_pka_rt_tx_post_prepare_callback+0x1e2>
84065454:	421067b7          	lui	a5,0x42106
84065458:	4b98                	lw	a4,16(a5)
8406545a:	420407b7          	lui	a5,0x42040
8406545e:	07b1                	add	a5,a5,12 # 4204000c <__log_strings_end+0x3c03ef3a>
84065460:	439c                	lw	a5,0(a5)
84065462:	0407f793          	and	a5,a5,64
84065466:	8fd9                	or	a5,a5,a4
84065468:	1c079063          	bnez	a5,84065628 <riscv_pka_rt_tx_post_prepare_callback+0x1e2>
8406546c:	0068                	add	a0,sp,12
8406546e:	3fbd                	jal	840653ec <pka_share_get_hwmt_last_anchor>
84065470:	0848                	add	a0,sp,20
84065472:	3f51                	jal	84065406 <pka_share_get_hwmt_pico_offset>
84065474:	47d2                	lw	a5,20(sp)
84065476:	01015683          	lhu	a3,16(sp)
8406547a:	01815403          	lhu	s0,24(sp)
8406547e:	c43e                	sw	a5,8(sp)
84065480:	4722                	lw	a4,8(sp)
84065482:	47b2                	lw	a5,12(sp)
84065484:	8f99                	sub	a5,a5,a4
84065486:	079a                	sll	a5,a5,0x6
84065488:	8399                	srl	a5,a5,0x6
8406548a:	0286ee63          	bltu	a3,s0,840654c6 <riscv_pka_rt_tx_post_prepare_callback+0x80>
8406548e:	8e81                	sub	a3,a3,s0
84065490:	01069493          	sll	s1,a3,0x10
84065494:	80c1                	srl	s1,s1,0x10
84065496:	0868                	add	a0,sp,28
84065498:	c23e                	sw	a5,4(sp)
8406549a:	3779                	jal	84065428 <pka_share_get_sync_clk>
8406549c:	47f2                	lw	a5,28(sp)
8406549e:	c03e                	sw	a5,0(sp)
840654a0:	873e                	mv	a4,a5
840654a2:	4792                	lw	a5,4(sp)
840654a4:	eb1d                	bnez	a4,840654da <riscv_pka_rt_tx_post_prepare_callback+0x94>
840654a6:	5426                	lw	s0,104(sp)
840654a8:	50b6                	lw	ra,108(sp)
840654aa:	5496                	lw	s1,100(sp)
840654ac:	4681                	li	a3,0
840654ae:	81f9b617          	auipc	a2,0x81f9b
840654b2:	07260613          	add	a2,a2,114 # 6000520 <msg_id_string.0>
840654b6:	4585                	li	a1,1
840654b8:	00005517          	auipc	a0,0x5
840654bc:	7a850513          	add	a0,a0,1960 # 8406ac60 <log_control_block_riscv_pka>
840654c0:	6165                	add	sp,sp,112
840654c2:	1350406f          	j	84069df6 <print_module_msgid_log>
840654c6:	6605                	lui	a2,0x1
840654c8:	9c460613          	add	a2,a2,-1596 # 9c4 <__fp_pattern_ram_free+0x4b0>
840654cc:	96b2                	add	a3,a3,a2
840654ce:	8e81                	sub	a3,a3,s0
840654d0:	01069493          	sll	s1,a3,0x10
840654d4:	80c1                	srl	s1,s1,0x10
840654d6:	17fd                	add	a5,a5,-1
840654d8:	bf7d                	j	84065496 <riscv_pka_rt_tx_post_prepare_callback+0x50>
840654da:	02015703          	lhu	a4,32(sp)
840654de:	c23a                	sw	a4,4(sp)
840654e0:	4702                	lw	a4,0(sp)
840654e2:	00e7e763          	bltu	a5,a4,840654f0 <riscv_pka_rt_tx_post_prepare_callback+0xaa>
840654e6:	06f71a63          	bne	a4,a5,8406555a <riscv_pka_rt_tx_post_prepare_callback+0x114>
840654ea:	4712                	lw	a4,4(sp)
840654ec:	06e4f763          	bgeu	s1,a4,8406555a <riscv_pka_rt_tx_post_prepare_callback+0x114>
840654f0:	4792                	lw	a5,4(sp)
840654f2:	7d048693          	add	a3,s1,2000
840654f6:	40f684b3          	sub	s1,a3,a5
840654fa:	6685                	lui	a3,0x1
840654fc:	9c468693          	add	a3,a3,-1596 # 9c4 <__fp_pattern_ram_free+0x4b0>
84065500:	0096d363          	bge	a3,s1,84065506 <riscv_pka_rt_tx_post_prepare_callback+0xc0>
84065504:	8c95                	sub	s1,s1,a3
84065506:	02000613          	li	a2,32
8406550a:	00005597          	auipc	a1,0x5
8406550e:	3f258593          	add	a1,a1,1010 # 8406a8fc <g_spi_master_register+0x8>
84065512:	1048                	add	a0,sp,36
84065514:	3d5040ef          	jal	8406a0e8 <memcpy>
84065518:	04410313          	add	t1,sp,68
8406551c:	02000613          	li	a2,32
84065520:	00005597          	auipc	a1,0x5
84065524:	3fc58593          	add	a1,a1,1020 # 8406a91c <g_spi_master_register+0x28>
84065528:	851a                	mv	a0,t1
8406552a:	3bf040ef          	jal	8406a0e8 <memcpy>
8406552e:	00006617          	auipc	a2,0x6
84065532:	86e60613          	add	a2,a2,-1938 # 8406ad9c <pka_share_ptr>
84065536:	420c                	lw	a1,0(a2)
84065538:	832a                	mv	t1,a0
8406553a:	4689                	li	a3,2
8406553c:	08a5c503          	lbu	a0,138(a1)
84065540:	0895c283          	lbu	t0,137(a1)
84065544:	157d                	add	a0,a0,-1
84065546:	0ff57513          	zext.b	a0,a0
8406554a:	02d29c63          	bne	t0,a3,84065582 <riscv_pka_rt_tx_post_prepare_callback+0x13c>
8406554e:	4695                	li	a3,5
84065550:	04d51f63          	bne	a0,a3,840655ae <riscv_pka_rt_tx_post_prepare_callback+0x168>
84065554:	efc00693          	li	a3,-260
84065558:	a09d                	j	840655be <riscv_pka_rt_tx_post_prepare_callback+0x178>
8406555a:	4702                	lw	a4,0(sp)
8406555c:	6585                	lui	a1,0x1
8406555e:	9c458593          	add	a1,a1,-1596 # 9c4 <__fp_pattern_ram_free+0x4b0>
84065562:	40e78533          	sub	a0,a5,a4
84065566:	d6bfe0ef          	jal	840642d0 <__mulsi3>
8406556a:	4712                	lw	a4,4(sp)
8406556c:	009507b3          	add	a5,a0,s1
84065570:	7d000693          	li	a3,2000
84065574:	40e784b3          	sub	s1,a5,a4
84065578:	f896d7e3          	bge	a3,s1,84065506 <riscv_pka_rt_tx_post_prepare_callback+0xc0>
8406557c:	83048493          	add	s1,s1,-2000
84065580:	bfe5                	j	84065578 <riscv_pka_rt_tx_post_prepare_callback+0x132>
84065582:	4699                	li	a3,6
84065584:	0ad50763          	beq	a0,a3,84065632 <riscv_pka_rt_tx_post_prepare_callback+0x1ec>
84065588:	08c5d683          	lhu	a3,140(a1)
8406558c:	c6d5                	beqz	a3,84065638 <riscv_pka_rt_tx_post_prepare_callback+0x1f2>
8406558e:	f1000693          	li	a3,-240
84065592:	851a                	mv	a0,t1
84065594:	f1b00313          	li	t1,-229
84065598:	0a64c363          	blt	s1,t1,8406563e <riscv_pka_rt_tx_post_prepare_callback+0x1f8>
8406559c:	10dc                	add	a5,sp,100
8406559e:	02f50d63          	beq	a0,a5,840655d8 <riscv_pka_rt_tx_post_prepare_callback+0x192>
840655a2:	00052283          	lw	t0,0(a0)
840655a6:	0511                	add	a0,a0,4
840655a8:	405484b3          	sub	s1,s1,t0
840655ac:	b7f5                	j	84065598 <riscv_pka_rt_tx_post_prepare_callback+0x152>
840655ae:	4299                	li	t0,6
840655b0:	ea400693          	li	a3,-348
840655b4:	00550563          	beq	a0,t0,840655be <riscv_pka_rt_tx_post_prepare_callback+0x178>
840655b8:	08c5d503          	lhu	a0,140(a1)
840655bc:	f979                	bnez	a0,84065592 <riscv_pka_rt_tx_post_prepare_callback+0x14c>
840655be:	1048                	add	a0,sp,36
840655c0:	f8100293          	li	t0,-127
840655c4:	a031                	j	840655d0 <riscv_pka_rt_tx_post_prepare_callback+0x18a>
840655c6:	00052383          	lw	t2,0(a0)
840655ca:	0511                	add	a0,a0,4
840655cc:	407484b3          	sub	s1,s1,t2
840655d0:	0654c763          	blt	s1,t0,8406563e <riscv_pka_rt_tx_post_prepare_callback+0x1f8>
840655d4:	fea319e3          	bne	t1,a0,840655c6 <riscv_pka_rt_tx_post_prepare_callback+0x180>
840655d8:	ff668513          	add	a0,a3,-10
840655dc:	06a4c363          	blt	s1,a0,84065642 <riscv_pka_rt_tx_post_prepare_callback+0x1fc>
840655e0:	00a68513          	add	a0,a3,10
840655e4:	04954f63          	blt	a0,s1,84065642 <riscv_pka_rt_tx_post_prepare_callback+0x1fc>
840655e8:	ffd68513          	add	a0,a3,-3
840655ec:	00a4c663          	blt	s1,a0,840655f8 <riscv_pka_rt_tx_post_prepare_callback+0x1b2>
840655f0:	00368513          	add	a0,a3,3
840655f4:	0a955963          	bge	a0,s1,840656a6 <riscv_pka_rt_tx_post_prepare_callback+0x260>
840655f8:	00005317          	auipc	t1,0x5
840655fc:	6e030313          	add	t1,t1,1760 # 8406acd8 <correction_idx>
84065600:	00034283          	lbu	t0,0(t1)
84065604:	0ff00513          	li	a0,255
84065608:	08a29363          	bne	t0,a0,8406568e <riscv_pka_rt_tx_post_prepare_callback+0x248>
8406560c:	4592                	lw	a1,4(sp)
8406560e:	4502                	lw	a0,0(sp)
84065610:	8626                	mv	a2,s1
84065612:	3399                	jal	84065358 <record_riscV_info>
84065614:	00005797          	auipc	a5,0x5
84065618:	7877c783          	lbu	a5,1927(a5) # 8406ad9b <RiscVHidIdx>
8406561c:	00005317          	auipc	t1,0x5
84065620:	6bc30313          	add	t1,t1,1724 # 8406acd8 <correction_idx>
84065624:	00f30023          	sb	a5,0(t1)
84065628:	50b6                	lw	ra,108(sp)
8406562a:	5426                	lw	s0,104(sp)
8406562c:	5496                	lw	s1,100(sp)
8406562e:	6165                	add	sp,sp,112
84065630:	8082                	ret
84065632:	f7600693          	li	a3,-138
84065636:	b761                	j	840655be <riscv_pka_rt_tx_post_prepare_callback+0x178>
84065638:	ef400693          	li	a3,-268
8406563c:	b749                	j	840655be <riscv_pka_rt_tx_post_prepare_callback+0x178>
8406563e:	f8d49de3          	bne	s1,a3,840655d8 <riscv_pka_rt_tx_post_prepare_callback+0x192>
84065642:	42106737          	lui	a4,0x42106
84065646:	4b14                	lw	a3,16(a4)
84065648:	42040737          	lui	a4,0x42040
8406564c:	0731                	add	a4,a4,12 # 4204000c <__log_strings_end+0x3c03ef3a>
8406564e:	4318                	lw	a4,0(a4)
84065650:	04077713          	and	a4,a4,64
84065654:	8f55                	or	a4,a4,a3
84065656:	fb69                	bnez	a4,84065628 <riscv_pka_rt_tx_post_prepare_callback+0x1e2>
84065658:	00005697          	auipc	a3,0x5
8406565c:	6c468693          	add	a3,a3,1732 # 8406ad1c <riscv_pka_info>
84065660:	0106d503          	lhu	a0,16(a3)
84065664:	6741                	lui	a4,0x10
84065666:	177d                	add	a4,a4,-1 # ffff <__fp_pattern_ram_total+0x85ff>
84065668:	00e50b63          	beq	a0,a4,8406567e <riscv_pka_rt_tx_post_prepare_callback+0x238>
8406566c:	45b8                	lw	a4,72(a1)
8406566e:	00075583          	lhu	a1,0(a4)
84065672:	4711                	li	a4,4
84065674:	0aa59b63          	bne	a1,a0,8406572a <riscv_pka_rt_tx_post_prepare_callback+0x2e4>
84065678:	57fd                	li	a5,-1
8406567a:	00f69823          	sh	a5,16(a3)
8406567e:	33b1                	jal	840653ca <pka_share_hwmt_get_rxhdr>
84065680:	5426                	lw	s0,104(sp)
84065682:	50b6                	lw	ra,108(sp)
84065684:	5496                	lw	s1,100(sp)
84065686:	8115                	srl	a0,a0,0x5
84065688:	8905                	and	a0,a0,1
8406568a:	6165                	add	sp,sp,112
8406568c:	ac85                	j	840658fc <pka_active_state_set>
8406568e:	00129513          	sll	a0,t0,0x1
84065692:	9516                	add	a0,a0,t0
84065694:	050a                	sll	a0,a0,0x2
84065696:	00006297          	auipc	t0,0x6
8406569a:	89a28293          	add	t0,t0,-1894 # 8406af30 <RiscVHID>
8406569e:	9516                	add	a0,a0,t0
840656a0:	4508                	lw	a0,8(a0)
840656a2:	f6a495e3          	bne	s1,a0,8406560c <riscv_pka_rt_tx_post_prepare_callback+0x1c6>
840656a6:	0496d663          	bge	a3,s1,840656f2 <riscv_pka_rt_tx_post_prepare_callback+0x2ac>
840656aa:	00940733          	add	a4,s0,s1
840656ae:	8f15                	sub	a4,a4,a3
840656b0:	0742                	sll	a4,a4,0x10
840656b2:	6685                	lui	a3,0x1
840656b4:	8341                	srl	a4,a4,0x10
840656b6:	9c368693          	add	a3,a3,-1597 # 9c3 <__fp_pattern_ram_free+0x4af>
840656ba:	00e6ef63          	bltu	a3,a4,840656d8 <riscv_pka_rt_tx_post_prepare_callback+0x292>
840656be:	00e11c23          	sh	a4,24(sp)
840656c2:	01815683          	lhu	a3,24(sp)
840656c6:	00005717          	auipc	a4,0x5
840656ca:	65670713          	add	a4,a4,1622 # 8406ad1c <riscv_pka_info>
840656ce:	00d71823          	sh	a3,16(a4)
840656d2:	46d2                	lw	a3,20(sp)
840656d4:	c754                	sw	a3,12(a4)
840656d6:	b7b5                	j	84065642 <riscv_pka_rt_tx_post_prepare_callback+0x1fc>
840656d8:	47a2                	lw	a5,8(sp)
840656da:	76fd                	lui	a3,0xfffff
840656dc:	63c68693          	add	a3,a3,1596 # fffff63c <_isr_stack_end+0x7bf9363c>
840656e0:	9736                	add	a4,a4,a3
840656e2:	00e11c23          	sh	a4,24(sp)
840656e6:	00178713          	add	a4,a5,1
840656ea:	071a                	sll	a4,a4,0x6
840656ec:	8319                	srl	a4,a4,0x6
840656ee:	ca3a                	sw	a4,20(sp)
840656f0:	bfc9                	j	840656c2 <riscv_pka_rt_tx_post_prepare_callback+0x27c>
840656f2:	8e85                	sub	a3,a3,s1
840656f4:	0ff6f693          	zext.b	a3,a3
840656f8:	00d46763          	bltu	s0,a3,84065706 <riscv_pka_rt_tx_post_prepare_callback+0x2c0>
840656fc:	40d406b3          	sub	a3,s0,a3
84065700:	00d11c23          	sh	a3,24(sp)
84065704:	bf7d                	j	840656c2 <riscv_pka_rt_tx_post_prepare_callback+0x27c>
84065706:	6505                	lui	a0,0x1
84065708:	9c450513          	add	a0,a0,-1596 # 9c4 <__fp_pattern_ram_free+0x4b0>
8406570c:	00a40733          	add	a4,s0,a0
84065710:	47a2                	lw	a5,8(sp)
84065712:	8f15                	sub	a4,a4,a3
84065714:	00e11c23          	sh	a4,24(sp)
84065718:	e789                	bnez	a5,84065722 <riscv_pka_rt_tx_post_prepare_callback+0x2dc>
8406571a:	04000737          	lui	a4,0x4000
8406571e:	177d                	add	a4,a4,-1 # 3ffffff <__fp_pattern_ram_total+0x3ff85ff>
84065720:	b7f9                	j	840656ee <riscv_pka_rt_tx_post_prepare_callback+0x2a8>
84065722:	47a2                	lw	a5,8(sp)
84065724:	fff78713          	add	a4,a5,-1
84065728:	b7d9                	j	840656ee <riscv_pka_rt_tx_post_prepare_callback+0x2a8>
8406572a:	177d                	add	a4,a4,-1
8406572c:	cf0d                	beqz	a4,84065766 <riscv_pka_rt_tx_post_prepare_callback+0x320>
8406572e:	4511                	li	a0,4
84065730:	c43a                	sw	a4,8(sp)
84065732:	22b000ef          	jal	8406615c <hal_hw_semaphore_take>
84065736:	4722                	lw	a4,8(sp)
84065738:	00005617          	auipc	a2,0x5
8406573c:	66460613          	add	a2,a2,1636 # 8406ad9c <pka_share_ptr>
84065740:	00005697          	auipc	a3,0x5
84065744:	5dc68693          	add	a3,a3,1500 # 8406ad1c <riscv_pka_info>
84065748:	f16d                	bnez	a0,8406572a <riscv_pka_rt_tx_post_prepare_callback+0x2e4>
8406574a:	4218                	lw	a4,0(a2)
8406574c:	0106d583          	lhu	a1,16(a3)
84065750:	4511                	li	a0,4
84065752:	4730                	lw	a2,72(a4)
84065754:	00b61023          	sh	a1,0(a2)
84065758:	4370                	lw	a2,68(a4)
8406575a:	46d8                	lw	a4,12(a3)
8406575c:	100006b7          	lui	a3,0x10000
84065760:	8f55                	or	a4,a4,a3
84065762:	c218                	sw	a4,0(a2)
84065764:	28dd                	jal	8406585a <share_buffer_hw_semaphore_give>
84065766:	4592                	lw	a1,4(sp)
84065768:	4502                	lw	a0,0(sp)
8406576a:	577d                	li	a4,-1
8406576c:	8626                	mv	a2,s1
8406576e:	00005697          	auipc	a3,0x5
84065772:	56e68523          	sb	a4,1386(a3) # 8406acd8 <correction_idx>
84065776:	36cd                	jal	84065358 <record_riscV_info>
84065778:	b719                	j	8406567e <riscv_pka_rt_tx_post_prepare_callback+0x238>

8406577a <pka_spi_callback_pre_process>:
8406577a:	00005797          	auipc	a5,0x5
8406577e:	6227a783          	lw	a5,1570(a5) # 8406ad9c <pka_share_ptr>
84065782:	03c7d703          	lhu	a4,60(a5)
84065786:	c118                	sw	a4,0(a0)
84065788:	439c                	lw	a5,0(a5)
8406578a:	00005717          	auipc	a4,0x5
8406578e:	61074703          	lbu	a4,1552(a4) # 8406ad9a <rtt_counter>
84065792:	c198                	sw	a4,0(a1)
84065794:	cb99                	beqz	a5,840657aa <pka_spi_callback_pre_process+0x30>
84065796:	1151                	add	sp,sp,-12
84065798:	c406                	sw	ra,8(sp)
8406579a:	2a6d                	jal	84065954 <pka_share_tx_ctrl_init>
8406579c:	2471                	jal	84065a28 <pka_share_updt_hid_tx_ptr>
8406579e:	b61ff0ef          	jal	840652fe <pka_share_tx_buf_ack_pending_check>
840657a2:	40a2                	lw	ra,8(sp)
840657a4:	4501                	li	a0,0
840657a6:	0131                	add	sp,sp,12
840657a8:	8082                	ret
840657aa:	4505                	li	a0,1
840657ac:	8082                	ret

840657ae <pka_spi_callback_post_process>:
840657ae:	00005797          	auipc	a5,0x5
840657b2:	5ee7a783          	lw	a5,1518(a5) # 8406ad9c <pka_share_ptr>
840657b6:	03c7d783          	lhu	a5,60(a5)
840657ba:	1151                	add	sp,sp,-12
840657bc:	c406                	sw	ra,8(sp)
840657be:	c222                	sw	s0,4(sp)
840657c0:	4705                	li	a4,1
840657c2:	00e79b63          	bne	a5,a4,840657d8 <pka_spi_callback_post_process+0x2a>
840657c6:	2649                	jal	84065b48 <pka_share_advanced_tx_prepare_rt>
840657c8:	842a                	mv	s0,a0
840657ca:	4501                	li	a0,0
840657cc:	39ad                	jal	84065446 <riscv_pka_rt_tx_post_prepare_callback>
840657ce:	40a2                	lw	ra,8(sp)
840657d0:	8522                	mv	a0,s0
840657d2:	4412                	lw	s0,4(sp)
840657d4:	0131                	add	sp,sp,12
840657d6:	8082                	ret
840657d8:	e789                	bnez	a5,840657e2 <pka_spi_callback_post_process+0x34>
840657da:	a97ff0ef          	jal	84065270 <pka_share_tx_buf_apply_to_HWMT>
840657de:	4401                	li	s0,0
840657e0:	b7fd                	j	840657ce <pka_spi_callback_post_process+0x20>
840657e2:	4709                	li	a4,2
840657e4:	fee79de3          	bne	a5,a4,840657de <pka_spi_callback_post_process+0x30>
840657e8:	00005517          	auipc	a0,0x5
840657ec:	5b254503          	lbu	a0,1458(a0) # 8406ad9a <rtt_counter>
840657f0:	94fff0ef          	jal	8406513e <riscv_pka_rtt_tx_post_prepare_callback>
840657f4:	b7ed                	j	840657de <pka_spi_callback_post_process+0x30>

840657f6 <riscv_pka_init>:
840657f6:	a841                	j	84065886 <pka_share_init>

840657f8 <pka_share_tx_buf_send>:
840657f8:	85aa                	mv	a1,a0
840657fa:	00005517          	auipc	a0,0x5
840657fe:	5a252503          	lw	a0,1442(a0) # 8406ad9c <pka_share_ptr>
84065802:	0541                	add	a0,a0,16
84065804:	9b9ff06f          	j	840651bc <pka_share_OSMQ_Put>

84065808 <pka_share_tx_buf_get_from_q>:
84065808:	00005517          	auipc	a0,0x5
8406580c:	59452503          	lw	a0,1428(a0) # 8406ad9c <pka_share_ptr>
84065810:	0511                	add	a0,a0,4
84065812:	96dff06f          	j	8406517e <__pka_share_OSMQ_Get>

84065816 <share_buffer_hw_semaphore_take>:
84065816:	1141                	add	sp,sp,-16
84065818:	c226                	sw	s1,4(sp)
8406581a:	64b1                	lui	s1,0xc
8406581c:	c422                	sw	s0,8(sp)
8406581e:	c606                	sw	ra,12(sp)
84065820:	c02a                	sw	a0,0(sp)
84065822:	4401                	li	s0,0
84065824:	35048493          	add	s1,s1,848 # c350 <__fp_pattern_ram_total+0x4950>
84065828:	4502                	lw	a0,0(sp)
8406582a:	13f000ef          	jal	84066168 <hw_semaphore_take_special>
8406582e:	c10d                	beqz	a0,84065850 <share_buffer_hw_semaphore_take+0x3a>
84065830:	0405                	add	s0,s0,1
84065832:	fe84fbe3          	bgeu	s1,s0,84065828 <share_buffer_hw_semaphore_take+0x12>
84065836:	04c00613          	li	a2,76
8406583a:	81f9b597          	auipc	a1,0x81f9b
8406583e:	03a58593          	add	a1,a1,58 # 6000874 <file.6>
84065842:	81f9b517          	auipc	a0,0x81f9b
84065846:	07e50513          	add	a0,a0,126 # 60008c0 <exp.7>
8406584a:	372040ef          	jal	84069bbc <light_assert>
8406584e:	bfe9                	j	84065828 <share_buffer_hw_semaphore_take+0x12>
84065850:	40b2                	lw	ra,12(sp)
84065852:	4422                	lw	s0,8(sp)
84065854:	4492                	lw	s1,4(sp)
84065856:	0141                	add	sp,sp,16
84065858:	8082                	ret

8406585a <share_buffer_hw_semaphore_give>:
8406585a:	1151                	add	sp,sp,-12
8406585c:	c406                	sw	ra,8(sp)
8406585e:	131000ef          	jal	8406618e <hw_semaphore_give_special>
84065862:	cd19                	beqz	a0,84065880 <share_buffer_hw_semaphore_give+0x26>
84065864:	40a2                	lw	ra,8(sp)
84065866:	05400613          	li	a2,84
8406586a:	81f9b597          	auipc	a1,0x81f9b
8406586e:	fba58593          	add	a1,a1,-70 # 6000824 <file.4>
84065872:	81f9b517          	auipc	a0,0x81f9b
84065876:	ffe50513          	add	a0,a0,-2 # 6000870 <exp.5>
8406587a:	0131                	add	sp,sp,12
8406587c:	3400406f          	j	84069bbc <light_assert>
84065880:	40a2                	lw	ra,8(sp)
84065882:	0131                	add	sp,sp,12
84065884:	8082                	ret

84065886 <pka_share_init>:
84065886:	7ffa9797          	auipc	a5,0x7ffa9
8406588a:	28e78793          	add	a5,a5,654 # 400eb14 <ccm_pka_share>
8406588e:	00005717          	auipc	a4,0x5
84065892:	50f72723          	sw	a5,1294(a4) # 8406ad9c <pka_share_ptr>
84065896:	00005797          	auipc	a5,0x5
8406589a:	7407a323          	sw	zero,1862(a5) # 8406afdc <pka_share_tx_hid_ctl+0x34>
8406589e:	8082                	ret

840658a0 <pka_share_tx_buf_get_payload>:
840658a0:	00005797          	auipc	a5,0x5
840658a4:	4fc7a783          	lw	a5,1276(a5) # 8406ad9c <pka_share_ptr>
840658a8:	02e7d783          	lhu	a5,46(a5)
840658ac:	953e                	add	a0,a0,a5
840658ae:	8082                	ret

840658b0 <pka_tx_buf_set_active_state>:
840658b0:	00c54703          	lbu	a4,12(a0)
840658b4:	0df77793          	and	a5,a4,223
840658b8:	c199                	beqz	a1,840658be <pka_tx_buf_set_active_state+0xe>
840658ba:	02076793          	or	a5,a4,32
840658be:	00f50623          	sb	a5,12(a0)
840658c2:	8082                	ret

840658c4 <pka_tx_buf_is_hid>:
840658c4:	00005797          	auipc	a5,0x5
840658c8:	4d87a783          	lw	a5,1240(a5) # 8406ad9c <pka_share_ptr>
840658cc:	47f8                	lw	a4,76(a5)
840658ce:	53b4                	lw	a3,96(a5)
840658d0:	4505                	li	a0,1
840658d2:	4318                	lw	a4,0(a4)
840658d4:	00e68663          	beq	a3,a4,840658e0 <pka_tx_buf_is_hid+0x1c>
840658d8:	53e8                	lw	a0,100(a5)
840658da:	8d19                	sub	a0,a0,a4
840658dc:	00153513          	seqz	a0,a0
840658e0:	8082                	ret

840658e2 <pka_active_state_match>:
840658e2:	00005797          	auipc	a5,0x5
840658e6:	4ba7a783          	lw	a5,1210(a5) # 8406ad9c <pka_share_ptr>
840658ea:	0847a783          	lw	a5,132(a5)
840658ee:	0007d783          	lhu	a5,0(a5)
840658f2:	40a78533          	sub	a0,a5,a0
840658f6:	00153513          	seqz	a0,a0
840658fa:	8082                	ret

840658fc <pka_active_state_set>:
840658fc:	00005797          	auipc	a5,0x5
84065900:	4a07a783          	lw	a5,1184(a5) # 8406ad9c <pka_share_ptr>
84065904:	0847a783          	lw	a5,132(a5)
84065908:	1141                	add	sp,sp,-16
8406590a:	c422                	sw	s0,8(sp)
8406590c:	c226                	sw	s1,4(sp)
8406590e:	c606                	sw	ra,12(sp)
84065910:	85aa                	mv	a1,a0
84065912:	00a78023          	sb	a0,0(a5)
84065916:	4401                	li	s0,0
84065918:	00005497          	auipc	s1,0x5
8406591c:	69048493          	add	s1,s1,1680 # 8406afa8 <pka_share_tx_hid_ctl>
84065920:	0314c783          	lbu	a5,49(s1)
84065924:	00f46b63          	bltu	s0,a5,8406593a <pka_active_state_set+0x3e>
84065928:	4422                	lw	s0,8(sp)
8406592a:	40b2                	lw	ra,12(sp)
8406592c:	4492                	lw	s1,4(sp)
8406592e:	00005517          	auipc	a0,0x5
84065932:	47652503          	lw	a0,1142(a0) # 8406ada4 <g_pEmptyPktPtr>
84065936:	0141                	add	sp,sp,16
84065938:	bfa5                	j	840658b0 <pka_tx_buf_set_active_state>
8406593a:	00141793          	sll	a5,s0,0x1
8406593e:	97a2                	add	a5,a5,s0
84065940:	078a                	sll	a5,a5,0x2
84065942:	97a6                	add	a5,a5,s1
84065944:	4388                	lw	a0,0(a5)
84065946:	c02e                	sw	a1,0(sp)
84065948:	0405                	add	s0,s0,1
8406594a:	379d                	jal	840658b0 <pka_tx_buf_set_active_state>
8406594c:	4582                	lw	a1,0(sp)
8406594e:	0ff47413          	zext.b	s0,s0
84065952:	b7f9                	j	84065920 <pka_active_state_set+0x24>

84065954 <pka_share_tx_ctrl_init>:
84065954:	1151                	add	sp,sp,-12
84065956:	c222                	sw	s0,4(sp)
84065958:	00005417          	auipc	s0,0x5
8406595c:	44440413          	add	s0,s0,1092 # 8406ad9c <pka_share_ptr>
84065960:	4010                	lw	a2,0(s0)
84065962:	c406                	sw	ra,8(sp)
84065964:	03e64783          	lbu	a5,62(a2)
84065968:	cfbd                	beqz	a5,840659e6 <pka_share_tx_ctrl_init+0x92>
8406596a:	03c65783          	lhu	a5,60(a2)
8406596e:	00005717          	auipc	a4,0x5
84065972:	42f71d23          	sh	a5,1082(a4) # 8406ada8 <pka_cb_type>
84065976:	4705                	li	a4,1
84065978:	06e79463          	bne	a5,a4,840659e0 <pka_share_tx_ctrl_init+0x8c>
8406597c:	08864783          	lbu	a5,136(a2)
84065980:	00005597          	auipc	a1,0x5
84065984:	62858593          	add	a1,a1,1576 # 8406afa8 <pka_share_tx_hid_ctl>
84065988:	4701                	li	a4,0
8406598a:	02f588a3          	sb	a5,49(a1)
8406598e:	451d                	li	a0,7
84065990:	4305                	li	t1,1
84065992:	0315c783          	lbu	a5,49(a1)
84065996:	04f76c63          	bltu	a4,a5,840659ee <pka_share_tx_ctrl_init+0x9a>
8406599a:	00005717          	auipc	a4,0x5
8406599e:	62070f23          	sb	zero,1598(a4) # 8406afd8 <pka_share_tx_hid_ctl+0x30>
840659a2:	00005717          	auipc	a4,0x5
840659a6:	62070c23          	sb	zero,1592(a4) # 8406afda <pka_share_tx_hid_ctl+0x32>
840659aa:	4711                	li	a4,4
840659ac:	00f77e63          	bgeu	a4,a5,840659c8 <pka_share_tx_ctrl_init+0x74>
840659b0:	1f300613          	li	a2,499
840659b4:	81f9b597          	auipc	a1,0x81f9b
840659b8:	f1058593          	add	a1,a1,-240 # 60008c4 <file.0>
840659bc:	81f9b517          	auipc	a0,0x81f9b
840659c0:	f4c50513          	add	a0,a0,-180 # 6000908 <exp.1>
840659c4:	1f8040ef          	jal	84069bbc <light_assert>
840659c8:	401c                	lw	a5,0(s0)
840659ca:	5bb8                	lw	a4,112(a5)
840659cc:	04078793          	add	a5,a5,64
840659d0:	00005697          	auipc	a3,0x5
840659d4:	3ce6aa23          	sw	a4,980(a3) # 8406ada4 <g_pEmptyPktPtr>
840659d8:	00005717          	auipc	a4,0x5
840659dc:	3cf72a23          	sw	a5,980(a4) # 8406adac <g_pPkaRtInfo>
840659e0:	401c                	lw	a5,0(s0)
840659e2:	02078f23          	sb	zero,62(a5)
840659e6:	40a2                	lw	ra,8(sp)
840659e8:	4412                	lw	s0,4(sp)
840659ea:	0131                	add	sp,sp,12
840659ec:	8082                	ret
840659ee:	01870793          	add	a5,a4,24
840659f2:	078a                	sll	a5,a5,0x2
840659f4:	97b2                	add	a5,a5,a2
840659f6:	4394                	lw	a3,0(a5)
840659f8:	00171793          	sll	a5,a4,0x1
840659fc:	97ba                	add	a5,a5,a4
840659fe:	078a                	sll	a5,a5,0x2
84065a00:	97ae                	add	a5,a5,a1
84065a02:	c394                	sw	a3,0(a5)
84065a04:	0096c283          	lbu	t0,9(a3)
84065a08:	00a69123          	sh	a0,2(a3)
84065a0c:	00a69723          	sh	a0,14(a3)
84065a10:	07f2f293          	and	t0,t0,127
84065a14:	005684a3          	sb	t0,9(a3)
84065a18:	0705                	add	a4,a4,1
84065a1a:	00678223          	sb	t1,4(a5)
84065a1e:	0007a423          	sw	zero,8(a5)
84065a22:	0ff77713          	zext.b	a4,a4
84065a26:	b7b5                	j	84065992 <pka_share_tx_ctrl_init+0x3e>

84065a28 <pka_share_updt_hid_tx_ptr>:
84065a28:	00005717          	auipc	a4,0x5
84065a2c:	38075703          	lhu	a4,896(a4) # 8406ada8 <pka_cb_type>
84065a30:	4785                	li	a5,1
84065a32:	00f70363          	beq	a4,a5,84065a38 <pka_share_updt_hid_tx_ptr+0x10>
84065a36:	8082                	ret
84065a38:	00005597          	auipc	a1,0x5
84065a3c:	57058593          	add	a1,a1,1392 # 8406afa8 <pka_share_tx_hid_ctl>
84065a40:	0315c783          	lbu	a5,49(a1)
84065a44:	dbed                	beqz	a5,84065a36 <pka_share_updt_hid_tx_ptr+0xe>
84065a46:	00179693          	sll	a3,a5,0x1
84065a4a:	96be                	add	a3,a3,a5
84065a4c:	068a                	sll	a3,a3,0x2
84065a4e:	96ae                	add	a3,a3,a1
84065a50:	87ae                	mv	a5,a1
84065a52:	4609                	li	a2,2
84065a54:	a021                	j	84065a5c <pka_share_updt_hid_tx_ptr+0x34>
84065a56:	07b1                	add	a5,a5,12
84065a58:	fcf68fe3          	beq	a3,a5,84065a36 <pka_share_updt_hid_tx_ptr+0xe>
84065a5c:	4798                	lw	a4,8(a5)
84065a5e:	fec71ce3          	bne	a4,a2,84065a56 <pka_share_updt_hid_tx_ptr+0x2e>
84065a62:	4398                	lw	a4,0(a5)
84065a64:	00970703          	lb	a4,9(a4)
84065a68:	01f75513          	srl	a0,a4,0x1f
84065a6c:	00a78223          	sb	a0,4(a5)
84065a70:	fe0753e3          	bgez	a4,84065a56 <pka_share_updt_hid_tx_ptr+0x2e>
84065a74:	0007a423          	sw	zero,8(a5)
84065a78:	0325c703          	lbu	a4,50(a1)
84065a7c:	177d                	add	a4,a4,-1
84065a7e:	02e58923          	sb	a4,50(a1)
84065a82:	bfd1                	j	84065a56 <pka_share_updt_hid_tx_ptr+0x2e>

84065a84 <pka_share_get_hid_tx_ptr>:
84065a84:	00005717          	auipc	a4,0x5
84065a88:	32475703          	lhu	a4,804(a4) # 8406ada8 <pka_cb_type>
84065a8c:	4785                	li	a5,1
84065a8e:	06f71663          	bne	a4,a5,84065afa <pka_share_get_hid_tx_ptr+0x76>
84065a92:	1121                	add	sp,sp,-24
84065a94:	c822                	sw	s0,16(sp)
84065a96:	ca06                	sw	ra,20(sp)
84065a98:	00005417          	auipc	s0,0x5
84065a9c:	51040413          	add	s0,s0,1296 # 8406afa8 <pka_share_tx_hid_ctl>
84065aa0:	03244703          	lbu	a4,50(s0)
84065aa4:	03144783          	lbu	a5,49(s0)
84065aa8:	c43a                	sw	a4,8(sp)
84065aaa:	c03e                	sw	a5,0(sp)
84065aac:	04f77963          	bgeu	a4,a5,84065afe <pka_share_get_hid_tx_ptr+0x7a>
84065ab0:	c626                	sw	s1,12(sp)
84065ab2:	03044483          	lbu	s1,48(s0)
84065ab6:	97a6                	add	a5,a5,s1
84065ab8:	c23e                	sw	a5,4(sp)
84065aba:	a021                	j	84065ac2 <pka_share_get_hid_tx_ptr+0x3e>
84065abc:	4792                	lw	a5,4(sp)
84065abe:	04978563          	beq	a5,s1,84065b08 <pka_share_get_hid_tx_ptr+0x84>
84065ac2:	4582                	lw	a1,0(sp)
84065ac4:	8526                	mv	a0,s1
84065ac6:	0485                	add	s1,s1,1
84065ac8:	879fe0ef          	jal	84064340 <__modsi3>
84065acc:	00151793          	sll	a5,a0,0x1
84065ad0:	97aa                	add	a5,a5,a0
84065ad2:	078a                	sll	a5,a5,0x2
84065ad4:	97a2                	add	a5,a5,s0
84065ad6:	4794                	lw	a3,8(a5)
84065ad8:	f2f5                	bnez	a3,84065abc <pka_share_get_hid_tx_ptr+0x38>
84065ada:	4722                	lw	a4,8(sp)
84065adc:	4388                	lw	a0,0(a5)
84065ade:	4685                	li	a3,1
84065ae0:	0705                	add	a4,a4,1
84065ae2:	02e40923          	sb	a4,50(s0)
84065ae6:	c794                	sw	a3,8(a5)
84065ae8:	00005717          	auipc	a4,0x5
84065aec:	2af72c23          	sw	a5,696(a4) # 8406ada0 <g_pLastGetHidTx>
84065af0:	40d2                	lw	ra,20(sp)
84065af2:	4442                	lw	s0,16(sp)
84065af4:	44b2                	lw	s1,12(sp)
84065af6:	0161                	add	sp,sp,24
84065af8:	8082                	ret
84065afa:	4501                	li	a0,0
84065afc:	8082                	ret
84065afe:	40d2                	lw	ra,20(sp)
84065b00:	4442                	lw	s0,16(sp)
84065b02:	4501                	li	a0,0
84065b04:	0161                	add	sp,sp,24
84065b06:	8082                	ret
84065b08:	4501                	li	a0,0
84065b0a:	b7dd                	j	84065af0 <pka_share_get_hid_tx_ptr+0x6c>

84065b0c <pka_share_push_hid_tx_ptr>:
84065b0c:	00005797          	auipc	a5,0x5
84065b10:	29c7d783          	lhu	a5,668(a5) # 8406ada8 <pka_cb_type>
84065b14:	4705                	li	a4,1
84065b16:	00e78363          	beq	a5,a4,84065b1c <pka_share_push_hid_tx_ptr+0x10>
84065b1a:	8082                	ret
84065b1c:	00005717          	auipc	a4,0x5
84065b20:	28472703          	lw	a4,644(a4) # 8406ada0 <g_pLastGetHidTx>
84065b24:	4314                	lw	a3,0(a4)
84065b26:	fea69ae3          	bne	a3,a0,84065b1a <pka_share_push_hid_tx_ptr+0xe>
84065b2a:	4714                	lw	a3,8(a4)
84065b2c:	fef697e3          	bne	a3,a5,84065b1a <pka_share_push_hid_tx_ptr+0xe>
84065b30:	00072423          	sw	zero,8(a4)
84065b34:	00005717          	auipc	a4,0x5
84065b38:	47470713          	add	a4,a4,1140 # 8406afa8 <pka_share_tx_hid_ctl>
84065b3c:	03274783          	lbu	a5,50(a4)
84065b40:	17fd                	add	a5,a5,-1
84065b42:	02f70923          	sb	a5,50(a4)
84065b46:	8082                	ret

84065b48 <pka_share_advanced_tx_prepare_rt>:
84065b48:	1101                	add	sp,sp,-32
84065b4a:	cc22                	sw	s0,24(sp)
84065b4c:	ce06                	sw	ra,28(sp)
84065b4e:	ca26                	sw	s1,20(sp)
84065b50:	00005417          	auipc	s0,0x5
84065b54:	45840413          	add	s0,s0,1112 # 8406afa8 <pka_share_tx_hid_ctl>
84065b58:	03044603          	lbu	a2,48(s0)
84065b5c:	0808                	add	a0,sp,16
84065b5e:	c032                	sw	a2,0(sp)
84065b60:	323030ef          	jal	84069682 <hal_nvic_save_and_set_interrupt_mask>
84065b64:	00005797          	auipc	a5,0x5
84065b68:	24c7c783          	lbu	a5,588(a5) # 8406adb0 <g_riscv_ccni_irq_occur>
84065b6c:	ebb1                	bnez	a5,84065bc0 <pka_share_advanced_tx_prepare_rt+0x78>
84065b6e:	4602                	lw	a2,0(sp)
84065b70:	4705                	li	a4,1
84065b72:	5854                	lw	a3,52(s0)
84065b74:	00161393          	sll	t2,a2,0x1
84065b78:	00c387b3          	add	a5,t2,a2
84065b7c:	078a                	sll	a5,a5,0x2
84065b7e:	97a2                	add	a5,a5,s0
84065b80:	478c                	lw	a1,8(a5)
84065b82:	04e58b63          	beq	a1,a4,84065bd8 <pka_share_advanced_tx_prepare_rt+0x90>
84065b86:	4701                	li	a4,0
84065b88:	00005497          	auipc	s1,0x5
84065b8c:	22448493          	add	s1,s1,548 # 8406adac <g_pPkaRtInfo>
84065b90:	0004a303          	lw	t1,0(s1)
84065b94:	00005297          	auipc	t0,0x5
84065b98:	21028293          	add	t0,t0,528 # 8406ada4 <g_pEmptyPktPtr>
84065b9c:	0002a583          	lw	a1,0(t0)
84065ba0:	01432083          	lw	ra,20(t1)
84065ba4:	00c387b3          	add	a5,t2,a2
84065ba8:	078a                	sll	a5,a5,0x2
84065baa:	0000a503          	lw	a0,0(ra)
84065bae:	97a2                	add	a5,a5,s0
84065bb0:	0ab50e63          	beq	a0,a1,84065c6c <pka_share_advanced_tx_prepare_rt+0x124>
84065bb4:	01c32083          	lw	ra,28(t1)
84065bb8:	0000a603          	lw	a2,0(ra)
84065bbc:	02c58063          	beq	a1,a2,84065bdc <pka_share_advanced_tx_prepare_rt+0x94>
84065bc0:	4481                	li	s1,0
84065bc2:	585c                	lw	a5,52(s0)
84065bc4:	c7c9                	beqz	a5,84065c4e <pka_share_advanced_tx_prepare_rt+0x106>
84065bc6:	4542                	lw	a0,16(sp)
84065bc8:	2c3030ef          	jal	8406968a <hal_nvic_restore_interrupt_mask>
84065bcc:	40f2                	lw	ra,28(sp)
84065bce:	4462                	lw	s0,24(sp)
84065bd0:	8526                	mv	a0,s1
84065bd2:	44d2                	lw	s1,20(sp)
84065bd4:	6105                	add	sp,sp,32
84065bd6:	8082                	ret
84065bd8:	4398                	lw	a4,0(a5)
84065bda:	b77d                	j	84065b88 <pka_share_advanced_tx_prepare_rt+0x40>
84065bdc:	01832303          	lw	t1,24(t1)
84065be0:	00032303          	lw	t1,0(t1)
84065be4:	18068363          	beqz	a3,84065d6a <pka_share_advanced_tx_prepare_rt+0x222>
84065be8:	00d0a023          	sw	a3,0(ra)
84065bec:	c63e                	sw	a5,12(sp)
84065bee:	c41a                	sw	t1,8(sp)
84065bf0:	c22a                	sw	a0,4(sp)
84065bf2:	c036                	sw	a3,0(sp)
84065bf4:	00005717          	auipc	a4,0x5
84065bf8:	3e072423          	sw	zero,1000(a4) # 8406afdc <pka_share_tx_hid_ctl+0x34>
84065bfc:	24c020ef          	jal	84067e48 <hid_express_dbg_inc_pka_acl_cnt>
84065c00:	4682                	lw	a3,0(sp)
84065c02:	4512                	lw	a0,4(sp)
84065c04:	00005297          	auipc	t0,0x5
84065c08:	1a028293          	add	t0,t0,416 # 8406ada4 <g_pEmptyPktPtr>
84065c0c:	0002a603          	lw	a2,0(t0)
84065c10:	4322                	lw	t1,8(sp)
84065c12:	47b2                	lw	a5,12(sp)
84065c14:	83b6                	mv	t2,a3
84065c16:	4481                	li	s1,0
84065c18:	86aa                	mv	a3,a0
84065c1a:	0093c703          	lbu	a4,9(t2)
84065c1e:	07f77713          	and	a4,a4,127
84065c22:	00e384a3          	sb	a4,9(t2)
84065c26:	f8c31ee3          	bne	t1,a2,84065bc2 <pka_share_advanced_tx_prepare_rt+0x7a>
84065c2a:	f8669ce3          	bne	a3,t1,84065bc2 <pka_share_advanced_tx_prepare_rt+0x7a>
84065c2e:	f8d39ae3          	bne	t2,a3,84065bc2 <pka_share_advanced_tx_prepare_rt+0x7a>
84065c32:	4794                	lw	a3,8(a5)
84065c34:	4709                	li	a4,2
84065c36:	f8e696e3          	bne	a3,a4,84065bc2 <pka_share_advanced_tx_prepare_rt+0x7a>
84065c3a:	4398                	lw	a4,0(a5)
84065c3c:	00974783          	lbu	a5,9(a4)
84065c40:	f807e793          	or	a5,a5,-128
84065c44:	00f704a3          	sb	a5,9(a4)
84065c48:	210020ef          	jal	84067e58 <hid_express_dbg_inc_pka_hid_drop_cnt>
84065c4c:	bf9d                	j	84065bc2 <pka_share_advanced_tx_prepare_rt+0x7a>
84065c4e:	4511                	li	a0,4
84065c50:	bc7ff0ef          	jal	84065816 <share_buffer_hw_semaphore_take>
84065c54:	00005797          	auipc	a5,0x5
84065c58:	1587a783          	lw	a5,344(a5) # 8406adac <g_pPkaRtInfo>
84065c5c:	4b9c                	lw	a5,16(a5)
84065c5e:	4511                	li	a0,4
84065c60:	4398                	lw	a4,0(a5)
84065c62:	d858                	sw	a4,52(s0)
84065c64:	0007a023          	sw	zero,0(a5)
84065c68:	3ecd                	jal	8406585a <share_buffer_hw_semaphore_give>
84065c6a:	bfb1                	j	84065bc6 <pka_share_advanced_tx_prepare_rt+0x7e>
84065c6c:	caa9                	beqz	a3,84065cbe <pka_share_advanced_tx_prepare_rt+0x176>
84065c6e:	00d0a023          	sw	a3,0(ra)
84065c72:	c43a                	sw	a4,8(sp)
84065c74:	c23e                	sw	a5,4(sp)
84065c76:	c036                	sw	a3,0(sp)
84065c78:	00005617          	auipc	a2,0x5
84065c7c:	36062223          	sw	zero,868(a2) # 8406afdc <pka_share_tx_hid_ctl+0x34>
84065c80:	1c8020ef          	jal	84067e48 <hid_express_dbg_inc_pka_acl_cnt>
84065c84:	4682                	lw	a3,0(sp)
84065c86:	4088                	lw	a0,0(s1)
84065c88:	00005297          	auipc	t0,0x5
84065c8c:	11c28293          	add	t0,t0,284 # 8406ada4 <g_pEmptyPktPtr>
84065c90:	0096c583          	lbu	a1,9(a3)
84065c94:	0002a603          	lw	a2,0(t0)
84065c98:	4792                	lw	a5,4(sp)
84065c9a:	07f5f593          	and	a1,a1,127
84065c9e:	00b684a3          	sb	a1,9(a3)
84065ca2:	01c52083          	lw	ra,28(a0)
84065ca6:	4d0c                	lw	a1,24(a0)
84065ca8:	4722                	lw	a4,8(sp)
84065caa:	0000a383          	lw	t2,0(ra)
84065cae:	0005a303          	lw	t1,0(a1)
84065cb2:	12c38863          	beq	t2,a2,84065de2 <pka_share_advanced_tx_prepare_rt+0x29a>
84065cb6:	451d                	li	a0,7
84065cb8:	ff950493          	add	s1,a0,-7
84065cbc:	b7ad                	j	84065c26 <pka_share_advanced_tx_prepare_rt+0xde>
84065cbe:	c355                	beqz	a4,84065d62 <pka_share_advanced_tx_prepare_rt+0x21a>
84065cc0:	00e0a023          	sw	a4,0(ra)
84065cc4:	4094                	lw	a3,0(s1)
84065cc6:	0146a083          	lw	ra,20(a3)
84065cca:	0000a683          	lw	a3,0(ra)
84065cce:	fee699e3          	bne	a3,a4,84065cc0 <pka_share_advanced_tx_prepare_rt+0x178>
84065cd2:	03044503          	lbu	a0,48(s0)
84065cd6:	00c386b3          	add	a3,t2,a2
84065cda:	03144583          	lbu	a1,49(s0)
84065cde:	068a                	sll	a3,a3,0x2
84065ce0:	4609                	li	a2,2
84065ce2:	96a2                	add	a3,a3,s0
84065ce4:	0505                	add	a0,a0,1
84065ce6:	c690                	sw	a2,8(a3)
84065ce8:	0ff57513          	zext.b	a0,a0
84065cec:	c43a                	sw	a4,8(sp)
84065cee:	c23e                	sw	a5,4(sp)
84065cf0:	e2cfe0ef          	jal	8406431c <__umodsi3>
84065cf4:	421506b7          	lui	a3,0x42150
84065cf8:	02a40823          	sb	a0,48(s0)
84065cfc:	2186a503          	lw	a0,536(a3) # 42150218 <__log_strings_end+0x3c14f146>
84065d00:	c02a                	sw	a0,0(sp)
84065d02:	136020ef          	jal	84067e38 <hid_express_dbg_inc_pka_hid_cnt>
84065d06:	4722                	lw	a4,8(sp)
84065d08:	00005297          	auipc	t0,0x5
84065d0c:	09c28293          	add	t0,t0,156 # 8406ada4 <g_pEmptyPktPtr>
84065d10:	0004a303          	lw	t1,0(s1)
84065d14:	0002a603          	lw	a2,0(t0)
84065d18:	4502                	lw	a0,0(sp)
84065d1a:	4792                	lw	a5,4(sp)
84065d1c:	86ba                	mv	a3,a4
84065d1e:	0096c703          	lbu	a4,9(a3)
84065d22:	07f77713          	and	a4,a4,127
84065d26:	00e684a3          	sb	a4,9(a3)
84065d2a:	01c32083          	lw	ra,28(t1)
84065d2e:	01832703          	lw	a4,24(t1)
84065d32:	0000a383          	lw	t2,0(ra)
84065d36:	00072303          	lw	t1,0(a4)
84065d3a:	f6761fe3          	bne	a2,t2,84065cb8 <pka_share_advanced_tx_prepare_rt+0x170>
84065d3e:	85b2                	mv	a1,a2
84065d40:	03044383          	lbu	t2,48(s0)
84065d44:	4705                	li	a4,1
84065d46:	00139793          	sll	a5,t2,0x1
84065d4a:	979e                	add	a5,a5,t2
84065d4c:	078a                	sll	a5,a5,0x2
84065d4e:	97a2                	add	a5,a5,s0
84065d50:	0087a383          	lw	t2,8(a5)
84065d54:	08e38963          	beq	t2,a4,84065de6 <pka_share_advanced_tx_prepare_rt+0x29e>
84065d58:	83b2                	mv	t2,a2
84065d5a:	ff950493          	add	s1,a0,-7
84065d5e:	862e                	mv	a2,a1
84065d60:	bd6d                	j	84065c1a <pka_share_advanced_tx_prepare_rt+0xd2>
84065d62:	86aa                	mv	a3,a0
84065d64:	862a                	mv	a2,a0
84065d66:	451d                	li	a0,7
84065d68:	bf5d                	j	84065d1e <pka_share_advanced_tx_prepare_rt+0x1d6>
84065d6a:	86aa                	mv	a3,a0
84065d6c:	451d                	li	a0,7
84065d6e:	db69                	beqz	a4,84065d40 <pka_share_advanced_tx_prepare_rt+0x1f8>
84065d70:	fee684e3          	beq	a3,a4,84065d58 <pka_share_advanced_tx_prepare_rt+0x210>
84065d74:	fee302e3          	beq	t1,a4,84065d58 <pka_share_advanced_tx_prepare_rt+0x210>
84065d78:	00e0a023          	sw	a4,0(ra)
84065d7c:	4090                	lw	a2,0(s1)
84065d7e:	01c62083          	lw	ra,28(a2)
84065d82:	0000a603          	lw	a2,0(ra)
84065d86:	fee619e3          	bne	a2,a4,84065d78 <pka_share_advanced_tx_prepare_rt+0x230>
84065d8a:	00005617          	auipc	a2,0x5
84065d8e:	01262603          	lw	a2,18(a2) # 8406ad9c <pka_share_ptr>
84065d92:	08062583          	lw	a1,128(a2)
84065d96:	4609                	li	a2,2
84065d98:	c63a                	sw	a4,12(sp)
84065d9a:	00c58023          	sb	a2,0(a1)
84065d9e:	c790                	sw	a2,8(a5)
84065da0:	03044503          	lbu	a0,48(s0)
84065da4:	03144583          	lbu	a1,49(s0)
84065da8:	c436                	sw	a3,8(sp)
84065daa:	0505                	add	a0,a0,1
84065dac:	0ff57513          	zext.b	a0,a0
84065db0:	c21a                	sw	t1,4(sp)
84065db2:	c03e                	sw	a5,0(sp)
84065db4:	d68fe0ef          	jal	8406431c <__umodsi3>
84065db8:	42150637          	lui	a2,0x42150
84065dbc:	02a40823          	sb	a0,48(s0)
84065dc0:	21862483          	lw	s1,536(a2) # 42150218 <__log_strings_end+0x3c14f146>
84065dc4:	074020ef          	jal	84067e38 <hid_express_dbg_inc_pka_hid_cnt>
84065dc8:	4732                	lw	a4,12(sp)
84065dca:	00005297          	auipc	t0,0x5
84065dce:	fda28293          	add	t0,t0,-38 # 8406ada4 <g_pEmptyPktPtr>
84065dd2:	0002a603          	lw	a2,0(t0)
84065dd6:	46a2                	lw	a3,8(sp)
84065dd8:	4312                	lw	t1,4(sp)
84065dda:	4782                	lw	a5,0(sp)
84065ddc:	14e5                	add	s1,s1,-7
84065dde:	83ba                	mv	t2,a4
84065de0:	bd2d                	j	84065c1a <pka_share_advanced_tx_prepare_rt+0xd2>
84065de2:	85b2                	mv	a1,a2
84065de4:	b761                	j	84065d6c <pka_share_advanced_tx_prepare_rt+0x224>
84065de6:	4398                	lw	a4,0(a5)
84065de8:	f741                	bnez	a4,84065d70 <pka_share_advanced_tx_prepare_rt+0x228>
84065dea:	b7bd                	j	84065d58 <pka_share_advanced_tx_prepare_rt+0x210>

84065dec <pka_share_tx_forward_prepare_rtt0>:
84065dec:	1151                	add	sp,sp,-12
84065dee:	c222                	sw	s0,4(sp)
84065df0:	00005417          	auipc	s0,0x5
84065df4:	fac40413          	add	s0,s0,-84 # 8406ad9c <pka_share_ptr>
84065df8:	401c                	lw	a5,0(s0)
84065dfa:	c026                	sw	s1,0(sp)
84065dfc:	c406                	sw	ra,8(sp)
84065dfe:	4bf8                	lw	a4,84(a5)
84065e00:	53fc                	lw	a5,100(a5)
84065e02:	c31c                	sw	a5,0(a4)
84065e04:	401c                	lw	a5,0(s0)
84065e06:	4ff8                	lw	a4,92(a5)
84065e08:	57fc                	lw	a5,108(a5)
84065e0a:	c31c                	sw	a5,0(a4)
84065e0c:	4004                	lw	s1,0(s0)
84065e0e:	44fc                	lw	a5,76(s1)
84065e10:	4388                	lw	a0,0(a5)
84065e12:	ab3ff0ef          	jal	840658c4 <pka_tx_buf_is_hid>
84065e16:	48bc                	lw	a5,80(s1)
84065e18:	cd01                	beqz	a0,84065e30 <pka_share_tx_forward_prepare_rtt0+0x44>
84065e1a:	50b8                	lw	a4,96(s1)
84065e1c:	c398                	sw	a4,0(a5)
84065e1e:	401c                	lw	a5,0(s0)
84065e20:	4fb8                	lw	a4,88(a5)
84065e22:	57bc                	lw	a5,104(a5)
84065e24:	40a2                	lw	ra,8(sp)
84065e26:	4412                	lw	s0,4(sp)
84065e28:	c31c                	sw	a5,0(a4)
84065e2a:	4482                	lw	s1,0(sp)
84065e2c:	0131                	add	sp,sp,12
84065e2e:	8082                	ret
84065e30:	50f8                	lw	a4,100(s1)
84065e32:	c398                	sw	a4,0(a5)
84065e34:	401c                	lw	a5,0(s0)
84065e36:	4fb8                	lw	a4,88(a5)
84065e38:	57fc                	lw	a5,108(a5)
84065e3a:	b7ed                	j	84065e24 <pka_share_tx_forward_prepare_rtt0+0x38>

84065e3c <ccni_write_register>:
84065e3c:	1131                	add	sp,sp,-20
84065e3e:	01055713          	srl	a4,a0,0x10
84065e42:	c806                	sw	ra,16(sp)
84065e44:	c622                	sw	s0,12(sp)
84065e46:	c426                	sw	s1,8(sp)
84065e48:	c032                	sw	a2,0(sp)
84065e4a:	01855793          	srl	a5,a0,0x18
84065e4e:	0ff77713          	zext.b	a4,a4
84065e52:	04e78a63          	beq	a5,a4,84065ea6 <ccni_write_register+0x6a>
84065e56:	17fd                	add	a5,a5,-1
84065e58:	4685                	li	a3,1
84065e5a:	01f57413          	and	s0,a0,31
84065e5e:	5571                	li	a0,-4
84065e60:	02f6ea63          	bltu	a3,a5,84065e94 <ccni_write_register+0x58>
84065e64:	177d                	add	a4,a4,-1
84065e66:	02e6e763          	bltu	a3,a4,84065e94 <ccni_write_register+0x58>
84065e6a:	0048                	add	a0,sp,4
84065e6c:	84ae                	mv	s1,a1
84065e6e:	015030ef          	jal	84069682 <hal_nvic_save_and_set_interrupt_mask>
84065e72:	422b07b7          	lui	a5,0x422b0
84065e76:	00f485b3          	add	a1,s1,a5
84065e7a:	4602                	lw	a2,0(sp)
84065e7c:	4198                	lw	a4,0(a1)
84065e7e:	4685                	li	a3,1
84065e80:	008697b3          	sll	a5,a3,s0
84065e84:	00d61d63          	bne	a2,a3,84065e9e <ccni_write_register+0x62>
84065e88:	8fd9                	or	a5,a5,a4
84065e8a:	c19c                	sw	a5,0(a1)
84065e8c:	4512                	lw	a0,4(sp)
84065e8e:	7fc030ef          	jal	8406968a <hal_nvic_restore_interrupt_mask>
84065e92:	4501                	li	a0,0
84065e94:	40c2                	lw	ra,16(sp)
84065e96:	4432                	lw	s0,12(sp)
84065e98:	44a2                	lw	s1,8(sp)
84065e9a:	0151                	add	sp,sp,20
84065e9c:	8082                	ret
84065e9e:	fff7c793          	not	a5,a5
84065ea2:	8ff9                	and	a5,a5,a4
84065ea4:	b7dd                	j	84065e8a <ccni_write_register+0x4e>
84065ea6:	5571                	li	a0,-4
84065ea8:	b7f5                	j	84065e94 <ccni_write_register+0x58>

84065eaa <hal_ccni_init>:
84065eaa:	1151                	add	sp,sp,-12
84065eac:	00000597          	auipc	a1,0x0
84065eb0:	15658593          	add	a1,a1,342 # 84066002 <ccni_irq_handler>
84065eb4:	4571                	li	a0,28
84065eb6:	c406                	sw	ra,8(sp)
84065eb8:	7a2030ef          	jal	8406965a <hal_nvic_register_isr_handler>
84065ebc:	4571                	li	a0,28
84065ebe:	7ac030ef          	jal	8406966a <hal_nvic_enable_irq>
84065ec2:	40a2                	lw	ra,8(sp)
84065ec4:	4501                	li	a0,0
84065ec6:	0131                	add	sp,sp,12
84065ec8:	8082                	ret

84065eca <hal_ccni_query_event_status>:
84065eca:	1121                	add	sp,sp,-24
84065ecc:	01f57693          	and	a3,a0,31
84065ed0:	ca06                	sw	ra,20(sp)
84065ed2:	c822                	sw	s0,16(sp)
84065ed4:	c626                	sw	s1,12(sp)
84065ed6:	c236                	sw	a3,4(sp)
84065ed8:	c5b5                	beqz	a1,84065f44 <hal_ccni_query_event_status+0x7a>
84065eda:	00851613          	sll	a2,a0,0x8
84065ede:	84ae                	mv	s1,a1
84065ee0:	8e29                	xor	a2,a2,a0
84065ee2:	010005b7          	lui	a1,0x1000
84065ee6:	01855713          	srl	a4,a0,0x18
84065eea:	01055793          	srl	a5,a0,0x10
84065eee:	5571                	li	a0,-4
84065ef0:	04b66263          	bltu	a2,a1,84065f34 <hal_ccni_query_event_status+0x6a>
84065ef4:	177d                	add	a4,a4,-1
84065ef6:	4405                	li	s0,1
84065ef8:	02e46e63          	bltu	s0,a4,84065f34 <hal_ccni_query_event_status+0x6a>
84065efc:	0ff7f793          	zext.b	a5,a5
84065f00:	fff78713          	add	a4,a5,-1 # 422affff <__log_strings_end+0x3c2aef2d>
84065f04:	c03e                	sw	a5,0(sp)
84065f06:	02e46763          	bltu	s0,a4,84065f34 <hal_ccni_query_event_status+0x6a>
84065f0a:	0028                	add	a0,sp,8
84065f0c:	776030ef          	jal	84069682 <hal_nvic_save_and_set_interrupt_mask>
84065f10:	4692                	lw	a3,4(sp)
84065f12:	4782                	lw	a5,0(sp)
84065f14:	4709                	li	a4,2
84065f16:	00d41433          	sll	s0,s0,a3
84065f1a:	02e78263          	beq	a5,a4,84065f3e <hal_ccni_query_event_status+0x74>
84065f1e:	422c07b7          	lui	a5,0x422c0
84065f22:	47dc                	lw	a5,12(a5)
84065f24:	4522                	lw	a0,8(sp)
84065f26:	8fe1                	and	a5,a5,s0
84065f28:	00f037b3          	snez	a5,a5
84065f2c:	c09c                	sw	a5,0(s1)
84065f2e:	75c030ef          	jal	8406968a <hal_nvic_restore_interrupt_mask>
84065f32:	4501                	li	a0,0
84065f34:	40d2                	lw	ra,20(sp)
84065f36:	4442                	lw	s0,16(sp)
84065f38:	44b2                	lw	s1,12(sp)
84065f3a:	0161                	add	sp,sp,24
84065f3c:	8082                	ret
84065f3e:	422b07b7          	lui	a5,0x422b0
84065f42:	b7c5                	j	84065f22 <hal_ccni_query_event_status+0x58>
84065f44:	5571                	li	a0,-4
84065f46:	b7fd                	j	84065f34 <hal_ccni_query_event_status+0x6a>

84065f48 <hal_ccni_set_event_with_retry>:
84065f48:	77c1                	lui	a5,0xffff0
84065f4a:	8fe9                	and	a5,a5,a0
84065f4c:	02010737          	lui	a4,0x2010
84065f50:	08e79c63          	bne	a5,a4,84065fe8 <hal_ccni_set_event_with_retry+0xa0>
84065f54:	1111                	add	sp,sp,-28
84065f56:	ca22                	sw	s0,20(sp)
84065f58:	c826                	sw	s1,16(sp)
84065f5a:	cc06                	sw	ra,24(sp)
84065f5c:	01057413          	and	s0,a0,16
84065f60:	01f57493          	and	s1,a0,31
84065f64:	c019                	beqz	s0,84065f6a <hal_ccni_set_event_with_retry+0x22>
84065f66:	5571                	li	a0,-4
84065f68:	e1b1                	bnez	a1,84065fac <hal_ccni_set_event_with_retry+0x64>
84065f6a:	0068                	add	a0,sp,12
84065f6c:	c232                	sw	a2,4(sp)
84065f6e:	c02e                	sw	a1,0(sp)
84065f70:	712030ef          	jal	84069682 <hal_nvic_save_and_set_interrupt_mask>
84065f74:	4612                	lw	a2,4(sp)
84065f76:	4582                	lw	a1,0(sp)
84065f78:	4785                	li	a5,1
84065f7a:	009797b3          	sll	a5,a5,s1
84065f7e:	422c0737          	lui	a4,0x422c0
84065f82:	4758                	lw	a4,12(a4)
84065f84:	8f7d                	and	a4,a4,a5
84065f86:	cf11                	beqz	a4,84065fa2 <hal_ccni_set_event_with_retry+0x5a>
84065f88:	ce01                	beqz	a2,84065fa0 <hal_ccni_set_event_with_retry+0x58>
84065f8a:	167d                	add	a2,a2,-1
84065f8c:	4551                	li	a0,20
84065f8e:	c42e                	sw	a1,8(sp)
84065f90:	c23e                	sw	a5,4(sp)
84065f92:	c032                	sw	a2,0(sp)
84065f94:	73d020ef          	jal	84068ed0 <hal_gpt_delay_us>
84065f98:	4602                	lw	a2,0(sp)
84065f9a:	4792                	lw	a5,4(sp)
84065f9c:	45a2                	lw	a1,8(sp)
84065f9e:	b7c5                	j	84065f7e <hal_ccni_set_event_with_retry+0x36>
84065fa0:	4705                	li	a4,1
84065fa2:	4532                	lw	a0,12(sp)
84065fa4:	cb09                	beqz	a4,84065fb6 <hal_ccni_set_event_with_retry+0x6e>
84065fa6:	6e4030ef          	jal	8406968a <hal_nvic_restore_interrupt_mask>
84065faa:	5575                	li	a0,-3
84065fac:	40e2                	lw	ra,24(sp)
84065fae:	4452                	lw	s0,20(sp)
84065fb0:	44c2                	lw	s1,16(sp)
84065fb2:	0171                	add	sp,sp,28
84065fb4:	8082                	ret
84065fb6:	e005                	bnez	s0,84065fd6 <hal_ccni_set_event_with_retry+0x8e>
84065fb8:	4194                	lw	a3,0(a1)
84065fba:	048e                	sll	s1,s1,0x3
84065fbc:	7ffa8717          	auipc	a4,0x7ffa8
84065fc0:	58870713          	add	a4,a4,1416 # 400e544 <ccm_ccni>
84065fc4:	9726                	add	a4,a4,s1
84065fc6:	c314                	sw	a3,0(a4)
84065fc8:	41d8                	lw	a4,4(a1)
84065fca:	7ffa8697          	auipc	a3,0x7ffa8
84065fce:	57e68693          	add	a3,a3,1406 # 400e548 <ccm_ccni+0x4>
84065fd2:	94b6                	add	s1,s1,a3
84065fd4:	c098                	sw	a4,0(s1)
84065fd6:	422c0737          	lui	a4,0x422c0
84065fda:	4354                	lw	a3,4(a4)
84065fdc:	8fd5                	or	a5,a5,a3
84065fde:	c35c                	sw	a5,4(a4)
84065fe0:	6aa030ef          	jal	8406968a <hal_nvic_restore_interrupt_mask>
84065fe4:	4501                	li	a0,0
84065fe6:	b7d9                	j	84065fac <hal_ccni_set_event_with_retry+0x64>
84065fe8:	5571                	li	a0,-4
84065fea:	8082                	ret

84065fec <hal_ccni_set_event>:
84065fec:	567d                	li	a2,-1
84065fee:	bfa9                	j	84065f48 <hal_ccni_set_event_with_retry>

84065ff0 <hal_ccni_clear_event>:
84065ff0:	4605                	li	a2,1
84065ff2:	45a1                	li	a1,8
84065ff4:	b5a1                	j	84065e3c <ccni_write_register>

84065ff6 <hal_ccni_mask_event>:
84065ff6:	4605                	li	a2,1
84065ff8:	4581                	li	a1,0
84065ffa:	b589                	j	84065e3c <ccni_write_register>

84065ffc <hal_ccni_unmask_event>:
84065ffc:	4601                	li	a2,0
84065ffe:	4581                	li	a1,0
84066000:	bd35                	j	84065e3c <ccni_write_register>

84066002 <ccni_irq_handler>:
84066002:	422b07b7          	lui	a5,0x422b0
84066006:	47dc                	lw	a5,12(a5)
84066008:	1131                	add	sp,sp,-20
8406600a:	c426                	sw	s1,8(sp)
8406600c:	c23e                	sw	a5,4(sp)
8406600e:	7ffa8797          	auipc	a5,0x7ffa8
84066012:	5b678793          	add	a5,a5,1462 # 400e5c4 <ccm_ccni+0x80>
84066016:	c806                	sw	ra,16(sp)
84066018:	c622                	sw	s0,12(sp)
8406601a:	c03e                	sw	a5,0(sp)
8406601c:	4481                	li	s1,0
8406601e:	4792                	lw	a5,4(sp)
84066020:	4705                	li	a4,1
84066022:	00971733          	sll	a4,a4,s1
84066026:	00f776b3          	and	a3,a4,a5
8406602a:	c2b1                	beqz	a3,8406606e <ccni_irq_handler+0x6c>
8406602c:	422b06b7          	lui	a3,0x422b0
84066030:	4294                	lw	a3,0(a3)
84066032:	8f75                	and	a4,a4,a3
84066034:	ef0d                	bnez	a4,8406606e <ccni_irq_handler+0x6c>
84066036:	01020437          	lui	s0,0x1020
8406603a:	8c45                	or	s0,s0,s1
8406603c:	8522                	mv	a0,s0
8406603e:	3f65                	jal	84065ff6 <hal_ccni_mask_event>
84066040:	00249713          	sll	a4,s1,0x2
84066044:	00005797          	auipc	a5,0x5
84066048:	a1478793          	add	a5,a5,-1516 # 8406aa58 <ccni_callback>
8406604c:	973e                	add	a4,a4,a5
8406604e:	4314                	lw	a3,0(a4)
84066050:	e291                	bnez	a3,84066054 <ccni_irq_handler+0x52>
84066052:	a001                	j	84066052 <ccni_irq_handler+0x50>
84066054:	4318                	lw	a4,0(a4)
84066056:	cb01                	beqz	a4,84066066 <ccni_irq_handler+0x64>
84066058:	46bd                	li	a3,15
8406605a:	4581                	li	a1,0
8406605c:	0096e363          	bltu	a3,s1,84066062 <ccni_irq_handler+0x60>
84066060:	4582                	lw	a1,0(sp)
84066062:	8522                	mv	a0,s0
84066064:	9702                	jalr	a4
84066066:	8522                	mv	a0,s0
84066068:	3761                	jal	84065ff0 <hal_ccni_clear_event>
8406606a:	8522                	mv	a0,s0
8406606c:	3f41                	jal	84065ffc <hal_ccni_unmask_event>
8406606e:	4782                	lw	a5,0(sp)
84066070:	0485                	add	s1,s1,1
84066072:	02000713          	li	a4,32
84066076:	07a1                	add	a5,a5,8
84066078:	c03e                	sw	a5,0(sp)
8406607a:	fae492e3          	bne	s1,a4,8406601e <ccni_irq_handler+0x1c>
8406607e:	40c2                	lw	ra,16(sp)
84066080:	4432                	lw	s0,12(sp)
84066082:	44a2                	lw	s1,8(sp)
84066084:	0151                	add	sp,sp,20
84066086:	8082                	ret

84066088 <hal_ccni_event_callback0>:
84066088:	8082                	ret

8406608a <hal_ccni_event_callback31>:
8406608a:	8082                	ret

8406608c <hal_ccni_event_callback1>:
8406608c:	8082                	ret

8406608e <hal_ccni_event_callback2>:
8406608e:	8082                	ret

84066090 <hal_ccni_event_callback4>:
84066090:	8082                	ret

84066092 <hal_ccni_event_callback5>:
84066092:	8082                	ret

84066094 <hal_ccni_event_callback6>:
84066094:	8082                	ret

84066096 <hal_ccni_event_callback7>:
84066096:	8082                	ret

84066098 <hal_ccni_event_callback8>:
84066098:	8082                	ret

8406609a <hal_ccni_event_callback9>:
8406609a:	8082                	ret

8406609c <hal_ccni_event_callback10>:
8406609c:	8082                	ret

8406609e <hal_ccni_event_callback11>:
8406609e:	8082                	ret

840660a0 <hal_ccni_event_callback12>:
840660a0:	8082                	ret

840660a2 <hal_ccni_event_callback13>:
840660a2:	8082                	ret

840660a4 <hal_ccni_event_callback14>:
840660a4:	8082                	ret

840660a6 <hal_ccni_event_callback17>:
840660a6:	8082                	ret

840660a8 <hal_ccni_event_callback18>:
840660a8:	8082                	ret

840660aa <hal_ccni_event_callback19>:
840660aa:	8082                	ret

840660ac <hal_ccni_event_callback21>:
840660ac:	8082                	ret

840660ae <hal_ccni_event_callback22>:
840660ae:	8082                	ret

840660b0 <hal_ccni_event_callback23>:
840660b0:	8082                	ret

840660b2 <hal_ccni_event_callback24>:
840660b2:	8082                	ret

840660b4 <hal_ccni_event_callback25>:
840660b4:	8082                	ret

840660b6 <hal_ccni_event_callback26>:
840660b6:	8082                	ret

840660b8 <hal_ccni_event_callback27>:
840660b8:	8082                	ret

840660ba <hal_ccni_event_callback28>:
840660ba:	8082                	ret

840660bc <hal_ccni_event_callback29>:
840660bc:	8082                	ret

840660be <hal_ccni_event_callback30>:
840660be:	8082                	ret

840660c0 <hal_core_status_write>:
840660c0:	1151                	add	sp,sp,-12
840660c2:	c026                	sw	s1,0(sp)
840660c4:	c406                	sw	ra,8(sp)
840660c6:	c222                	sw	s0,4(sp)
840660c8:	4785                	li	a5,1
840660ca:	54fd                	li	s1,-1
840660cc:	02a7eb63          	bltu	a5,a0,84066102 <hal_core_status_write+0x42>
840660d0:	842a                	mv	s0,a0
840660d2:	84ae                	mv	s1,a1
840660d4:	02f50063          	beq	a0,a5,840660f4 <hal_core_status_write+0x34>
840660d8:	87ae                	mv	a5,a1
840660da:	4701                	li	a4,0
840660dc:	4689                	li	a3,2
840660de:	81f9b617          	auipc	a2,0x81f9b
840660e2:	8be60613          	add	a2,a2,-1858 # 600099c <msg_id_string.0>
840660e6:	4589                	li	a1,2
840660e8:	00005517          	auipc	a0,0x5
840660ec:	aec50513          	add	a0,a0,-1300 # 8406abd4 <log_control_block_common>
840660f0:	507030ef          	jal	84069df6 <print_module_msgid_log>
840660f4:	040a                	sll	s0,s0,0x2
840660f6:	7ffa8797          	auipc	a5,0x7ffa8
840660fa:	54e78793          	add	a5,a5,1358 # 400e644 <ccm_core_status>
840660fe:	943e                	add	s0,s0,a5
84066100:	c004                	sw	s1,0(s0)
84066102:	40a2                	lw	ra,8(sp)
84066104:	4412                	lw	s0,4(sp)
84066106:	8526                	mv	a0,s1
84066108:	4482                	lw	s1,0(sp)
8406610a:	0131                	add	sp,sp,12
8406610c:	8082                	ret

8406610e <hw_semaphore_take>:
8406610e:	1131                	add	sp,sp,-20
84066110:	c02a                	sw	a0,0(sp)
84066112:	0048                	add	a0,sp,4
84066114:	c622                	sw	s0,12(sp)
84066116:	c426                	sw	s1,8(sp)
84066118:	c806                	sw	ra,16(sp)
8406611a:	568030ef          	jal	84069682 <hal_nvic_save_and_set_interrupt_mask>
8406611e:	4702                	lw	a4,0(sp)
84066120:	422a04b7          	lui	s1,0x422a0
84066124:	40dc                	lw	a5,4(s1)
84066126:	4405                	li	s0,1
84066128:	00e41433          	sll	s0,s0,a4
8406612c:	8fe1                	and	a5,a5,s0
8406612e:	cb91                	beqz	a5,84066142 <hw_semaphore_take+0x34>
84066130:	4512                	lw	a0,4(sp)
84066132:	558030ef          	jal	8406968a <hal_nvic_restore_interrupt_mask>
84066136:	557d                	li	a0,-1
84066138:	40c2                	lw	ra,16(sp)
8406613a:	4432                	lw	s0,12(sp)
8406613c:	44a2                	lw	s1,8(sp)
8406613e:	0151                	add	sp,sp,20
84066140:	8082                	ret
84066142:	2084a023          	sw	s0,512(s1) # 422a0200 <__log_strings_end+0x3c29f12e>
84066146:	4512                	lw	a0,4(sp)
84066148:	542030ef          	jal	8406968a <hal_nvic_restore_interrupt_mask>
8406614c:	40dc                	lw	a5,4(s1)
8406614e:	00f47533          	and	a0,s0,a5
84066152:	00153513          	seqz	a0,a0
84066156:	40a00533          	neg	a0,a0
8406615a:	bff9                	j	84066138 <hw_semaphore_take+0x2a>

8406615c <hal_hw_semaphore_take>:
8406615c:	47fd                	li	a5,31
8406615e:	00a7e363          	bltu	a5,a0,84066164 <hal_hw_semaphore_take+0x8>
84066162:	b775                	j	8406610e <hw_semaphore_take>
84066164:	5575                	li	a0,-3
84066166:	8082                	ret

84066168 <hw_semaphore_take_special>:
84066168:	422a0737          	lui	a4,0x422a0
8406616c:	4354                	lw	a3,4(a4)
8406616e:	4785                	li	a5,1
84066170:	00a79533          	sll	a0,a5,a0
84066174:	8ee9                	and	a3,a3,a0
84066176:	ea91                	bnez	a3,8406618a <hw_semaphore_take_special+0x22>
84066178:	20a72023          	sw	a0,512(a4) # 422a0200 <__log_strings_end+0x3c29f12e>
8406617c:	435c                	lw	a5,4(a4)
8406617e:	8d7d                	and	a0,a0,a5
84066180:	00153513          	seqz	a0,a0
84066184:	40a00533          	neg	a0,a0
84066188:	8082                	ret
8406618a:	557d                	li	a0,-1
8406618c:	8082                	ret

8406618e <hw_semaphore_give_special>:
8406618e:	422a0737          	lui	a4,0x422a0
84066192:	4354                	lw	a3,4(a4)
84066194:	4785                	li	a5,1
84066196:	00a79533          	sll	a0,a5,a0
8406619a:	8ee9                	and	a3,a3,a0
8406619c:	e299                	bnez	a3,840661a2 <hw_semaphore_give_special+0x14>
8406619e:	5579                	li	a0,-2
840661a0:	8082                	ret
840661a2:	20a72223          	sw	a0,516(a4) # 422a0204 <__log_strings_end+0x3c29f132>
840661a6:	435c                	lw	a5,4(a4)
840661a8:	8d7d                	and	a0,a0,a5
840661aa:	f975                	bnez	a0,8406619e <hw_semaphore_give_special+0x10>
840661ac:	8082                	ret

840661ae <hid_common_set_hid_exp_flag>:
840661ae:	00005717          	auipc	a4,0x5
840661b2:	b2e72703          	lw	a4,-1234(a4) # 8406acdc <hid_common>
840661b6:	4785                	li	a5,1
840661b8:	00a797b3          	sll	a5,a5,a0
840661bc:	4728                	lw	a0,72(a4)
840661be:	8d5d                	or	a0,a0,a5
840661c0:	c728                	sw	a0,72(a4)
840661c2:	8082                	ret

840661c4 <hid_common_clear_hid_exp_flag>:
840661c4:	00005697          	auipc	a3,0x5
840661c8:	b186a683          	lw	a3,-1256(a3) # 8406acdc <hid_common>
840661cc:	46b8                	lw	a4,72(a3)
840661ce:	4785                	li	a5,1
840661d0:	00a797b3          	sll	a5,a5,a0
840661d4:	fff7c793          	not	a5,a5
840661d8:	8ff9                	and	a5,a5,a4
840661da:	c6bc                	sw	a5,72(a3)
840661dc:	8082                	ret

840661de <hid_common_get_hid_exp_features>:
840661de:	c519                	beqz	a0,840661ec <hid_common_get_hid_exp_features+0xe>
840661e0:	00005797          	auipc	a5,0x5
840661e4:	afc7a783          	lw	a5,-1284(a5) # 8406acdc <hid_common>
840661e8:	47fc                	lw	a5,76(a5)
840661ea:	c11c                	sw	a5,0(a0)
840661ec:	8082                	ret

840661ee <hid_common_get_dongle_scenario>:
840661ee:	00005797          	auipc	a5,0x5
840661f2:	aee7a783          	lw	a5,-1298(a5) # 8406acdc <hid_common>
840661f6:	43e8                	lw	a0,68(a5)
840661f8:	8082                	ret

840661fa <hid_common_get_combo_key_list>:
840661fa:	00005797          	auipc	a5,0x5
840661fe:	ae27a783          	lw	a5,-1310(a5) # 8406acdc <hid_common>
84066202:	4798                	lw	a4,8(a5)
84066204:	c118                	sw	a4,0(a0)
84066206:	47d8                	lw	a4,12(a5)
84066208:	c198                	sw	a4,0(a1)
8406620a:	4b9c                	lw	a5,16(a5)
8406620c:	c21c                	sw	a5,0(a2)
8406620e:	8082                	ret

84066210 <hid_common_get_backend_key_remap_data>:
84066210:	00359793          	sll	a5,a1,0x3
84066214:	97ae                	add	a5,a5,a1
84066216:	00005717          	auipc	a4,0x5
8406621a:	ac672703          	lw	a4,-1338(a4) # 8406acdc <hid_common>
8406621e:	079a                	sll	a5,a5,0x6
84066220:	00f705b3          	add	a1,a4,a5
84066224:	0625d683          	lhu	a3,98(a1) # 1000062 <__fp_pattern_ram_total+0xff8662>
84066228:	51f8                	lw	a4,100(a1)
8406622a:	67c1                	lui	a5,0x10
8406622c:	17fd                	add	a5,a5,-1 # ffff <__fp_pattern_ram_total+0x85ff>
8406622e:	00d50023          	sb	a3,0(a0)
84066232:	8f7d                	and	a4,a4,a5
84066234:	82a1                	srl	a3,a3,0x8
84066236:	00d500a3          	sb	a3,1(a0)
8406623a:	01071693          	sll	a3,a4,0x10
8406623e:	00e50123          	sb	a4,2(a0)
84066242:	0186d713          	srl	a4,a3,0x18
84066246:	00e501a3          	sb	a4,3(a0)
8406624a:	0665c703          	lbu	a4,102(a1)
8406624e:	00e50223          	sb	a4,4(a0)
84066252:	0665d703          	lhu	a4,102(a1)
84066256:	8321                	srl	a4,a4,0x8
84066258:	00e502a3          	sb	a4,5(a0)
8406625c:	0685c703          	lbu	a4,104(a1)
84066260:	00e50323          	sb	a4,6(a0)
84066264:	0695c703          	lbu	a4,105(a1)
84066268:	00e503a3          	sb	a4,7(a0)
8406626c:	06a5d683          	lhu	a3,106(a1)
84066270:	55f8                	lw	a4,108(a1)
84066272:	00d50423          	sb	a3,8(a0)
84066276:	8f7d                	and	a4,a4,a5
84066278:	82a1                	srl	a3,a3,0x8
8406627a:	00d504a3          	sb	a3,9(a0)
8406627e:	01071693          	sll	a3,a4,0x10
84066282:	00e50523          	sb	a4,10(a0)
84066286:	0186d713          	srl	a4,a3,0x18
8406628a:	00e505a3          	sb	a4,11(a0)
8406628e:	1885a703          	lw	a4,392(a1)
84066292:	1865d683          	lhu	a3,390(a1)
84066296:	8ff9                	and	a5,a5,a4
84066298:	01079713          	sll	a4,a5,0x10
8406629c:	00d50623          	sb	a3,12(a0)
840662a0:	00f50723          	sb	a5,14(a0)
840662a4:	82a1                	srl	a3,a3,0x8
840662a6:	01875793          	srl	a5,a4,0x18
840662aa:	00d506a3          	sb	a3,13(a0)
840662ae:	00f507a3          	sb	a5,15(a0)
840662b2:	8082                	ret

840662b4 <hid_common_get_frontend_key_remap_data>:
840662b4:	00359713          	sll	a4,a1,0x3
840662b8:	972e                	add	a4,a4,a1
840662ba:	00005797          	auipc	a5,0x5
840662be:	a227a783          	lw	a5,-1502(a5) # 8406acdc <hid_common>
840662c2:	071a                	sll	a4,a4,0x6
840662c4:	00e785b3          	add	a1,a5,a4
840662c8:	0625d703          	lhu	a4,98(a1)
840662cc:	51fc                	lw	a5,100(a1)
840662ce:	66c1                	lui	a3,0x10
840662d0:	16fd                	add	a3,a3,-1 # ffff <__fp_pattern_ram_total+0x85ff>
840662d2:	8ff5                	and	a5,a5,a3
840662d4:	00e50023          	sb	a4,0(a0)
840662d8:	8321                	srl	a4,a4,0x8
840662da:	00e500a3          	sb	a4,1(a0)
840662de:	01079713          	sll	a4,a5,0x10
840662e2:	00f50123          	sb	a5,2(a0)
840662e6:	01875793          	srl	a5,a4,0x18
840662ea:	00f501a3          	sb	a5,3(a0)
840662ee:	0665d703          	lhu	a4,102(a1)
840662f2:	55bc                	lw	a5,104(a1)
840662f4:	00e50223          	sb	a4,4(a0)
840662f8:	8ff5                	and	a5,a5,a3
840662fa:	8321                	srl	a4,a4,0x8
840662fc:	00e502a3          	sb	a4,5(a0)
84066300:	01079713          	sll	a4,a5,0x10
84066304:	00f50323          	sb	a5,6(a0)
84066308:	01875793          	srl	a5,a4,0x18
8406630c:	00f503a3          	sb	a5,7(a0)
84066310:	8082                	ret

84066312 <hid_express_get_hid_flag>:
84066312:	00005517          	auipc	a0,0x5
84066316:	ae652503          	lw	a0,-1306(a0) # 8406adf8 <hid_flags>
8406631a:	8082                	ret

8406631c <hid_express_get_get_tx_result>:
8406631c:	00005517          	auipc	a0,0x5
84066320:	ad852503          	lw	a0,-1320(a0) # 8406adf4 <last_tx_result>
84066324:	8082                	ret

84066326 <hid_express_get_outgpoig_report_result>:
84066326:	00005517          	auipc	a0,0x5
8406632a:	a9e52503          	lw	a0,-1378(a0) # 8406adc4 <report_send_result>
8406632e:	8082                	ret

84066330 <hid_express_prepare_X_Y>:
84066330:	1141                	add	sp,sp,-16
84066332:	c606                	sw	ra,12(sp)
84066334:	c422                	sw	s0,8(sp)
84066336:	c226                	sw	s1,4(sp)
84066338:	842a                	mv	s0,a0
8406633a:	237010ef          	jal	84067d70 <rv_fake_report_fake_report>
8406633e:	8522                	mv	a0,s0
84066340:	00005797          	auipc	a5,0x5
84066344:	a807a823          	sw	zero,-1392(a5) # 8406add0 <report_go>
84066348:	63d010ef          	jal	84068184 <key_remap_frontend_process_xy>
8406634c:	481c                	lw	a5,16(s0)
8406634e:	cb81                	beqz	a5,8406635e <hid_express_prepare_X_Y+0x2e>
84066350:	00005717          	auipc	a4,0x5
84066354:	dd070713          	add	a4,a4,-560 # 8406b120 <dbg>
84066358:	431c                	lw	a5,0(a4)
8406635a:	0785                	add	a5,a5,1
8406635c:	c31c                	sw	a5,0(a4)
8406635e:	441c                	lw	a5,8(s0)
84066360:	e399                	bnez	a5,84066366 <hid_express_prepare_X_Y+0x36>
84066362:	445c                	lw	a5,12(s0)
84066364:	c7d1                	beqz	a5,840663f0 <hid_express_prepare_X_Y+0xc0>
84066366:	00005717          	auipc	a4,0x5
8406636a:	dba70713          	add	a4,a4,-582 # 8406b120 <dbg>
8406636e:	435c                	lw	a5,4(a4)
84066370:	0785                	add	a5,a5,1
84066372:	c35c                	sw	a5,4(a4)
84066374:	4505                	li	a0,1
84066376:	00005497          	auipc	s1,0x5
8406637a:	a5a48493          	add	s1,s1,-1446 # 8406add0 <report_go>
8406637e:	c088                	sw	a0,0(s1)
84066380:	858a                	mv	a1,sp
84066382:	4549                	li	a0,18
84066384:	283020ef          	jal	84068e06 <hal_gpio_get_input>
84066388:	4782                	lw	a5,0(sp)
8406638a:	eb81                	bnez	a5,8406639a <hid_express_prepare_X_Y+0x6a>
8406638c:	00005717          	auipc	a4,0x5
84066390:	d9470713          	add	a4,a4,-620 # 8406b120 <dbg>
84066394:	4f1c                	lw	a5,24(a4)
84066396:	0785                	add	a5,a5,1
84066398:	cf1c                	sw	a5,24(a4)
8406639a:	409c                	lw	a5,0(s1)
8406639c:	eb99                	bnez	a5,840663b2 <hid_express_prepare_X_Y+0x82>
8406639e:	00005797          	auipc	a5,0x5
840663a2:	a567a783          	lw	a5,-1450(a5) # 8406adf4 <last_tx_result>
840663a6:	ef9d                	bnez	a5,840663e4 <hid_express_prepare_X_Y+0xb4>
840663a8:	00005797          	auipc	a5,0x5
840663ac:	a247a783          	lw	a5,-1500(a5) # 8406adcc <report_go_previous>
840663b0:	cb95                	beqz	a5,840663e4 <hid_express_prepare_X_Y+0xb4>
840663b2:	00005797          	auipc	a5,0x5
840663b6:	a467a783          	lw	a5,-1466(a5) # 8406adf8 <hid_flags>
840663ba:	0907f693          	and	a3,a5,144
840663be:	09000713          	li	a4,144
840663c2:	04e69563          	bne	a3,a4,8406640c <hid_express_prepare_X_Y+0xdc>
840663c6:	00005697          	auipc	a3,0x5
840663ca:	a1a6a683          	lw	a3,-1510(a3) # 8406ade0 <dongle_scenario>
840663ce:	00005617          	auipc	a2,0x5
840663d2:	a1662603          	lw	a2,-1514(a2) # 8406ade4 <this_tx_idx>
840663d6:	00005597          	auipc	a1,0x5
840663da:	a1e5a583          	lw	a1,-1506(a1) # 8406adf4 <last_tx_result>
840663de:	8522                	mv	a0,s0
840663e0:	07c010ef          	jal	8406745c <hid_express_2_4G_x_y_data_prepare>
840663e4:	40b2                	lw	ra,12(sp)
840663e6:	4422                	lw	s0,8(sp)
840663e8:	4492                	lw	s1,4(sp)
840663ea:	4501                	li	a0,0
840663ec:	0141                	add	sp,sp,16
840663ee:	8082                	ret
840663f0:	00005797          	auipc	a5,0x5
840663f4:	a047a783          	lw	a5,-1532(a5) # 8406adf4 <last_tx_result>
840663f8:	c791                	beqz	a5,84066404 <hid_express_prepare_X_Y+0xd4>
840663fa:	00005797          	auipc	a5,0x5
840663fe:	9d27a783          	lw	a5,-1582(a5) # 8406adcc <report_go_previous>
84066402:	fbad                	bnez	a5,84066374 <hid_express_prepare_X_Y+0x44>
84066404:	59c010ef          	jal	840679a0 <hid_express_x_y_buf_has_data>
84066408:	f535                	bnez	a0,84066374 <hid_express_prepare_X_Y+0x44>
8406640a:	b7b5                	j	84066376 <hid_express_prepare_X_Y+0x46>
8406640c:	05c7f713          	and	a4,a5,92
84066410:	05c00693          	li	a3,92
84066414:	00d71f63          	bne	a4,a3,84066432 <hid_express_prepare_X_Y+0x102>
84066418:	4685                	li	a3,1
8406641a:	00005617          	auipc	a2,0x5
8406641e:	9ca62603          	lw	a2,-1590(a2) # 8406ade4 <this_tx_idx>
84066422:	00005597          	auipc	a1,0x5
84066426:	9d25a583          	lw	a1,-1582(a1) # 8406adf4 <last_tx_result>
8406642a:	8522                	mv	a0,s0
8406642c:	173000ef          	jal	84066d9e <hid_express_bt_x_y_data_prepare>
84066430:	bf55                	j	840663e4 <hid_express_prepare_X_Y+0xb4>
84066432:	0207f793          	and	a5,a5,32
84066436:	d7dd                	beqz	a5,840663e4 <hid_express_prepare_X_Y+0xb4>
84066438:	00005617          	auipc	a2,0x5
8406643c:	9ac62603          	lw	a2,-1620(a2) # 8406ade4 <this_tx_idx>
84066440:	00005597          	auipc	a1,0x5
84066444:	9b45a583          	lw	a1,-1612(a1) # 8406adf4 <last_tx_result>
84066448:	8522                	mv	a0,s0
8406644a:	3f6010ef          	jal	84067840 <hid_express_usb_x_y_data_prepare>
8406644e:	bf59                	j	840663e4 <hid_express_prepare_X_Y+0xb4>

84066450 <hid_express_send>:
84066450:	1141                	add	sp,sp,-16
84066452:	c422                	sw	s0,8(sp)
84066454:	c02e                	sw	a1,0(sp)
84066456:	842a                	mv	s0,a0
84066458:	490c                	lw	a1,16(a0)
8406645a:	4148                	lw	a0,4(a0)
8406645c:	47a1                	li	a5,8
8406645e:	c606                	sw	ra,12(sp)
84066460:	c226                	sw	s1,4(sp)
84066462:	00005497          	auipc	s1,0x5
84066466:	87e48493          	add	s1,s1,-1922 # 8406ace0 <key_queue_push_result>
8406646a:	c09c                	sw	a5,0(s1)
8406646c:	724020ef          	jal	84068b90 <key_remap_update_key_status>
84066470:	8522                	mv	a0,s0
84066472:	517010ef          	jal	84068188 <key_remap_frontend_process>
84066476:	00005797          	auipc	a5,0x5
8406647a:	96678793          	add	a5,a5,-1690 # 8406addc <previous_key_status>
8406647e:	4058                	lw	a4,4(s0)
84066480:	4394                	lw	a3,0(a5)
84066482:	4602                	lw	a2,0(sp)
84066484:	00d70a63          	beq	a4,a3,84066498 <hid_express_send+0x48>
84066488:	c398                	sw	a4,0(a5)
8406648a:	00005717          	auipc	a4,0x5
8406648e:	c9670713          	add	a4,a4,-874 # 8406b120 <dbg>
84066492:	4f5c                	lw	a5,28(a4)
84066494:	0785                	add	a5,a5,1
84066496:	cf5c                	sw	a5,28(a4)
84066498:	85a2                	mv	a1,s0
8406649a:	00005517          	auipc	a0,0x5
8406649e:	b6e50513          	add	a0,a0,-1170 # 8406b008 <kCtrl_k>
840664a2:	c032                	sw	a2,0(sp)
840664a4:	5fa010ef          	jal	84067a9e <riscv_key_push>
840664a8:	4602                	lw	a2,0(sp)
840664aa:	c088                	sw	a0,0(s1)
840664ac:	85a2                	mv	a1,s0
840664ae:	00005517          	auipc	a0,0x5
840664b2:	b5a50513          	add	a0,a0,-1190 # 8406b008 <kCtrl_k>
840664b6:	68a010ef          	jal	84067b40 <riscv_key_pop_temperory>
840664ba:	c509                	beqz	a0,840664c4 <hid_express_send+0x74>
840664bc:	481c                	lw	a5,16(s0)
840664be:	e399                	bnez	a5,840664c4 <hid_express_send+0x74>
840664c0:	485c                	lw	a5,20(s0)
840664c2:	cb99                	beqz	a5,840664d8 <hid_express_send+0x88>
840664c4:	4785                	li	a5,1
840664c6:	00005717          	auipc	a4,0x5
840664ca:	90a70713          	add	a4,a4,-1782 # 8406add0 <report_go>
840664ce:	c31c                	sw	a5,0(a4)
840664d0:	00005797          	auipc	a5,0x5
840664d4:	8e07ac23          	sw	zero,-1800(a5) # 8406adc8 <report_repeat_cnt>
840664d8:	00005797          	auipc	a5,0x5
840664dc:	8f878793          	add	a5,a5,-1800 # 8406add0 <report_go>
840664e0:	4394                	lw	a3,0(a5)
840664e2:	00005797          	auipc	a5,0x5
840664e6:	91678793          	add	a5,a5,-1770 # 8406adf8 <hid_flags>
840664ea:	439c                	lw	a5,0(a5)
840664ec:	00005497          	auipc	s1,0x5
840664f0:	8c84a483          	lw	s1,-1848(s1) # 8406adb4 <pka_active_state_always>
840664f4:	8cd5                	or	s1,s1,a3
840664f6:	0907f713          	and	a4,a5,144
840664fa:	c4c9                	beqz	s1,84066584 <hid_express_send+0x134>
840664fc:	09000613          	li	a2,144
84066500:	02c71e63          	bne	a4,a2,8406653c <hid_express_send+0xec>
84066504:	00005697          	auipc	a3,0x5
84066508:	8dc6a683          	lw	a3,-1828(a3) # 8406ade0 <dongle_scenario>
8406650c:	00005617          	auipc	a2,0x5
84066510:	8d862603          	lw	a2,-1832(a2) # 8406ade4 <this_tx_idx>
84066514:	00005597          	auipc	a1,0x5
84066518:	8e05a583          	lw	a1,-1824(a1) # 8406adf4 <last_tx_result>
8406651c:	8522                	mv	a0,s0
8406651e:	0ae010ef          	jal	840675cc <hid_express_gaming_data_send>
84066522:	00005797          	auipc	a5,0x5
84066526:	8ae78793          	add	a5,a5,-1874 # 8406add0 <report_go>
8406652a:	4384                	lw	s1,0(a5)
8406652c:	0014b493          	seqz	s1,s1
84066530:	40b2                	lw	ra,12(sp)
84066532:	4422                	lw	s0,8(sp)
84066534:	8526                	mv	a0,s1
84066536:	4492                	lw	s1,4(sp)
84066538:	0141                	add	sp,sp,16
8406653a:	8082                	ret
8406653c:	05c7f713          	and	a4,a5,92
84066540:	05c00613          	li	a2,92
84066544:	00c71f63          	bne	a4,a2,84066562 <hid_express_send+0x112>
84066548:	4685                	li	a3,1
8406654a:	00005617          	auipc	a2,0x5
8406654e:	89a62603          	lw	a2,-1894(a2) # 8406ade4 <this_tx_idx>
84066552:	00005597          	auipc	a1,0x5
84066556:	8a25a583          	lw	a1,-1886(a1) # 8406adf4 <last_tx_result>
8406655a:	8522                	mv	a0,s0
8406655c:	047000ef          	jal	84066da2 <hid_express_bt_data_send>
84066560:	b7c9                	j	84066522 <hid_express_send+0xd2>
84066562:	0207f793          	and	a5,a5,32
84066566:	dfd5                	beqz	a5,84066522 <hid_express_send+0xd2>
84066568:	00d036b3          	snez	a3,a3
8406656c:	00005617          	auipc	a2,0x5
84066570:	87862603          	lw	a2,-1928(a2) # 8406ade4 <this_tx_idx>
84066574:	00005597          	auipc	a1,0x5
84066578:	8805a583          	lw	a1,-1920(a1) # 8406adf4 <last_tx_result>
8406657c:	8522                	mv	a0,s0
8406657e:	35e010ef          	jal	840678dc <hid_express_usb_data_send>
84066582:	b745                	j	84066522 <hid_express_send+0xd2>
84066584:	09000693          	li	a3,144
84066588:	02d71563          	bne	a4,a3,840665b2 <hid_express_send+0x162>
8406658c:	00005517          	auipc	a0,0x5
84066590:	88c52503          	lw	a0,-1908(a0) # 8406ae18 <reliable_tx_ptr>
84066594:	d78ff0ef          	jal	84065b0c <pka_share_push_hid_tx_ptr>
84066598:	00005797          	auipc	a5,0x5
8406659c:	86078793          	add	a5,a5,-1952 # 8406adf8 <hid_flags>
840665a0:	439c                	lw	a5,0(a5)
840665a2:	05c00713          	li	a4,92
840665a6:	05c7f793          	and	a5,a5,92
840665aa:	00e78a63          	beq	a5,a4,840665be <hid_express_send+0x16e>
840665ae:	4485                	li	s1,1
840665b0:	b741                	j	84066530 <hid_express_send+0xe0>
840665b2:	0207f793          	and	a5,a5,32
840665b6:	d3ed                	beqz	a5,84066598 <hid_express_send+0x148>
840665b8:	316010ef          	jal	840678ce <hid_express_usb_data_set_report_ready>
840665bc:	bff1                	j	84066598 <hid_express_send+0x148>
840665be:	29b5                	jal	84066a3a <is_bt_queue_empty>
840665c0:	f57d                	bnez	a0,840665ae <hid_express_send+0x15e>
840665c2:	4681                	li	a3,0
840665c4:	00005617          	auipc	a2,0x5
840665c8:	82062603          	lw	a2,-2016(a2) # 8406ade4 <this_tx_idx>
840665cc:	00005597          	auipc	a1,0x5
840665d0:	8285a583          	lw	a1,-2008(a1) # 8406adf4 <last_tx_result>
840665d4:	8522                	mv	a0,s0
840665d6:	7cc000ef          	jal	84066da2 <hid_express_bt_data_send>
840665da:	bf99                	j	84066530 <hid_express_send+0xe0>

840665dc <hid_express_entrance>:
840665dc:	00004697          	auipc	a3,0x4
840665e0:	7e068693          	add	a3,a3,2016 # 8406adbc <timestamp_spi_cb_start>
840665e4:	429c                	lw	a5,0(a3)
840665e6:	1121                	add	sp,sp,-24
840665e8:	c626                	sw	s1,12(sp)
840665ea:	00004717          	auipc	a4,0x4
840665ee:	7cf72723          	sw	a5,1998(a4) # 8406adb8 <timestamp_spi_cb_start_previous>
840665f2:	421507b7          	lui	a5,0x42150
840665f6:	20078793          	add	a5,a5,512 # 42150200 <__log_strings_end+0x3c14f12e>
840665fa:	4f9c                	lw	a5,24(a5)
840665fc:	ca06                	sw	ra,20(sp)
840665fe:	c822                	sw	s0,16(sp)
84066600:	00004717          	auipc	a4,0x4
84066604:	6dc72703          	lw	a4,1756(a4) # 8406acdc <hid_common>
84066608:	c29c                	sw	a5,0(a3)
8406660a:	473c                	lw	a5,72(a4)
8406660c:	03974703          	lbu	a4,57(a4)
84066610:	00004497          	auipc	s1,0x4
84066614:	7e848493          	add	s1,s1,2024 # 8406adf8 <hid_flags>
84066618:	c09c                	sw	a5,0(s1)
8406661a:	00004697          	auipc	a3,0x4
8406661e:	6ce6a523          	sw	a4,1738(a3) # 8406ace4 <rr_idx_2_4g>
84066622:	c402                	sw	zero,8(sp)
84066624:	00004717          	auipc	a4,0x4
84066628:	78072823          	sw	zero,1936(a4) # 8406adb4 <pka_active_state_always>
8406662c:	0207f793          	and	a5,a5,32
84066630:	c399                	beqz	a5,84066636 <hid_express_entrance+0x5a>
84066632:	248010ef          	jal	8406787a <hid_express_usb_delay_for_latency>
84066636:	00004797          	auipc	a5,0x4
8406663a:	79e78793          	add	a5,a5,1950 # 8406add4 <peripheral_sampling_cb_ptr>
8406663e:	439c                	lw	a5,0(a5)
84066640:	c781                	beqz	a5,84066648 <hid_express_entrance+0x6c>
84066642:	4581                	li	a1,0
84066644:	4501                	li	a0,0
84066646:	9782                	jalr	a5
84066648:	409c                	lw	a5,0(s1)
8406664a:	0207f793          	and	a5,a5,32
8406664e:	e789                	bnez	a5,84066658 <hid_express_entrance+0x7c>
84066650:	002c                	add	a1,sp,8
84066652:	0048                	add	a0,sp,4
84066654:	926ff0ef          	jal	8406577a <pka_spi_callback_pre_process>
84066658:	47a2                	lw	a5,8(sp)
8406665a:	408c                	lw	a1,0(s1)
8406665c:	00004417          	auipc	s0,0x4
84066660:	79840413          	add	s0,s0,1944 # 8406adf4 <last_tx_result>
84066664:	00004717          	auipc	a4,0x4
84066668:	78f72023          	sw	a5,1920(a4) # 8406ade4 <this_tx_idx>
8406666c:	00004797          	auipc	a5,0x4
84066670:	7807a423          	sw	zero,1928(a5) # 8406adf4 <last_tx_result>
84066674:	0205f793          	and	a5,a1,32
84066678:	14078663          	beqz	a5,840667c4 <hid_express_entrance+0x1e8>
8406667c:	81a1                	srl	a1,a1,0x8
8406667e:	8985                	and	a1,a1,1
84066680:	c00c                	sw	a1,0(s0)
84066682:	4601                	li	a2,0
84066684:	00005517          	auipc	a0,0x5
84066688:	98450513          	add	a0,a0,-1660 # 8406b008 <kCtrl_k>
8406668c:	63c010ef          	jal	84067cc8 <rv_hid_exp_key_queue_pre_process>
84066690:	401c                	lw	a5,0(s0)
84066692:	cb81                	beqz	a5,840666a2 <hid_express_entrance+0xc6>
84066694:	00005717          	auipc	a4,0x5
84066698:	a8c70713          	add	a4,a4,-1396 # 8406b120 <dbg>
8406669c:	4b5c                	lw	a5,20(a4)
8406669e:	0785                	add	a5,a5,1
840666a0:	cb5c                	sw	a5,20(a4)
840666a2:	00004797          	auipc	a5,0x4
840666a6:	73278793          	add	a5,a5,1842 # 8406add4 <peripheral_sampling_cb_ptr>
840666aa:	4398                	lw	a4,0(a5)
840666ac:	c705                	beqz	a4,840666d4 <hid_express_entrance+0xf8>
840666ae:	00005697          	auipc	a3,0x5
840666b2:	a7268693          	add	a3,a3,-1422 # 8406b120 <dbg>
840666b6:	46dc                	lw	a5,12(a3)
840666b8:	4505                	li	a0,1
840666ba:	00005597          	auipc	a1,0x5
840666be:	92658593          	add	a1,a1,-1754 # 8406afe0 <outgoing_data>
840666c2:	0785                	add	a5,a5,1
840666c4:	c6dc                	sw	a5,12(a3)
840666c6:	9702                	jalr	a4
840666c8:	00005517          	auipc	a0,0x5
840666cc:	91850513          	add	a0,a0,-1768 # 8406afe0 <outgoing_data>
840666d0:	c61ff0ef          	jal	84066330 <hid_express_prepare_X_Y>
840666d4:	409c                	lw	a5,0(s1)
840666d6:	0207f793          	and	a5,a5,32
840666da:	c399                	beqz	a5,840666e0 <hid_express_entrance+0x104>
840666dc:	1d4010ef          	jal	840678b0 <hid_express_usb_wakeup_cm33_handler>
840666e0:	00004797          	auipc	a5,0x4
840666e4:	6f478793          	add	a5,a5,1780 # 8406add4 <peripheral_sampling_cb_ptr>
840666e8:	439c                	lw	a5,0(a5)
840666ea:	c78d                	beqz	a5,84066714 <hid_express_entrance+0x138>
840666ec:	00005597          	auipc	a1,0x5
840666f0:	8f458593          	add	a1,a1,-1804 # 8406afe0 <outgoing_data>
840666f4:	4509                	li	a0,2
840666f6:	9782                	jalr	a5
840666f8:	00004797          	auipc	a5,0x4
840666fc:	6c478793          	add	a5,a5,1732 # 8406adbc <timestamp_spi_cb_start>
84066700:	438c                	lw	a1,0(a5)
84066702:	00005517          	auipc	a0,0x5
84066706:	8de50513          	add	a0,a0,-1826 # 8406afe0 <outgoing_data>
8406670a:	3399                	jal	84066450 <hid_express_send>
8406670c:	00004797          	auipc	a5,0x4
84066710:	6aa7ac23          	sw	a0,1720(a5) # 8406adc4 <report_send_result>
84066714:	409c                	lw	a5,0(s1)
84066716:	c002                	sw	zero,0(sp)
84066718:	0207f793          	and	a5,a5,32
8406671c:	e781                	bnez	a5,84066724 <hid_express_entrance+0x148>
8406671e:	890ff0ef          	jal	840657ae <pka_spi_callback_post_process>
84066722:	c02a                	sw	a0,0(sp)
84066724:	206020ef          	jal	8406892a <key_remap_backend_process>
84066728:	00004797          	auipc	a5,0x4
8406672c:	6ac78793          	add	a5,a5,1708 # 8406add4 <peripheral_sampling_cb_ptr>
84066730:	439c                	lw	a5,0(a5)
84066732:	c385                	beqz	a5,84066752 <hid_express_entrance+0x176>
84066734:	00005597          	auipc	a1,0x5
84066738:	8ac58593          	add	a1,a1,-1876 # 8406afe0 <outgoing_data>
8406673c:	450d                	li	a0,3
8406673e:	9782                	jalr	a5
84066740:	02800613          	li	a2,40
84066744:	4581                	li	a1,0
84066746:	00005517          	auipc	a0,0x5
8406674a:	89a50513          	add	a0,a0,-1894 # 8406afe0 <outgoing_data>
8406674e:	c19fd0ef          	jal	84064366 <memset>
84066752:	716010ef          	jal	84067e68 <hid_express_dbg_check>
84066756:	00004717          	auipc	a4,0x4
8406675a:	67a70713          	add	a4,a4,1658 # 8406add0 <report_go>
8406675e:	431c                	lw	a5,0(a4)
84066760:	cb99                	beqz	a5,84066776 <hid_express_entrance+0x19a>
84066762:	409c                	lw	a5,0(s1)
84066764:	09000693          	li	a3,144
84066768:	0907f793          	and	a5,a5,144
8406676c:	00d79563          	bne	a5,a3,84066776 <hid_express_entrance+0x19a>
84066770:	4008                	lw	a0,0(s0)
84066772:	6ff000ef          	jal	84067670 <hid_express_2_4g_post_process>
84066776:	00004797          	auipc	a5,0x4
8406677a:	64678793          	add	a5,a5,1606 # 8406adbc <timestamp_spi_cb_start>
8406677e:	438c                	lw	a1,0(a5)
84066780:	4782                	lw	a5,0(sp)
84066782:	00005517          	auipc	a0,0x5
84066786:	88650513          	add	a0,a0,-1914 # 8406b008 <kCtrl_k>
8406678a:	40b785b3          	sub	a1,a5,a1
8406678e:	502010ef          	jal	84067c90 <rv_hid_exp_key_queue_post_process>
84066792:	632010ef          	jal	84067dc4 <rv_fake_report_post_process>
84066796:	00004717          	auipc	a4,0x4
8406679a:	63a70713          	add	a4,a4,1594 # 8406add0 <report_go>
8406679e:	431c                	lw	a5,0(a4)
840667a0:	00004717          	auipc	a4,0x4
840667a4:	62f72623          	sw	a5,1580(a4) # 8406adcc <report_go_previous>
840667a8:	401c                	lw	a5,0(s0)
840667aa:	00004717          	auipc	a4,0x4
840667ae:	64f72323          	sw	a5,1606(a4) # 8406adf0 <previous_tx_result>
840667b2:	00004797          	auipc	a5,0x4
840667b6:	63a7a783          	lw	a5,1594(a5) # 8406adec <tx_buff_num>
840667ba:	00004717          	auipc	a4,0x4
840667be:	62f72723          	sw	a5,1582(a4) # 8406ade8 <last_tx_buff_num>
840667c2:	a88d                	j	84066834 <hid_express_entrance+0x258>
840667c4:	05c5f793          	and	a5,a1,92
840667c8:	05c00713          	li	a4,92
840667cc:	00e79763          	bne	a5,a4,840667da <hid_express_entrance+0x1fe>
840667d0:	2b55                	jal	84066d84 <hid_express_bt_get_tx_result>
840667d2:	85aa                	mv	a1,a0
840667d4:	c008                	sw	a0,0(s0)
840667d6:	4609                	li	a2,2
840667d8:	b575                	j	84066684 <hid_express_entrance+0xa8>
840667da:	0905f593          	and	a1,a1,144
840667de:	09000793          	li	a5,144
840667e2:	02f59c63          	bne	a1,a5,8406681a <hid_express_entrance+0x23e>
840667e6:	4605                	li	a2,1
840667e8:	00004597          	auipc	a1,0x4
840667ec:	6085a583          	lw	a1,1544(a1) # 8406adf0 <previous_tx_result>
840667f0:	00005517          	auipc	a0,0x5
840667f4:	81850513          	add	a0,a0,-2024 # 8406b008 <kCtrl_k>
840667f8:	4d0010ef          	jal	84067cc8 <rv_hid_exp_key_queue_pre_process>
840667fc:	774000ef          	jal	84066f70 <hid_express_gaming_get_tx_status>
84066800:	c008                	sw	a0,0(s0)
84066802:	4505                	li	a0,1
84066804:	8deff0ef          	jal	840658e2 <pka_active_state_match>
84066808:	00154513          	xor	a0,a0,1
8406680c:	0ff57513          	zext.b	a0,a0
84066810:	00004797          	auipc	a5,0x4
84066814:	5aa7a223          	sw	a0,1444(a5) # 8406adb4 <pka_active_state_always>
84066818:	bda5                	j	84066690 <hid_express_entrance+0xb4>
8406681a:	f95fe0ef          	jal	840657ae <pka_spi_callback_post_process>
8406681e:	00004797          	auipc	a5,0x4
84066822:	5b678793          	add	a5,a5,1462 # 8406add4 <peripheral_sampling_cb_ptr>
84066826:	439c                	lw	a5,0(a5)
84066828:	c781                	beqz	a5,84066830 <hid_express_entrance+0x254>
8406682a:	4581                	li	a1,0
8406682c:	4511                	li	a0,4
8406682e:	9782                	jalr	a5
84066830:	638010ef          	jal	84067e68 <hid_express_dbg_check>
84066834:	40d2                	lw	ra,20(sp)
84066836:	4442                	lw	s0,16(sp)
84066838:	00004797          	auipc	a5,0x4
8406683c:	56078c23          	sb	zero,1400(a5) # 8406adb0 <g_riscv_ccni_irq_occur>
84066840:	44b2                	lw	s1,12(sp)
84066842:	0161                	add	sp,sp,24
84066844:	8082                	ret

84066846 <hid_express_init_gpio_timestamp_latch>:
84066846:	1151                	add	sp,sp,-12
84066848:	c406                	sw	ra,8(sp)
8406684a:	556020ef          	jal	84068da0 <hal_eint_counter_enable>
8406684e:	4581                	li	a1,0
84066850:	4515                	li	a0,5
84066852:	560020ef          	jal	84068db2 <hal_eint_set_counter_number>
84066856:	4585                	li	a1,1
84066858:	4519                	li	a0,6
8406685a:	558020ef          	jal	84068db2 <hal_eint_set_counter_number>
8406685e:	4589                	li	a1,2
84066860:	4545                	li	a0,17
84066862:	550020ef          	jal	84068db2 <hal_eint_set_counter_number>
84066866:	458d                	li	a1,3
84066868:	455d                	li	a0,23
8406686a:	548020ef          	jal	84068db2 <hal_eint_set_counter_number>
8406686e:	40a2                	lw	ra,8(sp)
84066870:	4591                	li	a1,4
84066872:	4561                	li	a0,24
84066874:	0131                	add	sp,sp,12
84066876:	53c0206f          	j	84068db2 <hal_eint_set_counter_number>

8406687a <hid_express_init>:
8406687a:	cd39                	beqz	a0,840668d8 <hid_express_init+0x5e>
8406687c:	1151                	add	sp,sp,-12
8406687e:	c406                	sw	ra,8(sp)
84066880:	00004797          	auipc	a5,0x4
84066884:	54a7aa23          	sw	a0,1364(a5) # 8406add4 <peripheral_sampling_cb_ptr>
84066888:	f6ffe0ef          	jal	840657f6 <riscv_pka_init>
8406688c:	4601                	li	a2,0
8406688e:	00000597          	auipc	a1,0x0
84066892:	d4e58593          	add	a1,a1,-690 # 840665dc <hid_express_entrance>
84066896:	4501                	li	a0,0
84066898:	793020ef          	jal	8406982a <hal_spi_master_register_callback>
8406689c:	376d                	jal	84066846 <hid_express_init_gpio_timestamp_latch>
8406689e:	0bc010ef          	jal	8406795a <hid_express_usb_mode_init>
840668a2:	5bd000ef          	jal	8406765e <hid_express_gaming_init>
840668a6:	2d35                	jal	84066ee2 <hid_express_bt_init>
840668a8:	00004517          	auipc	a0,0x4
840668ac:	76050513          	add	a0,a0,1888 # 8406b008 <kCtrl_k>
840668b0:	4581                	li	a1,0
840668b2:	1c8010ef          	jal	84067a7a <init_key_ctrl>
840668b6:	159010ef          	jal	8406820e <key_remap_frontend_init>
840668ba:	384020ef          	jal	84068c3e <key_remap_backend_init>
840668be:	40a2                	lw	ra,8(sp)
840668c0:	00004797          	auipc	a5,0x4
840668c4:	5207a023          	sw	zero,1312(a5) # 8406ade0 <dongle_scenario>
840668c8:	4799                	li	a5,6
840668ca:	00004717          	auipc	a4,0x4
840668ce:	4ef70b23          	sb	a5,1270(a4) # 8406adc0 <hid_ctrl>
840668d2:	4501                	li	a0,0
840668d4:	0131                	add	sp,sp,12
840668d6:	8082                	ret
840668d8:	4505                	li	a0,1
840668da:	8082                	ret

840668dc <hid_express_dongle_scenario_update>:
840668dc:	00004797          	auipc	a5,0x4
840668e0:	50a7a223          	sw	a0,1284(a5) # 8406ade0 <dongle_scenario>
840668e4:	8082                	ret

840668e6 <hid_express_set_features>:
840668e6:	00004797          	auipc	a5,0x4
840668ea:	4ea7a923          	sw	a0,1266(a5) # 8406add8 <hid_exp_feature_option>
840668ee:	8082                	ret

840668f0 <hid_express_debug_print>:
840668f0:	00004797          	auipc	a5,0x4
840668f4:	4d07c783          	lbu	a5,1232(a5) # 8406adc0 <hid_ctrl>
840668f8:	07c1                	add	a5,a5,16
840668fa:	00004717          	auipc	a4,0x4
840668fe:	3e272703          	lw	a4,994(a4) # 8406acdc <hid_common>
84066902:	0786                	sll	a5,a5,0x1
84066904:	97ba                	add	a5,a5,a4
84066906:	0007d583          	lhu	a1,0(a5)
8406690a:	1151                	add	sp,sp,-12
8406690c:	00004517          	auipc	a0,0x4
84066910:	6fc50513          	add	a0,a0,1788 # 8406b008 <kCtrl_k>
84066914:	c406                	sw	ra,8(sp)
84066916:	306010ef          	jal	84067c1c <riscv_hid_express_key_queue_debug_print>
8406691a:	40a2                	lw	ra,8(sp)
8406691c:	0131                	add	sp,sp,12
8406691e:	6380106f          	j	84067f56 <rv_hid_exp_delay_printf>

84066922 <hid_express_set_report_rate_idx>:
84066922:	0ff57793          	zext.b	a5,a0
84066926:	00004717          	auipc	a4,0x4
8406692a:	48f70d23          	sb	a5,1178(a4) # 8406adc0 <hid_ctrl>
8406692e:	00004717          	auipc	a4,0x4
84066932:	48f709a3          	sb	a5,1171(a4) # 8406adc1 <report_rate_pka>
84066936:	873e                	mv	a4,a5
84066938:	4685                	li	a3,1
8406693a:	81f9a617          	auipc	a2,0x81f9a
8406693e:	09e60613          	add	a2,a2,158 # 60009d8 <msg_id_string.0>
84066942:	4585                	li	a1,1
84066944:	00004517          	auipc	a0,0x4
84066948:	35450513          	add	a0,a0,852 # 8406ac98 <log_control_block_rv_exp>
8406694c:	4aa0306f          	j	84069df6 <print_module_msgid_log>

84066950 <hid_express_clear_key_pushed>:
84066950:	00004517          	auipc	a0,0x4
84066954:	6b850513          	add	a0,a0,1720 # 8406b008 <kCtrl_k>
84066958:	1360106f          	j	84067a8e <riscv_key_clear_key_pushed>

8406695c <hid_express__push_to_key_queue>:
8406695c:	421507b7          	lui	a5,0x42150
84066960:	20078793          	add	a5,a5,512 # 42150200 <__log_strings_end+0x3c14f12e>
84066964:	4f9c                	lw	a5,24(a5)
84066966:	fc810113          	add	sp,sp,-56
8406696a:	d822                	sw	s0,48(sp)
8406696c:	d626                	sw	s1,44(sp)
8406696e:	842e                	mv	s0,a1
84066970:	84aa                	mv	s1,a0
84066972:	02800613          	li	a2,40
84066976:	4581                	li	a1,0
84066978:	0048                	add	a0,sp,4
8406697a:	da06                	sw	ra,52(sp)
8406697c:	c03e                	sw	a5,0(sp)
8406697e:	9e9fd0ef          	jal	84064366 <memset>
84066982:	00004517          	auipc	a0,0x4
84066986:	68650513          	add	a0,a0,1670 # 8406b008 <kCtrl_k>
8406698a:	0ba010ef          	jal	84067a44 <is_queue_num_2>
8406698e:	c519                	beqz	a0,8406699c <hid_express__push_to_key_queue+0x40>
84066990:	00004517          	auipc	a0,0x4
84066994:	67850513          	add	a0,a0,1656 # 8406b008 <kCtrl_k>
84066998:	25a010ef          	jal	84067bf2 <riscv_key_pop_confirm>
8406699c:	c89d                	beqz	s1,840669d2 <hid_express__push_to_key_queue+0x76>
8406699e:	4785                	li	a5,1
840669a0:	02f48b63          	beq	s1,a5,840669d6 <hid_express__push_to_key_queue+0x7a>
840669a4:	45d2                	lw	a1,20(sp)
840669a6:	4522                	lw	a0,8(sp)
840669a8:	1e8020ef          	jal	84068b90 <key_remap_update_key_status>
840669ac:	77f010ef          	jal	8406892a <key_remap_backend_process>
840669b0:	0048                	add	a0,sp,4
840669b2:	7d6010ef          	jal	84068188 <key_remap_frontend_process>
840669b6:	4602                	lw	a2,0(sp)
840669b8:	004c                	add	a1,sp,4
840669ba:	00004517          	auipc	a0,0x4
840669be:	64e50513          	add	a0,a0,1614 # 8406b008 <kCtrl_k>
840669c2:	0dc010ef          	jal	84067a9e <riscv_key_push>
840669c6:	50d2                	lw	ra,52(sp)
840669c8:	5442                	lw	s0,48(sp)
840669ca:	54b2                	lw	s1,44(sp)
840669cc:	03810113          	add	sp,sp,56
840669d0:	8082                	ret
840669d2:	c422                	sw	s0,8(sp)
840669d4:	bfc1                	j	840669a4 <hid_express__push_to_key_queue+0x48>
840669d6:	ca22                	sw	s0,20(sp)
840669d8:	b7f1                	j	840669a4 <hid_express__push_to_key_queue+0x48>

840669da <hid_express_deinit>:
840669da:	2960206f          	j	84068c70 <key_remap_backend_deinit>

840669de <hid_express_bt_submit_report_to_pka_16bits>:
840669de:	1151                	add	sp,sp,-12
840669e0:	c026                	sw	s1,0(sp)
840669e2:	c406                	sw	ra,8(sp)
840669e4:	c222                	sw	s0,4(sp)
840669e6:	84aa                	mv	s1,a0
840669e8:	e21fe0ef          	jal	84065808 <pka_share_tx_buf_get_from_q>
840669ec:	c11d                	beqz	a0,84066a12 <hid_express_bt_submit_report_to_pka_16bits+0x34>
840669ee:	842a                	mv	s0,a0
840669f0:	eb1fe0ef          	jal	840658a0 <pka_share_tx_buf_get_payload>
840669f4:	85a6                	mv	a1,s1
840669f6:	463d                	li	a2,15
840669f8:	6f0030ef          	jal	8406a0e8 <memcpy>
840669fc:	8522                	mv	a0,s0
840669fe:	45bd                	li	a1,15
84066a00:	9c1fe0ef          	jal	840653c0 <pka_share_tx_buf_set_pkt_len>
84066a04:	8522                	mv	a0,s0
84066a06:	4412                	lw	s0,4(sp)
84066a08:	40a2                	lw	ra,8(sp)
84066a0a:	4482                	lw	s1,0(sp)
84066a0c:	0131                	add	sp,sp,12
84066a0e:	debfe06f          	j	840657f8 <pka_share_tx_buf_send>
84066a12:	40a2                	lw	ra,8(sp)
84066a14:	4412                	lw	s0,4(sp)
84066a16:	4482                	lw	s1,0(sp)
84066a18:	0131                	add	sp,sp,12
84066a1a:	8082                	ret

84066a1c <init_bt_queue>:
84066a1c:	00004797          	auipc	a5,0x4
84066a20:	6a079423          	sh	zero,1704(a5) # 8406b0c4 <bt_ctrl>
84066a24:	4789                	li	a5,2
84066a26:	00004717          	auipc	a4,0x4
84066a2a:	3ef72123          	sw	a5,994(a4) # 8406ae08 <bt_buffer_size>
84066a2e:	4785                	li	a5,1
84066a30:	00004717          	auipc	a4,0x4
84066a34:	3cf72a23          	sw	a5,980(a4) # 8406ae04 <bt_buffer_size_mask>
84066a38:	8082                	ret

84066a3a <is_bt_queue_empty>:
84066a3a:	00004797          	auipc	a5,0x4
84066a3e:	68a78793          	add	a5,a5,1674 # 8406b0c4 <bt_ctrl>
84066a42:	0007c503          	lbu	a0,0(a5)
84066a46:	0017c783          	lbu	a5,1(a5)
84066a4a:	8d1d                	sub	a0,a0,a5
84066a4c:	00153513          	seqz	a0,a0
84066a50:	8082                	ret

84066a52 <is_bt_queue_full>:
84066a52:	00004797          	auipc	a5,0x4
84066a56:	67278793          	add	a5,a5,1650 # 8406b0c4 <bt_ctrl>
84066a5a:	0017c503          	lbu	a0,1(a5)
84066a5e:	0007c783          	lbu	a5,0(a5)
84066a62:	00004717          	auipc	a4,0x4
84066a66:	3a272703          	lw	a4,930(a4) # 8406ae04 <bt_buffer_size_mask>
84066a6a:	0505                	add	a0,a0,1
84066a6c:	8d79                	and	a0,a0,a4
84066a6e:	8d1d                	sub	a0,a0,a5
84066a70:	00153513          	seqz	a0,a0
84066a74:	8082                	ret

84066a76 <bt_queue_push>:
84066a76:	1141                	add	sp,sp,-16
84066a78:	c606                	sw	ra,12(sp)
84066a7a:	c422                	sw	s0,8(sp)
84066a7c:	c226                	sw	s1,4(sp)
84066a7e:	c02a                	sw	a0,0(sp)
84066a80:	3fc9                	jal	84066a52 <is_bt_queue_full>
84066a82:	ed21                	bnez	a0,84066ada <bt_queue_push+0x64>
84066a84:	4582                	lw	a1,0(sp)
84066a86:	450d                	li	a0,3
84066a88:	0065c783          	lbu	a5,6(a1)
84066a8c:	0055c703          	lbu	a4,5(a1)
84066a90:	07a2                	sll	a5,a5,0x8
84066a92:	8fd9                	or	a5,a5,a4
84066a94:	00004717          	auipc	a4,0x4
84066a98:	61c72703          	lw	a4,1564(a4) # 8406b0b0 <attr_handle>
84066a9c:	02e79a63          	bne	a5,a4,84066ad0 <bt_queue_push+0x5a>
84066aa0:	00004497          	auipc	s1,0x4
84066aa4:	62448493          	add	s1,s1,1572 # 8406b0c4 <bt_ctrl>
84066aa8:	0014c403          	lbu	s0,1(s1)
84066aac:	463d                	li	a2,15
84066aae:	00441793          	sll	a5,s0,0x4
84066ab2:	8f81                	sub	a5,a5,s0
84066ab4:	97a6                	add	a5,a5,s1
84066ab6:	00278513          	add	a0,a5,2
84066aba:	62e030ef          	jal	8406a0e8 <memcpy>
84066abe:	0405                	add	s0,s0,1
84066ac0:	00004797          	auipc	a5,0x4
84066ac4:	3447a783          	lw	a5,836(a5) # 8406ae04 <bt_buffer_size_mask>
84066ac8:	8c7d                	and	s0,s0,a5
84066aca:	008480a3          	sb	s0,1(s1)
84066ace:	4501                	li	a0,0
84066ad0:	40b2                	lw	ra,12(sp)
84066ad2:	4422                	lw	s0,8(sp)
84066ad4:	4492                	lw	s1,4(sp)
84066ad6:	0141                	add	sp,sp,16
84066ad8:	8082                	ret
84066ada:	4509                	li	a0,2
84066adc:	bfd5                	j	84066ad0 <bt_queue_push+0x5a>

84066ade <bt_queue_pop>:
84066ade:	1151                	add	sp,sp,-12
84066ae0:	c222                	sw	s0,4(sp)
84066ae2:	c406                	sw	ra,8(sp)
84066ae4:	c026                	sw	s1,0(sp)
84066ae6:	842a                	mv	s0,a0
84066ae8:	3f89                	jal	84066a3a <is_bt_queue_empty>
84066aea:	e121                	bnez	a0,84066b2a <bt_queue_pop+0x4c>
84066aec:	00004497          	auipc	s1,0x4
84066af0:	5d848493          	add	s1,s1,1496 # 8406b0c4 <bt_ctrl>
84066af4:	0004c783          	lbu	a5,0(s1)
84066af8:	463d                	li	a2,15
84066afa:	8522                	mv	a0,s0
84066afc:	00479593          	sll	a1,a5,0x4
84066b00:	8d9d                	sub	a1,a1,a5
84066b02:	0589                	add	a1,a1,2
84066b04:	95a6                	add	a1,a1,s1
84066b06:	5e2030ef          	jal	8406a0e8 <memcpy>
84066b0a:	0004c783          	lbu	a5,0(s1)
84066b0e:	00004717          	auipc	a4,0x4
84066b12:	2f672703          	lw	a4,758(a4) # 8406ae04 <bt_buffer_size_mask>
84066b16:	4501                	li	a0,0
84066b18:	0785                	add	a5,a5,1
84066b1a:	8ff9                	and	a5,a5,a4
84066b1c:	00f48023          	sb	a5,0(s1)
84066b20:	40a2                	lw	ra,8(sp)
84066b22:	4412                	lw	s0,4(sp)
84066b24:	4482                	lw	s1,0(sp)
84066b26:	0131                	add	sp,sp,12
84066b28:	8082                	ret
84066b2a:	4505                	li	a0,1
84066b2c:	bfd5                	j	84066b20 <bt_queue_pop+0x42>

84066b2e <hid_express_bt_merge_xy>:
84066b2e:	1151                	add	sp,sp,-12
84066b30:	c222                	sw	s0,4(sp)
84066b32:	c026                	sw	s1,0(sp)
84066b34:	c406                	sw	ra,8(sp)
84066b36:	84aa                	mv	s1,a0
84066b38:	842e                	mv	s0,a1
84066b3a:	3701                	jal	84066a3a <is_bt_queue_empty>
84066b3c:	ed2d                	bnez	a0,84066bb6 <hid_express_bt_merge_xy+0x88>
84066b3e:	00004797          	auipc	a5,0x4
84066b42:	58678793          	add	a5,a5,1414 # 8406b0c4 <bt_ctrl>
84066b46:	0017c703          	lbu	a4,1(a5)
84066b4a:	00004697          	auipc	a3,0x4
84066b4e:	2be6a683          	lw	a3,702(a3) # 8406ae08 <bt_buffer_size>
84066b52:	177d                	add	a4,a4,-1
84066b54:	9736                	add	a4,a4,a3
84066b56:	00004697          	auipc	a3,0x4
84066b5a:	2ae6c683          	lbu	a3,686(a3) # 8406ae04 <bt_buffer_size_mask>
84066b5e:	8f75                	and	a4,a4,a3
84066b60:	00471693          	sll	a3,a4,0x4
84066b64:	40e68733          	sub	a4,a3,a4
84066b68:	97ba                	add	a5,a5,a4
84066b6a:	00c7c703          	lbu	a4,12(a5)
84066b6e:	00b7c683          	lbu	a3,11(a5)
84066b72:	0722                	sll	a4,a4,0x8
84066b74:	8f55                	or	a4,a4,a3
84066b76:	00970533          	add	a0,a4,s1
84066b7a:	01051713          	sll	a4,a0,0x10
84066b7e:	8341                	srl	a4,a4,0x10
84066b80:	8321                	srl	a4,a4,0x8
84066b82:	00e78623          	sb	a4,12(a5)
84066b86:	00e7c703          	lbu	a4,14(a5)
84066b8a:	00d7c683          	lbu	a3,13(a5)
84066b8e:	00a785a3          	sb	a0,11(a5)
84066b92:	0722                	sll	a4,a4,0x8
84066b94:	8f55                	or	a4,a4,a3
84066b96:	008705b3          	add	a1,a4,s0
84066b9a:	01059713          	sll	a4,a1,0x10
84066b9e:	8341                	srl	a4,a4,0x10
84066ba0:	8321                	srl	a4,a4,0x8
84066ba2:	00b786a3          	sb	a1,13(a5)
84066ba6:	00e78723          	sb	a4,14(a5)
84066baa:	4501                	li	a0,0
84066bac:	40a2                	lw	ra,8(sp)
84066bae:	4412                	lw	s0,4(sp)
84066bb0:	4482                	lw	s1,0(sp)
84066bb2:	0131                	add	sp,sp,12
84066bb4:	8082                	ret
84066bb6:	4505                	li	a0,1
84066bb8:	bfd5                	j	84066bac <hid_express_bt_merge_xy+0x7e>

84066bba <hid_express_bt_send_report>:
84066bba:	00004717          	auipc	a4,0x4
84066bbe:	1e272703          	lw	a4,482(a4) # 8406ad9c <pka_share_ptr>
84066bc2:	00c75783          	lhu	a5,12(a4)
84066bc6:	fcc10113          	add	sp,sp,-52
84066bca:	c22e                	sw	a1,4(sp)
84066bcc:	85be                	mv	a1,a5
84066bce:	d622                	sw	s0,44(sp)
84066bd0:	d426                	sw	s1,40(sp)
84066bd2:	c03e                	sw	a5,0(sp)
84066bd4:	84aa                	mv	s1,a0
84066bd6:	d806                	sw	ra,48(sp)
84066bd8:	4a2010ef          	jal	8406807a <rv_bt_burst_tx_num_ctrl>
84066bdc:	00004717          	auipc	a4,0x4
84066be0:	22072223          	sw	zero,548(a4) # 8406ae00 <tx_result>
84066be4:	00004717          	auipc	a4,0x4
84066be8:	20072c23          	sw	zero,536(a4) # 8406adfc <last_kb_report>
84066bec:	0064c703          	lbu	a4,6(s1)
84066bf0:	0054c603          	lbu	a2,5(s1)
84066bf4:	00004797          	auipc	a5,0x4
84066bf8:	4bc78793          	add	a5,a5,1212 # 8406b0b0 <attr_handle>
84066bfc:	0722                	sll	a4,a4,0x8
84066bfe:	8f51                	or	a4,a4,a2
84066c00:	43d0                	lw	a2,4(a5)
84066c02:	842a                	mv	s0,a0
84066c04:	00c70563          	beq	a4,a2,84066c0e <hid_express_bt_send_report+0x54>
84066c08:	4790                	lw	a2,8(a5)
84066c0a:	02c71163          	bne	a4,a2,84066c2c <hid_express_bt_send_report+0x72>
84066c0e:	4782                	lw	a5,0(sp)
84066c10:	cf91                	beqz	a5,84066c2c <hid_express_bt_send_report+0x72>
84066c12:	8526                	mv	a0,s1
84066c14:	33e9                	jal	840669de <hid_express_bt_submit_report_to_pka_16bits>
84066c16:	4785                	li	a5,1
84066c18:	00004717          	auipc	a4,0x4
84066c1c:	1ef72223          	sw	a5,484(a4) # 8406adfc <last_kb_report>
84066c20:	50c2                	lw	ra,48(sp)
84066c22:	5432                	lw	s0,44(sp)
84066c24:	54a2                	lw	s1,40(sp)
84066c26:	03410113          	add	sp,sp,52
84066c2a:	8082                	ret
84066c2c:	0c040a63          	beqz	s0,84066d00 <hid_express_bt_send_report+0x146>
84066c30:	3529                	jal	84066a3a <is_bt_queue_empty>
84066c32:	e929                	bnez	a0,84066c84 <hid_express_bt_send_report+0xca>
84066c34:	3519                	jal	84066a3a <is_bt_queue_empty>
84066c36:	e521                	bnez	a0,84066c7e <hid_express_bt_send_report+0xc4>
84066c38:	ec05                	bnez	s0,84066c70 <hid_express_bt_send_report+0xb6>
84066c3a:	4792                	lw	a5,4(sp)
84066c3c:	c7b9                	beqz	a5,84066c8a <hid_express_bt_send_report+0xd0>
84066c3e:	3d11                	jal	84066a52 <is_bt_queue_full>
84066c40:	00004717          	auipc	a4,0x4
84066c44:	1cc70713          	add	a4,a4,460 # 8406ae0c <bt_debug>
84066c48:	00174403          	lbu	s0,1(a4)
84066c4c:	0405                	add	s0,s0,1
84066c4e:	0ff47413          	zext.b	s0,s0
84066c52:	e921                	bnez	a0,84066ca2 <hid_express_bt_send_report+0xe8>
84066c54:	463d                	li	a2,15
84066c56:	85a6                	mv	a1,s1
84066c58:	0028                	add	a0,sp,8
84066c5a:	48e030ef          	jal	8406a0e8 <memcpy>
84066c5e:	0028                	add	a0,sp,8
84066c60:	3d19                	jal	84066a76 <bt_queue_push>
84066c62:	00004717          	auipc	a4,0x4
84066c66:	1aa70713          	add	a4,a4,426 # 8406ae0c <bt_debug>
84066c6a:	008700a3          	sb	s0,1(a4)
84066c6e:	a831                	j	84066c8a <hid_express_bt_send_report+0xd0>
84066c70:	0828                	add	a0,sp,24
84066c72:	35b5                	jal	84066ade <bt_queue_pop>
84066c74:	0828                	add	a0,sp,24
84066c76:	d69ff0ef          	jal	840669de <hid_express_bt_submit_report_to_pka_16bits>
84066c7a:	147d                	add	s0,s0,-1
84066c7c:	bf65                	j	84066c34 <hid_express_bt_send_report+0x7a>
84066c7e:	4792                	lw	a5,4(sp)
84066c80:	c789                	beqz	a5,84066c8a <hid_express_bt_send_report+0xd0>
84066c82:	dc55                	beqz	s0,84066c3e <hid_express_bt_send_report+0x84>
84066c84:	8526                	mv	a0,s1
84066c86:	d59ff0ef          	jal	840669de <hid_express_bt_submit_report_to_pka_16bits>
84066c8a:	4782                	lw	a5,0(sp)
84066c8c:	fbd1                	bnez	a5,84066c20 <hid_express_bt_send_report+0x66>
84066c8e:	00004717          	auipc	a4,0x4
84066c92:	17e70713          	add	a4,a4,382 # 8406ae0c <bt_debug>
84066c96:	00074783          	lbu	a5,0(a4)
84066c9a:	0785                	add	a5,a5,1
84066c9c:	00f70023          	sb	a5,0(a4)
84066ca0:	b741                	j	84066c20 <hid_express_bt_send_report+0x66>
84066ca2:	0064c683          	lbu	a3,6(s1)
84066ca6:	0054c603          	lbu	a2,5(s1)
84066caa:	00004797          	auipc	a5,0x4
84066cae:	40678793          	add	a5,a5,1030 # 8406b0b0 <attr_handle>
84066cb2:	06a2                	sll	a3,a3,0x8
84066cb4:	8ed1                	or	a3,a3,a2
84066cb6:	4390                	lw	a2,0(a5)
84066cb8:	02c69763          	bne	a3,a2,84066ce6 <hid_express_bt_send_report+0x12c>
84066cbc:	00c4c583          	lbu	a1,12(s1)
84066cc0:	00b4c683          	lbu	a3,11(s1)
84066cc4:	00a4c503          	lbu	a0,10(s1)
84066cc8:	05a2                	sll	a1,a1,0x8
84066cca:	8dd5                	or	a1,a1,a3
84066ccc:	0094c683          	lbu	a3,9(s1)
84066cd0:	0522                	sll	a0,a0,0x8
84066cd2:	05c2                	sll	a1,a1,0x10
84066cd4:	8d55                	or	a0,a0,a3
84066cd6:	0542                	sll	a0,a0,0x10
84066cd8:	85c1                	sra	a1,a1,0x10
84066cda:	8541                	sra	a0,a0,0x10
84066cdc:	3d89                	jal	84066b2e <hid_express_bt_merge_xy>
84066cde:	00004717          	auipc	a4,0x4
84066ce2:	12e70713          	add	a4,a4,302 # 8406ae0c <bt_debug>
84066ce6:	00274783          	lbu	a5,2(a4)
84066cea:	008700a3          	sb	s0,1(a4)
84066cee:	0785                	add	a5,a5,1
84066cf0:	00f70123          	sb	a5,2(a4)
84066cf4:	4785                	li	a5,1
84066cf6:	00004717          	auipc	a4,0x4
84066cfa:	10f72523          	sw	a5,266(a4) # 8406ae00 <tx_result>
84066cfe:	b771                	j	84066c8a <hid_express_bt_send_report+0xd0>
84066d00:	c23a                	sw	a4,4(sp)
84066d02:	d51ff0ef          	jal	84066a52 <is_bt_queue_full>
84066d06:	00004697          	auipc	a3,0x4
84066d0a:	10668693          	add	a3,a3,262 # 8406ae0c <bt_debug>
84066d0e:	0016c403          	lbu	s0,1(a3)
84066d12:	4712                	lw	a4,4(sp)
84066d14:	0405                	add	s0,s0,1
84066d16:	0ff47413          	zext.b	s0,s0
84066d1a:	e105                	bnez	a0,84066d3a <hid_express_bt_send_report+0x180>
84066d1c:	463d                	li	a2,15
84066d1e:	85a6                	mv	a1,s1
84066d20:	0028                	add	a0,sp,8
84066d22:	3c6030ef          	jal	8406a0e8 <memcpy>
84066d26:	0028                	add	a0,sp,8
84066d28:	d4fff0ef          	jal	84066a76 <bt_queue_push>
84066d2c:	00004697          	auipc	a3,0x4
84066d30:	0e068693          	add	a3,a3,224 # 8406ae0c <bt_debug>
84066d34:	008680a3          	sb	s0,1(a3)
84066d38:	bf89                	j	84066c8a <hid_express_bt_send_report+0xd0>
84066d3a:	00004797          	auipc	a5,0x4
84066d3e:	37678793          	add	a5,a5,886 # 8406b0b0 <attr_handle>
84066d42:	4390                	lw	a2,0(a5)
84066d44:	02c71863          	bne	a4,a2,84066d74 <hid_express_bt_send_report+0x1ba>
84066d48:	00c4c583          	lbu	a1,12(s1)
84066d4c:	00b4c703          	lbu	a4,11(s1)
84066d50:	00a4c503          	lbu	a0,10(s1)
84066d54:	05a2                	sll	a1,a1,0x8
84066d56:	8dd9                	or	a1,a1,a4
84066d58:	0094c703          	lbu	a4,9(s1)
84066d5c:	0522                	sll	a0,a0,0x8
84066d5e:	05c2                	sll	a1,a1,0x10
84066d60:	8d59                	or	a0,a0,a4
84066d62:	0542                	sll	a0,a0,0x10
84066d64:	85c1                	sra	a1,a1,0x10
84066d66:	8541                	sra	a0,a0,0x10
84066d68:	dc7ff0ef          	jal	84066b2e <hid_express_bt_merge_xy>
84066d6c:	00004697          	auipc	a3,0x4
84066d70:	0a068693          	add	a3,a3,160 # 8406ae0c <bt_debug>
84066d74:	0026c783          	lbu	a5,2(a3)
84066d78:	008680a3          	sb	s0,1(a3)
84066d7c:	0785                	add	a5,a5,1
84066d7e:	00f68123          	sb	a5,2(a3)
84066d82:	bf8d                	j	84066cf4 <hid_express_bt_send_report+0x13a>

84066d84 <hid_express_bt_get_tx_result>:
84066d84:	00004797          	auipc	a5,0x4
84066d88:	07c7a783          	lw	a5,124(a5) # 8406ae00 <tx_result>
84066d8c:	4501                	li	a0,0
84066d8e:	c799                	beqz	a5,84066d9c <hid_express_bt_get_tx_result+0x18>
84066d90:	00004517          	auipc	a0,0x4
84066d94:	06c52503          	lw	a0,108(a0) # 8406adfc <last_kb_report>
84066d98:	00153513          	seqz	a0,a0
84066d9c:	8082                	ret

84066d9e <hid_express_bt_x_y_data_prepare>:
84066d9e:	4501                	li	a0,0
84066da0:	8082                	ret

84066da2 <hid_express_bt_data_send>:
84066da2:	1111                	add	sp,sp,-28
84066da4:	cc06                	sw	ra,24(sp)
84066da6:	ca22                	sw	s0,20(sp)
84066da8:	c826                	sw	s1,16(sp)
84066daa:	c002                	sw	zero,0(sp)
84066dac:	c202                	sw	zero,4(sp)
84066dae:	c402                	sw	zero,8(sp)
84066db0:	00011623          	sh	zero,12(sp)
84066db4:	00010723          	sb	zero,14(sp)
84066db8:	12068363          	beqz	a3,84066ede <hid_express_bt_data_send+0x13c>
84066dbc:	411c                	lw	a5,0(a0)
84066dbe:	4725                	li	a4,9
84066dc0:	842a                	mv	s0,a0
84066dc2:	84b6                	mv	s1,a3
84066dc4:	0ce79963          	bne	a5,a4,84066e96 <hid_express_bt_data_send+0xf4>
84066dc8:	463d                	li	a2,15
84066dca:	00004597          	auipc	a1,0x4
84066dce:	31a58593          	add	a1,a1,794 # 8406b0e4 <default_BT_report>
84066dd2:	850a                	mv	a0,sp
84066dd4:	314030ef          	jal	8406a0e8 <memcpy>
84066dd8:	00004797          	auipc	a5,0x4
84066ddc:	2dc7d783          	lhu	a5,732(a5) # 8406b0b4 <attr_handle+0x4>
84066de0:	00f102a3          	sb	a5,5(sp)
84066de4:	83a1                	srl	a5,a5,0x8
84066de6:	00f10323          	sb	a5,6(sp)
84066dea:	4c5c                	lw	a5,28(s0)
84066dec:	0087d713          	srl	a4,a5,0x8
84066df0:	00f103a3          	sb	a5,7(sp)
84066df4:	00e10423          	sb	a4,8(sp)
84066df8:	0107d713          	srl	a4,a5,0x10
84066dfc:	83e1                	srl	a5,a5,0x18
84066dfe:	00f10523          	sb	a5,10(sp)
84066e02:	501c                	lw	a5,32(s0)
84066e04:	00e104a3          	sb	a4,9(sp)
84066e08:	00f105a3          	sb	a5,11(sp)
84066e0c:	83a1                	srl	a5,a5,0x8
84066e0e:	00f10623          	sb	a5,12(sp)
84066e12:	85a6                	mv	a1,s1
84066e14:	850a                	mv	a0,sp
84066e16:	da5ff0ef          	jal	84066bba <hid_express_bt_send_report>
84066e1a:	4018                	lw	a4,0(s0)
84066e1c:	4789                	li	a5,2
84066e1e:	00f70663          	beq	a4,a5,84066e2a <hid_express_bt_data_send+0x88>
84066e22:	441c                	lw	a5,8(s0)
84066e24:	e399                	bnez	a5,84066e2a <hid_express_bt_data_send+0x88>
84066e26:	445c                	lw	a5,12(s0)
84066e28:	c3ad                	beqz	a5,84066e8a <hid_express_bt_data_send+0xe8>
84066e2a:	00004597          	auipc	a1,0x4
84066e2e:	2ba58593          	add	a1,a1,698 # 8406b0e4 <default_BT_report>
84066e32:	463d                	li	a2,15
84066e34:	850a                	mv	a0,sp
84066e36:	2b2030ef          	jal	8406a0e8 <memcpy>
84066e3a:	00445783          	lhu	a5,4(s0)
84066e3e:	85a6                	mv	a1,s1
84066e40:	00f103a3          	sb	a5,7(sp)
84066e44:	83a1                	srl	a5,a5,0x8
84066e46:	00f10423          	sb	a5,8(sp)
84066e4a:	00845783          	lhu	a5,8(s0)
84066e4e:	00f104a3          	sb	a5,9(sp)
84066e52:	83a1                	srl	a5,a5,0x8
84066e54:	00f10523          	sb	a5,10(sp)
84066e58:	00c45783          	lhu	a5,12(s0)
84066e5c:	00f105a3          	sb	a5,11(sp)
84066e60:	83a1                	srl	a5,a5,0x8
84066e62:	00f10623          	sb	a5,12(sp)
84066e66:	481c                	lw	a5,16(s0)
84066e68:	00f106a3          	sb	a5,13(sp)
84066e6c:	485c                	lw	a5,20(s0)
84066e6e:	00f10723          	sb	a5,14(sp)
84066e72:	00004797          	auipc	a5,0x4
84066e76:	23e7d783          	lhu	a5,574(a5) # 8406b0b0 <attr_handle>
84066e7a:	00f102a3          	sb	a5,5(sp)
84066e7e:	83a1                	srl	a5,a5,0x8
84066e80:	00f10323          	sb	a5,6(sp)
84066e84:	850a                	mv	a0,sp
84066e86:	d35ff0ef          	jal	84066bba <hid_express_bt_send_report>
84066e8a:	40e2                	lw	ra,24(sp)
84066e8c:	4452                	lw	s0,20(sp)
84066e8e:	44c2                	lw	s1,16(sp)
84066e90:	4501                	li	a0,0
84066e92:	0171                	add	sp,sp,28
84066e94:	8082                	ret
84066e96:	4729                	li	a4,10
84066e98:	f8e791e3          	bne	a5,a4,84066e1a <hid_express_bt_data_send+0x78>
84066e9c:	463d                	li	a2,15
84066e9e:	00004597          	auipc	a1,0x4
84066ea2:	24658593          	add	a1,a1,582 # 8406b0e4 <default_BT_report>
84066ea6:	850a                	mv	a0,sp
84066ea8:	240030ef          	jal	8406a0e8 <memcpy>
84066eac:	00004797          	auipc	a5,0x4
84066eb0:	20c7d783          	lhu	a5,524(a5) # 8406b0b8 <attr_handle+0x8>
84066eb4:	00f102a3          	sb	a5,5(sp)
84066eb8:	83a1                	srl	a5,a5,0x8
84066eba:	00f10323          	sb	a5,6(sp)
84066ebe:	505c                	lw	a5,36(s0)
84066ec0:	01079713          	sll	a4,a5,0x10
84066ec4:	8341                	srl	a4,a4,0x10
84066ec6:	00f103a3          	sb	a5,7(sp)
84066eca:	83c1                	srl	a5,a5,0x10
84066ecc:	8321                	srl	a4,a4,0x8
84066ece:	00f104a3          	sb	a5,9(sp)
84066ed2:	83a1                	srl	a5,a5,0x8
84066ed4:	00e10423          	sb	a4,8(sp)
84066ed8:	00f10523          	sb	a5,10(sp)
84066edc:	bf1d                	j	84066e12 <hid_express_bt_data_send+0x70>
84066ede:	4581                	li	a1,0
84066ee0:	b755                	j	84066e84 <hid_express_bt_data_send+0xe2>

84066ee2 <hid_express_bt_init>:
84066ee2:	1151                	add	sp,sp,-12
84066ee4:	c406                	sw	ra,8(sp)
84066ee6:	b37ff0ef          	jal	84066a1c <init_bt_queue>
84066eea:	000407b7          	lui	a5,0x40
84066eee:	00004717          	auipc	a4,0x4
84066ef2:	1f670713          	add	a4,a4,502 # 8406b0e4 <default_BT_report>
84066ef6:	07ad                	add	a5,a5,11 # 4000b <__fp_pattern_ram_total+0x3860b>
84066ef8:	c31c                	sw	a5,0(a4)
84066efa:	47ed                	li	a5,27
84066efc:	00f70223          	sb	a5,4(a4)
84066f00:	40a2                	lw	ra,8(sp)
84066f02:	0131                	add	sp,sp,12
84066f04:	8082                	ret

84066f06 <hid_experss_bt_set_attr_handle>:
84066f06:	00004797          	auipc	a5,0x4
84066f0a:	1aa78793          	add	a5,a5,426 # 8406b0b0 <attr_handle>
84066f0e:	c388                	sw	a0,0(a5)
84066f10:	c3cc                	sw	a1,4(a5)
84066f12:	c790                	sw	a2,8(a5)
84066f14:	8082                	ret

84066f16 <hid_experss_bt_clear_queue>:
84066f16:	00004797          	auipc	a5,0x4
84066f1a:	1a079723          	sh	zero,430(a5) # 8406b0c4 <bt_ctrl>
84066f1e:	8082                	ret

84066f20 <hid_express_bt_debug_check>:
84066f20:	00004797          	auipc	a5,0x4
84066f24:	eec78793          	add	a5,a5,-276 # 8406ae0c <bt_debug>
84066f28:	4398                	lw	a4,0(a5)
84066f2a:	0007a023          	sw	zero,0(a5)
84066f2e:	c3d8                	sw	a4,4(a5)
84066f30:	8082                	ret

84066f32 <hid_express_bt_debug_print>:
84066f32:	1131                	add	sp,sp,-20
84066f34:	c806                	sw	ra,16(sp)
84066f36:	00004717          	auipc	a4,0x4
84066f3a:	ed670713          	add	a4,a4,-298 # 8406ae0c <bt_debug>
84066f3e:	00774783          	lbu	a5,7(a4)
84066f42:	4691                	li	a3,4
84066f44:	81f9a617          	auipc	a2,0x81f9a
84066f48:	ad860613          	add	a2,a2,-1320 # 6000a1c <msg_id_string.0>
84066f4c:	c23e                	sw	a5,4(sp)
84066f4e:	00474783          	lbu	a5,4(a4)
84066f52:	4585                	li	a1,1
84066f54:	00004517          	auipc	a0,0x4
84066f58:	d4450513          	add	a0,a0,-700 # 8406ac98 <log_control_block_rv_exp>
84066f5c:	c03e                	sw	a5,0(sp)
84066f5e:	00574783          	lbu	a5,5(a4)
84066f62:	00674703          	lbu	a4,6(a4)
84066f66:	691020ef          	jal	84069df6 <print_module_msgid_log>
84066f6a:	40c2                	lw	ra,16(sp)
84066f6c:	0151                	add	sp,sp,20
84066f6e:	8082                	ret

84066f70 <hid_express_gaming_get_tx_status>:
84066f70:	1151                	add	sp,sp,-12
84066f72:	c406                	sw	ra,8(sp)
84066f74:	b11fe0ef          	jal	84065a84 <pka_share_get_hid_tx_ptr>
84066f78:	40a2                	lw	ra,8(sp)
84066f7a:	00004797          	auipc	a5,0x4
84066f7e:	e8a7af23          	sw	a0,-354(a5) # 8406ae18 <reliable_tx_ptr>
84066f82:	00153513          	seqz	a0,a0
84066f86:	0131                	add	sp,sp,12
84066f88:	8082                	ret

84066f8a <hid_express_gaming_buffer_full_update_report>:
84066f8a:	1151                	add	sp,sp,-12
84066f8c:	c222                	sw	s0,4(sp)
84066f8e:	00004417          	auipc	s0,0x4
84066f92:	16640413          	add	s0,s0,358 # 8406b0f4 <outgoing_report>
84066f96:	00844703          	lbu	a4,8(s0)
84066f9a:	c406                	sw	ra,8(sp)
84066f9c:	4695                	li	a3,5
84066f9e:	03f77793          	and	a5,a4,63
84066fa2:	06d78463          	beq	a5,a3,8406700a <hid_express_gaming_buffer_full_update_report+0x80>
84066fa6:	46ad                	li	a3,11
84066fa8:	00d78963          	beq	a5,a3,84066fba <hid_express_gaming_buffer_full_update_report+0x30>
84066fac:	4705                	li	a4,1
84066fae:	04e78e63          	beq	a5,a4,8406700a <hid_express_gaming_buffer_full_update_report+0x80>
84066fb2:	40a2                	lw	ra,8(sp)
84066fb4:	4412                	lw	s0,4(sp)
84066fb6:	0131                	add	sp,sp,12
84066fb8:	8082                	ret
84066fba:	00004797          	auipc	a5,0x4
84066fbe:	e6a7a783          	lw	a5,-406(a5) # 8406ae24 <g_vCtrl_x>
84066fc2:	43d4                	lw	a3,4(a5)
84066fc4:	00144503          	lbu	a0,1(s0)
84066fc8:	00004797          	auipc	a5,0x4
84066fcc:	e587a783          	lw	a5,-424(a5) # 8406ae20 <g_vCtrl_y>
84066fd0:	0047d603          	lhu	a2,4(a5)
84066fd4:	00ff05b7          	lui	a1,0xff0
84066fd8:	01069793          	sll	a5,a3,0x10
84066fdc:	86a1                	sra	a3,a3,0x8
84066fde:	8fed                	and	a5,a5,a1
84066fe0:	06e2                	sll	a3,a3,0x18
84066fe2:	00004597          	auipc	a1,0x4
84066fe6:	e465c583          	lbu	a1,-442(a1) # 8406ae28 <sn_num>
84066fea:	8fd5                	or	a5,a5,a3
84066fec:	0522                	sll	a0,a0,0x8
84066fee:	01059693          	sll	a3,a1,0x10
84066ff2:	8fc9                	or	a5,a5,a0
84066ff4:	8ed1                	or	a3,a3,a2
84066ff6:	c01c                	sw	a5,0(s0)
84066ff8:	c054                	sw	a3,4(s0)
84066ffa:	f8076713          	or	a4,a4,-128
84066ffe:	40a2                	lw	ra,8(sp)
84067000:	00e40423          	sb	a4,8(s0)
84067004:	4412                	lw	s0,4(sp)
84067006:	0131                	add	sp,sp,12
84067008:	8082                	ret
8406700a:	c026                	sw	s1,0(sp)
8406700c:	00004497          	auipc	s1,0x4
84067010:	e1048493          	add	s1,s1,-496 # 8406ae1c <last_xy_over_12bits>
84067014:	409c                	lw	a5,0(s1)
84067016:	c791                	beqz	a5,84067022 <hid_express_gaming_buffer_full_update_report+0x98>
84067018:	4482                	lw	s1,0(sp)
8406701a:	40a2                	lw	ra,8(sp)
8406701c:	4412                	lw	s0,4(sp)
8406701e:	0131                	add	sp,sp,12
84067020:	8082                	ret
84067022:	00004797          	auipc	a5,0x4
84067026:	e0278793          	add	a5,a5,-510 # 8406ae24 <g_vCtrl_x>
8406702a:	4388                	lw	a0,0(a5)
8406702c:	7ff00693          	li	a3,2047
84067030:	4158                	lw	a4,4(a0)
84067032:	0ee6c363          	blt	a3,a4,84067118 <hid_express_gaming_buffer_full_update_report+0x18e>
84067036:	80000693          	li	a3,-2048
8406703a:	0ad74463          	blt	a4,a3,840670e2 <hid_express_gaming_buffer_full_update_report+0x158>
8406703e:	00004717          	auipc	a4,0x4
84067042:	de270713          	add	a4,a4,-542 # 8406ae20 <g_vCtrl_y>
84067046:	4308                	lw	a0,0(a4)
84067048:	7ff00613          	li	a2,2047
8406704c:	4154                	lw	a3,4(a0)
8406704e:	0ad64763          	blt	a2,a3,840670fc <hid_express_gaming_buffer_full_update_report+0x172>
84067052:	80000613          	li	a2,-2048
84067056:	06c6c363          	blt	a3,a2,840670bc <hid_express_gaming_buffer_full_update_report+0x132>
8406705a:	439c                	lw	a5,0(a5)
8406705c:	00144703          	lbu	a4,1(s0)
84067060:	00244283          	lbu	t0,2(s0)
84067064:	43d0                	lw	a2,4(a5)
84067066:	00469313          	sll	t1,a3,0x4
8406706a:	00344503          	lbu	a0,3(s0)
8406706e:	40865793          	sra	a5,a2,0x8
84067072:	0ff37313          	zext.b	t1,t1
84067076:	8bbd                	and	a5,a5,15
84067078:	02c2                	sll	t0,t0,0x10
8406707a:	0067e7b3          	or	a5,a5,t1
8406707e:	0722                	sll	a4,a4,0x8
84067080:	06b2                	sll	a3,a3,0xc
84067082:	00ff0337          	lui	t1,0xff0
84067086:	00844583          	lbu	a1,8(s0)
8406708a:	00576733          	or	a4,a4,t0
8406708e:	0066f6b3          	and	a3,a3,t1
84067092:	00004297          	auipc	t0,0x4
84067096:	d962c283          	lbu	t0,-618(t0) # 8406ae28 <sn_num>
8406709a:	0ff67613          	zext.b	a2,a2
8406709e:	8ed1                	or	a3,a3,a2
840670a0:	00576733          	or	a4,a4,t0
840670a4:	0562                	sll	a0,a0,0x18
840670a6:	07a2                	sll	a5,a5,0x8
840670a8:	8fd5                	or	a5,a5,a3
840670aa:	8f49                	or	a4,a4,a0
840670ac:	f805e693          	or	a3,a1,-128
840670b0:	c018                	sw	a4,0(s0)
840670b2:	c05c                	sw	a5,4(s0)
840670b4:	4482                	lw	s1,0(sp)
840670b6:	00d40423          	sb	a3,8(s0)
840670ba:	b785                	j	8406701a <hid_express_gaming_buffer_full_update_report+0x90>
840670bc:	6605                	lui	a2,0x1
840670be:	80060613          	add	a2,a2,-2048 # 800 <__fp_pattern_ram_free+0x2ec>
840670c2:	4585                	li	a1,1
840670c4:	0c7000ef          	jal	8406798a <hid_express_generate_value_candidate_1R1T_concurrent>
840670c8:	00004717          	auipc	a4,0x4
840670cc:	d5870713          	add	a4,a4,-680 # 8406ae20 <g_vCtrl_y>
840670d0:	00004797          	auipc	a5,0x4
840670d4:	d5478793          	add	a5,a5,-684 # 8406ae24 <g_vCtrl_x>
840670d8:	4318                	lw	a4,0(a4)
840670da:	4685                	li	a3,1
840670dc:	c094                	sw	a3,0(s1)
840670de:	4354                	lw	a3,4(a4)
840670e0:	bfad                	j	8406705a <hid_express_gaming_buffer_full_update_report+0xd0>
840670e2:	6605                	lui	a2,0x1
840670e4:	80060613          	add	a2,a2,-2048 # 800 <__fp_pattern_ram_free+0x2ec>
840670e8:	4585                	li	a1,1
840670ea:	0a1000ef          	jal	8406798a <hid_express_generate_value_candidate_1R1T_concurrent>
840670ee:	4705                	li	a4,1
840670f0:	00004797          	auipc	a5,0x4
840670f4:	d3478793          	add	a5,a5,-716 # 8406ae24 <g_vCtrl_x>
840670f8:	c098                	sw	a4,0(s1)
840670fa:	b791                	j	8406703e <hid_express_gaming_buffer_full_update_report+0xb4>
840670fc:	80100613          	li	a2,-2047
84067100:	4585                	li	a1,1
84067102:	089000ef          	jal	8406798a <hid_express_generate_value_candidate_1R1T_concurrent>
84067106:	00004797          	auipc	a5,0x4
8406710a:	d1e78793          	add	a5,a5,-738 # 8406ae24 <g_vCtrl_x>
8406710e:	00004717          	auipc	a4,0x4
84067112:	d1270713          	add	a4,a4,-750 # 8406ae20 <g_vCtrl_y>
84067116:	b7c9                	j	840670d8 <hid_express_gaming_buffer_full_update_report+0x14e>
84067118:	80100613          	li	a2,-2047
8406711c:	b7f1                	j	840670e8 <hid_express_gaming_buffer_full_update_report+0x15e>

8406711e <hid_express_gaming_generate_reports_1R1T_12bits>:
8406711e:	00004797          	auipc	a5,0x4
84067122:	cfa7a783          	lw	a5,-774(a5) # 8406ae18 <reliable_tx_ptr>
84067126:	cbbd                	beqz	a5,8406719c <hid_express_gaming_generate_reports_1R1T_12bits+0x7e>
84067128:	491c                	lw	a5,16(a0)
8406712a:	00004717          	auipc	a4,0x4
8406712e:	cfa72703          	lw	a4,-774(a4) # 8406ae24 <g_vCtrl_x>
84067132:	00452303          	lw	t1,4(a0)
84067136:	4358                	lw	a4,4(a4)
84067138:	00004617          	auipc	a2,0x4
8406713c:	cf060613          	add	a2,a2,-784 # 8406ae28 <sn_num>
84067140:	420c                	lw	a1,0(a2)
84067142:	00004697          	auipc	a3,0x4
84067146:	cde6a683          	lw	a3,-802(a3) # 8406ae20 <g_vCtrl_y>
8406714a:	0796                	sll	a5,a5,0x5
8406714c:	42d4                	lw	a3,4(a3)
8406714e:	00ff0537          	lui	a0,0xff0
84067152:	0067e7b3          	or	a5,a5,t1
84067156:	62c1                	lui	t0,0x10
84067158:	01071313          	sll	t1,a4,0x10
8406715c:	8721                	sra	a4,a4,0x8
8406715e:	0585                	add	a1,a1,1
84067160:	12fd                	add	t0,t0,-1 # ffff <__fp_pattern_ram_total+0x85ff>
84067162:	0762                	sll	a4,a4,0x18
84067164:	07a2                	sll	a5,a5,0x8
84067166:	00a37333          	and	t1,t1,a0
8406716a:	00e36333          	or	t1,t1,a4
8406716e:	01059393          	sll	t2,a1,0x10
84067172:	0057f7b3          	and	a5,a5,t0
84067176:	0056f733          	and	a4,a3,t0
8406717a:	0067e7b3          	or	a5,a5,t1
8406717e:	00004697          	auipc	a3,0x4
84067182:	f7668693          	add	a3,a3,-138 # 8406b0f4 <outgoing_report>
84067186:	00a3f3b3          	and	t2,t2,a0
8406718a:	00776733          	or	a4,a4,t2
8406718e:	c29c                	sw	a5,0(a3)
84067190:	47ad                	li	a5,11
84067192:	c20c                	sw	a1,0(a2)
84067194:	c2d8                	sw	a4,4(a3)
84067196:	00f68423          	sb	a5,8(a3)
8406719a:	8082                	ret
8406719c:	defff06f          	j	84066f8a <hid_express_gaming_buffer_full_update_report>

840671a0 <hid_express_gaming_generate_kb_std_xy_reports_1R1T>:
840671a0:	00004717          	auipc	a4,0x4
840671a4:	c7872703          	lw	a4,-904(a4) # 8406ae18 <reliable_tx_ptr>
840671a8:	10070f63          	beqz	a4,840672c6 <hid_express_gaming_generate_kb_std_xy_reports_1R1T+0x126>
840671ac:	00004317          	auipc	t1,0x4
840671b0:	c7c30313          	add	t1,t1,-900 # 8406ae28 <sn_num>
840671b4:	00032703          	lw	a4,0(t1)
840671b8:	1141                	add	sp,sp,-16
840671ba:	87aa                	mv	a5,a0
840671bc:	00004517          	auipc	a0,0x4
840671c0:	c6852503          	lw	a0,-920(a0) # 8406ae24 <g_vCtrl_x>
840671c4:	0705                	add	a4,a4,1
840671c6:	c226                	sw	s1,4(sp)
840671c8:	4144                	lw	s1,4(a0)
840671ca:	00e32023          	sw	a4,0(t1)
840671ce:	00004717          	auipc	a4,0x4
840671d2:	c4072723          	sw	zero,-946(a4) # 8406ae1c <last_xy_over_12bits>
840671d6:	c606                	sw	ra,12(sp)
840671d8:	c422                	sw	s0,8(sp)
840671da:	7ff00713          	li	a4,2047
840671de:	08974563          	blt	a4,s1,84067268 <hid_express_gaming_generate_kb_std_xy_reports_1R1T+0xc8>
840671e2:	80000713          	li	a4,-2048
840671e6:	0ee4c263          	blt	s1,a4,840672ca <hid_express_gaming_generate_kb_std_xy_reports_1R1T+0x12a>
840671ea:	00004517          	auipc	a0,0x4
840671ee:	c3652503          	lw	a0,-970(a0) # 8406ae20 <g_vCtrl_y>
840671f2:	4154                	lw	a3,4(a0)
840671f4:	4084d413          	sra	s0,s1,0x8
840671f8:	7ff00713          	li	a4,2047
840671fc:	0ff4f493          	zext.b	s1,s1
84067200:	883d                	and	s0,s0,15
84067202:	08d74e63          	blt	a4,a3,8406729e <hid_express_gaming_generate_kb_std_xy_reports_1R1T+0xfe>
84067206:	80000713          	li	a4,-2048
8406720a:	0ce6ce63          	blt	a3,a4,840672e6 <hid_express_gaming_generate_kb_std_xy_reports_1R1T+0x146>
8406720e:	00469713          	sll	a4,a3,0x4
84067212:	0ff77713          	zext.b	a4,a4
84067216:	06b2                	sll	a3,a3,0xc
84067218:	8c59                	or	s0,s0,a4
8406721a:	00ff0737          	lui	a4,0xff0
8406721e:	8ef9                	and	a3,a3,a4
84067220:	4fd8                	lw	a4,28(a5)
84067222:	6541                	lui	a0,0x10
84067224:	00034583          	lbu	a1,0(t1)
84067228:	00871793          	sll	a5,a4,0x8
8406722c:	01075613          	srl	a2,a4,0x10
84067230:	f0050513          	add	a0,a0,-256 # ff00 <__fp_pattern_ram_total+0x8500>
84067234:	0662                	sll	a2,a2,0x18
84067236:	8fe9                	and	a5,a5,a0
84067238:	8fd1                	or	a5,a5,a2
8406723a:	0722                	sll	a4,a4,0x8
8406723c:	00ff0637          	lui	a2,0xff0
84067240:	8cd5                	or	s1,s1,a3
84067242:	8fcd                	or	a5,a5,a1
84067244:	8f71                	and	a4,a4,a2
84067246:	0422                	sll	s0,s0,0x8
84067248:	00004697          	auipc	a3,0x4
8406724c:	eac68693          	add	a3,a3,-340 # 8406b0f4 <outgoing_report>
84067250:	8c45                	or	s0,s0,s1
84067252:	8fd9                	or	a5,a5,a4
84067254:	c29c                	sw	a5,0(a3)
84067256:	c2c0                	sw	s0,4(a3)
84067258:	40b2                	lw	ra,12(sp)
8406725a:	4422                	lw	s0,8(sp)
8406725c:	4785                	li	a5,1
8406725e:	00f68423          	sb	a5,8(a3)
84067262:	4492                	lw	s1,4(sp)
84067264:	0141                	add	sp,sp,16
84067266:	8082                	ret
84067268:	80100613          	li	a2,-2047
8406726c:	4585                	li	a1,1
8406726e:	c03e                	sw	a5,0(sp)
84067270:	2f29                	jal	8406798a <hid_express_generate_value_candidate_1R1T_concurrent>
84067272:	4782                	lw	a5,0(sp)
84067274:	441d                	li	s0,7
84067276:	0ff00493          	li	s1,255
8406727a:	00004317          	auipc	t1,0x4
8406727e:	bae30313          	add	t1,t1,-1106 # 8406ae28 <sn_num>
84067282:	4705                	li	a4,1
84067284:	00004697          	auipc	a3,0x4
84067288:	b8e6ac23          	sw	a4,-1128(a3) # 8406ae1c <last_xy_over_12bits>
8406728c:	00004517          	auipc	a0,0x4
84067290:	b9452503          	lw	a0,-1132(a0) # 8406ae20 <g_vCtrl_y>
84067294:	4154                	lw	a3,4(a0)
84067296:	7ff00713          	li	a4,2047
8406729a:	f6d756e3          	bge	a4,a3,84067206 <hid_express_gaming_generate_kb_std_xy_reports_1R1T+0x66>
8406729e:	80100613          	li	a2,-2047
840672a2:	4585                	li	a1,1
840672a4:	c03e                	sw	a5,0(sp)
840672a6:	25d5                	jal	8406798a <hid_express_generate_value_candidate_1R1T_concurrent>
840672a8:	4782                	lw	a5,0(sp)
840672aa:	0f046413          	or	s0,s0,240
840672ae:	007f06b7          	lui	a3,0x7f0
840672b2:	00004317          	auipc	t1,0x4
840672b6:	b7630313          	add	t1,t1,-1162 # 8406ae28 <sn_num>
840672ba:	4705                	li	a4,1
840672bc:	00004617          	auipc	a2,0x4
840672c0:	b6e62023          	sw	a4,-1184(a2) # 8406ae1c <last_xy_over_12bits>
840672c4:	bfb1                	j	84067220 <hid_express_gaming_generate_kb_std_xy_reports_1R1T+0x80>
840672c6:	cc5ff06f          	j	84066f8a <hid_express_gaming_buffer_full_update_report>
840672ca:	6605                	lui	a2,0x1
840672cc:	80060613          	add	a2,a2,-2048 # 800 <__fp_pattern_ram_free+0x2ec>
840672d0:	4585                	li	a1,1
840672d2:	c03e                	sw	a5,0(sp)
840672d4:	2d5d                	jal	8406798a <hid_express_generate_value_candidate_1R1T_concurrent>
840672d6:	4782                	lw	a5,0(sp)
840672d8:	4421                	li	s0,8
840672da:	4481                	li	s1,0
840672dc:	00004317          	auipc	t1,0x4
840672e0:	b4c30313          	add	t1,t1,-1204 # 8406ae28 <sn_num>
840672e4:	bf79                	j	84067282 <hid_express_gaming_generate_kb_std_xy_reports_1R1T+0xe2>
840672e6:	6605                	lui	a2,0x1
840672e8:	80060613          	add	a2,a2,-2048 # 800 <__fp_pattern_ram_free+0x2ec>
840672ec:	4585                	li	a1,1
840672ee:	c03e                	sw	a5,0(sp)
840672f0:	2d69                	jal	8406798a <hid_express_generate_value_candidate_1R1T_concurrent>
840672f2:	4782                	lw	a5,0(sp)
840672f4:	008006b7          	lui	a3,0x800
840672f8:	00004317          	auipc	t1,0x4
840672fc:	b3030313          	add	t1,t1,-1232 # 8406ae28 <sn_num>
84067300:	bf6d                	j	840672ba <hid_express_gaming_generate_kb_std_xy_reports_1R1T+0x11a>

84067302 <hid_express_gaming_generate_kb_consumer_xy_reports_1R1T>:
84067302:	00004717          	auipc	a4,0x4
84067306:	b1672703          	lw	a4,-1258(a4) # 8406ae18 <reliable_tx_ptr>
8406730a:	10070b63          	beqz	a4,84067420 <hid_express_gaming_generate_kb_consumer_xy_reports_1R1T+0x11e>
8406730e:	00004317          	auipc	t1,0x4
84067312:	b1a30313          	add	t1,t1,-1254 # 8406ae28 <sn_num>
84067316:	00032703          	lw	a4,0(t1)
8406731a:	1141                	add	sp,sp,-16
8406731c:	87aa                	mv	a5,a0
8406731e:	00004517          	auipc	a0,0x4
84067322:	b0652503          	lw	a0,-1274(a0) # 8406ae24 <g_vCtrl_x>
84067326:	0705                	add	a4,a4,1
84067328:	c226                	sw	s1,4(sp)
8406732a:	4144                	lw	s1,4(a0)
8406732c:	00e32023          	sw	a4,0(t1)
84067330:	00004717          	auipc	a4,0x4
84067334:	ae072623          	sw	zero,-1300(a4) # 8406ae1c <last_xy_over_12bits>
84067338:	c606                	sw	ra,12(sp)
8406733a:	c422                	sw	s0,8(sp)
8406733c:	7ff00713          	li	a4,2047
84067340:	08974163          	blt	a4,s1,840673c2 <hid_express_gaming_generate_kb_consumer_xy_reports_1R1T+0xc0>
84067344:	80000713          	li	a4,-2048
84067348:	0ce4ce63          	blt	s1,a4,84067424 <hid_express_gaming_generate_kb_consumer_xy_reports_1R1T+0x122>
8406734c:	00004517          	auipc	a0,0x4
84067350:	ad452503          	lw	a0,-1324(a0) # 8406ae20 <g_vCtrl_y>
84067354:	4158                	lw	a4,4(a0)
84067356:	4084d413          	sra	s0,s1,0x8
8406735a:	7ff00693          	li	a3,2047
8406735e:	0ff4f493          	zext.b	s1,s1
84067362:	883d                	and	s0,s0,15
84067364:	08e6ca63          	blt	a3,a4,840673f8 <hid_express_gaming_generate_kb_consumer_xy_reports_1R1T+0xf6>
84067368:	80000693          	li	a3,-2048
8406736c:	0cd74a63          	blt	a4,a3,84067440 <hid_express_gaming_generate_kb_consumer_xy_reports_1R1T+0x13e>
84067370:	00471693          	sll	a3,a4,0x4
84067374:	0ff6f693          	zext.b	a3,a3
84067378:	0732                	sll	a4,a4,0xc
8406737a:	8c55                	or	s0,s0,a3
8406737c:	00ff06b7          	lui	a3,0xff0
84067380:	8ef9                	and	a3,a3,a4
84067382:	53d8                	lw	a4,36(a5)
84067384:	00034583          	lbu	a1,0(t1)
84067388:	6641                	lui	a2,0x10
8406738a:	00871793          	sll	a5,a4,0x8
8406738e:	f0060613          	add	a2,a2,-256 # ff00 <__fp_pattern_ram_total+0x8500>
84067392:	8ff1                	and	a5,a5,a2
84067394:	0722                	sll	a4,a4,0x8
84067396:	00ff0637          	lui	a2,0xff0
8406739a:	8cd5                	or	s1,s1,a3
8406739c:	8fcd                	or	a5,a5,a1
8406739e:	8f71                	and	a4,a4,a2
840673a0:	0422                	sll	s0,s0,0x8
840673a2:	00004697          	auipc	a3,0x4
840673a6:	d5268693          	add	a3,a3,-686 # 8406b0f4 <outgoing_report>
840673aa:	8c45                	or	s0,s0,s1
840673ac:	8fd9                	or	a5,a5,a4
840673ae:	c29c                	sw	a5,0(a3)
840673b0:	c2c0                	sw	s0,4(a3)
840673b2:	40b2                	lw	ra,12(sp)
840673b4:	4422                	lw	s0,8(sp)
840673b6:	4795                	li	a5,5
840673b8:	00f68423          	sb	a5,8(a3)
840673bc:	4492                	lw	s1,4(sp)
840673be:	0141                	add	sp,sp,16
840673c0:	8082                	ret
840673c2:	80100613          	li	a2,-2047
840673c6:	4585                	li	a1,1
840673c8:	c03e                	sw	a5,0(sp)
840673ca:	23c1                	jal	8406798a <hid_express_generate_value_candidate_1R1T_concurrent>
840673cc:	4782                	lw	a5,0(sp)
840673ce:	441d                	li	s0,7
840673d0:	0ff00493          	li	s1,255
840673d4:	00004317          	auipc	t1,0x4
840673d8:	a5430313          	add	t1,t1,-1452 # 8406ae28 <sn_num>
840673dc:	4705                	li	a4,1
840673de:	00004517          	auipc	a0,0x4
840673e2:	a4252503          	lw	a0,-1470(a0) # 8406ae20 <g_vCtrl_y>
840673e6:	00004697          	auipc	a3,0x4
840673ea:	a2e6ab23          	sw	a4,-1482(a3) # 8406ae1c <last_xy_over_12bits>
840673ee:	4158                	lw	a4,4(a0)
840673f0:	7ff00693          	li	a3,2047
840673f4:	f6e6dae3          	bge	a3,a4,84067368 <hid_express_gaming_generate_kb_consumer_xy_reports_1R1T+0x66>
840673f8:	80100613          	li	a2,-2047
840673fc:	4585                	li	a1,1
840673fe:	c03e                	sw	a5,0(sp)
84067400:	2369                	jal	8406798a <hid_express_generate_value_candidate_1R1T_concurrent>
84067402:	4782                	lw	a5,0(sp)
84067404:	0f046413          	or	s0,s0,240
84067408:	007f06b7          	lui	a3,0x7f0
8406740c:	00004317          	auipc	t1,0x4
84067410:	a1c30313          	add	t1,t1,-1508 # 8406ae28 <sn_num>
84067414:	4705                	li	a4,1
84067416:	00004617          	auipc	a2,0x4
8406741a:	a0e62323          	sw	a4,-1530(a2) # 8406ae1c <last_xy_over_12bits>
8406741e:	b795                	j	84067382 <hid_express_gaming_generate_kb_consumer_xy_reports_1R1T+0x80>
84067420:	b6bff06f          	j	84066f8a <hid_express_gaming_buffer_full_update_report>
84067424:	6605                	lui	a2,0x1
84067426:	80060613          	add	a2,a2,-2048 # 800 <__fp_pattern_ram_free+0x2ec>
8406742a:	4585                	li	a1,1
8406742c:	c03e                	sw	a5,0(sp)
8406742e:	2bb1                	jal	8406798a <hid_express_generate_value_candidate_1R1T_concurrent>
84067430:	4782                	lw	a5,0(sp)
84067432:	4421                	li	s0,8
84067434:	4481                	li	s1,0
84067436:	00004317          	auipc	t1,0x4
8406743a:	9f230313          	add	t1,t1,-1550 # 8406ae28 <sn_num>
8406743e:	bf79                	j	840673dc <hid_express_gaming_generate_kb_consumer_xy_reports_1R1T+0xda>
84067440:	6605                	lui	a2,0x1
84067442:	80060613          	add	a2,a2,-2048 # 800 <__fp_pattern_ram_free+0x2ec>
84067446:	4585                	li	a1,1
84067448:	c03e                	sw	a5,0(sp)
8406744a:	2381                	jal	8406798a <hid_express_generate_value_candidate_1R1T_concurrent>
8406744c:	4782                	lw	a5,0(sp)
8406744e:	008006b7          	lui	a3,0x800
84067452:	00004317          	auipc	t1,0x4
84067456:	9d630313          	add	t1,t1,-1578 # 8406ae28 <sn_num>
8406745a:	bf6d                	j	84067414 <hid_express_gaming_generate_kb_consumer_xy_reports_1R1T+0x112>

8406745c <hid_express_2_4G_x_y_data_prepare>:
8406745c:	1141                	add	sp,sp,-16
8406745e:	00004797          	auipc	a5,0x4
84067462:	88a7a783          	lw	a5,-1910(a5) # 8406ace8 <last_report_id>
84067466:	c422                	sw	s0,8(sp)
84067468:	c606                	sw	ra,12(sp)
8406746a:	17dd                	add	a5,a5,-9
8406746c:	4705                	li	a4,1
8406746e:	842a                	mv	s0,a0
84067470:	02f77a63          	bgeu	a4,a5,840674a4 <hid_express_2_4G_x_y_data_prepare+0x48>
84067474:	00004797          	auipc	a5,0x4
84067478:	9a87a783          	lw	a5,-1624(a5) # 8406ae1c <last_xy_over_12bits>
8406747c:	e785                	bnez	a5,840674a4 <hid_express_2_4G_x_y_data_prepare+0x48>
8406747e:	4410                	lw	a2,8(s0)
84067480:	00004517          	auipc	a0,0x4
84067484:	9a452503          	lw	a0,-1628(a0) # 8406ae24 <g_vCtrl_x>
84067488:	c02e                	sw	a1,0(sp)
8406748a:	2301                	jal	8406798a <hid_express_generate_value_candidate_1R1T_concurrent>
8406748c:	4450                	lw	a2,12(s0)
8406748e:	4582                	lw	a1,0(sp)
84067490:	00004517          	auipc	a0,0x4
84067494:	99052503          	lw	a0,-1648(a0) # 8406ae20 <g_vCtrl_y>
84067498:	29cd                	jal	8406798a <hid_express_generate_value_candidate_1R1T_concurrent>
8406749a:	40b2                	lw	ra,12(sp)
8406749c:	4422                	lw	s0,8(sp)
8406749e:	4501                	li	a0,0
840674a0:	0141                	add	sp,sp,16
840674a2:	8082                	ret
840674a4:	4585                	li	a1,1
840674a6:	bfe1                	j	8406747e <hid_express_2_4G_x_y_data_prepare+0x22>

840674a8 <hid_express_gaming_submit_report_to_pka>:
840674a8:	00004717          	auipc	a4,0x4
840674ac:	c4c70713          	add	a4,a4,-948 # 8406b0f4 <outgoing_report>
840674b0:	00004797          	auipc	a5,0x4
840674b4:	9687a783          	lw	a5,-1688(a5) # 8406ae18 <reliable_tx_ptr>
840674b8:	430c                	lw	a1,0(a4)
840674ba:	4350                	lw	a2,4(a4)
840674bc:	00874683          	lbu	a3,8(a4)
840674c0:	cb99                	beqz	a5,840674d6 <hid_express_gaming_submit_report_to_pka+0x2e>
840674c2:	4725                	li	a4,9
840674c4:	cbcc                	sw	a1,20(a5)
840674c6:	cf90                	sw	a2,24(a5)
840674c8:	00d78e23          	sb	a3,28(a5)
840674cc:	00e79123          	sh	a4,2(a5)
840674d0:	00e79723          	sh	a4,14(a5)
840674d4:	8082                	ret
840674d6:	00004797          	auipc	a5,0x4
840674da:	93e7a783          	lw	a5,-1730(a5) # 8406ae14 <reliable_tx_ptr_previous>
840674de:	4725                	li	a4,9
840674e0:	cbcc                	sw	a1,20(a5)
840674e2:	cf90                	sw	a2,24(a5)
840674e4:	00d78e23          	sb	a3,28(a5)
840674e8:	00e79123          	sh	a4,2(a5)
840674ec:	00e79723          	sh	a4,14(a5)
840674f0:	8082                	ret

840674f2 <hid_express_gaming_generate_kb_consumer_reports_1R1T>:
840674f2:	00004797          	auipc	a5,0x4
840674f6:	9267a783          	lw	a5,-1754(a5) # 8406ae18 <reliable_tx_ptr>
840674fa:	cba1                	beqz	a5,8406754a <hid_express_gaming_generate_kb_consumer_reports_1R1T+0x58>
840674fc:	5158                	lw	a4,36(a0)
840674fe:	00004517          	auipc	a0,0x4
84067502:	92a50513          	add	a0,a0,-1750 # 8406ae28 <sn_num>
84067506:	4114                	lw	a3,0(a0)
84067508:	65c1                	lui	a1,0x10
8406750a:	00871793          	sll	a5,a4,0x8
8406750e:	f0058593          	add	a1,a1,-256 # ff00 <__fp_pattern_ram_total+0x8500>
84067512:	01075613          	srl	a2,a4,0x10
84067516:	0685                	add	a3,a3,1 # 800001 <__fp_pattern_ram_total+0x7f8601>
84067518:	8fed                	and	a5,a5,a1
8406751a:	0662                	sll	a2,a2,0x18
8406751c:	8fd1                	or	a5,a5,a2
8406751e:	0ff6f313          	zext.b	t1,a3
84067522:	00871593          	sll	a1,a4,0x8
84067526:	0067e7b3          	or	a5,a5,t1
8406752a:	00ff0337          	lui	t1,0xff0
8406752e:	0065f5b3          	and	a1,a1,t1
84067532:	00004617          	auipc	a2,0x4
84067536:	bc260613          	add	a2,a2,-1086 # 8406b0f4 <outgoing_report>
8406753a:	8fcd                	or	a5,a5,a1
8406753c:	8361                	srl	a4,a4,0x18
8406753e:	c258                	sw	a4,4(a2)
84067540:	c21c                	sw	a5,0(a2)
84067542:	47a9                	li	a5,10
84067544:	c114                	sw	a3,0(a0)
84067546:	00f603a3          	sb	a5,7(a2)
8406754a:	8082                	ret

8406754c <hid_express_gaming_generate_kb_std_reports_1R1T>:
8406754c:	00004797          	auipc	a5,0x4
84067550:	8cc7a783          	lw	a5,-1844(a5) # 8406ae18 <reliable_tx_ptr>
84067554:	cf99                	beqz	a5,84067572 <hid_express_gaming_generate_kb_std_reports_1R1T+0x26>
84067556:	00004717          	auipc	a4,0x4
8406755a:	8d270713          	add	a4,a4,-1838 # 8406ae28 <sn_num>
8406755e:	431c                	lw	a5,0(a4)
84067560:	00003617          	auipc	a2,0x3
84067564:	78462603          	lw	a2,1924(a2) # 8406ace4 <rr_idx_2_4g>
84067568:	4699                	li	a3,6
8406756a:	0785                	add	a5,a5,1
8406756c:	c31c                	sw	a5,0(a4)
8406756e:	00d60363          	beq	a2,a3,84067574 <hid_express_gaming_generate_kb_std_reports_1R1T+0x28>
84067572:	8082                	ret
84067574:	4d50                	lw	a2,28(a0)
84067576:	5114                	lw	a3,32(a0)
84067578:	62c1                	lui	t0,0x10
8406757a:	12fd                	add	t0,t0,-1 # ffff <__fp_pattern_ram_total+0x85ff>
8406757c:	00861593          	sll	a1,a2,0x8
84067580:	01065313          	srl	t1,a2,0x10
84067584:	0362                	sll	t1,t1,0x18
84067586:	00869713          	sll	a4,a3,0x8
8406758a:	0055f5b3          	and	a1,a1,t0
8406758e:	00ff0537          	lui	a0,0xff0
84067592:	0065e5b3          	or	a1,a1,t1
84067596:	0ff7f793          	zext.b	a5,a5
8406759a:	00861313          	sll	t1,a2,0x8
8406759e:	00577733          	and	a4,a4,t0
840675a2:	8261                	srl	a2,a2,0x18
840675a4:	06a2                	sll	a3,a3,0x8
840675a6:	8ddd                	or	a1,a1,a5
840675a8:	8ee9                	and	a3,a3,a0
840675aa:	00c767b3          	or	a5,a4,a2
840675ae:	8fd5                	or	a5,a5,a3
840675b0:	00004617          	auipc	a2,0x4
840675b4:	b4460613          	add	a2,a2,-1212 # 8406b0f4 <outgoing_report>
840675b8:	00a37333          	and	t1,t1,a0
840675bc:	0065e733          	or	a4,a1,t1
840675c0:	c25c                	sw	a5,4(a2)
840675c2:	47a5                	li	a5,9
840675c4:	c218                	sw	a4,0(a2)
840675c6:	00f60423          	sb	a5,8(a2)
840675ca:	8082                	ret

840675cc <hid_express_gaming_data_send>:
840675cc:	1141                	add	sp,sp,-16
840675ce:	c422                	sw	s0,8(sp)
840675d0:	c606                	sw	ra,12(sp)
840675d2:	c226                	sw	s1,4(sp)
840675d4:	c02a                	sw	a0,0(sp)
840675d6:	842e                	mv	s0,a1
840675d8:	27b000ef          	jal	84068052 <riscv_hid_report_id_select>
840675dc:	fff50793          	add	a5,a0,-1 # feffff <__fp_pattern_ram_total+0xfe85ff>
840675e0:	4725                	li	a4,9
840675e2:	04f76a63          	bltu	a4,a5,84067636 <hid_express_gaming_data_send+0x6a>
840675e6:	00003717          	auipc	a4,0x3
840675ea:	4f270713          	add	a4,a4,1266 # 8406aad8 <ccni_callback+0x80>
840675ee:	078a                	sll	a5,a5,0x2
840675f0:	97ba                	add	a5,a5,a4
840675f2:	439c                	lw	a5,0(a5)
840675f4:	84aa                	mv	s1,a0
840675f6:	97ba                	add	a5,a5,a4
840675f8:	8782                	jr	a5
840675fa:	4502                	lw	a0,0(sp)
840675fc:	ba5ff0ef          	jal	840671a0 <hid_express_gaming_generate_kb_std_xy_reports_1R1T>
84067600:	3565                	jal	840674a8 <hid_express_gaming_submit_report_to_pka>
84067602:	00004797          	auipc	a5,0x4
84067606:	8167a783          	lw	a5,-2026(a5) # 8406ae18 <reliable_tx_ptr>
8406760a:	c789                	beqz	a5,84067614 <hid_express_gaming_data_send+0x48>
8406760c:	00004717          	auipc	a4,0x4
84067610:	80f72423          	sw	a5,-2040(a4) # 8406ae14 <reliable_tx_ptr_previous>
84067614:	00003797          	auipc	a5,0x3
84067618:	6d478793          	add	a5,a5,1748 # 8406ace8 <last_report_id>
8406761c:	c384                	sw	s1,0(a5)
8406761e:	00003717          	auipc	a4,0x3
84067622:	7fe72703          	lw	a4,2046(a4) # 8406ae1c <last_xy_over_12bits>
84067626:	cb01                	beqz	a4,84067636 <hid_express_gaming_data_send+0x6a>
84067628:	4725                	li	a4,9
8406762a:	c398                	sw	a4,0(a5)
8406762c:	e409                	bnez	s0,84067636 <hid_express_gaming_data_send+0x6a>
8406762e:	00003797          	auipc	a5,0x3
84067632:	7e07a723          	sw	zero,2030(a5) # 8406ae1c <last_xy_over_12bits>
84067636:	40b2                	lw	ra,12(sp)
84067638:	4422                	lw	s0,8(sp)
8406763a:	4492                	lw	s1,4(sp)
8406763c:	4501                	li	a0,0
8406763e:	0141                	add	sp,sp,16
84067640:	8082                	ret
84067642:	4502                	lw	a0,0(sp)
84067644:	cbfff0ef          	jal	84067302 <hid_express_gaming_generate_kb_consumer_xy_reports_1R1T>
84067648:	bf65                	j	84067600 <hid_express_gaming_data_send+0x34>
8406764a:	4502                	lw	a0,0(sp)
8406764c:	355d                	jal	840674f2 <hid_express_gaming_generate_kb_consumer_reports_1R1T>
8406764e:	bf4d                	j	84067600 <hid_express_gaming_data_send+0x34>
84067650:	4502                	lw	a0,0(sp)
84067652:	3ded                	jal	8406754c <hid_express_gaming_generate_kb_std_reports_1R1T>
84067654:	b775                	j	84067600 <hid_express_gaming_data_send+0x34>
84067656:	4502                	lw	a0,0(sp)
84067658:	ac7ff0ef          	jal	8406711e <hid_express_gaming_generate_reports_1R1T_12bits>
8406765c:	b755                	j	84067600 <hid_express_gaming_data_send+0x34>

8406765e <hid_express_gaming_init>:
8406765e:	00003597          	auipc	a1,0x3
84067662:	7c258593          	add	a1,a1,1986 # 8406ae20 <g_vCtrl_y>
84067666:	00003517          	auipc	a0,0x3
8406766a:	7be50513          	add	a0,a0,1982 # 8406ae24 <g_vCtrl_x>
8406766e:	ae99                	j	840679c4 <hid_express_x_y_buf_init>

84067670 <hid_express_2_4g_post_process>:
84067670:	8082                	ret

84067672 <hid_express_usb_mode_send_report_to_CM33>:
84067672:	4581                	li	a1,0
84067674:	02010537          	lui	a0,0x2010
84067678:	975fe06f          	j	84065fec <hal_ccni_set_event>

8406767c <hid_express_usb_mode_generate_kb_consumer_reports>:
8406767c:	5158                	lw	a4,36(a0)
8406767e:	6785                	lui	a5,0x1
84067680:	00003697          	auipc	a3,0x3
84067684:	65c6a683          	lw	a3,1628(a3) # 8406acdc <hid_common>
84067688:	6641                	lui	a2,0x10
8406768a:	96be                	add	a3,a3,a5
8406768c:	f0060613          	add	a2,a2,-256 # ff00 <__fp_pattern_ram_total+0x8500>
84067690:	00871793          	sll	a5,a4,0x8
84067694:	8ff1                	and	a5,a5,a2
84067696:	01075613          	srl	a2,a4,0x10
8406769a:	0662                	sll	a2,a2,0x18
8406769c:	8fd1                	or	a5,a5,a2
8406769e:	0722                	sll	a4,a4,0x8
840676a0:	00ff0637          	lui	a2,0xff0
840676a4:	8f71                	and	a4,a4,a2
840676a6:	8fd9                	or	a5,a5,a4
840676a8:	00a7e793          	or	a5,a5,10
840676ac:	6ef6a123          	sw	a5,1762(a3)
840676b0:	02754783          	lbu	a5,39(a0) # 2010027 <__fp_pattern_ram_total+0x2008627>
840676b4:	6ef6a323          	sw	a5,1766(a3)
840676b8:	8082                	ret

840676ba <hid_express_usb_mode_generate_kb_std_reports>:
840676ba:	4d58                	lw	a4,28(a0)
840676bc:	6785                	lui	a5,0x1
840676be:	00003697          	auipc	a3,0x3
840676c2:	61e6a683          	lw	a3,1566(a3) # 8406acdc <hid_common>
840676c6:	6641                	lui	a2,0x10
840676c8:	96be                	add	a3,a3,a5
840676ca:	167d                	add	a2,a2,-1 # ffff <__fp_pattern_ram_total+0x85ff>
840676cc:	00871793          	sll	a5,a4,0x8
840676d0:	01075593          	srl	a1,a4,0x10
840676d4:	8ff1                	and	a5,a5,a2
840676d6:	05e2                	sll	a1,a1,0x18
840676d8:	8fcd                	or	a5,a5,a1
840676da:	0722                	sll	a4,a4,0x8
840676dc:	00ff05b7          	lui	a1,0xff0
840676e0:	8f6d                	and	a4,a4,a1
840676e2:	8fd9                	or	a5,a5,a4
840676e4:	0097e793          	or	a5,a5,9
840676e8:	6ef6a123          	sw	a5,1762(a3)
840676ec:	511c                	lw	a5,32(a0)
840676ee:	01f54703          	lbu	a4,31(a0)
840676f2:	00879513          	sll	a0,a5,0x8
840676f6:	8e69                	and	a2,a2,a0
840676f8:	8f51                	or	a4,a4,a2
840676fa:	00b577b3          	and	a5,a0,a1
840676fe:	8fd9                	or	a5,a5,a4
84067700:	6ef6a323          	sw	a5,1766(a3)
84067704:	8082                	ret

84067706 <hid_express_usb_mode_generate_12bits_reports>:
84067706:	0015f713          	and	a4,a1,1
8406770a:	070a                	sll	a4,a4,0x2
8406770c:	00003797          	auipc	a5,0x3
84067710:	7247a783          	lw	a5,1828(a5) # 8406ae30 <usb_vCtrl_x>
84067714:	97ba                	add	a5,a5,a4
84067716:	43d0                	lw	a2,4(a5)
84067718:	00003697          	auipc	a3,0x3
8406771c:	5c46a683          	lw	a3,1476(a3) # 8406acdc <hid_common>
84067720:	6785                	lui	a5,0x1
84067722:	00452303          	lw	t1,4(a0)
84067726:	96be                	add	a3,a3,a5
84067728:	00ff05b7          	lui	a1,0xff0
8406772c:	01061793          	sll	a5,a2,0x10
84067730:	8621                	sra	a2,a2,0x8
84067732:	8fed                	and	a5,a5,a1
84067734:	0662                	sll	a2,a2,0x18
84067736:	8fd1                	or	a5,a5,a2
84067738:	6641                	lui	a2,0x10
8406773a:	167d                	add	a2,a2,-1 # ffff <__fp_pattern_ram_total+0x85ff>
8406773c:	0322                	sll	t1,t1,0x8
8406773e:	00c37333          	and	t1,t1,a2
84067742:	0067e7b3          	or	a5,a5,t1
84067746:	0027e793          	or	a5,a5,2
8406774a:	6ef6a123          	sw	a5,1762(a3)
8406774e:	491c                	lw	a5,16(a0)
84067750:	07c2                	sll	a5,a5,0x10
84067752:	8fed                	and	a5,a5,a1
84067754:	494c                	lw	a1,20(a0)
84067756:	05e2                	sll	a1,a1,0x18
84067758:	8fcd                	or	a5,a5,a1
8406775a:	00003597          	auipc	a1,0x3
8406775e:	6d25a583          	lw	a1,1746(a1) # 8406ae2c <usb_vCtrl_y>
84067762:	972e                	add	a4,a4,a1
84067764:	4358                	lw	a4,4(a4)
84067766:	8f71                	and	a4,a4,a2
84067768:	8fd9                	or	a5,a5,a4
8406776a:	6ef6a323          	sw	a5,1766(a3)
8406776e:	8082                	ret

84067770 <hid_express_usb_mode_generate_kb_std_xy_reports>:
84067770:	4d58                	lw	a4,28(a0)
84067772:	6785                	lui	a5,0x1
84067774:	00003697          	auipc	a3,0x3
84067778:	5686a683          	lw	a3,1384(a3) # 8406acdc <hid_common>
8406777c:	6641                	lui	a2,0x10
8406777e:	96be                	add	a3,a3,a5
84067780:	167d                	add	a2,a2,-1 # ffff <__fp_pattern_ram_total+0x85ff>
84067782:	00871793          	sll	a5,a4,0x8
84067786:	01075513          	srl	a0,a4,0x10
8406778a:	0562                	sll	a0,a0,0x18
8406778c:	8ff1                	and	a5,a5,a2
8406778e:	8fc9                	or	a5,a5,a0
84067790:	0722                	sll	a4,a4,0x8
84067792:	00ff0537          	lui	a0,0xff0
84067796:	8f69                	and	a4,a4,a0
84067798:	8fd9                	or	a5,a5,a4
8406779a:	0017e793          	or	a5,a5,1
8406779e:	8985                	and	a1,a1,1
840677a0:	6ef6a123          	sw	a5,1762(a3)
840677a4:	058a                	sll	a1,a1,0x2
840677a6:	00003797          	auipc	a5,0x3
840677aa:	6867a783          	lw	a5,1670(a5) # 8406ae2c <usb_vCtrl_y>
840677ae:	97ae                	add	a5,a5,a1
840677b0:	43d8                	lw	a4,4(a5)
840677b2:	01071793          	sll	a5,a4,0x10
840677b6:	8721                	sra	a4,a4,0x8
840677b8:	0762                	sll	a4,a4,0x18
840677ba:	8fe9                	and	a5,a5,a0
840677bc:	8fd9                	or	a5,a5,a4
840677be:	00003717          	auipc	a4,0x3
840677c2:	67272703          	lw	a4,1650(a4) # 8406ae30 <usb_vCtrl_x>
840677c6:	95ba                	add	a1,a1,a4
840677c8:	41d8                	lw	a4,4(a1)
840677ca:	8f71                	and	a4,a4,a2
840677cc:	8fd9                	or	a5,a5,a4
840677ce:	6ef6a323          	sw	a5,1766(a3)
840677d2:	8082                	ret

840677d4 <hid_express_usb_mode_generate_kb_consumer_xy_reports>:
840677d4:	5158                	lw	a4,36(a0)
840677d6:	6785                	lui	a5,0x1
840677d8:	00003697          	auipc	a3,0x3
840677dc:	5046a683          	lw	a3,1284(a3) # 8406acdc <hid_common>
840677e0:	6641                	lui	a2,0x10
840677e2:	96be                	add	a3,a3,a5
840677e4:	00ff0537          	lui	a0,0xff0
840677e8:	00871793          	sll	a5,a4,0x8
840677ec:	167d                	add	a2,a2,-1 # ffff <__fp_pattern_ram_total+0x85ff>
840677ee:	0722                	sll	a4,a4,0x8
840677f0:	8f71                	and	a4,a4,a2
840677f2:	8fe9                	and	a5,a5,a0
840677f4:	8fd9                	or	a5,a5,a4
840677f6:	0057e793          	or	a5,a5,5
840677fa:	8985                	and	a1,a1,1
840677fc:	6ef6a123          	sw	a5,1762(a3)
84067800:	058a                	sll	a1,a1,0x2
84067802:	00003797          	auipc	a5,0x3
84067806:	62a7a783          	lw	a5,1578(a5) # 8406ae2c <usb_vCtrl_y>
8406780a:	97ae                	add	a5,a5,a1
8406780c:	43d8                	lw	a4,4(a5)
8406780e:	01071793          	sll	a5,a4,0x10
84067812:	8721                	sra	a4,a4,0x8
84067814:	0762                	sll	a4,a4,0x18
84067816:	8fe9                	and	a5,a5,a0
84067818:	8fd9                	or	a5,a5,a4
8406781a:	00003717          	auipc	a4,0x3
8406781e:	61672703          	lw	a4,1558(a4) # 8406ae30 <usb_vCtrl_x>
84067822:	972e                	add	a4,a4,a1
84067824:	4358                	lw	a4,4(a4)
84067826:	8f71                	and	a4,a4,a2
84067828:	8fd9                	or	a5,a5,a4
8406782a:	6ef6a323          	sw	a5,1766(a3)
8406782e:	8082                	ret

84067830 <hid_express_usb_last_report_is_kb>:
84067830:	00003517          	auipc	a0,0x3
84067834:	4bc52503          	lw	a0,1212(a0) # 8406acec <last_report_id>
84067838:	155d                	add	a0,a0,-9
8406783a:	00253513          	sltiu	a0,a0,2
8406783e:	8082                	ret

84067840 <hid_express_usb_x_y_data_prepare>:
84067840:	1151                	add	sp,sp,-12
84067842:	c222                	sw	s0,4(sp)
84067844:	c026                	sw	s1,0(sp)
84067846:	c406                	sw	ra,8(sp)
84067848:	84aa                	mv	s1,a0
8406784a:	842e                	mv	s0,a1
8406784c:	37d5                	jal	84067830 <hid_express_usb_last_report_is_kb>
8406784e:	c111                	beqz	a0,84067852 <hid_express_usb_x_y_data_prepare+0x12>
84067850:	4405                	li	s0,1
84067852:	4490                	lw	a2,8(s1)
84067854:	85a2                	mv	a1,s0
84067856:	00003517          	auipc	a0,0x3
8406785a:	5da52503          	lw	a0,1498(a0) # 8406ae30 <usb_vCtrl_x>
8406785e:	2a29                	jal	84067978 <hid_express_generate_value_candidate>
84067860:	44d0                	lw	a2,12(s1)
84067862:	85a2                	mv	a1,s0
84067864:	00003517          	auipc	a0,0x3
84067868:	5c852503          	lw	a0,1480(a0) # 8406ae2c <usb_vCtrl_y>
8406786c:	2231                	jal	84067978 <hid_express_generate_value_candidate>
8406786e:	40a2                	lw	ra,8(sp)
84067870:	4412                	lw	s0,4(sp)
84067872:	4482                	lw	s1,0(sp)
84067874:	4501                	li	a0,0
84067876:	0131                	add	sp,sp,12
84067878:	8082                	ret

8406787a <hid_express_usb_delay_for_latency>:
8406787a:	1151                	add	sp,sp,-12
8406787c:	c222                	sw	s0,4(sp)
8406787e:	00003417          	auipc	s0,0x3
84067882:	45e40413          	add	s0,s0,1118 # 8406acdc <hid_common>
84067886:	401c                	lw	a5,0(s0)
84067888:	c406                	sw	ra,8(sp)
8406788a:	4779                	li	a4,30
8406788c:	0547c783          	lbu	a5,84(a5)
84067890:	00f76963          	bltu	a4,a5,840678a2 <hid_express_usb_delay_for_latency+0x28>
84067894:	4579                	li	a0,30
84067896:	8d1d                	sub	a0,a0,a5
84067898:	0ff57513          	zext.b	a0,a0
8406789c:	c119                	beqz	a0,840678a2 <hid_express_usb_delay_for_latency+0x28>
8406789e:	632010ef          	jal	84068ed0 <hal_gpt_delay_us>
840678a2:	401c                	lw	a5,0(s0)
840678a4:	40a2                	lw	ra,8(sp)
840678a6:	4412                	lw	s0,4(sp)
840678a8:	0407a823          	sw	zero,80(a5)
840678ac:	0131                	add	sp,sp,12
840678ae:	8082                	ret

840678b0 <hid_express_usb_wakeup_cm33_handler>:
840678b0:	00003517          	auipc	a0,0x3
840678b4:	42c52503          	lw	a0,1068(a0) # 8406acdc <hid_common>
840678b8:	04052823          	sw	zero,80(a0)
840678bc:	493c                	lw	a5,80(a0)
840678be:	e799                	bnez	a5,840678cc <hid_express_usb_wakeup_cm33_handler+0x1c>
840678c0:	6785                	lui	a5,0x1
840678c2:	6e278793          	add	a5,a5,1762 # 16e2 <__fp_pattern_ram_free+0x11ce>
840678c6:	953e                	add	a0,a0,a5
840678c8:	dabff06f          	j	84067672 <hid_express_usb_mode_send_report_to_CM33>
840678cc:	8082                	ret

840678ce <hid_express_usb_data_set_report_ready>:
840678ce:	00003797          	auipc	a5,0x3
840678d2:	40e7a783          	lw	a5,1038(a5) # 8406acdc <hid_common>
840678d6:	4705                	li	a4,1
840678d8:	cbb8                	sw	a4,80(a5)
840678da:	8082                	ret

840678dc <hid_express_usb_data_send>:
840678dc:	1131                	add	sp,sp,-20
840678de:	c22e                	sw	a1,4(sp)
840678e0:	c036                	sw	a3,0(sp)
840678e2:	c806                	sw	ra,16(sp)
840678e4:	c622                	sw	s0,12(sp)
840678e6:	c426                	sw	s1,8(sp)
840678e8:	84aa                	mv	s1,a0
840678ea:	27a5                	jal	84068052 <riscv_hid_report_id_select>
840678ec:	842a                	mv	s0,a0
840678ee:	3789                	jal	84067830 <hid_express_usb_last_report_is_kb>
840678f0:	4682                	lw	a3,0(sp)
840678f2:	4592                	lw	a1,4(sp)
840678f4:	c111                	beqz	a0,840678f8 <hid_express_usb_data_send+0x1c>
840678f6:	4585                	li	a1,1
840678f8:	00003797          	auipc	a5,0x3
840678fc:	3e87aa23          	sw	s0,1012(a5) # 8406acec <last_report_id>
84067900:	47a5                	li	a5,9
84067902:	147d                	add	s0,s0,-1
84067904:	0287e463          	bltu	a5,s0,8406792c <hid_express_usb_data_send+0x50>
84067908:	00003717          	auipc	a4,0x3
8406790c:	1f870713          	add	a4,a4,504 # 8406ab00 <ccni_callback+0xa8>
84067910:	040a                	sll	s0,s0,0x2
84067912:	943a                	add	s0,s0,a4
84067914:	401c                	lw	a5,0(s0)
84067916:	97ba                	add	a5,a5,a4
84067918:	8782                	jr	a5
8406791a:	8526                	mv	a0,s1
8406791c:	e55ff0ef          	jal	84067770 <hid_express_usb_mode_generate_kb_std_xy_reports>
84067920:	00003797          	auipc	a5,0x3
84067924:	3bc7a783          	lw	a5,956(a5) # 8406acdc <hid_common>
84067928:	4709                	li	a4,2
8406792a:	cbb8                	sw	a4,80(a5)
8406792c:	40c2                	lw	ra,16(sp)
8406792e:	4432                	lw	s0,12(sp)
84067930:	44a2                	lw	s1,8(sp)
84067932:	4501                	li	a0,0
84067934:	0151                	add	sp,sp,20
84067936:	8082                	ret
84067938:	8526                	mv	a0,s1
8406793a:	e9bff0ef          	jal	840677d4 <hid_express_usb_mode_generate_kb_consumer_xy_reports>
8406793e:	b7cd                	j	84067920 <hid_express_usb_data_send+0x44>
84067940:	8526                	mv	a0,s1
84067942:	d3bff0ef          	jal	8406767c <hid_express_usb_mode_generate_kb_consumer_reports>
84067946:	bfe9                	j	84067920 <hid_express_usb_data_send+0x44>
84067948:	8526                	mv	a0,s1
8406794a:	d71ff0ef          	jal	840676ba <hid_express_usb_mode_generate_kb_std_reports>
8406794e:	bfc9                	j	84067920 <hid_express_usb_data_send+0x44>
84067950:	dae1                	beqz	a3,84067920 <hid_express_usb_data_send+0x44>
84067952:	8526                	mv	a0,s1
84067954:	db3ff0ef          	jal	84067706 <hid_express_usb_mode_generate_12bits_reports>
84067958:	b7e1                	j	84067920 <hid_express_usb_data_send+0x44>

8406795a <hid_express_usb_mode_init>:
8406795a:	00003797          	auipc	a5,0x3
8406795e:	3827a783          	lw	a5,898(a5) # 8406acdc <hid_common>
84067962:	0407a823          	sw	zero,80(a5)
84067966:	00003597          	auipc	a1,0x3
8406796a:	4c658593          	add	a1,a1,1222 # 8406ae2c <usb_vCtrl_y>
8406796e:	00003517          	auipc	a0,0x3
84067972:	4c250513          	add	a0,a0,1218 # 8406ae30 <usb_vCtrl_x>
84067976:	a0b9                	j	840679c4 <hid_express_x_y_buf_init>

84067978 <hid_express_generate_value_candidate>:
84067978:	411c                	lw	a5,0(a0)
8406797a:	058a                	sll	a1,a1,0x2
8406797c:	c150                	sw	a2,4(a0)
8406797e:	97b2                	add	a5,a5,a2
84067980:	c51c                	sw	a5,8(a0)
84067982:	95aa                	add	a1,a1,a0
84067984:	41dc                	lw	a5,4(a1)
84067986:	c11c                	sw	a5,0(a0)
84067988:	8082                	ret

8406798a <hid_express_generate_value_candidate_1R1T_concurrent>:
8406798a:	00259793          	sll	a5,a1,0x2
8406798e:	97aa                	add	a5,a5,a0
84067990:	43dc                	lw	a5,4(a5)
84067992:	c11c                	sw	a5,0(a0)
84067994:	c199                	beqz	a1,8406799a <hid_express_generate_value_candidate_1R1T_concurrent+0x10>
84067996:	4158                	lw	a4,4(a0)
84067998:	963a                	add	a2,a2,a4
8406799a:	c150                	sw	a2,4(a0)
8406799c:	c51c                	sw	a5,8(a0)
8406799e:	8082                	ret

840679a0 <hid_express_x_y_buf_has_data>:
840679a0:	00003797          	auipc	a5,0x3
840679a4:	77078793          	add	a5,a5,1904 # 8406b110 <vCtrl_x>
840679a8:	43c8                	lw	a0,4(a5)
840679aa:	479c                	lw	a5,8(a5)
840679ac:	8d5d                	or	a0,a0,a5
840679ae:	00003797          	auipc	a5,0x3
840679b2:	75278793          	add	a5,a5,1874 # 8406b100 <vCtrl_y>
840679b6:	43d8                	lw	a4,4(a5)
840679b8:	479c                	lw	a5,8(a5)
840679ba:	8d59                	or	a0,a0,a4
840679bc:	8d5d                	or	a0,a0,a5
840679be:	00a03533          	snez	a0,a0
840679c2:	8082                	ret

840679c4 <hid_express_x_y_buf_init>:
840679c4:	1151                	add	sp,sp,-12
840679c6:	c222                	sw	s0,4(sp)
840679c8:	c406                	sw	ra,8(sp)
840679ca:	00003797          	auipc	a5,0x3
840679ce:	74678793          	add	a5,a5,1862 # 8406b110 <vCtrl_x>
840679d2:	c11c                	sw	a5,0(a0)
840679d4:	00003417          	auipc	s0,0x3
840679d8:	72c40413          	add	s0,s0,1836 # 8406b100 <vCtrl_y>
840679dc:	c180                	sw	s0,0(a1)
840679de:	4641                	li	a2,16
840679e0:	4581                	li	a1,0
840679e2:	853e                	mv	a0,a5
840679e4:	983fc0ef          	jal	84064366 <memset>
840679e8:	8522                	mv	a0,s0
840679ea:	4412                	lw	s0,4(sp)
840679ec:	40a2                	lw	ra,8(sp)
840679ee:	4641                	li	a2,16
840679f0:	4581                	li	a1,0
840679f2:	0131                	add	sp,sp,12
840679f4:	973fc06f          	j	84064366 <memset>

840679f8 <is_queue_full>:
840679f8:	09c52783          	lw	a5,156(a0)
840679fc:	0a052703          	lw	a4,160(a0)
84067a00:	0785                	add	a5,a5,1
84067a02:	8b9d                	and	a5,a5,7
84067a04:	40e78533          	sub	a0,a5,a4
84067a08:	00153513          	seqz	a0,a0
84067a0c:	8082                	ret

84067a0e <is_key_expired>:
84067a0e:	1141                	add	sp,sp,-16
84067a10:	860a                	mv	a2,sp
84067a12:	c606                	sw	ra,12(sp)
84067a14:	c002                	sw	zero,0(sp)
84067a16:	4ac010ef          	jal	84068ec2 <hal_gpt_get_duration_count>
84067a1a:	4502                	lw	a0,0(sp)
84067a1c:	40b2                	lw	ra,12(sp)
84067a1e:	001e87b7          	lui	a5,0x1e8
84067a22:	48078793          	add	a5,a5,1152 # 1e8480 <__fp_pattern_ram_total+0x1e0a80>
84067a26:	00a7b533          	sltu	a0,a5,a0
84067a2a:	0141                	add	sp,sp,16
84067a2c:	8082                	ret

84067a2e <get_queue_count>:
84067a2e:	0a052783          	lw	a5,160(a0)
84067a32:	09c52503          	lw	a0,156(a0)
84067a36:	00a7e563          	bltu	a5,a0,84067a40 <get_queue_count+0x12>
84067a3a:	40a78533          	sub	a0,a5,a0
84067a3e:	8082                	ret
84067a40:	07a1                	add	a5,a5,8
84067a42:	bfe5                	j	84067a3a <get_queue_count+0xc>

84067a44 <is_queue_num_2>:
84067a44:	1151                	add	sp,sp,-12
84067a46:	c406                	sw	ra,8(sp)
84067a48:	37dd                	jal	84067a2e <get_queue_count>
84067a4a:	40a2                	lw	ra,8(sp)
84067a4c:	1579                	add	a0,a0,-2
84067a4e:	00153513          	seqz	a0,a0
84067a52:	0131                	add	sp,sp,12
84067a54:	8082                	ret

84067a56 <riscv_key_push_key_info>:
84067a56:	09c52783          	lw	a5,156(a0)
84067a5a:	0785                	add	a5,a5,1
84067a5c:	8b9d                	and	a5,a5,7
84067a5e:	08f52e23          	sw	a5,156(a0)
84067a62:	0792                	sll	a5,a5,0x4
84067a64:	953e                	add	a0,a0,a5
84067a66:	10000793          	li	a5,256
84067a6a:	00f51623          	sh	a5,12(a0)
84067a6e:	c110                	sw	a2,0(a0)
84067a70:	c154                	sw	a3,4(a0)
84067a72:	00b50723          	sb	a1,14(a0)
84067a76:	c518                	sw	a4,8(a0)
84067a78:	8082                	ret

84067a7a <init_key_ctrl>:
84067a7a:	47fd                	li	a5,31
84067a7c:	08f52023          	sw	a5,128(a0)
84067a80:	08052e23          	sw	zero,156(a0)
84067a84:	0a052023          	sw	zero,160(a0)
84067a88:	08b52223          	sw	a1,132(a0)
84067a8c:	8082                	ret

84067a8e <riscv_key_clear_key_pushed>:
84067a8e:	47fd                	li	a5,31
84067a90:	08f52023          	sw	a5,128(a0)
84067a94:	08052423          	sw	zero,136(a0)
84067a98:	08052223          	sw	zero,132(a0)
84067a9c:	8082                	ret

84067a9e <riscv_key_push>:
84067a9e:	1141                	add	sp,sp,-16
84067aa0:	c422                	sw	s0,8(sp)
84067aa2:	c226                	sw	s1,4(sp)
84067aa4:	c606                	sw	ra,12(sp)
84067aa6:	842a                	mv	s0,a0
84067aa8:	84ae                	mv	s1,a1
84067aaa:	c032                	sw	a2,0(sp)
84067aac:	37b1                	jal	840679f8 <is_queue_full>
84067aae:	e559                	bnez	a0,84067b3c <riscv_key_push+0x9e>
84067ab0:	08442683          	lw	a3,132(s0)
84067ab4:	40d0                	lw	a2,4(s1)
84067ab6:	4898                	lw	a4,16(s1)
84067ab8:	0ff6f513          	zext.b	a0,a3
84067abc:	48cc                	lw	a1,20(s1)
84067abe:	00c51763          	bne	a0,a2,84067acc <riscv_key_push+0x2e>
84067ac2:	00b76333          	or	t1,a4,a1
84067ac6:	451d                	li	a0,7
84067ac8:	02030563          	beqz	t1,84067af2 <riscv_key_push+0x54>
84067acc:	05e2                	sll	a1,a1,0x18
84067ace:	0ff67613          	zext.b	a2,a2
84067ad2:	8e4d                	or	a2,a2,a1
84067ad4:	0742                	sll	a4,a4,0x10
84067ad6:	00ff05b7          	lui	a1,0xff0
84067ada:	8f6d                	and	a4,a4,a1
84067adc:	8e59                	or	a2,a2,a4
84067ade:	4702                	lw	a4,0(sp)
84067ae0:	08d42423          	sw	a3,136(s0)
84067ae4:	8522                	mv	a0,s0
84067ae6:	08c42223          	sw	a2,132(s0)
84067aea:	4681                	li	a3,0
84067aec:	4581                	li	a1,0
84067aee:	37a5                	jal	84067a56 <riscv_key_push_key_info>
84067af0:	4501                	li	a0,0
84067af2:	4cd0                	lw	a2,28(s1)
84067af4:	09042703          	lw	a4,144(s0)
84067af8:	5094                	lw	a3,32(s1)
84067afa:	00c71663          	bne	a4,a2,84067b06 <riscv_key_push+0x68>
84067afe:	09442703          	lw	a4,148(s0)
84067b02:	00d70b63          	beq	a4,a3,84067b18 <riscv_key_push+0x7a>
84067b06:	4702                	lw	a4,0(sp)
84067b08:	8522                	mv	a0,s0
84067b0a:	08c42823          	sw	a2,144(s0)
84067b0e:	08d42a23          	sw	a3,148(s0)
84067b12:	4585                	li	a1,1
84067b14:	3789                	jal	84067a56 <riscv_key_push_key_info>
84067b16:	4501                	li	a0,0
84067b18:	50d0                	lw	a2,36(s1)
84067b1a:	09842783          	lw	a5,152(s0)
84067b1e:	00c78a63          	beq	a5,a2,84067b32 <riscv_key_push+0x94>
84067b22:	4702                	lw	a4,0(sp)
84067b24:	8522                	mv	a0,s0
84067b26:	08c42c23          	sw	a2,152(s0)
84067b2a:	4681                	li	a3,0
84067b2c:	4589                	li	a1,2
84067b2e:	3725                	jal	84067a56 <riscv_key_push_key_info>
84067b30:	4501                	li	a0,0
84067b32:	40b2                	lw	ra,12(sp)
84067b34:	4422                	lw	s0,8(sp)
84067b36:	4492                	lw	s1,4(sp)
84067b38:	0141                	add	sp,sp,16
84067b3a:	8082                	ret
84067b3c:	4515                	li	a0,5
84067b3e:	bfd5                	j	84067b32 <riscv_key_push+0x94>

84067b40 <riscv_key_pop_temperory>:
84067b40:	1131                	add	sp,sp,-20
84067b42:	c426                	sw	s1,8(sp)
84067b44:	c806                	sw	ra,16(sp)
84067b46:	84ae                	mv	s1,a1
84067b48:	c622                	sw	s0,12(sp)
84067b4a:	872a                	mv	a4,a0
84067b4c:	85b2                	mv	a1,a2
84067b4e:	0a072403          	lw	s0,160(a4)
84067b52:	09c72683          	lw	a3,156(a4)
84067b56:	00869663          	bne	a3,s0,84067b62 <riscv_key_pop_temperory+0x22>
84067b5a:	4709                	li	a4,2
84067b5c:	c098                	sw	a4,0(s1)
84067b5e:	4511                	li	a0,4
84067b60:	a08d                	j	84067bc2 <riscv_key_pop_temperory+0x82>
84067b62:	0405                	add	s0,s0,1
84067b64:	881d                	and	s0,s0,7
84067b66:	08872623          	sw	s0,140(a4)
84067b6a:	0412                	sll	s0,s0,0x4
84067b6c:	943a                	add	s0,s0,a4
84067b6e:	4408                	lw	a0,8(s0)
84067b70:	c23a                	sw	a4,4(sp)
84067b72:	c02e                	sw	a1,0(sp)
84067b74:	e9bff0ef          	jal	84067a0e <is_key_expired>
84067b78:	cd09                	beqz	a0,84067b92 <riscv_key_pop_temperory+0x52>
84067b7a:	4712                	lw	a4,4(sp)
84067b7c:	4695                	li	a3,5
84067b7e:	00d406a3          	sb	a3,13(s0)
84067b82:	0a072683          	lw	a3,160(a4)
84067b86:	4582                	lw	a1,0(sp)
84067b88:	0685                	add	a3,a3,1
84067b8a:	8a9d                	and	a3,a3,7
84067b8c:	0ad72023          	sw	a3,160(a4)
84067b90:	bf7d                	j	84067b4e <riscv_key_pop_temperory+0xe>
84067b92:	00e44703          	lbu	a4,14(s0)
84067b96:	4685                	li	a3,1
84067b98:	02d70a63          	beq	a4,a3,84067bcc <riscv_key_pop_temperory+0x8c>
84067b9c:	4689                	li	a3,2
84067b9e:	04d70363          	beq	a4,a3,84067be4 <riscv_key_pop_temperory+0xa4>
84067ba2:	ef19                	bnez	a4,84067bc0 <riscv_key_pop_temperory+0x80>
84067ba4:	4018                	lw	a4,0(s0)
84067ba6:	c094                	sw	a3,0(s1)
84067ba8:	0ff77613          	zext.b	a2,a4
84067bac:	c0d0                	sw	a2,4(s1)
84067bae:	01075613          	srl	a2,a4,0x10
84067bb2:	0ff67613          	zext.b	a2,a2
84067bb6:	8361                	srl	a4,a4,0x18
84067bb8:	c890                	sw	a2,16(s1)
84067bba:	c8d8                	sw	a4,20(s1)
84067bbc:	00d406a3          	sb	a3,13(s0)
84067bc0:	4501                	li	a0,0
84067bc2:	40c2                	lw	ra,16(sp)
84067bc4:	4432                	lw	s0,12(sp)
84067bc6:	44a2                	lw	s1,8(sp)
84067bc8:	0151                	add	sp,sp,20
84067bca:	8082                	ret
84067bcc:	4725                	li	a4,9
84067bce:	c098                	sw	a4,0(s1)
84067bd0:	4018                	lw	a4,0(s0)
84067bd2:	4789                	li	a5,2
84067bd4:	0706                	sll	a4,a4,0x1
84067bd6:	8305                	srl	a4,a4,0x1
84067bd8:	ccd8                	sw	a4,28(s1)
84067bda:	4058                	lw	a4,4(s0)
84067bdc:	d098                	sw	a4,32(s1)
84067bde:	00f406a3          	sb	a5,13(s0)
84067be2:	bff9                	j	84067bc0 <riscv_key_pop_temperory+0x80>
84067be4:	46a9                	li	a3,10
84067be6:	c094                	sw	a3,0(s1)
84067be8:	4014                	lw	a3,0(s0)
84067bea:	d0d4                	sw	a3,36(s1)
84067bec:	00e406a3          	sb	a4,13(s0)
84067bf0:	bfc1                	j	84067bc0 <riscv_key_pop_temperory+0x80>

84067bf2 <riscv_key_pop_confirm>:
84067bf2:	0a052783          	lw	a5,160(a0)
84067bf6:	09c52703          	lw	a4,156(a0)
84067bfa:	00f70f63          	beq	a4,a5,84067c18 <riscv_key_pop_confirm+0x26>
84067bfe:	08c52703          	lw	a4,140(a0)
84067c02:	0712                	sll	a4,a4,0x4
84067c04:	972a                	add	a4,a4,a0
84067c06:	00d74683          	lbu	a3,13(a4)
84067c0a:	4711                	li	a4,4
84067c0c:	00e69663          	bne	a3,a4,84067c18 <riscv_key_pop_confirm+0x26>
84067c10:	0785                	add	a5,a5,1
84067c12:	8b9d                	and	a5,a5,7
84067c14:	0af52023          	sw	a5,160(a0)
84067c18:	4501                	li	a0,0
84067c1a:	8082                	ret

84067c1c <riscv_hid_express_key_queue_debug_print>:
84067c1c:	0a452703          	lw	a4,164(a0)
84067c20:	0a052783          	lw	a5,160(a0)
84067c24:	06f70563          	beq	a4,a5,84067c8e <riscv_hid_express_key_queue_debug_print+0x72>
84067c28:	1111                	add	sp,sp,-28
84067c2a:	00471793          	sll	a5,a4,0x4
84067c2e:	ca22                	sw	s0,20(sp)
84067c30:	cc06                	sw	ra,24(sp)
84067c32:	97aa                	add	a5,a5,a0
84067c34:	00d7c783          	lbu	a5,13(a5)
84067c38:	842a                	mv	s0,a0
84067c3a:	c781                	beqz	a5,84067c42 <riscv_hid_express_key_queue_debug_print+0x26>
84067c3c:	4695                	li	a3,5
84067c3e:	04d79463          	bne	a5,a3,84067c86 <riscv_hid_express_key_queue_debug_print+0x6a>
84067c42:	00170793          	add	a5,a4,1
84067c46:	8b9d                	and	a5,a5,7
84067c48:	0792                	sll	a5,a5,0x4
84067c4a:	97a2                	add	a5,a5,s0
84067c4c:	4794                	lw	a3,8(a5)
84067c4e:	81f99617          	auipc	a2,0x81f99
84067c52:	e5260613          	add	a2,a2,-430 # 6000aa0 <msg_id_string.0>
84067c56:	4585                	li	a1,1
84067c58:	c636                	sw	a3,12(sp)
84067c5a:	00c7c683          	lbu	a3,12(a5)
84067c5e:	00003517          	auipc	a0,0x3
84067c62:	03a50513          	add	a0,a0,58 # 8406ac98 <log_control_block_rv_exp>
84067c66:	c436                	sw	a3,8(sp)
84067c68:	4394                	lw	a3,0(a5)
84067c6a:	c236                	sw	a3,4(sp)
84067c6c:	43d4                	lw	a3,4(a5)
84067c6e:	c036                	sw	a3,0(sp)
84067c70:	00e7c783          	lbu	a5,14(a5)
84067c74:	46a5                	li	a3,9
84067c76:	180020ef          	jal	84069df6 <print_module_msgid_log>
84067c7a:	0a442783          	lw	a5,164(s0)
84067c7e:	0785                	add	a5,a5,1
84067c80:	8b9d                	and	a5,a5,7
84067c82:	0af42223          	sw	a5,164(s0)
84067c86:	40e2                	lw	ra,24(sp)
84067c88:	4452                	lw	s0,20(sp)
84067c8a:	0171                	add	sp,sp,28
84067c8c:	8082                	ret
84067c8e:	8082                	ret

84067c90 <rv_hid_exp_key_queue_post_process>:
84067c90:	08c52783          	lw	a5,140(a0)
84067c94:	0792                	sll	a5,a5,0x4
84067c96:	953e                	add	a0,a0,a5
84067c98:	00d54703          	lbu	a4,13(a0)
84067c9c:	4791                	li	a5,4
84067c9e:	00f71463          	bne	a4,a5,84067ca6 <rv_hid_exp_key_queue_post_process+0x16>
84067ca2:	000506a3          	sb	zero,13(a0)
84067ca6:	8082                	ret

84067ca8 <rv_hid_exp_key_queue_tx_result_handle>:
84067ca8:	08c52703          	lw	a4,140(a0)
84067cac:	0712                	sll	a4,a4,0x4
84067cae:	00e507b3          	add	a5,a0,a4
84067cb2:	e589                	bnez	a1,84067cbc <rv_hid_exp_key_queue_tx_result_handle+0x14>
84067cb4:	4711                	li	a4,4
84067cb6:	00e786a3          	sb	a4,13(a5)
84067cba:	bf25                	j	84067bf2 <riscv_key_pop_confirm>
84067cbc:	00c7c703          	lbu	a4,12(a5)
84067cc0:	0705                	add	a4,a4,1
84067cc2:	00e78623          	sb	a4,12(a5)
84067cc6:	8082                	ret

84067cc8 <rv_hid_exp_key_queue_pre_process>:
84067cc8:	08c52703          	lw	a4,140(a0)
84067ccc:	0712                	sll	a4,a4,0x4
84067cce:	00e507b3          	add	a5,a0,a4
84067cd2:	00d7c703          	lbu	a4,13(a5)
84067cd6:	4789                	li	a5,2
84067cd8:	00f71363          	bne	a4,a5,84067cde <rv_hid_exp_key_queue_pre_process+0x16>
84067cdc:	b7f1                	j	84067ca8 <rv_hid_exp_key_queue_tx_result_handle>
84067cde:	8082                	ret

84067ce0 <rv_fake_report_config>:
84067ce0:	1131                	add	sp,sp,-20
84067ce2:	872a                	mv	a4,a0
84067ce4:	c622                	sw	s0,12(sp)
84067ce6:	c426                	sw	s1,8(sp)
84067ce8:	c032                	sw	a2,0(sp)
84067cea:	c232                	sw	a2,4(sp)
84067cec:	87ae                	mv	a5,a1
84067cee:	84aa                	mv	s1,a0
84067cf0:	842e                	mv	s0,a1
84067cf2:	468d                	li	a3,3
84067cf4:	81f99617          	auipc	a2,0x81f99
84067cf8:	e1460613          	add	a2,a2,-492 # 6000b08 <msg_id_string.0>
84067cfc:	4585                	li	a1,1
84067cfe:	00003517          	auipc	a0,0x3
84067d02:	f9a50513          	add	a0,a0,-102 # 8406ac98 <log_control_block_rv_exp>
84067d06:	c806                	sw	ra,16(sp)
84067d08:	0ee020ef          	jal	84069df6 <print_module_msgid_log>
84067d0c:	00003717          	auipc	a4,0x3
84067d10:	fe870713          	add	a4,a4,-24 # 8406acf4 <fake_report_rounds>
84067d14:	c4b9                	beqz	s1,84067d62 <rv_fake_report_config+0x82>
84067d16:	00003797          	auipc	a5,0x3
84067d1a:	1287a523          	sw	s0,298(a5) # 8406ae40 <fake_report_pattern>
84067d1e:	4312                	lw	t1,4(sp)
84067d20:	06400793          	li	a5,100
84067d24:	e019                	bnez	s0,84067d2a <rv_fake_report_config+0x4a>
84067d26:	3e800793          	li	a5,1000
84067d2a:	00003697          	auipc	a3,0x3
84067d2e:	10f6a923          	sw	a5,274(a3) # 8406ae3c <fake_report_size>
84067d32:	00672023          	sw	t1,0(a4)
84067d36:	00003797          	auipc	a5,0x3
84067d3a:	1007a923          	sw	zero,274(a5) # 8406ae48 <fake_report_idx>
84067d3e:	00003797          	auipc	a5,0x3
84067d42:	fa07a923          	sw	zero,-78(a5) # 8406acf0 <fake_report_rounds_counter>
84067d46:	00003797          	auipc	a5,0x3
84067d4a:	0e07af23          	sw	zero,254(a5) # 8406ae44 <fake_report_offset_cnt>
84067d4e:	40c2                	lw	ra,16(sp)
84067d50:	4432                	lw	s0,12(sp)
84067d52:	00003797          	auipc	a5,0x3
84067d56:	0e079123          	sh	zero,226(a5) # 8406ae34 <curr_data>
84067d5a:	44a2                	lw	s1,8(sp)
84067d5c:	4501                	li	a0,0
84067d5e:	0151                	add	sp,sp,20
84067d60:	8082                	ret
84067d62:	57fd                	li	a5,-1
84067d64:	c31c                	sw	a5,0(a4)
84067d66:	00003717          	auipc	a4,0x3
84067d6a:	f8f72523          	sw	a5,-118(a4) # 8406acf0 <fake_report_rounds_counter>
84067d6e:	b7c5                	j	84067d4e <rv_fake_report_config+0x6e>

84067d70 <rv_fake_report_fake_report>:
84067d70:	00003697          	auipc	a3,0x3
84067d74:	f8068693          	add	a3,a3,-128 # 8406acf0 <fake_report_rounds_counter>
84067d78:	429c                	lw	a5,0(a3)
84067d7a:	00003717          	auipc	a4,0x3
84067d7e:	f7a72703          	lw	a4,-134(a4) # 8406acf4 <fake_report_rounds>
84067d82:	00e7e363          	bltu	a5,a4,84067d88 <rv_fake_report_fake_report+0x18>
84067d86:	ef15                	bnez	a4,84067dc2 <rv_fake_report_fake_report+0x52>
84067d88:	00003717          	auipc	a4,0x3
84067d8c:	0ac70713          	add	a4,a4,172 # 8406ae34 <curr_data>
84067d90:	00070603          	lb	a2,0(a4)
84067d94:	00170703          	lb	a4,1(a4)
84067d98:	c510                	sw	a2,8(a0)
84067d9a:	00003617          	auipc	a2,0x3
84067d9e:	0ae60613          	add	a2,a2,174 # 8406ae48 <fake_report_idx>
84067da2:	c558                	sw	a4,12(a0)
84067da4:	4218                	lw	a4,0(a2)
84067da6:	0705                	add	a4,a4,1
84067da8:	c218                	sw	a4,0(a2)
84067daa:	00003617          	auipc	a2,0x3
84067dae:	09262603          	lw	a2,146(a2) # 8406ae3c <fake_report_size>
84067db2:	00c76863          	bltu	a4,a2,84067dc2 <rv_fake_report_fake_report+0x52>
84067db6:	0785                	add	a5,a5,1
84067db8:	00003717          	auipc	a4,0x3
84067dbc:	08072823          	sw	zero,144(a4) # 8406ae48 <fake_report_idx>
84067dc0:	c29c                	sw	a5,0(a3)
84067dc2:	8082                	ret

84067dc4 <rv_fake_report_post_process>:
84067dc4:	00003797          	auipc	a5,0x3
84067dc8:	f307a783          	lw	a5,-208(a5) # 8406acf4 <fake_report_rounds>
84067dcc:	00003717          	auipc	a4,0x3
84067dd0:	f2472703          	lw	a4,-220(a4) # 8406acf0 <fake_report_rounds_counter>
84067dd4:	00f76363          	bltu	a4,a5,84067dda <rv_fake_report_post_process+0x16>
84067dd8:	e79d                	bnez	a5,84067e06 <rv_fake_report_post_process+0x42>
84067dda:	00003717          	auipc	a4,0x3
84067dde:	06e72703          	lw	a4,110(a4) # 8406ae48 <fake_report_idx>
84067de2:	0706                	sll	a4,a4,0x1
84067de4:	00003797          	auipc	a5,0x3
84067de8:	0547a783          	lw	a5,84(a5) # 8406ae38 <fake_report_data>
84067dec:	97ba                	add	a5,a5,a4
84067dee:	00078683          	lb	a3,0(a5)
84067df2:	00178783          	lb	a5,1(a5)
84067df6:	00003717          	auipc	a4,0x3
84067dfa:	03e70713          	add	a4,a4,62 # 8406ae34 <curr_data>
84067dfe:	00d70023          	sb	a3,0(a4)
84067e02:	00f700a3          	sb	a5,1(a4)
84067e06:	8082                	ret

84067e08 <rv_fake_report_set>:
84067e08:	00003797          	auipc	a5,0x3
84067e0c:	02a7a823          	sw	a0,48(a5) # 8406ae38 <fake_report_data>
84067e10:	8082                	ret

84067e12 <rv_fake_report__get_state>:
84067e12:	00003797          	auipc	a5,0x3
84067e16:	ee27a783          	lw	a5,-286(a5) # 8406acf4 <fake_report_rounds>
84067e1a:	577d                	li	a4,-1
84067e1c:	4501                	li	a0,0
84067e1e:	00e78c63          	beq	a5,a4,84067e36 <rv_fake_report__get_state+0x24>
84067e22:	00003717          	auipc	a4,0x3
84067e26:	ece72703          	lw	a4,-306(a4) # 8406acf0 <fake_report_rounds_counter>
84067e2a:	4505                	li	a0,1
84067e2c:	00f76563          	bltu	a4,a5,84067e36 <rv_fake_report__get_state+0x24>
84067e30:	00f03533          	snez	a0,a5
84067e34:	0505                	add	a0,a0,1
84067e36:	8082                	ret

84067e38 <hid_express_dbg_inc_pka_hid_cnt>:
84067e38:	00003717          	auipc	a4,0x3
84067e3c:	2e870713          	add	a4,a4,744 # 8406b120 <dbg>
84067e40:	535c                	lw	a5,36(a4)
84067e42:	0785                	add	a5,a5,1
84067e44:	d35c                	sw	a5,36(a4)
84067e46:	8082                	ret

84067e48 <hid_express_dbg_inc_pka_acl_cnt>:
84067e48:	00003717          	auipc	a4,0x3
84067e4c:	2d870713          	add	a4,a4,728 # 8406b120 <dbg>
84067e50:	571c                	lw	a5,40(a4)
84067e52:	0785                	add	a5,a5,1
84067e54:	d71c                	sw	a5,40(a4)
84067e56:	8082                	ret

84067e58 <hid_express_dbg_inc_pka_hid_drop_cnt>:
84067e58:	00003717          	auipc	a4,0x3
84067e5c:	2c870713          	add	a4,a4,712 # 8406b120 <dbg>
84067e60:	531c                	lw	a5,32(a4)
84067e62:	0785                	add	a5,a5,1
84067e64:	d31c                	sw	a5,32(a4)
84067e66:	8082                	ret

84067e68 <hid_express_dbg_check>:
84067e68:	1141                	add	sp,sp,-16
84067e6a:	c422                	sw	s0,8(sp)
84067e6c:	00003417          	auipc	s0,0x3
84067e70:	2b440413          	add	s0,s0,692 # 8406b120 <dbg>
84067e74:	441c                	lw	a5,8(s0)
84067e76:	c226                	sw	s1,4(sp)
84067e78:	c606                	sw	ra,12(sp)
84067e7a:	0785                	add	a5,a5,1
84067e7c:	c41c                	sw	a5,8(s0)
84067e7e:	421507b7          	lui	a5,0x42150
84067e82:	20078793          	add	a5,a5,512 # 42150200 <__log_strings_end+0x3c14f12e>
84067e86:	4f84                	lw	s1,24(a5)
84067e88:	4808                	lw	a0,16(s0)
84067e8a:	860a                	mv	a2,sp
84067e8c:	85a6                	mv	a1,s1
84067e8e:	034010ef          	jal	84068ec2 <hal_gpt_get_duration_count>
84067e92:	4702                	lw	a4,0(sp)
84067e94:	000f47b7          	lui	a5,0xf4
84067e98:	20278793          	add	a5,a5,514 # f4202 <__fp_pattern_ram_total+0xec802>
84067e9c:	0ae7f863          	bgeu	a5,a4,84067f4c <hid_express_dbg_check+0xe4>
84067ea0:	4785                	li	a5,1
84067ea2:	02f41923          	sh	a5,50(s0)
84067ea6:	401c                	lw	a5,0(s0)
84067ea8:	c804                	sw	s1,16(s0)
84067eaa:	05c00713          	li	a4,92
84067eae:	02f41823          	sh	a5,48(s0)
84067eb2:	441c                	lw	a5,8(s0)
84067eb4:	02f41f23          	sh	a5,62(s0)
84067eb8:	405c                	lw	a5,4(s0)
84067eba:	02f41a23          	sh	a5,52(s0)
84067ebe:	445c                	lw	a5,12(s0)
84067ec0:	02f41b23          	sh	a5,54(s0)
84067ec4:	485c                	lw	a5,20(s0)
84067ec6:	04f41023          	sh	a5,64(s0)
84067eca:	4c1c                	lw	a5,24(s0)
84067ecc:	04f41123          	sh	a5,66(s0)
84067ed0:	4c5c                	lw	a5,28(s0)
84067ed2:	04f41223          	sh	a5,68(s0)
84067ed6:	501c                	lw	a5,32(s0)
84067ed8:	02f41c23          	sh	a5,56(s0)
84067edc:	505c                	lw	a5,36(s0)
84067ede:	02f41d23          	sh	a5,58(s0)
84067ee2:	541c                	lw	a5,40(s0)
84067ee4:	02f41e23          	sh	a5,60(s0)
84067ee8:	00003797          	auipc	a5,0x3
84067eec:	2207ac23          	sw	zero,568(a5) # 8406b120 <dbg>
84067ef0:	00003797          	auipc	a5,0x3
84067ef4:	2207ac23          	sw	zero,568(a5) # 8406b128 <dbg+0x8>
84067ef8:	00003797          	auipc	a5,0x3
84067efc:	2207a623          	sw	zero,556(a5) # 8406b124 <dbg+0x4>
84067f00:	00003797          	auipc	a5,0x3
84067f04:	2207a623          	sw	zero,556(a5) # 8406b12c <dbg+0xc>
84067f08:	00003797          	auipc	a5,0x3
84067f0c:	2207a623          	sw	zero,556(a5) # 8406b134 <dbg+0x14>
84067f10:	00003797          	auipc	a5,0x3
84067f14:	2207a423          	sw	zero,552(a5) # 8406b138 <dbg+0x18>
84067f18:	00003797          	auipc	a5,0x3
84067f1c:	2207a223          	sw	zero,548(a5) # 8406b13c <dbg+0x1c>
84067f20:	00003797          	auipc	a5,0x3
84067f24:	2207a023          	sw	zero,544(a5) # 8406b140 <dbg+0x20>
84067f28:	00003797          	auipc	a5,0x3
84067f2c:	2007ae23          	sw	zero,540(a5) # 8406b144 <dbg+0x24>
84067f30:	00003797          	auipc	a5,0x3
84067f34:	2007ac23          	sw	zero,536(a5) # 8406b148 <dbg+0x28>
84067f38:	00003797          	auipc	a5,0x3
84067f3c:	ec07a783          	lw	a5,-320(a5) # 8406adf8 <hid_flags>
84067f40:	05c7f793          	and	a5,a5,92
84067f44:	00e79463          	bne	a5,a4,84067f4c <hid_express_dbg_check+0xe4>
84067f48:	fd9fe0ef          	jal	84066f20 <hid_express_bt_debug_check>
84067f4c:	40b2                	lw	ra,12(sp)
84067f4e:	4422                	lw	s0,8(sp)
84067f50:	4492                	lw	s1,4(sp)
84067f52:	0141                	add	sp,sp,16
84067f54:	8082                	ret

84067f56 <rv_hid_exp_delay_printf>:
84067f56:	fdc10113          	add	sp,sp,-36
84067f5a:	ce22                	sw	s0,28(sp)
84067f5c:	00003417          	auipc	s0,0x3
84067f60:	1c440413          	add	s0,s0,452 # 8406b120 <dbg>
84067f64:	03245783          	lhu	a5,50(s0)
84067f68:	d006                	sw	ra,32(sp)
84067f6a:	cc26                	sw	s1,24(sp)
84067f6c:	cbe1                	beqz	a5,8406803c <rv_hid_exp_delay_printf+0xe6>
84067f6e:	00003797          	auipc	a5,0x3
84067f72:	e527c783          	lbu	a5,-430(a5) # 8406adc0 <hid_ctrl>
84067f76:	ca3e                	sw	a5,20(sp)
84067f78:	03e45783          	lhu	a5,62(s0)
84067f7c:	46a1                	li	a3,8
84067f7e:	81f99617          	auipc	a2,0x81f99
84067f82:	cca60613          	add	a2,a2,-822 # 6000c48 <msg_id_string.3>
84067f86:	c83e                	sw	a5,16(sp)
84067f88:	03645783          	lhu	a5,54(s0)
84067f8c:	4585                	li	a1,1
84067f8e:	00003517          	auipc	a0,0x3
84067f92:	d0a50513          	add	a0,a0,-758 # 8406ac98 <log_control_block_rv_exp>
84067f96:	c63e                	sw	a5,12(sp)
84067f98:	04245783          	lhu	a5,66(s0)
84067f9c:	00003497          	auipc	s1,0x3
84067fa0:	e5c48493          	add	s1,s1,-420 # 8406adf8 <hid_flags>
84067fa4:	c43e                	sw	a5,8(sp)
84067fa6:	03445783          	lhu	a5,52(s0)
84067faa:	c23e                	sw	a5,4(sp)
84067fac:	04045783          	lhu	a5,64(s0)
84067fb0:	c03e                	sw	a5,0(sp)
84067fb2:	03045783          	lhu	a5,48(s0)
84067fb6:	04445703          	lhu	a4,68(s0)
84067fba:	63d010ef          	jal	84069df6 <print_module_msgid_log>
84067fbe:	03c45783          	lhu	a5,60(s0)
84067fc2:	468d                	li	a3,3
84067fc4:	81f99617          	auipc	a2,0x81f99
84067fc8:	c2060613          	add	a2,a2,-992 # 6000be4 <msg_id_string.2>
84067fcc:	c03e                	sw	a5,0(sp)
84067fce:	03a45783          	lhu	a5,58(s0)
84067fd2:	03845703          	lhu	a4,56(s0)
84067fd6:	4585                	li	a1,1
84067fd8:	00003517          	auipc	a0,0x3
84067fdc:	cc050513          	add	a0,a0,-832 # 8406ac98 <log_control_block_rv_exp>
84067fe0:	617010ef          	jal	84069df6 <print_module_msgid_log>
84067fe4:	409c                	lw	a5,0(s1)
84067fe6:	09000713          	li	a4,144
84067fea:	0907f793          	and	a5,a5,144
84067fee:	02e79a63          	bne	a5,a4,84068022 <rv_hid_exp_delay_printf+0xcc>
84067ff2:	04045703          	lhu	a4,64(s0)
84067ff6:	03e45783          	lhu	a5,62(s0)
84067ffa:	04f71763          	bne	a4,a5,84068048 <rv_hid_exp_delay_printf+0xf2>
84067ffe:	545c                	lw	a5,44(s0)
84068000:	4709                	li	a4,2
84068002:	0785                	add	a5,a5,1
84068004:	d45c                	sw	a5,44(s0)
84068006:	00e79e63          	bne	a5,a4,84068022 <rv_hid_exp_delay_printf+0xcc>
8406800a:	08d00613          	li	a2,141
8406800e:	81f99597          	auipc	a1,0x81f99
84068012:	b5658593          	add	a1,a1,-1194 # 6000b64 <file.0>
84068016:	81f99517          	auipc	a0,0x81f99
8406801a:	ba250513          	add	a0,a0,-1118 # 6000bb8 <exp.1>
8406801e:	39f010ef          	jal	84069bbc <light_assert>
84068022:	409c                	lw	a5,0(s1)
84068024:	05c00713          	li	a4,92
84068028:	05c7f793          	and	a5,a5,92
8406802c:	00e79463          	bne	a5,a4,84068034 <rv_hid_exp_delay_printf+0xde>
84068030:	f03fe0ef          	jal	84066f32 <hid_express_bt_debug_print>
84068034:	00003797          	auipc	a5,0x3
84068038:	10079f23          	sh	zero,286(a5) # 8406b152 <dbg+0x32>
8406803c:	5082                	lw	ra,32(sp)
8406803e:	4472                	lw	s0,28(sp)
84068040:	44e2                	lw	s1,24(sp)
84068042:	02410113          	add	sp,sp,36
84068046:	8082                	ret
84068048:	00003797          	auipc	a5,0x3
8406804c:	1007a223          	sw	zero,260(a5) # 8406b14c <dbg+0x2c>
84068050:	bfc9                	j	84068022 <rv_hid_exp_delay_printf+0xcc>

84068052 <riscv_hid_report_id_select>:
84068052:	87aa                	mv	a5,a0
84068054:	4108                	lw	a0,0(a0)
84068056:	4725                	li	a4,9
84068058:	00e51663          	bne	a0,a4,84068064 <riscv_hid_report_id_select+0x12>
8406805c:	01f7c783          	lbu	a5,31(a5)
84068060:	cb89                	beqz	a5,84068072 <riscv_hid_report_id_select+0x20>
84068062:	8082                	ret
84068064:	4729                	li	a4,10
84068066:	00e51963          	bne	a0,a4,84068078 <riscv_hid_report_id_select+0x26>
8406806a:	0267d783          	lhu	a5,38(a5)
8406806e:	c781                	beqz	a5,84068076 <riscv_hid_report_id_select+0x24>
84068070:	8082                	ret
84068072:	4505                	li	a0,1
84068074:	8082                	ret
84068076:	4515                	li	a0,5
84068078:	8082                	ret

8406807a <rv_bt_burst_tx_num_ctrl>:
8406807a:	00003317          	auipc	t1,0x3
8406807e:	c8230313          	add	t1,t1,-894 # 8406acfc <LC_burst_tx_number>
84068082:	00032283          	lw	t0,0(t1)
84068086:	00003617          	auipc	a2,0x3
8406808a:	c7260613          	add	a2,a2,-910 # 8406acf8 <outgoing_buffer_avail>
8406808e:	46a9                	li	a3,10
84068090:	00562023          	sw	t0,0(a2)
84068094:	872a                	mv	a4,a0
84068096:	40b687b3          	sub	a5,a3,a1
8406809a:	02b68163          	beq	a3,a1,840680bc <rv_bt_burst_tx_num_ctrl+0x42>
8406809e:	4501                	li	a0,0
840680a0:	0cd78b63          	beq	a5,a3,84068176 <rv_bt_burst_tx_num_ctrl+0xfc>
840680a4:	47a5                	li	a5,9
840680a6:	8f8d                	sub	a5,a5,a1
840680a8:	4685                	li	a3,1
840680aa:	00f6f963          	bgeu	a3,a5,840680bc <rv_bt_burst_tx_num_ctrl+0x42>
840680ae:	00003517          	auipc	a0,0x3
840680b2:	da650513          	add	a0,a0,-602 # 8406ae54 <LC_ReTx_times>
840680b6:	4114                	lw	a3,0(a0)
840680b8:	0685                	add	a3,a3,1
840680ba:	c114                	sw	a3,0(a0)
840680bc:	00874683          	lbu	a3,8(a4)
840680c0:	00774503          	lbu	a0,7(a4)
840680c4:	06a2                	sll	a3,a3,0x8
840680c6:	8ec9                	or	a3,a3,a0
840680c8:	00003517          	auipc	a0,0x3
840680cc:	d8450513          	add	a0,a0,-636 # 8406ae4c <last_ms_key>
840680d0:	0257eb63          	bltu	a5,t0,84068106 <rv_bt_burst_tx_num_ctrl+0x8c>
840680d4:	00054283          	lbu	t0,0(a0)
840680d8:	0ad29063          	bne	t0,a3,84068178 <rv_bt_burst_tx_num_ctrl+0xfe>
840680dc:	00d70283          	lb	t0,13(a4)
840680e0:	08029c63          	bnez	t0,84068178 <rv_bt_burst_tx_num_ctrl+0xfe>
840680e4:	00574283          	lbu	t0,5(a4)
840680e8:	00674703          	lbu	a4,6(a4)
840680ec:	0722                	sll	a4,a4,0x8
840680ee:	00576733          	or	a4,a4,t0
840680f2:	00003297          	auipc	t0,0x3
840680f6:	fbe2a283          	lw	t0,-66(t0) # 8406b0b0 <attr_handle>
840680fa:	06571f63          	bne	a4,t0,84068178 <rv_bt_burst_tx_num_ctrl+0xfe>
840680fe:	00003717          	auipc	a4,0x3
84068102:	be072d23          	sw	zero,-1030(a4) # 8406acf8 <outgoing_buffer_avail>
84068106:	00003597          	auipc	a1,0x3
8406810a:	d4a58593          	add	a1,a1,-694 # 8406ae50 <LC_traffic_statistic_counter>
8406810e:	4198                	lw	a4,0(a1)
84068110:	0705                	add	a4,a4,1
84068112:	c198                	sw	a4,0(a1)
84068114:	08400593          	li	a1,132
84068118:	02e5fd63          	bgeu	a1,a4,84068152 <rv_bt_burst_tx_num_ctrl+0xd8>
8406811c:	00003597          	auipc	a1,0x3
84068120:	d385a583          	lw	a1,-712(a1) # 8406ae54 <LC_ReTx_times>
84068124:	4725                	li	a4,9
84068126:	04b77b63          	bgeu	a4,a1,8406817c <rv_bt_burst_tx_num_ctrl+0x102>
8406812a:	4729                	li	a4,10
8406812c:	00003597          	auipc	a1,0x3
84068130:	ce058593          	add	a1,a1,-800 # 8406ae0c <bt_debug>
84068134:	00e32023          	sw	a4,0(t1)
84068138:	0035c703          	lbu	a4,3(a1)
8406813c:	0705                	add	a4,a4,1
8406813e:	00e581a3          	sb	a4,3(a1)
84068142:	00003717          	auipc	a4,0x3
84068146:	d0072723          	sw	zero,-754(a4) # 8406ae50 <LC_traffic_statistic_counter>
8406814a:	00003717          	auipc	a4,0x3
8406814e:	d0072523          	sw	zero,-758(a4) # 8406ae54 <LC_ReTx_times>
84068152:	00032703          	lw	a4,0(t1)
84068156:	00e7fd63          	bgeu	a5,a4,84068170 <rv_bt_burst_tx_num_ctrl+0xf6>
8406815a:	420c                	lw	a1,0(a2)
8406815c:	c991                	beqz	a1,84068170 <rv_bt_burst_tx_num_ctrl+0xf6>
8406815e:	45a9                	li	a1,10
84068160:	00b71663          	bne	a4,a1,8406816c <rv_bt_burst_tx_num_ctrl+0xf2>
84068164:	45a1                	li	a1,8
84068166:	00b79363          	bne	a5,a1,8406816c <rv_bt_burst_tx_num_ctrl+0xf2>
8406816a:	47a5                	li	a5,9
8406816c:	8f1d                	sub	a4,a4,a5
8406816e:	c218                	sw	a4,0(a2)
84068170:	00d50023          	sb	a3,0(a0)
84068174:	4208                	lw	a0,0(a2)
84068176:	8082                	ret
84068178:	c20c                	sw	a1,0(a2)
8406817a:	b771                	j	84068106 <rv_bt_burst_tx_num_ctrl+0x8c>
8406817c:	4709                	li	a4,2
8406817e:	00e32023          	sw	a4,0(t1)
84068182:	b7c1                	j	84068142 <rv_bt_burst_tx_num_ctrl+0xc8>

84068184 <key_remap_frontend_process_xy>:
84068184:	3550006f          	j	84068cd8 <key_remap_xy_pop>

84068188 <key_remap_frontend_process>:
84068188:	4150                	lw	a2,4(a0)
8406818a:	00003717          	auipc	a4,0x3
8406818e:	cce72703          	lw	a4,-818(a4) # 8406ae58 <kr_ctrl>
84068192:	0e076793          	or	a5,a4,224
84068196:	8ff1                	and	a5,a5,a2
84068198:	4914                	lw	a3,16(a0)
8406819a:	85aa                	mv	a1,a0
8406819c:	c789                	beqz	a5,840681a6 <key_remap_frontend_process+0x1e>
8406819e:	fff7c793          	not	a5,a5
840681a2:	8ff1                	and	a5,a5,a2
840681a4:	c15c                	sw	a5,4(a0)
840681a6:	00171793          	sll	a5,a4,0x1
840681aa:	0007d463          	bgez	a5,840681b2 <key_remap_frontend_process+0x2a>
840681ae:	00d04663          	bgtz	a3,840681ba <key_remap_frontend_process+0x32>
840681b2:	00075663          	bgez	a4,840681be <key_remap_frontend_process+0x36>
840681b6:	0006d463          	bgez	a3,840681be <key_remap_frontend_process+0x36>
840681ba:	0005a823          	sw	zero,16(a1)
840681be:	00003517          	auipc	a0,0x3
840681c2:	ffa50513          	add	a0,a0,-6 # 8406b1b8 <Kr_q_Ctrl>
840681c6:	34b0006f          	j	84068d10 <key_remap_queue_pop>

840681ca <key_remap_frontend_setting_update>:
840681ca:	00003797          	auipc	a5,0x3
840681ce:	b127a783          	lw	a5,-1262(a5) # 8406acdc <hid_common>
840681d2:	4f9c                	lw	a5,24(a5)
840681d4:	1151                	add	sp,sp,-12
840681d6:	c222                	sw	s0,4(sp)
840681d8:	c026                	sw	s1,0(sp)
840681da:	c406                	sw	ra,8(sp)
840681dc:	00003717          	auipc	a4,0x3
840681e0:	c6f72e23          	sw	a5,-900(a4) # 8406ae58 <kr_ctrl>
840681e4:	4401                	li	s0,0
840681e6:	00003497          	auipc	s1,0x3
840681ea:	f8248493          	add	s1,s1,-126 # 8406b168 <key_setting>
840681ee:	00341513          	sll	a0,s0,0x3
840681f2:	0ff47593          	zext.b	a1,s0
840681f6:	9526                	add	a0,a0,s1
840681f8:	8bcfe0ef          	jal	840662b4 <hid_common_get_frontend_key_remap_data>
840681fc:	0405                	add	s0,s0,1
840681fe:	47a9                	li	a5,10
84068200:	fef417e3          	bne	s0,a5,840681ee <key_remap_frontend_setting_update+0x24>
84068204:	40a2                	lw	ra,8(sp)
84068206:	4412                	lw	s0,4(sp)
84068208:	4482                	lw	s1,0(sp)
8406820a:	0131                	add	sp,sp,12
8406820c:	8082                	ret

8406820e <key_remap_frontend_init>:
8406820e:	1151                	add	sp,sp,-12
84068210:	4611                	li	a2,4
84068212:	4581                	li	a1,0
84068214:	00003517          	auipc	a0,0x3
84068218:	c4450513          	add	a0,a0,-956 # 8406ae58 <kr_ctrl>
8406821c:	c406                	sw	ra,8(sp)
8406821e:	948fc0ef          	jal	84064366 <memset>
84068222:	00003517          	auipc	a0,0x3
84068226:	f9650513          	add	a0,a0,-106 # 8406b1b8 <Kr_q_Ctrl>
8406822a:	271000ef          	jal	84068c9a <key_remap_queue_init>
8406822e:	00003517          	auipc	a0,0x3
84068232:	f8a50513          	add	a0,a0,-118 # 8406b1b8 <Kr_q_Ctrl>
84068236:	1a3000ef          	jal	84068bd8 <key_remap_set_queue>
8406823a:	40a2                	lw	ra,8(sp)
8406823c:	0131                	add	sp,sp,12
8406823e:	b771                	j	840681ca <key_remap_frontend_setting_update>

84068240 <key_remap_update_record>:
84068240:	00003697          	auipc	a3,0x3
84068244:	0986a683          	lw	a3,152(a3) # 8406b2d8 <kr_ctrl+0x4>
84068248:	00369793          	sll	a5,a3,0x3
8406824c:	97b6                	add	a5,a5,a3
8406824e:	0792                	sll	a5,a5,0x4
84068250:	97aa                	add	a5,a5,a0
84068252:	078a                	sll	a5,a5,0x2
84068254:	00003717          	auipc	a4,0x3
84068258:	a8872703          	lw	a4,-1400(a4) # 8406acdc <hid_common>
8406825c:	973e                	add	a4,a4,a5
8406825e:	06c75783          	lhu	a5,108(a4)
84068262:	06a75603          	lhu	a2,106(a4)
84068266:	07c2                	sll	a5,a5,0x10
84068268:	8fd1                	or	a5,a5,a2
8406826a:	00469613          	sll	a2,a3,0x4
8406826e:	00003697          	auipc	a3,0x3
84068272:	fc668693          	add	a3,a3,-58 # 8406b234 <macro_setting>
84068276:	96b2                	add	a3,a3,a2
84068278:	18675603          	lhu	a2,390(a4)
8406827c:	18875703          	lhu	a4,392(a4)
84068280:	c69c                	sw	a5,8(a3)
84068282:	83e1                	srl	a5,a5,0x18
84068284:	0742                	sll	a4,a4,0x10
84068286:	8f51                	or	a4,a4,a2
84068288:	c6d8                	sw	a4,12(a3)
8406828a:	461d                	li	a2,7
8406828c:	00c79363          	bne	a5,a2,84068292 <key_remap_update_record+0x52>
84068290:	8082                	ret
84068292:	8082                	ret

84068294 <key_remap_macro_stop>:
84068294:	1151                	add	sp,sp,-12
84068296:	c026                	sw	s1,0(sp)
84068298:	00003517          	auipc	a0,0x3
8406829c:	bc852503          	lw	a0,-1080(a0) # 8406ae60 <macro_gpt_hdl>
840682a0:	00003497          	auipc	s1,0x3
840682a4:	03448493          	add	s1,s1,52 # 8406b2d4 <kr_ctrl>
840682a8:	c222                	sw	s0,4(sp)
840682aa:	c406                	sw	ra,8(sp)
840682ac:	5ef000ef          	jal	8406909a <hal_gpt_sw_stop_timer_ms>
840682b0:	40c0                	lw	s0,4(s1)
840682b2:	00003797          	auipc	a5,0x3
840682b6:	0207a523          	sw	zero,42(a5) # 8406b2dc <kr_ctrl+0x8>
840682ba:	00003797          	auipc	a5,0x3
840682be:	0007ad23          	sw	zero,26(a5) # 8406b2d4 <kr_ctrl>
840682c2:	4729                	li	a4,10
840682c4:	00e40e63          	beq	s0,a4,840682e0 <key_remap_macro_stop+0x4c>
840682c8:	4501                	li	a0,0
840682ca:	3f9d                	jal	84068240 <key_remap_update_record>
840682cc:	0412                	sll	s0,s0,0x4
840682ce:	00003797          	auipc	a5,0x3
840682d2:	f6678793          	add	a5,a5,-154 # 8406b234 <macro_setting>
840682d6:	97a2                	add	a5,a5,s0
840682d8:	4691                	li	a3,4
840682da:	4729                	li	a4,10
840682dc:	c394                	sw	a3,0(a5)
840682de:	c0d8                	sw	a4,4(s1)
840682e0:	4412                	lw	s0,4(sp)
840682e2:	40a2                	lw	ra,8(sp)
840682e4:	4482                	lw	s1,0(sp)
840682e6:	4651                	li	a2,20
840682e8:	4581                	li	a1,0
840682ea:	00003517          	auipc	a0,0x3
840682ee:	f3650513          	add	a0,a0,-202 # 8406b220 <macro_data>
840682f2:	0131                	add	sp,sp,12
840682f4:	872fc06f          	j	84064366 <memset>

840682f8 <key_remap_macro_key_press>:
840682f8:	0e05f713          	and	a4,a1,224
840682fc:	0e000793          	li	a5,224
84068300:	4110                	lw	a2,0(a0)
84068302:	02f70c63          	beq	a4,a5,8406833a <key_remap_macro_key_press+0x42>
84068306:	00865793          	srl	a5,a2,0x8
8406830a:	0ff7f793          	zext.b	a5,a5
8406830e:	cba1                	beqz	a5,8406835e <key_remap_macro_key_press+0x66>
84068310:	4709                	li	a4,2
84068312:	4299                	li	t0,6
84068314:	ffc77693          	and	a3,a4,-4
84068318:	96aa                	add	a3,a3,a0
8406831a:	4290                	lw	a2,0(a3)
8406831c:	00371793          	sll	a5,a4,0x3
84068320:	8be1                	and	a5,a5,24
84068322:	00f65333          	srl	t1,a2,a5
84068326:	0ff37313          	zext.b	t1,t1
8406832a:	0705                	add	a4,a4,1
8406832c:	02031c63          	bnez	t1,84068364 <key_remap_macro_key_press+0x6c>
84068330:	00f597b3          	sll	a5,a1,a5
84068334:	8fd1                	or	a5,a5,a2
84068336:	c29c                	sw	a5,0(a3)
84068338:	8082                	ret
8406833a:	02058593          	add	a1,a1,32
8406833e:	0ff5f593          	zext.b	a1,a1
84068342:	471d                	li	a4,7
84068344:	4781                	li	a5,0
84068346:	00b76963          	bltu	a4,a1,84068358 <key_remap_macro_key_press+0x60>
8406834a:	00002797          	auipc	a5,0x2
8406834e:	59a78793          	add	a5,a5,1434 # 8406a8e4 <_text_end>
84068352:	97ae                	add	a5,a5,a1
84068354:	0007c783          	lbu	a5,0(a5)
84068358:	8fd1                	or	a5,a5,a2
8406835a:	c11c                	sw	a5,0(a0)
8406835c:	8082                	ret
8406835e:	86aa                	mv	a3,a0
84068360:	47a1                	li	a5,8
84068362:	b7f9                	j	84068330 <key_remap_macro_key_press+0x38>
84068364:	fa5718e3          	bne	a4,t0,84068314 <key_remap_macro_key_press+0x1c>
84068368:	8082                	ret

8406836a <key_remap_get_ms_x_y>:
8406836a:	47a5                	li	a5,9
8406836c:	02a7e063          	bltu	a5,a0,8406838c <key_remap_get_ms_x_y+0x22>
84068370:	0512                	sll	a0,a0,0x4
84068372:	00003797          	auipc	a5,0x3
84068376:	ec278793          	add	a5,a5,-318 # 8406b234 <macro_setting>
8406837a:	97aa                	add	a5,a5,a0
8406837c:	47c8                	lw	a0,12(a5)
8406837e:	00851593          	sll	a1,a0,0x8
84068382:	0552                	sll	a0,a0,0x14
84068384:	85d1                	sra	a1,a1,0x14
84068386:	8551                	sra	a0,a0,0x14
84068388:	1350006f          	j	84068cbc <key_remap_xy_push>
8406838c:	8082                	ret

8406838e <key_remap_csm_key_press>:
8406838e:	411c                	lw	a5,0(a0)
84068390:	01079713          	sll	a4,a5,0x10
84068394:	8341                	srl	a4,a4,0x10
84068396:	cb11                	beqz	a4,840683aa <key_remap_csm_key_press+0x1c>
84068398:	0107d713          	srl	a4,a5,0x10
8406839c:	e711                	bnez	a4,840683a8 <key_remap_csm_key_press+0x1a>
8406839e:	4741                	li	a4,16
840683a0:	00e595b3          	sll	a1,a1,a4
840683a4:	8ddd                	or	a1,a1,a5
840683a6:	c10c                	sw	a1,0(a0)
840683a8:	8082                	ret
840683aa:	4701                	li	a4,0
840683ac:	bfd5                	j	840683a0 <key_remap_csm_key_press+0x12>

840683ae <key_remap_csm_key_release>:
840683ae:	c19d                	beqz	a1,840683d4 <key_remap_csm_key_release+0x26>
840683b0:	4118                	lw	a4,0(a0)
840683b2:	01071793          	sll	a5,a4,0x10
840683b6:	83c1                	srl	a5,a5,0x10
840683b8:	00f58f63          	beq	a1,a5,840683d6 <key_remap_csm_key_release+0x28>
840683bc:	01075793          	srl	a5,a4,0x10
840683c0:	46c1                	li	a3,16
840683c2:	00f58b63          	beq	a1,a5,840683d8 <key_remap_csm_key_release+0x2a>
840683c6:	411c                	lw	a5,0(a0)
840683c8:	01079713          	sll	a4,a5,0x10
840683cc:	8341                	srl	a4,a4,0x10
840683ce:	e319                	bnez	a4,840683d4 <key_remap_csm_key_release+0x26>
840683d0:	83c1                	srl	a5,a5,0x10
840683d2:	c11c                	sw	a5,0(a0)
840683d4:	8082                	ret
840683d6:	4681                	li	a3,0
840683d8:	67c1                	lui	a5,0x10
840683da:	17fd                	add	a5,a5,-1 # ffff <__fp_pattern_ram_total+0x85ff>
840683dc:	00d797b3          	sll	a5,a5,a3
840683e0:	fff7c793          	not	a5,a5
840683e4:	8ff9                	and	a5,a5,a4
840683e6:	c11c                	sw	a5,0(a0)
840683e8:	bff9                	j	840683c6 <key_remap_csm_key_release+0x18>

840683ea <key_remap_macro_timeout>:
840683ea:	00003797          	auipc	a5,0x3
840683ee:	eea78793          	add	a5,a5,-278 # 8406b2d4 <kr_ctrl>
840683f2:	43dc                	lw	a5,4(a5)
840683f4:	1131                	add	sp,sp,-20
840683f6:	c806                	sw	ra,16(sp)
840683f8:	c23e                	sw	a5,4(sp)
840683fa:	4712                	lw	a4,4(sp)
840683fc:	c622                	sw	s0,12(sp)
840683fe:	c426                	sw	s1,8(sp)
84068400:	47a5                	li	a5,9
84068402:	26e7ec63          	bltu	a5,a4,8406867a <key_remap_macro_timeout+0x290>
84068406:	c002                	sw	zero,0(sp)
84068408:	00003417          	auipc	s0,0x3
8406840c:	e2c40413          	add	s0,s0,-468 # 8406b234 <macro_setting>
84068410:	4792                	lw	a5,4(sp)
84068412:	00479493          	sll	s1,a5,0x4
84068416:	009406b3          	add	a3,s0,s1
8406841a:	00b6c703          	lbu	a4,11(a3)
8406841e:	eb2d                	bnez	a4,84068490 <key_remap_macro_timeout+0xa6>
84068420:	0046d703          	lhu	a4,4(a3)
84068424:	00003797          	auipc	a5,0x3
84068428:	ea07a823          	sw	zero,-336(a5) # 8406b2d4 <kr_ctrl>
8406842c:	00003797          	auipc	a5,0x3
84068430:	ea878793          	add	a5,a5,-344 # 8406b2d4 <kr_ctrl>
84068434:	479c                	lw	a5,8(a5)
84068436:	eb19                	bnez	a4,8406844c <key_remap_macro_timeout+0x62>
84068438:	0066d703          	lhu	a4,6(a3)
8406843c:	00e7e863          	bltu	a5,a4,8406844c <key_remap_macro_timeout+0x62>
84068440:	4432                	lw	s0,12(sp)
84068442:	40c2                	lw	ra,16(sp)
84068444:	44a2                	lw	s1,8(sp)
84068446:	0151                	add	sp,sp,20
84068448:	e4dff06f          	j	84068294 <key_remap_macro_stop>
8406844c:	0785                	add	a5,a5,1
8406844e:	00003717          	auipc	a4,0x3
84068452:	e8670713          	add	a4,a4,-378 # 8406b2d4 <kr_ctrl>
84068456:	4501                	li	a0,0
84068458:	c71c                	sw	a5,8(a4)
8406845a:	9426                	add	s0,s0,s1
8406845c:	de5ff0ef          	jal	84068240 <key_remap_update_record>
84068460:	440c                	lw	a1,8(s0)
84068462:	05a2                	sll	a1,a1,0x8
84068464:	81a1                	srl	a1,a1,0x8
84068466:	00003417          	auipc	s0,0x3
8406846a:	9fa40413          	add	s0,s0,-1542 # 8406ae60 <macro_gpt_hdl>
8406846e:	4008                	lw	a0,0(s0)
84068470:	c02e                	sw	a1,0(sp)
84068472:	429000ef          	jal	8406909a <hal_gpt_sw_stop_timer_ms>
84068476:	4008                	lw	a0,0(s0)
84068478:	4432                	lw	s0,12(sp)
8406847a:	4582                	lw	a1,0(sp)
8406847c:	40c2                	lw	ra,16(sp)
8406847e:	44a2                	lw	s1,8(sp)
84068480:	4681                	li	a3,0
84068482:	00000617          	auipc	a2,0x0
84068486:	f6860613          	add	a2,a2,-152 # 840683ea <key_remap_macro_timeout>
8406848a:	0151                	add	sp,sp,20
8406848c:	40b0006f          	j	84069096 <hal_gpt_sw_start_timer_ms>
84068490:	479d                	li	a5,7
84068492:	04f71563          	bne	a4,a5,840684dc <key_remap_macro_timeout+0xf2>
84068496:	4512                	lw	a0,4(sp)
84068498:	ed3ff0ef          	jal	8406836a <key_remap_get_ms_x_y>
8406849c:	00003797          	auipc	a5,0x3
840684a0:	e3878793          	add	a5,a5,-456 # 8406b2d4 <kr_ctrl>
840684a4:	4388                	lw	a0,0(a5)
840684a6:	94a2                	add	s1,s1,s0
840684a8:	0505                	add	a0,a0,1
840684aa:	c388                	sw	a0,0(a5)
840684ac:	d95ff0ef          	jal	84068240 <key_remap_update_record>
840684b0:	4498                	lw	a4,8(s1)
840684b2:	00871793          	sll	a5,a4,0x8
840684b6:	0087d593          	srl	a1,a5,0x8
840684ba:	18078c63          	beqz	a5,84068652 <key_remap_macro_timeout+0x268>
840684be:	00003797          	auipc	a5,0x3
840684c2:	9027c783          	lbu	a5,-1790(a5) # 8406adc0 <hid_ctrl>
840684c6:	4685                	li	a3,1
840684c8:	f8f6efe3          	bltu	a3,a5,84068466 <key_remap_macro_timeout+0x7c>
840684cc:	00871693          	sll	a3,a4,0x8
840684d0:	82ad                	srl	a3,a3,0xb
840684d2:	fad1                	bnez	a3,84068466 <key_remap_macro_timeout+0x7c>
840684d4:	45a1                	li	a1,8
840684d6:	40f5d5b3          	sra	a1,a1,a5
840684da:	b771                	j	84068466 <key_remap_macro_timeout+0x7c>
840684dc:	fff70793          	add	a5,a4,-1
840684e0:	4695                	li	a3,5
840684e2:	faf6ede3          	bltu	a3,a5,8406849c <key_remap_macro_timeout+0xb2>
840684e6:	00002697          	auipc	a3,0x2
840684ea:	64268693          	add	a3,a3,1602 # 8406ab28 <ccni_callback+0xd0>
840684ee:	078a                	sll	a5,a5,0x2
840684f0:	97b6                	add	a5,a5,a3
840684f2:	439c                	lw	a5,0(a5)
840684f4:	97b6                	add	a5,a5,a3
840684f6:	8782                	jr	a5
840684f8:	009407b3          	add	a5,s0,s1
840684fc:	00c7c583          	lbu	a1,12(a5)
84068500:	00003517          	auipc	a0,0x3
84068504:	d2850513          	add	a0,a0,-728 # 8406b228 <macro_data+0x8>
84068508:	df1ff0ef          	jal	840682f8 <key_remap_macro_key_press>
8406850c:	bf41                	j	8406849c <key_remap_macro_timeout+0xb2>
8406850e:	009407b3          	add	a5,s0,s1
84068512:	47c8                	lw	a0,12(a5)
84068514:	00003617          	auipc	a2,0x3
84068518:	d0c60613          	add	a2,a2,-756 # 8406b220 <macro_data>
8406851c:	0e000593          	li	a1,224
84068520:	0e057313          	and	t1,a0,224
84068524:	461c                	lw	a5,8(a2)
84068526:	0ff57693          	zext.b	a3,a0
8406852a:	08b30563          	beq	t1,a1,840685b4 <key_remap_macro_timeout+0x1ca>
8406852e:	83a1                	srl	a5,a5,0x8
84068530:	8fa9                	xor	a5,a5,a0
84068532:	0ff7f793          	zext.b	a5,a5
84068536:	c3dd                	beqz	a5,840685dc <key_remap_macro_timeout+0x1f2>
84068538:	4319                	li	t1,6
8406853a:	00003297          	auipc	t0,0x3
8406853e:	cee28293          	add	t0,t0,-786 # 8406b228 <macro_data+0x8>
84068542:	0ff77793          	zext.b	a5,a4
84068546:	f4670be3          	beq	a4,t1,8406849c <key_remap_macro_timeout+0xb2>
8406854a:	ffc77613          	and	a2,a4,-4
8406854e:	9616                	add	a2,a2,t0
84068550:	420c                	lw	a1,0(a2)
84068552:	00379693          	sll	a3,a5,0x3
84068556:	8ae1                	and	a3,a3,24
84068558:	00d5d5b3          	srl	a1,a1,a3
8406855c:	8da9                	xor	a1,a1,a0
8406855e:	0ff5f593          	zext.b	a1,a1
84068562:	0705                	add	a4,a4,1
84068564:	fdf9                	bnez	a1,84068542 <key_remap_macro_timeout+0x158>
84068566:	0785                	add	a5,a5,1
84068568:	0ff7f793          	zext.b	a5,a5
8406856c:	00003397          	auipc	t2,0x3
84068570:	cbc38393          	add	t2,t2,-836 # 8406b228 <macro_data+0x8>
84068574:	0ff00293          	li	t0,255
84068578:	431d                	li	t1,7
8406857a:	8532                	mv	a0,a2
8406857c:	410c                	lw	a1,0(a0)
8406857e:	80b6                	mv	ra,a3
84068580:	ffc7f613          	and	a2,a5,-4
84068584:	00129733          	sll	a4,t0,ra
84068588:	961e                	add	a2,a2,t2
8406858a:	fff74713          	not	a4,a4
8406858e:	8f6d                	and	a4,a4,a1
84068590:	420c                	lw	a1,0(a2)
84068592:	00379693          	sll	a3,a5,0x3
84068596:	8ae1                	and	a3,a3,24
84068598:	00d5d5b3          	srl	a1,a1,a3
8406859c:	0ff5f593          	zext.b	a1,a1
840685a0:	001595b3          	sll	a1,a1,ra
840685a4:	8f4d                	or	a4,a4,a1
840685a6:	0785                	add	a5,a5,1
840685a8:	c118                	sw	a4,0(a0)
840685aa:	0ff7f713          	zext.b	a4,a5
840685ae:	fc6716e3          	bne	a4,t1,8406857a <key_remap_macro_timeout+0x190>
840685b2:	b5ed                	j	8406849c <key_remap_macro_timeout+0xb2>
840685b4:	02068693          	add	a3,a3,32
840685b8:	0ff6f693          	zext.b	a3,a3
840685bc:	459d                	li	a1,7
840685be:	4701                	li	a4,0
840685c0:	00d5e963          	bltu	a1,a3,840685d2 <key_remap_macro_timeout+0x1e8>
840685c4:	00002717          	auipc	a4,0x2
840685c8:	32070713          	add	a4,a4,800 # 8406a8e4 <_text_end>
840685cc:	9736                	add	a4,a4,a3
840685ce:	00074703          	lbu	a4,0(a4)
840685d2:	fff74713          	not	a4,a4
840685d6:	8f7d                	and	a4,a4,a5
840685d8:	c618                	sw	a4,8(a2)
840685da:	b5c9                	j	8406849c <key_remap_macro_timeout+0xb2>
840685dc:	46a1                	li	a3,8
840685de:	00003617          	auipc	a2,0x3
840685e2:	c4a60613          	add	a2,a2,-950 # 8406b228 <macro_data+0x8>
840685e6:	4785                	li	a5,1
840685e8:	bfbd                	j	84068566 <key_remap_macro_timeout+0x17c>
840685ea:	009407b3          	add	a5,s0,s1
840685ee:	00c7d583          	lhu	a1,12(a5)
840685f2:	00003517          	auipc	a0,0x3
840685f6:	c3e50513          	add	a0,a0,-962 # 8406b230 <macro_data+0x10>
840685fa:	d95ff0ef          	jal	8406838e <key_remap_csm_key_press>
840685fe:	bd79                	j	8406849c <key_remap_macro_timeout+0xb2>
84068600:	009407b3          	add	a5,s0,s1
84068604:	00c7d583          	lhu	a1,12(a5)
84068608:	00003517          	auipc	a0,0x3
8406860c:	c2850513          	add	a0,a0,-984 # 8406b230 <macro_data+0x10>
84068610:	d9fff0ef          	jal	840683ae <key_remap_csm_key_release>
84068614:	b561                	j	8406849c <key_remap_macro_timeout+0xb2>
84068616:	009407b3          	add	a5,s0,s1
8406861a:	47dc                	lw	a5,12(a5)
8406861c:	4691                	li	a3,4
8406861e:	8bbd                	and	a5,a5,15
84068620:	e6f6eee3          	bltu	a3,a5,8406849c <key_remap_macro_timeout+0xb2>
84068624:	00002597          	auipc	a1,0x2
84068628:	54458593          	add	a1,a1,1348 # 8406ab68 <mouse_key_bits>
8406862c:	078a                	sll	a5,a5,0x2
8406862e:	97ae                	add	a5,a5,a1
84068630:	00003617          	auipc	a2,0x3
84068634:	bf060613          	add	a2,a2,-1040 # 8406b220 <macro_data>
84068638:	4595                	li	a1,5
8406863a:	4214                	lw	a3,0(a2)
8406863c:	439c                	lw	a5,0(a5)
8406863e:	00b71563          	bne	a4,a1,84068648 <key_remap_macro_timeout+0x25e>
84068642:	8edd                	or	a3,a3,a5
84068644:	c214                	sw	a3,0(a2)
84068646:	bd99                	j	8406849c <key_remap_macro_timeout+0xb2>
84068648:	fff7c793          	not	a5,a5
8406864c:	8ff5                	and	a5,a5,a3
8406864e:	c21c                	sw	a5,0(a2)
84068650:	b5b1                	j	8406849c <key_remap_macro_timeout+0xb2>
84068652:	4702                	lw	a4,0(sp)
84068654:	47a9                	li	a5,10
84068656:	00e7fe63          	bgeu	a5,a4,84068672 <key_remap_macro_timeout+0x288>
8406865a:	1f200613          	li	a2,498
8406865e:	81f98597          	auipc	a1,0x81f98
84068662:	71e58593          	add	a1,a1,1822 # 6000d7c <file.2>
84068666:	81f98517          	auipc	a0,0x81f98
8406866a:	76250513          	add	a0,a0,1890 # 6000dc8 <exp.3>
8406866e:	54e010ef          	jal	84069bbc <light_assert>
84068672:	4782                	lw	a5,0(sp)
84068674:	0785                	add	a5,a5,1
84068676:	c03e                	sw	a5,0(sp)
84068678:	bb61                	j	84068410 <key_remap_macro_timeout+0x26>
8406867a:	40c2                	lw	ra,16(sp)
8406867c:	4432                	lw	s0,12(sp)
8406867e:	44a2                	lw	s1,8(sp)
84068680:	0151                	add	sp,sp,20
84068682:	8082                	ret

84068684 <key_remapping>:
84068684:	1141                	add	sp,sp,-16
84068686:	c422                	sw	s0,8(sp)
84068688:	87aa                	mv	a5,a0
8406868a:	8432                	mv	s0,a2
8406868c:	00003717          	auipc	a4,0x3
84068690:	c4870713          	add	a4,a4,-952 # 8406b2d4 <kr_ctrl>
84068694:	c606                	sw	ra,12(sp)
84068696:	c226                	sw	s1,4(sp)
84068698:	461d                	li	a2,7
8406869a:	4348                	lw	a0,4(a4)
8406869c:	04f66c63          	bltu	a2,a5,840686f4 <key_remapping+0x70>
840686a0:	00279313          	sll	t1,a5,0x2
840686a4:	00002617          	auipc	a2,0x2
840686a8:	4c460613          	add	a2,a2,1220 # 8406ab68 <mouse_key_bits>
840686ac:	961a                	add	a2,a2,t1
840686ae:	00062303          	lw	t1,0(a2)
840686b2:	fff6c613          	not	a2,a3
840686b6:	8e6d                	and	a2,a2,a1
840686b8:	00667633          	and	a2,a2,t1
840686bc:	4685                	li	a3,1
840686be:	04660063          	beq	a2,t1,840686fe <key_remapping+0x7a>
840686c2:	4681                	li	a3,0
840686c4:	00003617          	auipc	a2,0x3
840686c8:	b7060613          	add	a2,a2,-1168 # 8406b234 <macro_setting>
840686cc:	00479493          	sll	s1,a5,0x4
840686d0:	00960333          	add	t1,a2,s1
840686d4:	00032303          	lw	t1,0(t1)
840686d8:	42a5                	li	t0,9
840686da:	137d                	add	t1,t1,-1
840686dc:	0662e663          	bltu	t0,t1,84068748 <key_remapping+0xc4>
840686e0:	00002297          	auipc	t0,0x2
840686e4:	46028293          	add	t0,t0,1120 # 8406ab40 <ccni_callback+0xe8>
840686e8:	030a                	sll	t1,t1,0x2
840686ea:	9316                	add	t1,t1,t0
840686ec:	00032303          	lw	t1,0(t1)
840686f0:	9316                	add	t1,t1,t0
840686f2:	8302                	jr	t1
840686f4:	46a5                	li	a3,9
840686f6:	02f6e463          	bltu	a3,a5,8406871e <key_remapping+0x9a>
840686fa:	4681                	li	a3,0
840686fc:	d5e1                	beqz	a1,840686c4 <key_remapping+0x40>
840686fe:	00451313          	sll	t1,a0,0x4
84068702:	00003617          	auipc	a2,0x3
84068706:	b3260613          	add	a2,a2,-1230 # 8406b234 <macro_setting>
8406870a:	961a                	add	a2,a2,t1
8406870c:	00062283          	lw	t0,0(a2)
84068710:	4315                	li	t1,5
84068712:	fa6299e3          	bne	t0,t1,840686c4 <key_remapping+0x40>
84068716:	4311                	li	t1,4
84068718:	00662023          	sw	t1,0(a2)
8406871c:	b765                	j	840686c4 <key_remapping+0x40>
8406871e:	4422                	lw	s0,8(sp)
84068720:	40b2                	lw	ra,12(sp)
84068722:	4492                	lw	s1,4(sp)
84068724:	24d00613          	li	a2,589
84068728:	81f98597          	auipc	a1,0x81f98
8406872c:	5ec58593          	add	a1,a1,1516 # 6000d14 <file.0>
84068730:	81f98517          	auipc	a0,0x81f98
84068734:	63050513          	add	a0,a0,1584 # 6000d60 <exp.1>
84068738:	0141                	add	sp,sp,16
8406873a:	4820106f          	j	84069bbc <light_assert>
8406873e:	94b2                	add	s1,s1,a2
84068740:	401c                	lw	a5,0(s0)
84068742:	40d8                	lw	a4,4(s1)
84068744:	8fd9                	or	a5,a5,a4
84068746:	c01c                	sw	a5,0(s0)
84068748:	40b2                	lw	ra,12(sp)
8406874a:	4422                	lw	s0,8(sp)
8406874c:	4492                	lw	s1,4(sp)
8406874e:	0141                	add	sp,sp,16
84068750:	8082                	ret
84068752:	94b2                	add	s1,s1,a2
84068754:	40dc                	lw	a5,4(s1)
84068756:	4418                	lw	a4,8(s0)
84068758:	0087d593          	srl	a1,a5,0x8
8406875c:	0ff7f793          	zext.b	a5,a5
84068760:	8fd9                	or	a5,a5,a4
84068762:	c41c                	sw	a5,8(s0)
84068764:	0e05f693          	and	a3,a1,224
84068768:	0e000713          	li	a4,224
8406876c:	02e69463          	bne	a3,a4,84068794 <key_remapping+0x110>
84068770:	02058593          	add	a1,a1,32
84068774:	0ff5f593          	zext.b	a1,a1
84068778:	469d                	li	a3,7
8406877a:	4701                	li	a4,0
8406877c:	00b6e963          	bltu	a3,a1,8406878e <key_remapping+0x10a>
84068780:	00002717          	auipc	a4,0x2
84068784:	16470713          	add	a4,a4,356 # 8406a8e4 <_text_end>
84068788:	972e                	add	a4,a4,a1
8406878a:	00074703          	lbu	a4,0(a4)
8406878e:	8fd9                	or	a5,a5,a4
84068790:	c41c                	sw	a5,8(s0)
84068792:	bf5d                	j	84068748 <key_remapping+0xc4>
84068794:	00840513          	add	a0,s0,8
84068798:	4422                	lw	s0,8(sp)
8406879a:	40b2                	lw	ra,12(sp)
8406879c:	4492                	lw	s1,4(sp)
8406879e:	0ff5f593          	zext.b	a1,a1
840687a2:	0141                	add	sp,sp,16
840687a4:	b55ff06f          	j	840682f8 <key_remap_macro_key_press>
840687a8:	94b2                	add	s1,s1,a2
840687aa:	01040513          	add	a0,s0,16
840687ae:	4422                	lw	s0,8(sp)
840687b0:	0044d583          	lhu	a1,4(s1)
840687b4:	40b2                	lw	ra,12(sp)
840687b6:	4492                	lw	s1,4(sp)
840687b8:	0141                	add	sp,sp,16
840687ba:	bd5ff06f          	j	8406838e <key_remap_csm_key_press>
840687be:	ea89                	bnez	a3,840687d0 <key_remapping+0x14c>
840687c0:	c581                	beqz	a1,840687c8 <key_remapping+0x144>
840687c2:	469d                	li	a3,7
840687c4:	00f6e663          	bltu	a3,a5,840687d0 <key_remapping+0x14c>
840687c8:	474c                	lw	a1,12(a4)
840687ca:	4691                	li	a3,4
840687cc:	f6d59ee3          	bne	a1,a3,84068748 <key_remapping+0xc4>
840687d0:	46a9                	li	a3,10
840687d2:	00d50563          	beq	a0,a3,840687dc <key_remapping+0x158>
840687d6:	478d                	li	a5,3
840687d8:	c75c                	sw	a5,12(a4)
840687da:	b7bd                	j	84068748 <key_remapping+0xc4>
840687dc:	00960533          	add	a0,a2,s1
840687e0:	00b54583          	lbu	a1,11(a0)
840687e4:	4315                	li	t1,5
840687e6:	4554                	lw	a3,12(a0)
840687e8:	0a658b63          	beq	a1,t1,8406889e <key_remapping+0x21a>
840687ec:	00b36e63          	bltu	t1,a1,84068808 <key_remapping+0x184>
840687f0:	4305                	li	t1,1
840687f2:	02658363          	beq	a1,t1,84068818 <key_remapping+0x194>
840687f6:	468d                	li	a3,3
840687f8:	06d58d63          	beq	a1,a3,84068872 <key_remapping+0x1ee>
840687fc:	c35c                	sw	a5,4(a4)
840687fe:	94b2                	add	s1,s1,a2
84068800:	4795                	li	a5,5
84068802:	c09c                	sw	a5,0(s1)
84068804:	4785                	li	a5,1
84068806:	bfc9                	j	840687d8 <key_remapping+0x154>
84068808:	469d                	li	a3,7
8406880a:	fed599e3          	bne	a1,a3,840687fc <key_remapping+0x178>
8406880e:	853e                	mv	a0,a5
84068810:	c03e                	sw	a5,0(sp)
84068812:	b59ff0ef          	jal	8406836a <key_remap_get_ms_x_y>
84068816:	a895                	j	8406888a <key_remapping+0x206>
84068818:	0ff6f593          	zext.b	a1,a3
8406881c:	0e000513          	li	a0,224
84068820:	0e06f693          	and	a3,a3,224
84068824:	02a69863          	bne	a3,a0,84068854 <key_remapping+0x1d0>
84068828:	02058593          	add	a1,a1,32
8406882c:	0ff5f593          	zext.b	a1,a1
84068830:	451d                	li	a0,7
84068832:	4681                	li	a3,0
84068834:	00b56963          	bltu	a0,a1,84068846 <key_remapping+0x1c2>
84068838:	00002697          	auipc	a3,0x2
8406883c:	0ac68693          	add	a3,a3,172 # 8406a8e4 <_text_end>
84068840:	96ae                	add	a3,a3,a1
84068842:	0006c683          	lbu	a3,0(a3)
84068846:	c414                	sw	a3,8(s0)
84068848:	4414                	lw	a3,8(s0)
8406884a:	00003597          	auipc	a1,0x3
8406884e:	9cd5af23          	sw	a3,-1570(a1) # 8406b228 <macro_data+0x8>
84068852:	b76d                	j	840687fc <key_remapping+0x178>
84068854:	00840513          	add	a0,s0,8
84068858:	c03e                	sw	a5,0(sp)
8406885a:	a9fff0ef          	jal	840682f8 <key_remap_macro_key_press>
8406885e:	4782                	lw	a5,0(sp)
84068860:	00003617          	auipc	a2,0x3
84068864:	9d460613          	add	a2,a2,-1580 # 8406b234 <macro_setting>
84068868:	00003717          	auipc	a4,0x3
8406886c:	a6c70713          	add	a4,a4,-1428 # 8406b2d4 <kr_ctrl>
84068870:	bfe1                	j	84068848 <key_remapping+0x1c4>
84068872:	00455583          	lhu	a1,4(a0)
84068876:	01040513          	add	a0,s0,16
8406887a:	c03e                	sw	a5,0(sp)
8406887c:	b13ff0ef          	jal	8406838e <key_remap_csm_key_press>
84068880:	4814                	lw	a3,16(s0)
84068882:	00003597          	auipc	a1,0x3
84068886:	9ad5a723          	sw	a3,-1618(a1) # 8406b230 <macro_data+0x10>
8406888a:	4782                	lw	a5,0(sp)
8406888c:	00003717          	auipc	a4,0x3
84068890:	a4870713          	add	a4,a4,-1464 # 8406b2d4 <kr_ctrl>
84068894:	00003617          	auipc	a2,0x3
84068898:	9a060613          	add	a2,a2,-1632 # 8406b234 <macro_setting>
8406889c:	b785                	j	840687fc <key_remapping+0x178>
8406889e:	8abd                	and	a3,a3,15
840688a0:	4591                	li	a1,4
840688a2:	f4d5ede3          	bltu	a1,a3,840687fc <key_remapping+0x178>
840688a6:	00002597          	auipc	a1,0x2
840688aa:	2c258593          	add	a1,a1,706 # 8406ab68 <mouse_key_bits>
840688ae:	068a                	sll	a3,a3,0x2
840688b0:	96ae                	add	a3,a3,a1
840688b2:	4288                	lw	a0,0(a3)
840688b4:	4014                	lw	a3,0(s0)
840688b6:	00003597          	auipc	a1,0x3
840688ba:	96a58593          	add	a1,a1,-1686 # 8406b220 <macro_data>
840688be:	8ec9                	or	a3,a3,a0
840688c0:	c014                	sw	a3,0(s0)
840688c2:	4194                	lw	a3,0(a1)
840688c4:	8ec9                	or	a3,a3,a0
840688c6:	c194                	sw	a3,0(a1)
840688c8:	bf15                	j	840687fc <key_remapping+0x178>
840688ca:	e691                	bnez	a3,840688d6 <key_remapping+0x252>
840688cc:	e6058ee3          	beqz	a1,84068748 <key_remapping+0xc4>
840688d0:	469d                	li	a3,7
840688d2:	e6f6fbe3          	bgeu	a3,a5,84068748 <key_remapping+0xc4>
840688d6:	4785                	li	a5,1
840688d8:	cb1c                	sw	a5,16(a4)
840688da:	b5bd                	j	84068748 <key_remapping+0xc4>
840688dc:	e691                	bnez	a3,840688e8 <key_remapping+0x264>
840688de:	e60585e3          	beqz	a1,84068748 <key_remapping+0xc4>
840688e2:	469d                	li	a3,7
840688e4:	e6f6f2e3          	bgeu	a3,a5,84068748 <key_remapping+0xc4>
840688e8:	4789                	li	a5,2
840688ea:	9626                	add	a2,a2,s1
840688ec:	cb1c                	sw	a5,16(a4)
840688ee:	425c                	lw	a5,4(a2)
840688f0:	cf1c                	sw	a5,24(a4)
840688f2:	bd99                	j	84068748 <key_remapping+0xc4>
840688f4:	e691                	bnez	a3,84068900 <key_remapping+0x27c>
840688f6:	e40589e3          	beqz	a1,84068748 <key_remapping+0xc4>
840688fa:	471d                	li	a4,7
840688fc:	e4f776e3          	bgeu	a4,a5,84068748 <key_remapping+0xc4>
84068900:	4785                	li	a5,1
84068902:	c05c                	sw	a5,4(s0)
84068904:	b591                	j	84068748 <key_remapping+0xc4>
84068906:	e691                	bnez	a3,84068912 <key_remapping+0x28e>
84068908:	e40580e3          	beqz	a1,84068748 <key_remapping+0xc4>
8406890c:	471d                	li	a4,7
8406890e:	e2f77de3          	bgeu	a4,a5,84068748 <key_remapping+0xc4>
84068912:	57fd                	li	a5,-1
84068914:	b7fd                	j	84068902 <key_remapping+0x27e>
84068916:	c299                	beqz	a3,8406891c <key_remapping+0x298>
84068918:	4795                	li	a5,5
8406891a:	bf7d                	j	840688d8 <key_remapping+0x254>
8406891c:	e20586e3          	beqz	a1,84068748 <key_remapping+0xc4>
84068920:	469d                	li	a3,7
84068922:	e2f6f3e3          	bgeu	a3,a5,84068748 <key_remapping+0xc4>
84068926:	cb14                	sw	a3,16(a4)
84068928:	b505                	j	84068748 <key_remapping+0xc4>

8406892a <key_remap_backend_process>:
8406892a:	fcc10113          	add	sp,sp,-52
8406892e:	d622                	sw	s0,44(sp)
84068930:	00003417          	auipc	s0,0x3
84068934:	9a440413          	add	s0,s0,-1628 # 8406b2d4 <kr_ctrl>
84068938:	d426                	sw	s1,40(sp)
8406893a:	5454                	lw	a3,44(s0)
8406893c:	5404                	lw	s1,40(s0)
8406893e:	00442303          	lw	t1,4(s0)
84068942:	d806                	sw	ra,48(sp)
84068944:	ca02                	sw	zero,20(sp)
84068946:	cc02                	sw	zero,24(sp)
84068948:	ce02                	sw	zero,28(sp)
8406894a:	d002                	sw	zero,32(sp)
8406894c:	d202                	sw	zero,36(sp)
8406894e:	4781                	li	a5,0
84068950:	00003517          	auipc	a0,0x3
84068954:	8d050513          	add	a0,a0,-1840 # 8406b220 <macro_data>
84068958:	4751                	li	a4,20
8406895a:	00a785b3          	add	a1,a5,a0
8406895e:	418c                	lw	a1,0(a1)
84068960:	01478613          	add	a2,a5,20
84068964:	960a                	add	a2,a2,sp
84068966:	c20c                	sw	a1,0(a2)
84068968:	0791                	add	a5,a5,4
8406896a:	fee798e3          	bne	a5,a4,8406895a <key_remap_backend_process+0x30>
8406896e:	4629                	li	a2,10
84068970:	581c                	lw	a5,48(s0)
84068972:	00003717          	auipc	a4,0x3
84068976:	8c270713          	add	a4,a4,-1854 # 8406b234 <macro_setting>
8406897a:	02c30263          	beq	t1,a2,8406899e <key_remap_backend_process+0x74>
8406897e:	00431613          	sll	a2,t1,0x4
84068982:	963a                	add	a2,a2,a4
84068984:	00465583          	lhu	a1,4(a2)
84068988:	4609                	li	a2,2
8406898a:	00c59a63          	bne	a1,a2,8406899e <key_remap_backend_process+0x74>
8406898e:	00d48863          	beq	s1,a3,8406899e <key_remap_backend_process+0x74>
84068992:	c491                	beqz	s1,8406899e <key_remap_backend_process+0x74>
84068994:	fff4c613          	not	a2,s1
84068998:	8e75                	and	a2,a2,a3
8406899a:	e211                	bnez	a2,8406899e <key_remap_backend_process+0x74>
8406899c:	c44c                	sw	a1,12(s0)
8406899e:	00003297          	auipc	t0,0x3
840689a2:	89628293          	add	t0,t0,-1898 # 8406b234 <macro_setting>
840689a6:	4501                	li	a0,0
840689a8:	00002397          	auipc	t2,0x2
840689ac:	1c038393          	add	t2,t2,448 # 8406ab68 <mouse_key_bits>
840689b0:	4c50                	lw	a2,28(s0)
840689b2:	08c56663          	bltu	a0,a2,84068a3e <key_remap_backend_process+0x114>
840689b6:	0c07d763          	bgez	a5,84068a84 <key_remap_backend_process+0x15a>
840689ba:	4525                	li	a0,9
840689bc:	5050                	lw	a2,36(s0)
840689be:	00161593          	sll	a1,a2,0x1
840689c2:	0005d463          	bgez	a1,840689ca <key_remap_backend_process+0xa0>
840689c6:	00f04663          	bgtz	a5,840689d2 <key_remap_backend_process+0xa8>
840689ca:	0a065f63          	bgez	a2,84068a88 <key_remap_backend_process+0x15e>
840689ce:	0a07dd63          	bgez	a5,84068a88 <key_remap_backend_process+0x15e>
840689d2:	85be                	mv	a1,a5
840689d4:	0850                	add	a2,sp,20
840689d6:	c236                	sw	a3,4(sp)
840689d8:	c03e                	sw	a5,0(sp)
840689da:	cabff0ef          	jal	84068684 <key_remapping>
840689de:	4692                	lw	a3,4(sp)
840689e0:	4782                	lw	a5,0(sp)
840689e2:	a05d                	j	84068a88 <key_remap_backend_process+0x15e>
840689e4:	00a31f63          	bne	t1,a0,84068a02 <key_remap_backend_process+0xd8>
840689e8:	00431613          	sll	a2,t1,0x4
840689ec:	963a                	add	a2,a2,a4
840689ee:	00465583          	lhu	a1,4(a2)
840689f2:	4605                	li	a2,1
840689f4:	08c59563          	bne	a1,a2,84068a7e <key_remap_backend_process+0x154>
840689f8:	08d48363          	beq	s1,a3,84068a7e <key_remap_backend_process+0x154>
840689fc:	4609                	li	a2,2
840689fe:	c450                	sw	a2,12(s0)
84068a00:	a8bd                	j	84068a7e <key_remap_backend_process+0x154>
84068a02:	0002a583          	lw	a1,0(t0)
84068a06:	409d                	li	ra,7
84068a08:	00159c63          	bne	a1,ra,84068a20 <key_remap_backend_process+0xf6>
84068a0c:	8e75                	and	a2,a2,a3
84068a0e:	ca09                	beqz	a2,84068a20 <key_remap_backend_process+0xf6>
84068a10:	0042c583          	lbu	a1,4(t0)
84068a14:	4609                	li	a2,2
84068a16:	06c59463          	bne	a1,a2,84068a7e <key_remap_backend_process+0x154>
84068a1a:	460d                	li	a2,3
84068a1c:	c810                	sw	a2,16(s0)
84068a1e:	a085                	j	84068a7e <key_remap_backend_process+0x154>
84068a20:	01042083          	lw	ra,16(s0)
84068a24:	4619                	li	a2,6
84068a26:	04c09c63          	bne	ra,a2,84068a7e <key_remap_backend_process+0x154>
84068a2a:	4629                	li	a2,10
84068a2c:	04c59963          	bne	a1,a2,84068a7e <key_remap_backend_process+0x154>
84068a30:	00003617          	auipc	a2,0x3
84068a34:	8a062a23          	sw	zero,-1868(a2) # 8406b2e4 <kr_ctrl+0x10>
84068a38:	4605                	li	a2,1
84068a3a:	c850                	sw	a2,20(s0)
84068a3c:	a089                	j	84068a7e <key_remap_backend_process+0x154>
84068a3e:	4621                	li	a2,8
84068a40:	f6c50be3          	beq	a0,a2,840689b6 <key_remap_backend_process+0x8c>
84068a44:	00251613          	sll	a2,a0,0x2
84068a48:	961e                	add	a2,a2,t2
84068a4a:	4210                	lw	a2,0(a2)
84068a4c:	009675b3          	and	a1,a2,s1
84068a50:	d9d1                	beqz	a1,840689e4 <key_remap_backend_process+0xba>
84068a52:	0850                	add	a2,sp,20
84068a54:	85a6                	mv	a1,s1
84068a56:	c816                	sw	t0,16(sp)
84068a58:	c63e                	sw	a5,12(sp)
84068a5a:	c41a                	sw	t1,8(sp)
84068a5c:	c236                	sw	a3,4(sp)
84068a5e:	c02a                	sw	a0,0(sp)
84068a60:	c25ff0ef          	jal	84068684 <key_remapping>
84068a64:	4502                	lw	a0,0(sp)
84068a66:	4692                	lw	a3,4(sp)
84068a68:	4322                	lw	t1,8(sp)
84068a6a:	47b2                	lw	a5,12(sp)
84068a6c:	42c2                	lw	t0,16(sp)
84068a6e:	00002717          	auipc	a4,0x2
84068a72:	7c670713          	add	a4,a4,1990 # 8406b234 <macro_setting>
84068a76:	00002397          	auipc	t2,0x2
84068a7a:	0f238393          	add	t2,t2,242 # 8406ab68 <mouse_key_bits>
84068a7e:	0505                	add	a0,a0,1
84068a80:	02c1                	add	t0,t0,16
84068a82:	b73d                	j	840689b0 <key_remap_backend_process+0x86>
84068a84:	4521                	li	a0,8
84068a86:	fb9d                	bnez	a5,840689bc <key_remap_backend_process+0x92>
84068a88:	0097e633          	or	a2,a5,s1
84068a8c:	084c                	add	a1,sp,20
84068a8e:	00002517          	auipc	a0,0x2
84068a92:	3ce52503          	lw	a0,974(a0) # 8406ae5c <Kr_q_Ctrl>
84068a96:	c036                	sw	a3,0(sp)
84068a98:	2cd9                	jal	84068d6e <key_remap_queue_push>
84068a9a:	4682                	lw	a3,0(sp)
84068a9c:	00002717          	auipc	a4,0x2
84068aa0:	79870713          	add	a4,a4,1944 # 8406b234 <macro_setting>
84068aa4:	8ea5                	xor	a3,a3,s1
84068aa6:	0206f793          	and	a5,a3,32
84068aaa:	c789                	beqz	a5,84068ab4 <key_remap_backend_process+0x18a>
84068aac:	4b3c                	lw	a5,80(a4)
84068aae:	e399                	bnez	a5,84068ab4 <key_remap_backend_process+0x18a>
84068ab0:	4785                	li	a5,1
84068ab2:	c85c                	sw	a5,20(s0)
84068ab4:	0406f793          	and	a5,a3,64
84068ab8:	c789                	beqz	a5,84068ac2 <key_remap_backend_process+0x198>
84068aba:	533c                	lw	a5,96(a4)
84068abc:	e399                	bnez	a5,84068ac2 <key_remap_backend_process+0x198>
84068abe:	4785                	li	a5,1
84068ac0:	c85c                	sw	a5,20(s0)
84068ac2:	0806f693          	and	a3,a3,128
84068ac6:	c689                	beqz	a3,84068ad0 <key_remap_backend_process+0x1a6>
84068ac8:	5b3c                	lw	a5,112(a4)
84068aca:	e399                	bnez	a5,84068ad0 <key_remap_backend_process+0x1a6>
84068acc:	4785                	li	a5,1
84068ace:	c85c                	sw	a5,20(s0)
84068ad0:	4818                	lw	a4,16(s0)
84068ad2:	4795                	li	a5,5
84068ad4:	00f71663          	bne	a4,a5,84068ae0 <key_remap_backend_process+0x1b6>
84068ad8:	4785                	li	a5,1
84068ada:	c85c                	sw	a5,20(s0)
84068adc:	4799                	li	a5,6
84068ade:	c81c                	sw	a5,16(s0)
84068ae0:	d444                	sw	s1,44(s0)
84068ae2:	50c2                	lw	ra,48(sp)
84068ae4:	5432                	lw	s0,44(sp)
84068ae6:	54a2                	lw	s1,40(sp)
84068ae8:	03410113          	add	sp,sp,52
84068aec:	8082                	ret

84068aee <key_remap_backend_postprocess>:
84068aee:	1151                	add	sp,sp,-12
84068af0:	c222                	sw	s0,4(sp)
84068af2:	00002417          	auipc	s0,0x2
84068af6:	7e240413          	add	s0,s0,2018 # 8406b2d4 <kr_ctrl>
84068afa:	445c                	lw	a5,12(s0)
84068afc:	c026                	sw	s1,0(sp)
84068afe:	c406                	sw	ra,8(sp)
84068b00:	4489                	li	s1,2
84068b02:	06978a63          	beq	a5,s1,84068b76 <key_remap_backend_postprocess+0x88>
84068b06:	470d                	li	a4,3
84068b08:	04e78e63          	beq	a5,a4,84068b64 <key_remap_backend_postprocess+0x76>
84068b0c:	4705                	li	a4,1
84068b0e:	04e79f63          	bne	a5,a4,84068b6c <key_remap_backend_postprocess+0x7e>
84068b12:	4505                	li	a0,1
84068b14:	c01c                	sw	a5,0(s0)
84068b16:	c41c                	sw	a5,8(s0)
84068b18:	f28ff0ef          	jal	84068240 <key_remap_update_record>
84068b1c:	4058                	lw	a4,4(s0)
84068b1e:	00002797          	auipc	a5,0x2
84068b22:	71678793          	add	a5,a5,1814 # 8406b234 <macro_setting>
84068b26:	0712                	sll	a4,a4,0x4
84068b28:	97ba                	add	a5,a5,a4
84068b2a:	478c                	lw	a1,8(a5)
84068b2c:	00002797          	auipc	a5,0x2
84068b30:	2947c783          	lbu	a5,660(a5) # 8406adc0 <hid_ctrl>
84068b34:	05a2                	sll	a1,a1,0x8
84068b36:	81a1                	srl	a1,a1,0x8
84068b38:	00f4e763          	bltu	s1,a5,84068b46 <key_remap_backend_postprocess+0x58>
84068b3c:	4721                	li	a4,8
84068b3e:	00b76463          	bltu	a4,a1,84068b46 <key_remap_backend_postprocess+0x58>
84068b42:	40f755b3          	sra	a1,a4,a5
84068b46:	4681                	li	a3,0
84068b48:	00000617          	auipc	a2,0x0
84068b4c:	8a260613          	add	a2,a2,-1886 # 840683ea <key_remap_macro_timeout>
84068b50:	00002517          	auipc	a0,0x2
84068b54:	31052503          	lw	a0,784(a0) # 8406ae60 <macro_gpt_hdl>
84068b58:	2b3d                	jal	84069096 <hal_gpt_sw_start_timer_ms>
84068b5a:	00002797          	auipc	a5,0x2
84068b5e:	7807a323          	sw	zero,1926(a5) # 8406b2e0 <kr_ctrl+0xc>
84068b62:	a029                	j	84068b6c <key_remap_backend_postprocess+0x7e>
84068b64:	f30ff0ef          	jal	84068294 <key_remap_macro_stop>
84068b68:	4791                	li	a5,4
84068b6a:	c45c                	sw	a5,12(s0)
84068b6c:	40a2                	lw	ra,8(sp)
84068b6e:	4412                	lw	s0,4(sp)
84068b70:	4482                	lw	s1,0(sp)
84068b72:	0131                	add	sp,sp,12
84068b74:	8082                	ret
84068b76:	f1eff0ef          	jal	84068294 <key_remap_macro_stop>
84068b7a:	b7c5                	j	84068b5a <key_remap_backend_postprocess+0x6c>

84068b7c <key_remap_get_process_status>:
84068b7c:	00002517          	auipc	a0,0x2
84068b80:	76852503          	lw	a0,1896(a0) # 8406b2e4 <kr_ctrl+0x10>
84068b84:	8082                	ret

84068b86 <key_remap_state_reset>:
84068b86:	00002797          	auipc	a5,0x2
84068b8a:	7407af23          	sw	zero,1886(a5) # 8406b2e4 <kr_ctrl+0x10>
84068b8e:	8082                	ret

84068b90 <key_remap_update_key_status>:
84068b90:	00002797          	auipc	a5,0x2
84068b94:	74478793          	add	a5,a5,1860 # 8406b2d4 <kr_ctrl>
84068b98:	d788                	sw	a0,40(a5)
84068b9a:	db8c                	sw	a1,48(a5)
84068b9c:	8082                	ret

84068b9e <key_remap_get_dpi_attr>:
84068b9e:	00002797          	auipc	a5,0x2
84068ba2:	73678793          	add	a5,a5,1846 # 8406b2d4 <kr_ctrl>
84068ba6:	4f88                	lw	a0,24(a5)
84068ba8:	0007a823          	sw	zero,16(a5)
84068bac:	8082                	ret

84068bae <key_remap_get_key_status>:
84068bae:	00002717          	auipc	a4,0x2
84068bb2:	72670713          	add	a4,a4,1830 # 8406b2d4 <kr_ctrl>
84068bb6:	86aa                	mv	a3,a0
84068bb8:	4b48                	lw	a0,20(a4)
84068bba:	cd11                	beqz	a0,84068bd6 <key_remap_get_key_status+0x28>
84068bbc:	535c                	lw	a5,36(a4)
84068bbe:	5310                	lw	a2,32(a4)
84068bc0:	5718                	lw	a4,40(a4)
84068bc2:	fff7c793          	not	a5,a5
84068bc6:	8fd1                	or	a5,a5,a2
84068bc8:	8ff9                	and	a5,a5,a4
84068bca:	c29c                	sw	a5,0(a3)
84068bcc:	4505                	li	a0,1
84068bce:	00002797          	auipc	a5,0x2
84068bd2:	7007ad23          	sw	zero,1818(a5) # 8406b2e8 <kr_ctrl+0x14>
84068bd6:	8082                	ret

84068bd8 <key_remap_set_queue>:
84068bd8:	00002797          	auipc	a5,0x2
84068bdc:	28a7a223          	sw	a0,644(a5) # 8406ae5c <Kr_q_Ctrl>
84068be0:	8082                	ret

84068be2 <key_remap_backend_setting>:
84068be2:	1151                	add	sp,sp,-12
84068be4:	c222                	sw	s0,4(sp)
84068be6:	c026                	sw	s1,0(sp)
84068be8:	c406                	sw	ra,8(sp)
84068bea:	00002497          	auipc	s1,0x2
84068bee:	64a48493          	add	s1,s1,1610 # 8406b234 <macro_setting>
84068bf2:	4401                	li	s0,0
84068bf4:	0ff47593          	zext.b	a1,s0
84068bf8:	8526                	mv	a0,s1
84068bfa:	e16fd0ef          	jal	84066210 <hid_common_get_backend_key_remap_data>
84068bfe:	409c                	lw	a5,0(s1)
84068c00:	46a9                	li	a3,10
84068c02:	00d79c63          	bne	a5,a3,84068c1a <key_remap_backend_setting+0x38>
84068c06:	00002617          	auipc	a2,0x2
84068c0a:	6ce60613          	add	a2,a2,1742 # 8406b2d4 <kr_ctrl>
84068c0e:	521c                	lw	a5,32(a2)
84068c10:	4705                	li	a4,1
84068c12:	00871733          	sll	a4,a4,s0
84068c16:	8fd9                	or	a5,a5,a4
84068c18:	d21c                	sw	a5,32(a2)
84068c1a:	0405                	add	s0,s0,1
84068c1c:	04c1                	add	s1,s1,16
84068c1e:	fcd41be3          	bne	s0,a3,84068bf4 <key_remap_backend_setting+0x12>
84068c22:	00002797          	auipc	a5,0x2
84068c26:	0ba7a783          	lw	a5,186(a5) # 8406acdc <hid_common>
84068c2a:	4f9c                	lw	a5,24(a5)
84068c2c:	40a2                	lw	ra,8(sp)
84068c2e:	4412                	lw	s0,4(sp)
84068c30:	00002717          	auipc	a4,0x2
84068c34:	6cf72423          	sw	a5,1736(a4) # 8406b2f8 <kr_ctrl+0x24>
84068c38:	4482                	lw	s1,0(sp)
84068c3a:	0131                	add	sp,sp,12
84068c3c:	8082                	ret

84068c3e <key_remap_backend_init>:
84068c3e:	1151                	add	sp,sp,-12
84068c40:	00002517          	auipc	a0,0x2
84068c44:	22050513          	add	a0,a0,544 # 8406ae60 <macro_gpt_hdl>
84068c48:	c406                	sw	ra,8(sp)
84068c4a:	24e1                	jal	84068f12 <hal_gpt_sw_get_timer>
84068c4c:	f97ff0ef          	jal	84068be2 <key_remap_backend_setting>
84068c50:	00002717          	auipc	a4,0x2
84068c54:	08c72703          	lw	a4,140(a4) # 8406acdc <hid_common>
84068c58:	03874703          	lbu	a4,56(a4)
84068c5c:	40a2                	lw	ra,8(sp)
84068c5e:	00002797          	auipc	a5,0x2
84068c62:	67678793          	add	a5,a5,1654 # 8406b2d4 <kr_ctrl>
84068c66:	cfd8                	sw	a4,28(a5)
84068c68:	4729                	li	a4,10
84068c6a:	c3d8                	sw	a4,4(a5)
84068c6c:	0131                	add	sp,sp,12
84068c6e:	8082                	ret

84068c70 <key_remap_backend_deinit>:
84068c70:	1151                	add	sp,sp,-12
84068c72:	c222                	sw	s0,4(sp)
84068c74:	c406                	sw	ra,8(sp)
84068c76:	00002417          	auipc	s0,0x2
84068c7a:	65e40413          	add	s0,s0,1630 # 8406b2d4 <kr_ctrl>
84068c7e:	02042623          	sw	zero,44(s0)
84068c82:	e12ff0ef          	jal	84068294 <key_remap_macro_stop>
84068c86:	00042823          	sw	zero,16(s0)
84068c8a:	4412                	lw	s0,4(sp)
84068c8c:	40a2                	lw	ra,8(sp)
84068c8e:	00002517          	auipc	a0,0x2
84068c92:	1d252503          	lw	a0,466(a0) # 8406ae60 <macro_gpt_hdl>
84068c96:	0131                	add	sp,sp,12
84068c98:	ae51                	j	8406902c <hal_gpt_sw_free_timer>

84068c9a <key_remap_queue_init>:
84068c9a:	1151                	add	sp,sp,-12
84068c9c:	06800613          	li	a2,104
84068ca0:	4581                	li	a1,0
84068ca2:	c406                	sw	ra,8(sp)
84068ca4:	ec2fb0ef          	jal	84064366 <memset>
84068ca8:	40a2                	lw	ra,8(sp)
84068caa:	4651                	li	a2,20
84068cac:	4581                	li	a1,0
84068cae:	00002517          	auipc	a0,0x2
84068cb2:	65a50513          	add	a0,a0,1626 # 8406b308 <Kr_xy_buf>
84068cb6:	0131                	add	sp,sp,12
84068cb8:	eaefb06f          	j	84064366 <memset>

84068cbc <key_remap_xy_push>:
84068cbc:	00002697          	auipc	a3,0x2
84068cc0:	64c68693          	add	a3,a3,1612 # 8406b308 <Kr_xy_buf>
84068cc4:	4a9c                	lw	a5,16(a3)
84068cc6:	0017b793          	seqz	a5,a5
84068cca:	00379713          	sll	a4,a5,0x3
84068cce:	9736                	add	a4,a4,a3
84068cd0:	c308                	sw	a0,0(a4)
84068cd2:	c34c                	sw	a1,4(a4)
84068cd4:	ca9c                	sw	a5,16(a3)
84068cd6:	8082                	ret

84068cd8 <key_remap_xy_pop>:
84068cd8:	00002797          	auipc	a5,0x2
84068cdc:	63078793          	add	a5,a5,1584 # 8406b308 <Kr_xy_buf>
84068ce0:	4b98                	lw	a4,16(a5)
84068ce2:	070e                	sll	a4,a4,0x3
84068ce4:	97ba                	add	a5,a5,a4
84068ce6:	4390                	lw	a2,0(a5)
84068ce8:	43d4                	lw	a3,4(a5)
84068cea:	00d66733          	or	a4,a2,a3
84068cee:	c305                	beqz	a4,84068d0e <key_remap_xy_pop+0x36>
84068cf0:	4518                	lw	a4,8(a0)
84068cf2:	9732                	add	a4,a4,a2
84068cf4:	c518                	sw	a4,8(a0)
84068cf6:	4558                	lw	a4,12(a0)
84068cf8:	9736                	add	a4,a4,a3
84068cfa:	c558                	sw	a4,12(a0)
84068cfc:	0007a023          	sw	zero,0(a5)
84068d00:	0007a223          	sw	zero,4(a5)
84068d04:	511c                	lw	a5,32(a0)
84068d06:	80000737          	lui	a4,0x80000
84068d0a:	8fd9                	or	a5,a5,a4
84068d0c:	d11c                	sw	a5,32(a0)
84068d0e:	8082                	ret

84068d10 <key_remap_queue_pop>:
84068d10:	5174                	lw	a3,100(a0)
84068d12:	513c                	lw	a5,96(a0)
84068d14:	04d78c63          	beq	a5,a3,84068d6c <key_remap_queue_pop+0x5c>
84068d18:	0685                	add	a3,a3,1
84068d1a:	8a8d                	and	a3,a3,3
84068d1c:	00169713          	sll	a4,a3,0x1
84068d20:	00d707b3          	add	a5,a4,a3
84068d24:	078e                	sll	a5,a5,0x3
84068d26:	97aa                	add	a5,a5,a0
84068d28:	4bd0                	lw	a2,20(a5)
84068d2a:	c229                	beqz	a2,84068d6c <key_remap_queue_pop+0x5c>
84068d2c:	4790                	lw	a2,8(a5)
84068d2e:	0007a303          	lw	t1,0(a5)
84068d32:	cdd0                	sw	a2,28(a1)
84068d34:	41d0                	lw	a2,4(a1)
84068d36:	00666633          	or	a2,a2,t1
84068d3a:	c1d0                	sw	a2,4(a1)
84068d3c:	00c7a303          	lw	t1,12(a5)
84068d40:	5190                	lw	a2,32(a1)
84068d42:	00666633          	or	a2,a2,t1
84068d46:	0047a303          	lw	t1,4(a5)
84068d4a:	d190                	sw	a2,32(a1)
84068d4c:	00030763          	beqz	t1,84068d5a <key_remap_queue_pop+0x4a>
84068d50:	4990                	lw	a2,16(a1)
84068d52:	961a                	add	a2,a2,t1
84068d54:	c990                	sw	a2,16(a1)
84068d56:	0007a223          	sw	zero,4(a5)
84068d5a:	00d707b3          	add	a5,a4,a3
84068d5e:	078e                	sll	a5,a5,0x3
84068d60:	97aa                	add	a5,a5,a0
84068d62:	4b98                	lw	a4,16(a5)
84068d64:	d1d8                	sw	a4,36(a1)
84068d66:	d174                	sw	a3,100(a0)
84068d68:	0007aa23          	sw	zero,20(a5)
84068d6c:	8082                	ret

84068d6e <key_remap_queue_push>:
84068d6e:	513c                	lw	a5,96(a0)
84068d70:	5178                	lw	a4,100(a0)
84068d72:	0785                	add	a5,a5,1
84068d74:	8b8d                	and	a5,a5,3
84068d76:	02e78463          	beq	a5,a4,84068d9e <key_remap_queue_push+0x30>
84068d7a:	00179713          	sll	a4,a5,0x1
84068d7e:	4194                	lw	a3,0(a1)
84068d80:	d13c                	sw	a5,96(a0)
84068d82:	97ba                	add	a5,a5,a4
84068d84:	078e                	sll	a5,a5,0x3
84068d86:	953e                	add	a0,a0,a5
84068d88:	c114                	sw	a3,0(a0)
84068d8a:	41dc                	lw	a5,4(a1)
84068d8c:	c15c                	sw	a5,4(a0)
84068d8e:	459c                	lw	a5,8(a1)
84068d90:	c51c                	sw	a5,8(a0)
84068d92:	45dc                	lw	a5,12(a1)
84068d94:	c55c                	sw	a5,12(a0)
84068d96:	499c                	lw	a5,16(a1)
84068d98:	c91c                	sw	a5,16(a0)
84068d9a:	4785                	li	a5,1
84068d9c:	c95c                	sw	a5,20(a0)
84068d9e:	8082                	ret

84068da0 <hal_eint_counter_enable>:
84068da0:	00002797          	auipc	a5,0x2
84068da4:	fc47a783          	lw	a5,-60(a5) # 8406ad64 <EINT_REGISTER>
84068da8:	4705                	li	a4,1
84068daa:	10e7a023          	sw	a4,256(a5)
84068dae:	4501                	li	a0,0
84068db0:	8082                	ret

84068db2 <hal_eint_set_counter_number>:
84068db2:	03700713          	li	a4,55
84068db6:	87aa                	mv	a5,a0
84068db8:	02a76a63          	bltu	a4,a0,84068dec <hal_eint_set_counter_number+0x3a>
84068dbc:	4725                	li	a4,9
84068dbe:	5579                	li	a0,-2
84068dc0:	02b76763          	bltu	a4,a1,84068dee <hal_eint_set_counter_number+0x3c>
84068dc4:	03458693          	add	a3,a1,52
84068dc8:	00002717          	auipc	a4,0x2
84068dcc:	f9c72703          	lw	a4,-100(a4) # 8406ad64 <EINT_REGISTER>
84068dd0:	068a                	sll	a3,a3,0x2
84068dd2:	9736                	add	a4,a4,a3
84068dd4:	c71c                	sw	a5,8(a4)
84068dd6:	00002717          	auipc	a4,0x2
84068dda:	54670713          	add	a4,a4,1350 # 8406b31c <eint_count_table>
84068dde:	0ff7f793          	zext.b	a5,a5
84068de2:	972e                	add	a4,a4,a1
84068de4:	00f70023          	sb	a5,0(a4)
84068de8:	4501                	li	a0,0
84068dea:	8082                	ret
84068dec:	5579                	li	a0,-2
84068dee:	8082                	ret

84068df0 <hal_eint_get_debounce_out_value_by_mask>:
84068df0:	00002797          	auipc	a5,0x2
84068df4:	f747a783          	lw	a5,-140(a5) # 8406ad64 <EINT_REGISTER>
84068df8:	3107a703          	lw	a4,784(a5)
84068dfc:	c118                	sw	a4,0(a0)
84068dfe:	3147a783          	lw	a5,788(a5)
84068e02:	c19c                	sw	a5,0(a1)
84068e04:	8082                	ret

84068e06 <hal_gpio_get_input>:
84068e06:	02f00713          	li	a4,47
84068e0a:	87aa                	mv	a5,a0
84068e0c:	02a76963          	bltu	a4,a0,84068e3e <hal_gpio_get_input+0x38>
84068e10:	557d                	li	a0,-1
84068e12:	c59d                	beqz	a1,84068e40 <hal_gpio_get_input+0x3a>
84068e14:	0057d713          	srl	a4,a5,0x5
84068e18:	0721                	add	a4,a4,8
84068e1a:	00002697          	auipc	a3,0x2
84068e1e:	ee66a683          	lw	a3,-282(a3) # 8406ad00 <gpio_base>
84068e22:	070a                	sll	a4,a4,0x2
84068e24:	9736                	add	a4,a4,a3
84068e26:	4314                	lw	a3,0(a4)
84068e28:	4705                	li	a4,1
84068e2a:	00f717b3          	sll	a5,a4,a5
84068e2e:	8ff5                	and	a5,a5,a3
84068e30:	c781                	beqz	a5,84068e38 <hal_gpio_get_input+0x32>
84068e32:	c198                	sw	a4,0(a1)
84068e34:	4501                	li	a0,0
84068e36:	8082                	ret
84068e38:	0005a023          	sw	zero,0(a1)
84068e3c:	bfe5                	j	84068e34 <hal_gpio_get_input+0x2e>
84068e3e:	5579                	li	a0,-2
84068e40:	8082                	ret

84068e42 <hal_gpt_get_free_run_count>:
84068e42:	1151                	add	sp,sp,-12
84068e44:	c026                	sw	s1,0(sp)
84068e46:	c406                	sw	ra,8(sp)
84068e48:	c222                	sw	s0,4(sp)
84068e4a:	84ae                	mv	s1,a1
84068e4c:	ed15                	bnez	a0,84068e88 <hal_gpt_get_free_run_count+0x46>
84068e4e:	00002417          	auipc	s0,0x2
84068e52:	02e40413          	add	s0,s0,46 # 8406ae7c <gpt_running_state>
84068e56:	4018                	lw	a4,0(s0)
84068e58:	4785                	li	a5,1
84068e5a:	00f70b63          	beq	a4,a5,84068e70 <hal_gpt_get_free_run_count+0x2e>
84068e5e:	42150537          	lui	a0,0x42150
84068e62:	4601                	li	a2,0
84068e64:	45c1                	li	a1,16
84068e66:	10050513          	add	a0,a0,256 # 42150100 <__log_strings_end+0x3c14f02e>
84068e6a:	2ce5                	jal	84069162 <gpt_start_free_run_timer>
84068e6c:	4785                	li	a5,1
84068e6e:	c01c                	sw	a5,0(s0)
84068e70:	42150537          	lui	a0,0x42150
84068e74:	10050513          	add	a0,a0,256 # 42150100 <__log_strings_end+0x3c14f02e>
84068e78:	2c71                	jal	84069114 <gpt_current_count>
84068e7a:	c088                	sw	a0,0(s1)
84068e7c:	4501                	li	a0,0
84068e7e:	40a2                	lw	ra,8(sp)
84068e80:	4412                	lw	s0,4(sp)
84068e82:	4482                	lw	s1,0(sp)
84068e84:	0131                	add	sp,sp,12
84068e86:	8082                	ret
84068e88:	842a                	mv	s0,a0
84068e8a:	4785                	li	a5,1
84068e8c:	557d                	li	a0,-1
84068e8e:	fef418e3          	bne	s0,a5,84068e7e <hal_gpt_get_free_run_count+0x3c>
84068e92:	00002797          	auipc	a5,0x2
84068e96:	fea78793          	add	a5,a5,-22 # 8406ae7c <gpt_running_state>
84068e9a:	43d8                	lw	a4,4(a5)
84068e9c:	00870e63          	beq	a4,s0,84068eb8 <hal_gpt_get_free_run_count+0x76>
84068ea0:	42150537          	lui	a0,0x42150
84068ea4:	4635                	li	a2,13
84068ea6:	4581                	li	a1,0
84068ea8:	20050513          	add	a0,a0,512 # 42150200 <__log_strings_end+0x3c14f12e>
84068eac:	2c5d                	jal	84069162 <gpt_start_free_run_timer>
84068eae:	00002797          	auipc	a5,0x2
84068eb2:	fce78793          	add	a5,a5,-50 # 8406ae7c <gpt_running_state>
84068eb6:	c3c0                	sw	s0,4(a5)
84068eb8:	42150537          	lui	a0,0x42150
84068ebc:	20050513          	add	a0,a0,512 # 42150200 <__log_strings_end+0x3c14f12e>
84068ec0:	bf65                	j	84068e78 <hal_gpt_get_free_run_count+0x36>

84068ec2 <hal_gpt_get_duration_count>:
84068ec2:	c609                	beqz	a2,84068ecc <hal_gpt_get_duration_count+0xa>
84068ec4:	8d89                	sub	a1,a1,a0
84068ec6:	c20c                	sw	a1,0(a2)
84068ec8:	4501                	li	a0,0
84068eca:	8082                	ret
84068ecc:	557d                	li	a0,-1
84068ece:	8082                	ret

84068ed0 <hal_gpt_delay_us>:
84068ed0:	1141                	add	sp,sp,-16
84068ed2:	c226                	sw	s1,4(sp)
84068ed4:	00002497          	auipc	s1,0x2
84068ed8:	fa848493          	add	s1,s1,-88 # 8406ae7c <gpt_running_state>
84068edc:	40d8                	lw	a4,4(s1)
84068ede:	c422                	sw	s0,8(sp)
84068ee0:	c606                	sw	ra,12(sp)
84068ee2:	c02a                	sw	a0,0(sp)
84068ee4:	4405                	li	s0,1
84068ee6:	00870a63          	beq	a4,s0,84068efa <hal_gpt_delay_us+0x2a>
84068eea:	42150537          	lui	a0,0x42150
84068eee:	4635                	li	a2,13
84068ef0:	4581                	li	a1,0
84068ef2:	20050513          	add	a0,a0,512 # 42150200 <__log_strings_end+0x3c14f12e>
84068ef6:	24b5                	jal	84069162 <gpt_start_free_run_timer>
84068ef8:	c0c0                	sw	s0,4(s1)
84068efa:	4582                	lw	a1,0(sp)
84068efc:	42150537          	lui	a0,0x42150
84068f00:	20050513          	add	a0,a0,512 # 42150200 <__log_strings_end+0x3c14f12e>
84068f04:	24ad                	jal	8406916e <gpt_delay_time>
84068f06:	40b2                	lw	ra,12(sp)
84068f08:	4422                	lw	s0,8(sp)
84068f0a:	4492                	lw	s1,4(sp)
84068f0c:	4501                	li	a0,0
84068f0e:	0141                	add	sp,sp,16
84068f10:	8082                	ret

84068f12 <hal_gpt_sw_get_timer>:
84068f12:	1141                	add	sp,sp,-16
84068f14:	00002797          	auipc	a5,0x2
84068f18:	f407a823          	sw	zero,-176(a5) # 8406ae64 <sw_type_port.0>
84068f1c:	c422                	sw	s0,8(sp)
84068f1e:	c606                	sw	ra,12(sp)
84068f20:	c226                	sw	s1,4(sp)
84068f22:	00002417          	auipc	s0,0x2
84068f26:	f4240413          	add	s0,s0,-190 # 8406ae64 <sw_type_port.0>
84068f2a:	4785                	li	a5,1
84068f2c:	c05c                	sw	a5,4(s0)
84068f2e:	0e050d63          	beqz	a0,84069028 <hal_gpt_sw_get_timer+0x116>
84068f32:	84aa                	mv	s1,a0
84068f34:	850a                	mv	a0,sp
84068f36:	74c000ef          	jal	84069682 <hal_nvic_save_and_set_interrupt_mask>
84068f3a:	00002597          	auipc	a1,0x2
84068f3e:	4b65c583          	lbu	a1,1206(a1) # 8406b3f0 <g_sw_gpt_notes+0xc8>
84068f42:	47a5                	li	a5,9
84068f44:	00002697          	auipc	a3,0x2
84068f48:	3e468693          	add	a3,a3,996 # 8406b328 <g_sw_gpt_notes>
84068f4c:	4701                	li	a4,0
84068f4e:	4629                	li	a2,10
84068f50:	00b7fe63          	bgeu	a5,a1,84068f6c <hal_gpt_sw_get_timer+0x5a>
84068f54:	4502                	lw	a0,0(sp)
84068f56:	734000ef          	jal	8406968a <hal_nvic_restore_interrupt_mask>
84068f5a:	556d                	li	a0,-5
84068f5c:	40b2                	lw	ra,12(sp)
84068f5e:	4422                	lw	s0,8(sp)
84068f60:	4492                	lw	s1,4(sp)
84068f62:	0141                	add	sp,sp,16
84068f64:	8082                	ret
84068f66:	0705                	add	a4,a4,1
84068f68:	02c70563          	beq	a4,a2,84068f92 <hal_gpt_sw_get_timer+0x80>
84068f6c:	00271793          	sll	a5,a4,0x2
84068f70:	97ba                	add	a5,a5,a4
84068f72:	078a                	sll	a5,a5,0x2
84068f74:	97b6                	add	a5,a5,a3
84068f76:	43cc                	lw	a1,4(a5)
84068f78:	f5fd                	bnez	a1,84068f66 <hal_gpt_sw_get_timer+0x54>
84068f7a:	aaaa0637          	lui	a2,0xaaaa0
84068f7e:	8f51                	or	a4,a4,a2
84068f80:	c098                	sw	a4,0(s1)
84068f82:	4705                	li	a4,1
84068f84:	c3d8                	sw	a4,4(a5)
84068f86:	0007a023          	sw	zero,0(a5)
84068f8a:	0007a623          	sw	zero,12(a5)
84068f8e:	0007a823          	sw	zero,16(a5)
84068f92:	0c86c783          	lbu	a5,200(a3)
84068f96:	4502                	lw	a0,0(sp)
84068f98:	00002497          	auipc	s1,0x2
84068f9c:	ed448493          	add	s1,s1,-300 # 8406ae6c <sw_gpt_first_start>
84068fa0:	0785                	add	a5,a5,1
84068fa2:	0ff7f793          	zext.b	a5,a5
84068fa6:	0cf68423          	sb	a5,200(a3)
84068faa:	25c5                	jal	8406968a <hal_nvic_restore_interrupt_mask>
84068fac:	00002797          	auipc	a5,0x2
84068fb0:	ec07c783          	lbu	a5,-320(a5) # 8406ae6c <sw_gpt_first_start>
84068fb4:	eb99                	bnez	a5,84068fca <hal_gpt_sw_get_timer+0xb8>
84068fb6:	00002517          	auipc	a0,0x2
84068fba:	d9252503          	lw	a0,-622(a0) # 8406ad48 <gpt_lock_sleep_name+0x18>
84068fbe:	1d7000ef          	jal	84069994 <hal_sleep_manager_set_sleep_handle>
84068fc2:	00002797          	auipc	a5,0x2
84068fc6:	eaa78a23          	sb	a0,-332(a5) # 8406ae76 <gpt_lock_sleep_handle+0x6>
84068fca:	850a                	mv	a0,sp
84068fcc:	2d5d                	jal	84069682 <hal_nvic_save_and_set_interrupt_mask>
84068fce:	0004c783          	lbu	a5,0(s1)
84068fd2:	e7b9                	bnez	a5,84069020 <hal_gpt_sw_get_timer+0x10e>
84068fd4:	4785                	li	a5,1
84068fd6:	4515                	li	a0,5
84068fd8:	00f48023          	sb	a5,0(s1)
84068fdc:	20c9                	jal	8406909e <gpt_get_context_index>
84068fde:	84aa                	mv	s1,a0
84068fe0:	4519                	li	a0,6
84068fe2:	2875                	jal	8406909e <gpt_get_context_index>
84068fe4:	00a4e733          	or	a4,s1,a0
84068fe8:	4785                	li	a5,1
84068fea:	00e7f663          	bgeu	a5,a4,84068ff6 <hal_gpt_sw_get_timer+0xe4>
84068fee:	4502                	lw	a0,0(sp)
84068ff0:	2d69                	jal	8406968a <hal_nvic_restore_interrupt_mask>
84068ff2:	5579                	li	a0,-2
84068ff4:	b7a5                	j	84068f5c <hal_gpt_sw_get_timer+0x4a>
84068ff6:	00002797          	auipc	a5,0x2
84068ffa:	3fe78793          	add	a5,a5,1022 # 8406b3f4 <g_gpt_context>
84068ffe:	0492                	sll	s1,s1,0x4
84069000:	94be                	add	s1,s1,a5
84069002:	00000717          	auipc	a4,0x0
84069006:	2ce70713          	add	a4,a4,718 # 840692d0 <sw_gpt_callback>
8406900a:	0512                	sll	a0,a0,0x4
8406900c:	c0d8                	sw	a4,4(s1)
8406900e:	97aa                	add	a5,a5,a0
84069010:	c480                	sw	s0,8(s1)
84069012:	c3d8                	sw	a4,4(a5)
84069014:	00002717          	auipc	a4,0x2
84069018:	e5470713          	add	a4,a4,-428 # 8406ae68 <sw_type_port.0+0x4>
8406901c:	c798                	sw	a4,8(a5)
8406901e:	2ab1                	jal	8406917a <gpt_nvic_register>
84069020:	4502                	lw	a0,0(sp)
84069022:	25a5                	jal	8406968a <hal_nvic_restore_interrupt_mask>
84069024:	4501                	li	a0,0
84069026:	bf1d                	j	84068f5c <hal_gpt_sw_get_timer+0x4a>
84069028:	557d                	li	a0,-1
8406902a:	bf0d                	j	84068f5c <hal_gpt_sw_get_timer+0x4a>

8406902c <hal_gpt_sw_free_timer>:
8406902c:	aaaa07b7          	lui	a5,0xaaaa0
84069030:	00f57733          	and	a4,a0,a5
84069034:	04f71e63          	bne	a4,a5,84069090 <hal_gpt_sw_free_timer+0x64>
84069038:	01051793          	sll	a5,a0,0x10
8406903c:	83c1                	srl	a5,a5,0x10
8406903e:	4725                	li	a4,9
84069040:	557d                	li	a0,-1
84069042:	04f76963          	bltu	a4,a5,84069094 <hal_gpt_sw_free_timer+0x68>
84069046:	1141                	add	sp,sp,-16
84069048:	c422                	sw	s0,8(sp)
8406904a:	00279413          	sll	s0,a5,0x2
8406904e:	943e                	add	s0,s0,a5
84069050:	c226                	sw	s1,4(sp)
84069052:	040a                	sll	s0,s0,0x2
84069054:	00002497          	auipc	s1,0x2
84069058:	2d448493          	add	s1,s1,724 # 8406b328 <g_sw_gpt_notes>
8406905c:	9426                	add	s0,s0,s1
8406905e:	4058                	lw	a4,4(s0)
84069060:	c606                	sw	ra,12(sp)
84069062:	4785                	li	a5,1
84069064:	5575                	li	a0,-3
84069066:	02f71063          	bne	a4,a5,84069086 <hal_gpt_sw_free_timer+0x5a>
8406906a:	850a                	mv	a0,sp
8406906c:	2d19                	jal	84069682 <hal_nvic_save_and_set_interrupt_mask>
8406906e:	00042223          	sw	zero,4(s0)
84069072:	0c84c783          	lbu	a5,200(s1)
84069076:	4502                	lw	a0,0(sp)
84069078:	17fd                	add	a5,a5,-1 # aaa9ffff <_isr_stack_end+0x26a33fff>
8406907a:	0ff7f793          	zext.b	a5,a5
8406907e:	0cf48423          	sb	a5,200(s1)
84069082:	2521                	jal	8406968a <hal_nvic_restore_interrupt_mask>
84069084:	4501                	li	a0,0
84069086:	40b2                	lw	ra,12(sp)
84069088:	4422                	lw	s0,8(sp)
8406908a:	4492                	lw	s1,4(sp)
8406908c:	0141                	add	sp,sp,16
8406908e:	8082                	ret
84069090:	557d                	li	a0,-1
84069092:	8082                	ret
84069094:	8082                	ret

84069096 <hal_gpt_sw_start_timer_ms>:
84069096:	4701                	li	a4,0
84069098:	a6bd                	j	84069406 <sw_gpt_timer_start>

8406909a <hal_gpt_sw_stop_timer_ms>:
8406909a:	4581                	li	a1,0
8406909c:	a969                	j	84069536 <sw_gpt_timer_stop>

8406909e <gpt_get_context_index>:
8406909e:	4715                	li	a4,5
840690a0:	87aa                	mv	a5,a0
840690a2:	00e50963          	beq	a0,a4,840690b4 <gpt_get_context_index+0x16>
840690a6:	4719                	li	a4,6
840690a8:	0ff00513          	li	a0,255
840690ac:	00e79563          	bne	a5,a4,840690b6 <gpt_get_context_index+0x18>
840690b0:	4505                	li	a0,1
840690b2:	8082                	ret
840690b4:	4501                	li	a0,0
840690b6:	8082                	ret

840690b8 <gpt_interrupt_handler>:
840690b8:	1131                	add	sp,sp,-20
840690ba:	c622                	sw	s0,12(sp)
840690bc:	c426                	sw	s1,8(sp)
840690be:	c806                	sw	ra,16(sp)
840690c0:	4481                	li	s1,0
840690c2:	00002417          	auipc	s0,0x2
840690c6:	33240413          	add	s0,s0,818 # 8406b3f4 <g_gpt_context>
840690ca:	8526                	mv	a0,s1
840690cc:	fd3ff0ef          	jal	8406909e <gpt_get_context_index>
840690d0:	4685                	li	a3,1
840690d2:	02a6e863          	bltu	a3,a0,84069102 <gpt_interrupt_handler+0x4a>
840690d6:	42150737          	lui	a4,0x42150
840690da:	00849793          	sll	a5,s1,0x8
840690de:	97ba                	add	a5,a5,a4
840690e0:	4b98                	lw	a4,16(a5)
840690e2:	c03a                	sw	a4,0(sp)
840690e4:	47d8                	lw	a4,12(a5)
840690e6:	c23a                	sw	a4,4(sp)
840690e8:	4702                	lw	a4,0(sp)
840690ea:	8b05                	and	a4,a4,1
840690ec:	cb19                	beqz	a4,84069102 <gpt_interrupt_handler+0x4a>
840690ee:	4712                	lw	a4,4(sp)
840690f0:	8b05                	and	a4,a4,1
840690f2:	cb01                	beqz	a4,84069102 <gpt_interrupt_handler+0x4a>
840690f4:	0512                	sll	a0,a0,0x4
840690f6:	9522                	add	a0,a0,s0
840690f8:	cbd4                	sw	a3,20(a5)
840690fa:	415c                	lw	a5,4(a0)
840690fc:	c399                	beqz	a5,84069102 <gpt_interrupt_handler+0x4a>
840690fe:	4508                	lw	a0,8(a0)
84069100:	9782                	jalr	a5
84069102:	0485                	add	s1,s1,1
84069104:	479d                	li	a5,7
84069106:	fcf492e3          	bne	s1,a5,840690ca <gpt_interrupt_handler+0x12>
8406910a:	40c2                	lw	ra,16(sp)
8406910c:	4432                	lw	s0,12(sp)
8406910e:	44a2                	lw	s1,8(sp)
84069110:	0151                	add	sp,sp,20
84069112:	8082                	ret

84069114 <gpt_current_count>:
84069114:	4d08                	lw	a0,24(a0)
84069116:	8082                	ret

84069118 <gpt_convert_ms_to_32k_count>:
84069118:	1141                	add	sp,sp,-16
8406911a:	00351793          	sll	a5,a0,0x3
8406911e:	c422                	sw	s0,8(sp)
84069120:	45a9                	li	a1,10
84069122:	842a                	mv	s0,a0
84069124:	40a78533          	sub	a0,a5,a0
84069128:	c606                	sw	ra,12(sp)
8406912a:	c226                	sw	s1,4(sp)
8406912c:	c03e                	sw	a5,0(sp)
8406912e:	9c2fb0ef          	jal	840642f0 <__hidden___udivsi3>
84069132:	84aa                	mv	s1,a0
84069134:	00141513          	sll	a0,s0,0x1
84069138:	9522                	add	a0,a0,s0
8406913a:	06400593          	li	a1,100
8406913e:	0506                	sll	a0,a0,0x1
84069140:	9b0fb0ef          	jal	840642f0 <__hidden___udivsi3>
84069144:	4782                	lw	a5,0(sp)
84069146:	94aa                	add	s1,s1,a0
84069148:	0416                	sll	s0,s0,0x5
8406914a:	3e800593          	li	a1,1000
8406914e:	853e                	mv	a0,a5
84069150:	9a0fb0ef          	jal	840642f0 <__hidden___udivsi3>
84069154:	9426                	add	s0,s0,s1
84069156:	40b2                	lw	ra,12(sp)
84069158:	9522                	add	a0,a0,s0
8406915a:	4422                	lw	s0,8(sp)
8406915c:	4492                	lw	s1,4(sp)
8406915e:	0141                	add	sp,sp,16
84069160:	8082                	ret

84069162 <gpt_start_free_run_timer>:
84069162:	8dd1                	or	a1,a1,a2
84069164:	c50c                	sw	a1,8(a0)
84069166:	30100793          	li	a5,769
8406916a:	c11c                	sw	a5,0(a0)
8406916c:	8082                	ret

8406916e <gpt_delay_time>:
8406916e:	4d18                	lw	a4,24(a0)
84069170:	4d1c                	lw	a5,24(a0)
84069172:	8f99                	sub	a5,a5,a4
84069174:	fef5fee3          	bgeu	a1,a5,84069170 <gpt_delay_time+0x2>
84069178:	8082                	ret

8406917a <gpt_nvic_register>:
8406917a:	1151                	add	sp,sp,-12
8406917c:	c222                	sw	s0,4(sp)
8406917e:	00002417          	auipc	s0,0x2
84069182:	cf940413          	add	s0,s0,-775 # 8406ae77 <is_init.0>
84069186:	00044783          	lbu	a5,0(s0)
8406918a:	c406                	sw	ra,8(sp)
8406918c:	ef91                	bnez	a5,840691a8 <gpt_nvic_register+0x2e>
8406918e:	4551                	li	a0,20
84069190:	21dd                	jal	84069676 <hal_nvic_disable_irq>
84069192:	00000597          	auipc	a1,0x0
84069196:	f2658593          	add	a1,a1,-218 # 840690b8 <gpt_interrupt_handler>
8406919a:	4551                	li	a0,20
8406919c:	297d                	jal	8406965a <hal_nvic_register_isr_handler>
8406919e:	4551                	li	a0,20
840691a0:	21e9                	jal	8406966a <hal_nvic_enable_irq>
840691a2:	4785                	li	a5,1
840691a4:	00f40023          	sb	a5,0(s0)
840691a8:	40a2                	lw	ra,8(sp)
840691aa:	4412                	lw	s0,4(sp)
840691ac:	0131                	add	sp,sp,12
840691ae:	8082                	ret

840691b0 <sw_gpt_find_the_next_expire_time>:
840691b0:	1151                	add	sp,sp,-12
840691b2:	800002b7          	lui	t0,0x80000
840691b6:	c422                	sw	s0,8(sp)
840691b8:	c226                	sw	s1,4(sp)
840691ba:	c032                	sw	a2,0(sp)
840691bc:	00002717          	auipc	a4,0x2
840691c0:	16c70713          	add	a4,a4,364 # 8406b328 <g_sw_gpt_notes>
840691c4:	43a9                	li	t2,10
840691c6:	537d                	li	t1,-1
840691c8:	4781                	li	a5,0
840691ca:	4489                	li	s1,2
840691cc:	12f9                	add	t0,t0,-2 # 7ffffffe <__log_strings_end+0x79ffef2c>
840691ce:	4429                	li	s0,10
840691d0:	4350                	lw	a2,4(a4)
840691d2:	00961d63          	bne	a2,s1,840691ec <sw_gpt_find_the_next_expire_time+0x3c>
840691d6:	4710                	lw	a2,8(a4)
840691d8:	00d61a63          	bne	a2,a3,840691ec <sw_gpt_find_the_next_expire_time+0x3c>
840691dc:	4310                	lw	a2,0(a4)
840691de:	8e09                	sub	a2,a2,a0
840691e0:	02c2e363          	bltu	t0,a2,84069206 <sw_gpt_find_the_next_expire_time+0x56>
840691e4:	00667463          	bgeu	a2,t1,840691ec <sw_gpt_find_the_next_expire_time+0x3c>
840691e8:	83be                	mv	t2,a5
840691ea:	8332                	mv	t1,a2
840691ec:	0785                	add	a5,a5,1
840691ee:	0751                	add	a4,a4,20
840691f0:	fe8790e3          	bne	a5,s0,840691d0 <sw_gpt_find_the_next_expire_time+0x20>
840691f4:	879e                	mv	a5,t2
840691f6:	c19c                	sw	a5,0(a1)
840691f8:	4782                	lw	a5,0(sp)
840691fa:	4422                	lw	s0,8(sp)
840691fc:	4492                	lw	s1,4(sp)
840691fe:	0067a023          	sw	t1,0(a5)
84069202:	0131                	add	sp,sp,12
84069204:	8082                	ret
84069206:	4301                	li	t1,0
84069208:	b7fd                	j	840691f6 <sw_gpt_find_the_next_expire_time+0x46>

8406920a <clear_gpt_and_restart_hw_gpt>:
8406920a:	1141                	add	sp,sp,-16
8406920c:	c226                	sw	s1,4(sp)
8406920e:	84aa                	mv	s1,a0
84069210:	850a                	mv	a0,sp
84069212:	c422                	sw	s0,8(sp)
84069214:	c606                	sw	ra,12(sp)
84069216:	842e                	mv	s0,a1
84069218:	21ad                	jal	84069682 <hal_nvic_save_and_set_interrupt_mask>
8406921a:	004217b7          	lui	a5,0x421
8406921e:	50078793          	add	a5,a5,1280 # 421500 <__fp_pattern_ram_total+0x419b00>
84069222:	97a2                	add	a5,a5,s0
84069224:	07a2                	sll	a5,a5,0x8
84069226:	4398                	lw	a4,0(a5)
84069228:	76c1                	lui	a3,0xffff0
8406922a:	16fd                	add	a3,a3,-1 # fffeffff <_isr_stack_end+0x7bf83fff>
8406922c:	8f75                	and	a4,a4,a3
8406922e:	c398                	sw	a4,0(a5)
84069230:	0007a623          	sw	zero,12(a5)
84069234:	0007c703          	lbu	a4,0(a5)
84069238:	42151637          	lui	a2,0x42151
8406923c:	c0060613          	add	a2,a2,-1024 # 42150c00 <__log_strings_end+0x3c14fb2e>
84069240:	0fe77713          	and	a4,a4,254
84069244:	00e78023          	sb	a4,0(a5)
84069248:	0007a423          	sw	zero,8(a5)
8406924c:	4705                	li	a4,1
8406924e:	cfc4                	sw	s1,28(a5)
84069250:	00871733          	sll	a4,a4,s0
84069254:	4e14                	lw	a3,24(a2)
84069256:	8ef9                	and	a3,a3,a4
84069258:	fef5                	bnez	a3,84069254 <clear_gpt_and_restart_hw_gpt+0x4a>
8406925a:	4685                	li	a3,1
8406925c:	cbd4                	sw	a3,20(a5)
8406925e:	42151637          	lui	a2,0x42151
84069262:	c3d4                	sw	a3,4(a5)
84069264:	c0060613          	add	a2,a2,-1024 # 42150c00 <__log_strings_end+0x3c14fb2e>
84069268:	4a54                	lw	a3,20(a2)
8406926a:	8ef9                	and	a3,a3,a4
8406926c:	fef5                	bnez	a3,84069268 <clear_gpt_and_restart_hw_gpt+0x5e>
8406926e:	4695                	li	a3,5
84069270:	04d41763          	bne	s0,a3,840692be <clear_gpt_and_restart_hw_gpt+0xb4>
84069274:	421506b7          	lui	a3,0x42150
84069278:	50068693          	add	a3,a3,1280 # 42150500 <__log_strings_end+0x3c14f42e>
8406927c:	4641                	li	a2,16
8406927e:	c690                	sw	a2,8(a3)
84069280:	4394                	lw	a3,0(a5)
84069282:	fff74713          	not	a4,a4
84069286:	cff6f693          	and	a3,a3,-769
8406928a:	c394                	sw	a3,0(a5)
8406928c:	0007c683          	lbu	a3,0(a5)
84069290:	0016e693          	or	a3,a3,1
84069294:	00d78023          	sb	a3,0(a5)
84069298:	421516b7          	lui	a3,0x42151
8406929c:	c0068693          	add	a3,a3,-1024 # 42150c00 <__log_strings_end+0x3c14fb2e>
840692a0:	4690                	lw	a2,8(a3)
840692a2:	8e79                	and	a2,a2,a4
840692a4:	c690                	sw	a2,8(a3)
840692a6:	4a90                	lw	a2,16(a3)
840692a8:	8f71                	and	a4,a4,a2
840692aa:	ca98                	sw	a4,16(a3)
840692ac:	4502                	lw	a0,0(sp)
840692ae:	4705                	li	a4,1
840692b0:	c7d8                	sw	a4,12(a5)
840692b2:	2ee1                	jal	8406968a <hal_nvic_restore_interrupt_mask>
840692b4:	40b2                	lw	ra,12(sp)
840692b6:	4422                	lw	s0,8(sp)
840692b8:	4492                	lw	s1,4(sp)
840692ba:	0141                	add	sp,sp,16
840692bc:	8082                	ret
840692be:	4699                	li	a3,6
840692c0:	fcd410e3          	bne	s0,a3,84069280 <clear_gpt_and_restart_hw_gpt+0x76>
840692c4:	421506b7          	lui	a3,0x42150
840692c8:	60068693          	add	a3,a3,1536 # 42150600 <__log_strings_end+0x3c14f52e>
840692cc:	4635                	li	a2,13
840692ce:	bf45                	j	8406927e <clear_gpt_and_restart_hw_gpt+0x74>

840692d0 <sw_gpt_callback>:
840692d0:	fd410113          	add	sp,sp,-44
840692d4:	d222                	sw	s0,36(sp)
840692d6:	4100                	lw	s0,0(a0)
840692d8:	d406                	sw	ra,40(sp)
840692da:	d026                	sw	s1,32(sp)
840692dc:	00241793          	sll	a5,s0,0x2
840692e0:	c43e                	sw	a5,8(sp)
840692e2:	00241713          	sll	a4,s0,0x2
840692e6:	00002797          	auipc	a5,0x2
840692ea:	a1e78793          	add	a5,a5,-1506 # 8406ad04 <g_sw_gpt_running_note>
840692ee:	97ba                	add	a5,a5,a4
840692f0:	ca02                	sw	zero,20(sp)
840692f2:	4729                	li	a4,10
840692f4:	c398                	sw	a4,0(a5)
840692f6:	479d                	li	a5,7
840692f8:	c03e                	sw	a5,0(sp)
840692fa:	0e041563          	bnez	s0,840693e4 <sw_gpt_callback+0x114>
840692fe:	084c                	add	a1,sp,20
84069300:	4501                	li	a0,0
84069302:	b41ff0ef          	jal	84068e42 <hal_gpt_get_free_run_count>
84069306:	4795                	li	a5,5
84069308:	c03e                	sw	a5,0(sp)
8406930a:	00002497          	auipc	s1,0x2
8406930e:	01e48493          	add	s1,s1,30 # 8406b328 <g_sw_gpt_notes>
84069312:	c202                	sw	zero,4(sp)
84069314:	0808                	add	a0,sp,16
84069316:	26b5                	jal	84069682 <hal_nvic_save_and_set_interrupt_mask>
84069318:	40d4                	lw	a3,4(s1)
8406931a:	4709                	li	a4,2
8406931c:	4542                	lw	a0,16(sp)
8406931e:	0ce69c63          	bne	a3,a4,840693f6 <sw_gpt_callback+0x126>
84069322:	4498                	lw	a4,8(s1)
84069324:	0c871963          	bne	a4,s0,840693f6 <sw_gpt_callback+0x126>
84069328:	4098                	lw	a4,0(s1)
8406932a:	46d2                	lw	a3,20(sp)
8406932c:	8e99                	sub	a3,a3,a4
8406932e:	80000737          	lui	a4,0x80000
84069332:	1779                	add	a4,a4,-2 # 7ffffffe <__log_strings_end+0x79ffef2c>
84069334:	0cd76163          	bltu	a4,a3,840693f6 <sw_gpt_callback+0x126>
84069338:	4785                	li	a5,1
8406933a:	44d8                	lw	a4,12(s1)
8406933c:	c0dc                	sw	a5,4(s1)
8406933e:	489c                	lw	a5,16(s1)
84069340:	c63a                	sw	a4,12(sp)
84069342:	c23e                	sw	a5,4(sp)
84069344:	2699                	jal	8406968a <hal_nvic_restore_interrupt_mask>
84069346:	4512                	lw	a0,4(sp)
84069348:	4732                	lw	a4,12(sp)
8406934a:	9702                	jalr	a4
8406934c:	4785                	li	a5,1
8406934e:	c23e                	sw	a5,4(sp)
84069350:	04d1                	add	s1,s1,20
84069352:	00002797          	auipc	a5,0x2
84069356:	09e78793          	add	a5,a5,158 # 8406b3f0 <g_sw_gpt_notes+0xc8>
8406935a:	faf49de3          	bne	s1,a5,84069314 <sw_gpt_callback+0x44>
8406935e:	4792                	lw	a5,4(sp)
84069360:	4705                	li	a4,1
84069362:	f8e78ce3          	beq	a5,a4,840692fa <sw_gpt_callback+0x2a>
84069366:	0808                	add	a0,sp,16
84069368:	2e29                	jal	84069682 <hal_nvic_save_and_set_interrupt_mask>
8406936a:	4722                	lw	a4,8(sp)
8406936c:	00002797          	auipc	a5,0x2
84069370:	99878793          	add	a5,a5,-1640 # 8406ad04 <g_sw_gpt_running_note>
84069374:	97ba                	add	a5,a5,a4
84069376:	0007a303          	lw	t1,0(a5)
8406937a:	4729                	li	a4,10
8406937c:	04e31c63          	bne	t1,a4,840693d4 <sw_gpt_callback+0x104>
84069380:	4552                	lw	a0,20(sp)
84069382:	86a2                	mv	a3,s0
84069384:	0870                	add	a2,sp,28
84069386:	082c                	add	a1,sp,24
84069388:	c41a                	sw	t1,8(sp)
8406938a:	c23e                	sw	a5,4(sp)
8406938c:	e25ff0ef          	jal	840691b0 <sw_gpt_find_the_next_expire_time>
84069390:	4762                	lw	a4,24(sp)
84069392:	4322                	lw	t1,8(sp)
84069394:	4792                	lw	a5,4(sp)
84069396:	06671263          	bne	a4,t1,840693fa <sw_gpt_callback+0x12a>
8406939a:	4702                	lw	a4,0(sp)
8406939c:	004217b7          	lui	a5,0x421
840693a0:	50078793          	add	a5,a5,1280 # 421500 <__fp_pattern_ram_total+0x419b00>
840693a4:	97ba                	add	a5,a5,a4
840693a6:	07a2                	sll	a5,a5,0x8
840693a8:	00078023          	sb	zero,0(a5)
840693ac:	4785                	li	a5,1
840693ae:	02f41363          	bne	s0,a5,840693d4 <sw_gpt_callback+0x104>
840693b2:	00002797          	auipc	a5,0x2
840693b6:	ac67c783          	lbu	a5,-1338(a5) # 8406ae78 <sw_gpt_us_locksleep_status>
840693ba:	cf89                	beqz	a5,840693d4 <sw_gpt_callback+0x104>
840693bc:	00002797          	auipc	a5,0x2
840693c0:	aa078e23          	sb	zero,-1348(a5) # 8406ae78 <sw_gpt_us_locksleep_status>
840693c4:	00002797          	auipc	a5,0x2
840693c8:	aac78793          	add	a5,a5,-1364 # 8406ae70 <gpt_lock_sleep_handle>
840693cc:	97ba                	add	a5,a5,a4
840693ce:	0007c503          	lbu	a0,0(a5)
840693d2:	23e9                	jal	8406999c <hal_sleep_manager_unlock_sleep>
840693d4:	4542                	lw	a0,16(sp)
840693d6:	2c55                	jal	8406968a <hal_nvic_restore_interrupt_mask>
840693d8:	50a2                	lw	ra,40(sp)
840693da:	5412                	lw	s0,36(sp)
840693dc:	5482                	lw	s1,32(sp)
840693de:	02c10113          	add	sp,sp,44
840693e2:	8082                	ret
840693e4:	4785                	li	a5,1
840693e6:	f2f412e3          	bne	s0,a5,8406930a <sw_gpt_callback+0x3a>
840693ea:	084c                	add	a1,sp,20
840693ec:	4505                	li	a0,1
840693ee:	a55ff0ef          	jal	84068e42 <hal_gpt_get_free_run_count>
840693f2:	4799                	li	a5,6
840693f4:	bf11                	j	84069308 <sw_gpt_callback+0x38>
840693f6:	2c51                	jal	8406968a <hal_nvic_restore_interrupt_mask>
840693f8:	bfa1                	j	84069350 <sw_gpt_callback+0x80>
840693fa:	c398                	sw	a4,0(a5)
840693fc:	4582                	lw	a1,0(sp)
840693fe:	4572                	lw	a0,28(sp)
84069400:	e0bff0ef          	jal	8406920a <clear_gpt_and_restart_hw_gpt>
84069404:	bfc1                	j	840693d4 <sw_gpt_callback+0x104>

84069406 <sw_gpt_timer_start>:
84069406:	01051793          	sll	a5,a0,0x10
8406940a:	fd410113          	add	sp,sp,-44
8406940e:	83c1                	srl	a5,a5,0x10
84069410:	d406                	sw	ra,40(sp)
84069412:	d222                	sw	s0,36(sp)
84069414:	d026                	sw	s1,32(sp)
84069416:	c232                	sw	a2,4(sp)
84069418:	c436                	sw	a3,8(sp)
8406941a:	c03e                	sw	a5,0(sp)
8406941c:	c802                	sw	zero,16(sp)
8406941e:	10060863          	beqz	a2,8406952e <sw_gpt_timer_start+0x128>
84069422:	aaaa07b7          	lui	a5,0xaaaa0
84069426:	8d7d                	and	a0,a0,a5
84069428:	10f51363          	bne	a0,a5,8406952e <sw_gpt_timer_start+0x128>
8406942c:	843a                	mv	s0,a4
8406942e:	4702                	lw	a4,0(sp)
84069430:	47a5                	li	a5,9
84069432:	0ee7ee63          	bltu	a5,a4,8406952e <sw_gpt_timer_start+0x128>
84069436:	03e807b7          	lui	a5,0x3e80
8406943a:	84ae                	mv	s1,a1
8406943c:	00f5ec63          	bltu	a1,a5,84069454 <sw_gpt_timer_start+0x4e>
84069440:	0e040963          	beqz	s0,84069532 <sw_gpt_timer_start+0x12c>
84069444:	0405df63          	bgez	a1,840694a2 <sw_gpt_timer_start+0x9c>
84069448:	4785                	li	a5,1
8406944a:	0ef40463          	beq	s0,a5,84069532 <sw_gpt_timer_start+0x12c>
8406944e:	431d                	li	t1,7
84069450:	4481                	li	s1,0
84069452:	a819                	j	84069468 <sw_gpt_timer_start+0x62>
84069454:	e439                	bnez	s0,840694a2 <sw_gpt_timer_start+0x9c>
84069456:	080c                	add	a1,sp,16
84069458:	4501                	li	a0,0
8406945a:	9e9ff0ef          	jal	84068e42 <hal_gpt_get_free_run_count>
8406945e:	8526                	mv	a0,s1
84069460:	cb9ff0ef          	jal	84069118 <gpt_convert_ms_to_32k_count>
84069464:	84aa                	mv	s1,a0
84069466:	4315                	li	t1,5
84069468:	47c2                	lw	a5,16(sp)
8406946a:	0848                	add	a0,sp,20
8406946c:	c61a                	sw	t1,12(sp)
8406946e:	94be                	add	s1,s1,a5
84069470:	2c09                	jal	84069682 <hal_nvic_save_and_set_interrupt_mask>
84069472:	4782                	lw	a5,0(sp)
84069474:	4332                	lw	t1,12(sp)
84069476:	00279713          	sll	a4,a5,0x2
8406947a:	973e                	add	a4,a4,a5
8406947c:	070a                	sll	a4,a4,0x2
8406947e:	00002797          	auipc	a5,0x2
84069482:	eaa78793          	add	a5,a5,-342 # 8406b328 <g_sw_gpt_notes>
84069486:	97ba                	add	a5,a5,a4
84069488:	43d4                	lw	a3,4(a5)
8406948a:	4705                	li	a4,1
8406948c:	04e68a63          	beq	a3,a4,840694e0 <sw_gpt_timer_start+0xda>
84069490:	4552                	lw	a0,20(sp)
84069492:	2ae5                	jal	8406968a <hal_nvic_restore_interrupt_mask>
84069494:	5565                	li	a0,-7
84069496:	50a2                	lw	ra,40(sp)
84069498:	5412                	lw	s0,36(sp)
8406949a:	5482                	lw	s1,32(sp)
8406949c:	02c10113          	add	sp,sp,44
840694a0:	8082                	ret
840694a2:	4785                	li	a5,1
840694a4:	faf415e3          	bne	s0,a5,8406944e <sw_gpt_timer_start+0x48>
840694a8:	0848                	add	a0,sp,20
840694aa:	2ae1                	jal	84069682 <hal_nvic_save_and_set_interrupt_mask>
840694ac:	00002797          	auipc	a5,0x2
840694b0:	9cc78793          	add	a5,a5,-1588 # 8406ae78 <sw_gpt_us_locksleep_status>
840694b4:	0007c703          	lbu	a4,0(a5)
840694b8:	ef01                	bnez	a4,840694d0 <sw_gpt_timer_start+0xca>
840694ba:	00002517          	auipc	a0,0x2
840694be:	9bc54503          	lbu	a0,-1604(a0) # 8406ae76 <gpt_lock_sleep_handle+0x6>
840694c2:	29d9                	jal	84069998 <hal_sleep_manager_lock_sleep>
840694c4:	00002797          	auipc	a5,0x2
840694c8:	9b478793          	add	a5,a5,-1612 # 8406ae78 <sw_gpt_us_locksleep_status>
840694cc:	00878023          	sb	s0,0(a5)
840694d0:	4552                	lw	a0,20(sp)
840694d2:	2a65                	jal	8406968a <hal_nvic_restore_interrupt_mask>
840694d4:	080c                	add	a1,sp,16
840694d6:	4505                	li	a0,1
840694d8:	96bff0ef          	jal	84068e42 <hal_gpt_get_free_run_count>
840694dc:	4319                	li	t1,6
840694de:	b769                	j	84069468 <sw_gpt_timer_start+0x62>
840694e0:	4709                	li	a4,2
840694e2:	c3d8                	sw	a4,4(a5)
840694e4:	4712                	lw	a4,4(sp)
840694e6:	4542                	lw	a0,16(sp)
840694e8:	86a2                	mv	a3,s0
840694ea:	c7d8                	sw	a4,12(a5)
840694ec:	4722                	lw	a4,8(sp)
840694ee:	0870                	add	a2,sp,28
840694f0:	082c                	add	a1,sp,24
840694f2:	cb98                	sw	a4,16(a5)
840694f4:	c01a                	sw	t1,0(sp)
840694f6:	c384                	sw	s1,0(a5)
840694f8:	c780                	sw	s0,8(a5)
840694fa:	cb7ff0ef          	jal	840691b0 <sw_gpt_find_the_next_expire_time>
840694fe:	4762                	lw	a4,24(sp)
84069500:	47a9                	li	a5,10
84069502:	4302                	lw	t1,0(sp)
84069504:	00f71363          	bne	a4,a5,8406950a <sw_gpt_timer_start+0x104>
84069508:	a001                	j	84069508 <sw_gpt_timer_start+0x102>
8406950a:	040a                	sll	s0,s0,0x2
8406950c:	00001797          	auipc	a5,0x1
84069510:	7f878793          	add	a5,a5,2040 # 8406ad04 <g_sw_gpt_running_note>
84069514:	97a2                	add	a5,a5,s0
84069516:	4394                	lw	a3,0(a5)
84069518:	00d70763          	beq	a4,a3,84069526 <sw_gpt_timer_start+0x120>
8406951c:	c398                	sw	a4,0(a5)
8406951e:	4572                	lw	a0,28(sp)
84069520:	859a                	mv	a1,t1
84069522:	ce9ff0ef          	jal	8406920a <clear_gpt_and_restart_hw_gpt>
84069526:	4552                	lw	a0,20(sp)
84069528:	228d                	jal	8406968a <hal_nvic_restore_interrupt_mask>
8406952a:	4501                	li	a0,0
8406952c:	b7ad                	j	84069496 <sw_gpt_timer_start+0x90>
8406952e:	557d                	li	a0,-1
84069530:	b79d                	j	84069496 <sw_gpt_timer_start+0x90>
84069532:	5569                	li	a0,-6
84069534:	b78d                	j	84069496 <sw_gpt_timer_start+0x90>

84069536 <sw_gpt_timer_stop>:
84069536:	1101                	add	sp,sp,-32
84069538:	aaaa07b7          	lui	a5,0xaaaa0
8406953c:	ca26                	sw	s1,20(sp)
8406953e:	ce06                	sw	ra,28(sp)
84069540:	01051493          	sll	s1,a0,0x10
84069544:	cc22                	sw	s0,24(sp)
84069546:	c402                	sw	zero,8(sp)
84069548:	8d7d                	and	a0,a0,a5
8406954a:	0ef51563          	bne	a0,a5,84069634 <sw_gpt_timer_stop+0xfe>
8406954e:	80c1                	srl	s1,s1,0x10
84069550:	47a5                	li	a5,9
84069552:	557d                	li	a0,-1
84069554:	0a97e163          	bltu	a5,s1,840695f6 <sw_gpt_timer_stop+0xc0>
84069558:	842e                	mv	s0,a1
8406955a:	e1dd                	bnez	a1,84069600 <sw_gpt_timer_stop+0xca>
8406955c:	002c                	add	a1,sp,8
8406955e:	4501                	li	a0,0
84069560:	8e3ff0ef          	jal	84068e42 <hal_gpt_get_free_run_count>
84069564:	4715                	li	a4,5
84069566:	0048                	add	a0,sp,4
84069568:	c03a                	sw	a4,0(sp)
8406956a:	2a21                	jal	84069682 <hal_nvic_save_and_set_interrupt_mask>
8406956c:	00249793          	sll	a5,s1,0x2
84069570:	97a6                	add	a5,a5,s1
84069572:	00002697          	auipc	a3,0x2
84069576:	db668693          	add	a3,a3,-586 # 8406b328 <g_sw_gpt_notes>
8406957a:	078a                	sll	a5,a5,0x2
8406957c:	97b6                	add	a5,a5,a3
8406957e:	43d0                	lw	a2,4(a5)
84069580:	4689                	li	a3,2
84069582:	0ad61563          	bne	a2,a3,8406962c <sw_gpt_timer_stop+0xf6>
84069586:	4522                	lw	a0,8(sp)
84069588:	4305                	li	t1,1
8406958a:	86a2                	mv	a3,s0
8406958c:	0810                	add	a2,sp,16
8406958e:	006c                	add	a1,sp,12
84069590:	0067a223          	sw	t1,4(a5) # aaaa0004 <_isr_stack_end+0x26a34004>
84069594:	c1dff0ef          	jal	840691b0 <sw_gpt_find_the_next_expire_time>
84069598:	47b2                	lw	a5,12(sp)
8406959a:	4629                	li	a2,10
8406959c:	4702                	lw	a4,0(sp)
8406959e:	00001497          	auipc	s1,0x1
840695a2:	76648493          	add	s1,s1,1894 # 8406ad04 <g_sw_gpt_running_note>
840695a6:	00241693          	sll	a3,s0,0x2
840695aa:	4305                	li	t1,1
840695ac:	06c79463          	bne	a5,a2,84069614 <sw_gpt_timer_stop+0xde>
840695b0:	004217b7          	lui	a5,0x421
840695b4:	50078793          	add	a5,a5,1280 # 421500 <__fp_pattern_ram_total+0x419b00>
840695b8:	97ba                	add	a5,a5,a4
840695ba:	07a2                	sll	a5,a5,0x8
840695bc:	00078023          	sb	zero,0(a5)
840695c0:	02641563          	bne	s0,t1,840695ea <sw_gpt_timer_stop+0xb4>
840695c4:	00002797          	auipc	a5,0x2
840695c8:	8b47c783          	lbu	a5,-1868(a5) # 8406ae78 <sw_gpt_us_locksleep_status>
840695cc:	cf99                	beqz	a5,840695ea <sw_gpt_timer_stop+0xb4>
840695ce:	00002797          	auipc	a5,0x2
840695d2:	8a078523          	sb	zero,-1878(a5) # 8406ae78 <sw_gpt_us_locksleep_status>
840695d6:	00002797          	auipc	a5,0x2
840695da:	89a78793          	add	a5,a5,-1894 # 8406ae70 <gpt_lock_sleep_handle>
840695de:	97ba                	add	a5,a5,a4
840695e0:	0007c503          	lbu	a0,0(a5)
840695e4:	c036                	sw	a3,0(sp)
840695e6:	2e5d                	jal	8406999c <hal_sleep_manager_unlock_sleep>
840695e8:	4682                	lw	a3,0(sp)
840695ea:	96a6                	add	a3,a3,s1
840695ec:	47a9                	li	a5,10
840695ee:	c29c                	sw	a5,0(a3)
840695f0:	4512                	lw	a0,4(sp)
840695f2:	2861                	jal	8406968a <hal_nvic_restore_interrupt_mask>
840695f4:	4501                	li	a0,0
840695f6:	40f2                	lw	ra,28(sp)
840695f8:	4462                	lw	s0,24(sp)
840695fa:	44d2                	lw	s1,20(sp)
840695fc:	6105                	add	sp,sp,32
840695fe:	8082                	ret
84069600:	4785                	li	a5,1
84069602:	471d                	li	a4,7
84069604:	f6f591e3          	bne	a1,a5,84069566 <sw_gpt_timer_stop+0x30>
84069608:	002c                	add	a1,sp,8
8406960a:	4505                	li	a0,1
8406960c:	837ff0ef          	jal	84068e42 <hal_gpt_get_free_run_count>
84069610:	4719                	li	a4,6
84069612:	bf91                	j	84069566 <sw_gpt_timer_stop+0x30>
84069614:	94b6                	add	s1,s1,a3
84069616:	4094                	lw	a3,0(s1)
84069618:	c03e                	sw	a5,0(sp)
8406961a:	fcd78be3          	beq	a5,a3,840695f0 <sw_gpt_timer_stop+0xba>
8406961e:	4542                	lw	a0,16(sp)
84069620:	85ba                	mv	a1,a4
84069622:	be9ff0ef          	jal	8406920a <clear_gpt_and_restart_hw_gpt>
84069626:	4782                	lw	a5,0(sp)
84069628:	c09c                	sw	a5,0(s1)
8406962a:	b7d9                	j	840695f0 <sw_gpt_timer_stop+0xba>
8406962c:	4512                	lw	a0,4(sp)
8406962e:	28b1                	jal	8406968a <hal_nvic_restore_interrupt_mask>
84069630:	5575                	li	a0,-3
84069632:	b7d1                	j	840695f6 <sw_gpt_timer_stop+0xc0>
84069634:	557d                	li	a0,-1
84069636:	b7c1                	j	840695f6 <sw_gpt_timer_stop+0xc0>

84069638 <isrC_main>:
84069638:	342027f3          	csrr	a5,mcause
8406963c:	0007de63          	bgez	a5,84069658 <isrC_main+0x20>
84069640:	0786                	sll	a5,a5,0x1
84069642:	0017d513          	srl	a0,a5,0x1
84069646:	00002717          	auipc	a4,0x2
8406964a:	dce70713          	add	a4,a4,-562 # 8406b414 <nvic_function_table>
8406964e:	0786                	sll	a5,a5,0x1
84069650:	97ba                	add	a5,a5,a4
84069652:	439c                	lw	a5,0(a5)
84069654:	c391                	beqz	a5,84069658 <isrC_main+0x20>
84069656:	8782                	jr	a5
84069658:	8082                	ret

8406965a <hal_nvic_register_isr_handler>:
8406965a:	050a                	sll	a0,a0,0x2
8406965c:	00002797          	auipc	a5,0x2
84069660:	db878793          	add	a5,a5,-584 # 8406b414 <nvic_function_table>
84069664:	97aa                	add	a5,a5,a0
84069666:	c38c                	sw	a1,0(a5)
84069668:	8082                	ret

8406966a <hal_nvic_enable_irq>:
8406966a:	4785                	li	a5,1
8406966c:	00a797b3          	sll	a5,a5,a0
84069670:	3047a073          	csrs	mie,a5
84069674:	8082                	ret

84069676 <hal_nvic_disable_irq>:
84069676:	4785                	li	a5,1
84069678:	00a797b3          	sll	a5,a5,a0
8406967c:	3047b073          	csrc	mie,a5
84069680:	8082                	ret

84069682 <hal_nvic_save_and_set_interrupt_mask>:
84069682:	300477f3          	csrrc	a5,mstatus,8
84069686:	c11c                	sw	a5,0(a0)
84069688:	8082                	ret

8406968a <hal_nvic_restore_interrupt_mask>:
8406968a:	8921                	and	a0,a0,8
8406968c:	30052073          	csrs	mstatus,a0
84069690:	8082                	ret

84069692 <hal_nvic_query_exception_number>:
84069692:	00002517          	auipc	a0,0x2
84069696:	82652503          	lw	a0,-2010(a0) # 8406aeb8 <exception_interrupt_nesting_flag>
8406969a:	00a03533          	snez	a0,a0
8406969e:	8082                	ret

840696a0 <vdma_set_sw_move_byte>:
840696a0:	4795                	li	a5,5
840696a2:	02a7e963          	bltu	a5,a0,840696d4 <vdma_set_sw_move_byte+0x34>
840696a6:	050a                	sll	a0,a0,0x2
840696a8:	00001797          	auipc	a5,0x1
840696ac:	6a478793          	add	a5,a5,1700 # 8406ad4c <g_vdma_regbase_table>
840696b0:	97aa                	add	a5,a5,a0
840696b2:	4398                	lw	a4,0(a5)
840696b4:	4609                	li	a2,2
840696b6:	00574783          	lbu	a5,5(a4)
840696ba:	0ff7f693          	zext.b	a3,a5
840696be:	00c79663          	bne	a5,a2,840696ca <vdma_set_sw_move_byte+0x2a>
840696c2:	0035f793          	and	a5,a1,3
840696c6:	557d                	li	a0,-1
840696c8:	e799                	bnez	a5,840696d6 <vdma_set_sw_move_byte+0x36>
840696ca:	40d5d5b3          	sra	a1,a1,a3
840696ce:	cb2c                	sw	a1,80(a4)
840696d0:	4501                	li	a0,0
840696d2:	8082                	ret
840696d4:	5579                	li	a0,-2
840696d6:	8082                	ret

840696d8 <hal_qdec_set_latch_clear>:
840696d8:	00001797          	auipc	a5,0x1
840696dc:	7ae7c783          	lbu	a5,1966(a5) # 8406ae86 <qdec_available_data>
840696e0:	5579                	li	a0,-2
840696e2:	eb99                	bnez	a5,840696f8 <hal_qdec_set_latch_clear+0x20>
840696e4:	4785                	li	a5,1
840696e6:	42101737          	lui	a4,0x42101
840696ea:	02f70423          	sb	a5,40(a4) # 42101028 <__log_strings_end+0x3c0fff56>
840696ee:	00001717          	auipc	a4,0x1
840696f2:	78f70c23          	sb	a5,1944(a4) # 8406ae86 <qdec_available_data>
840696f6:	4501                	li	a0,0
840696f8:	8082                	ret

840696fa <hal_qdec_get_data>:
840696fa:	00001797          	auipc	a5,0x1
840696fe:	78c7c783          	lbu	a5,1932(a5) # 8406ae86 <qdec_available_data>
84069702:	c7e1                	beqz	a5,840697ca <hal_qdec_get_data+0xd0>
84069704:	00001797          	auipc	a5,0x1
84069708:	7847a783          	lw	a5,1924(a5) # 8406ae88 <qdec_mode>
8406970c:	1171                	add	sp,sp,-4
8406970e:	00001717          	auipc	a4,0x1
84069712:	77974703          	lbu	a4,1913(a4) # 8406ae87 <g_first_data_flag>
84069716:	efa5                	bnez	a5,8406978e <hal_qdec_get_data+0x94>
84069718:	421017b7          	lui	a5,0x42101
8406971c:	0347d783          	lhu	a5,52(a5) # 42101034 <__log_strings_end+0x3c0fff62>
84069720:	07c2                	sll	a5,a5,0x10
84069722:	83c1                	srl	a5,a5,0x10
84069724:	00f11023          	sh	a5,0(sp)
84069728:	00001797          	auipc	a5,0x1
8406972c:	74078f23          	sb	zero,1886(a5) # 8406ae86 <qdec_available_data>
84069730:	c719                	beqz	a4,8406973e <hal_qdec_get_data+0x44>
84069732:	00011023          	sh	zero,0(sp)
84069736:	00001797          	auipc	a5,0x1
8406973a:	740788a3          	sb	zero,1873(a5) # 8406ae87 <g_first_data_flag>
8406973e:	00015783          	lhu	a5,0(sp)
84069742:	2007f793          	and	a5,a5,512
84069746:	cf9d                	beqz	a5,84069784 <hal_qdec_get_data+0x8a>
84069748:	00015783          	lhu	a5,0(sp)
8406974c:	c007e793          	or	a5,a5,-1024
84069750:	07c2                	sll	a5,a5,0x10
84069752:	87c1                	sra	a5,a5,0x10
84069754:	00001697          	auipc	a3,0x1
84069758:	73068693          	add	a3,a3,1840 # 8406ae84 <dat_Sum>
8406975c:	0006d703          	lhu	a4,0(a3)
84069760:	97ba                	add	a5,a5,a4
84069762:	01079713          	sll	a4,a5,0x10
84069766:	8741                	sra	a4,a4,0x10
84069768:	00e69023          	sh	a4,0(a3)
8406976c:	8b85                	and	a5,a5,1
8406976e:	eb81                	bnez	a5,8406977e <hal_qdec_get_data+0x84>
84069770:	8705                	sra	a4,a4,0x1
84069772:	00e51023          	sh	a4,0(a0)
84069776:	00001797          	auipc	a5,0x1
8406977a:	70079723          	sh	zero,1806(a5) # 8406ae84 <dat_Sum>
8406977e:	4501                	li	a0,0
84069780:	0111                	add	sp,sp,4
84069782:	8082                	ret
84069784:	00015783          	lhu	a5,0(sp)
84069788:	3ff7f793          	and	a5,a5,1023
8406978c:	b7e1                	j	84069754 <hal_qdec_get_data+0x5a>
8406978e:	421017b7          	lui	a5,0x42101
84069792:	0367d783          	lhu	a5,54(a5) # 42101036 <__log_strings_end+0x3c0fff64>
84069796:	07c2                	sll	a5,a5,0x10
84069798:	83c1                	srl	a5,a5,0x10
8406979a:	00f11123          	sh	a5,2(sp)
8406979e:	00001797          	auipc	a5,0x1
840697a2:	6e078423          	sb	zero,1768(a5) # 8406ae86 <qdec_available_data>
840697a6:	c719                	beqz	a4,840697b4 <hal_qdec_get_data+0xba>
840697a8:	00011123          	sh	zero,2(sp)
840697ac:	00001797          	auipc	a5,0x1
840697b0:	6c078da3          	sb	zero,1755(a5) # 8406ae87 <g_first_data_flag>
840697b4:	00215783          	lhu	a5,2(sp)
840697b8:	1007f793          	and	a5,a5,256
840697bc:	c781                	beqz	a5,840697c4 <hal_qdec_get_data+0xca>
840697be:	00215783          	lhu	a5,2(sp)
840697c2:	b769                	j	8406974c <hal_qdec_get_data+0x52>
840697c4:	00215783          	lhu	a5,2(sp)
840697c8:	b7c1                	j	84069788 <hal_qdec_get_data+0x8e>
840697ca:	5579                	li	a0,-2
840697cc:	8082                	ret

840697ce <hal_qdec_latch_status_is_busy>:
840697ce:	42101737          	lui	a4,0x42101
840697d2:	02274783          	lbu	a5,34(a4) # 42101022 <__log_strings_end+0x3c0fff50>
840697d6:	1171                	add	sp,sp,-4
840697d8:	0ff7f793          	zext.b	a5,a5
840697dc:	00f101a3          	sb	a5,3(sp)
840697e0:	00314683          	lbu	a3,3(sp)
840697e4:	4785                	li	a5,1
840697e6:	00f68e63          	beq	a3,a5,84069802 <hal_qdec_latch_status_is_busy+0x34>
840697ea:	02974703          	lbu	a4,41(a4)
840697ee:	00f71763          	bne	a4,a5,840697fc <hal_qdec_latch_status_is_busy+0x2e>
840697f2:	00050023          	sb	zero,0(a0)
840697f6:	4501                	li	a0,0
840697f8:	0111                	add	sp,sp,4
840697fa:	8082                	ret
840697fc:	00f50023          	sb	a5,0(a0)
84069800:	bfdd                	j	840697f6 <hal_qdec_latch_status_is_busy+0x28>
84069802:	5579                	li	a0,-2
84069804:	bfd5                	j	840697f8 <hal_qdec_latch_status_is_busy+0x2a>

84069806 <spi_master_isr>:
84069806:	1539                	add	a0,a0,-18
84069808:	00153513          	seqz	a0,a0
8406980c:	00251693          	sll	a3,a0,0x2
84069810:	00001717          	auipc	a4,0x1
84069814:	68470713          	add	a4,a4,1668 # 8406ae94 <g_spi_master_user_data>
84069818:	00001797          	auipc	a5,0x1
8406981c:	68478793          	add	a5,a5,1668 # 8406ae9c <g_spi_master_callback>
84069820:	9736                	add	a4,a4,a3
84069822:	97b6                	add	a5,a5,a3
84069824:	4310                	lw	a2,0(a4)
84069826:	438c                	lw	a1,0(a5)
84069828:	a8b1                	j	84069884 <spi_master_isr_handler>

8406982a <hal_spi_master_register_callback>:
8406982a:	4705                	li	a4,1
8406982c:	04a76963          	bltu	a4,a0,8406987e <hal_spi_master_register_callback+0x54>
84069830:	87aa                	mv	a5,a0
84069832:	557d                	li	a0,-1
84069834:	c5b9                	beqz	a1,84069882 <hal_spi_master_register_callback+0x58>
84069836:	1141                	add	sp,sp,-16
84069838:	00279513          	sll	a0,a5,0x2
8406983c:	00001797          	auipc	a5,0x1
84069840:	66078793          	add	a5,a5,1632 # 8406ae9c <g_spi_master_callback>
84069844:	c606                	sw	ra,12(sp)
84069846:	97aa                	add	a5,a5,a0
84069848:	c38c                	sw	a1,0(a5)
8406984a:	00001797          	auipc	a5,0x1
8406984e:	64a78793          	add	a5,a5,1610 # 8406ae94 <g_spi_master_user_data>
84069852:	97aa                	add	a5,a5,a0
84069854:	c390                	sw	a2,0(a5)
84069856:	00001797          	auipc	a5,0x1
8406985a:	09678793          	add	a5,a5,150 # 8406a8ec <g_spi_master_irq_code>
8406985e:	97aa                	add	a5,a5,a0
84069860:	4388                	lw	a0,0(a5)
84069862:	00000597          	auipc	a1,0x0
84069866:	fa458593          	add	a1,a1,-92 # 84069806 <spi_master_isr>
8406986a:	c02a                	sw	a0,0(sp)
8406986c:	defff0ef          	jal	8406965a <hal_nvic_register_isr_handler>
84069870:	4502                	lw	a0,0(sp)
84069872:	df9ff0ef          	jal	8406966a <hal_nvic_enable_irq>
84069876:	40b2                	lw	ra,12(sp)
84069878:	4501                	li	a0,0
8406987a:	0141                	add	sp,sp,16
8406987c:	8082                	ret
8406987e:	5579                	li	a0,-2
84069880:	8082                	ret
84069882:	8082                	ret

84069884 <spi_master_isr_handler>:
84069884:	050a                	sll	a0,a0,0x2
84069886:	00001717          	auipc	a4,0x1
8406988a:	06e70713          	add	a4,a4,110 # 8406a8f4 <g_spi_master_register>
8406988e:	972a                	add	a4,a4,a0
84069890:	4318                	lw	a4,0(a4)
84069892:	87ae                	mv	a5,a1
84069894:	85b2                	mv	a1,a2
84069896:	5f58                	lw	a4,60(a4)
84069898:	8b05                	and	a4,a4,1
8406989a:	cb19                	beqz	a4,840698b0 <spi_master_isr_handler+0x2c>
8406989c:	cb91                	beqz	a5,840698b0 <spi_master_isr_handler+0x2c>
8406989e:	00001717          	auipc	a4,0x1
840698a2:	5ee70713          	add	a4,a4,1518 # 8406ae8c <g_spi_master_direction>
840698a6:	972a                	add	a4,a4,a0
840698a8:	4308                	lw	a0,0(a4)
840698aa:	00a03533          	snez	a0,a0
840698ae:	8782                	jr	a5
840698b0:	8082                	ret

840698b2 <uart_set_sw_move_byte>:
840698b2:	00159793          	sll	a5,a1,0x1
840698b6:	97ae                	add	a5,a5,a1
840698b8:	97aa                	add	a5,a5,a0
840698ba:	078a                	sll	a5,a5,0x2
840698bc:	00001717          	auipc	a4,0x1
840698c0:	2cc70713          	add	a4,a4,716 # 8406ab88 <uart_port_to_dma_map>
840698c4:	97ba                	add	a5,a5,a4
840698c6:	4388                	lw	a0,0(a5)
840698c8:	1151                	add	sp,sp,-12
840698ca:	85b2                	mv	a1,a2
840698cc:	c406                	sw	ra,8(sp)
840698ce:	dd3ff0ef          	jal	840696a0 <vdma_set_sw_move_byte>
840698d2:	c111                	beqz	a0,840698d6 <uart_set_sw_move_byte+0x24>
840698d4:	5571                	li	a0,-4
840698d6:	40a2                	lw	ra,8(sp)
840698d8:	0131                	add	sp,sp,12
840698da:	8082                	ret

840698dc <hal_ccni_event_callback20>:
840698dc:	1141                	add	sp,sp,-16
840698de:	850a                	mv	a0,sp
840698e0:	c606                	sw	ra,12(sp)
840698e2:	da1ff0ef          	jal	84069682 <hal_nvic_save_and_set_interrupt_mask>
840698e6:	4502                	lw	a0,0(sp)
840698e8:	00001797          	auipc	a5,0x1
840698ec:	5c078023          	sb	zero,1472(a5) # 8406aea8 <workround_flag>
840698f0:	d9bff0ef          	jal	8406968a <hal_nvic_restore_interrupt_mask>
840698f4:	40b2                	lw	ra,12(sp)
840698f6:	0141                	add	sp,sp,16
840698f8:	8082                	ret

840698fa <mouse_sensor_send_report_to_CM33>:
840698fa:	02010537          	lui	a0,0x2010
840698fe:	4581                	li	a1,0
84069900:	053d                	add	a0,a0,15 # 201000f <__fp_pattern_ram_total+0x200860f>
84069902:	eeafc06f          	j	84065fec <hal_ccni_set_event>

84069906 <mouse_sensor_get_data>:
84069906:	7ffa5717          	auipc	a4,0x7ffa5
8406990a:	d5274703          	lbu	a4,-686(a4) # 400e658 <ccm_spi_sensor+0x8>
8406990e:	c349                	beqz	a4,84069990 <mouse_sensor_get_data+0x8a>
84069910:	7ffa5797          	auipc	a5,0x7ffa5
84069914:	d4078793          	add	a5,a5,-704 # 400e650 <ccm_spi_sensor>
84069918:	0017c703          	lbu	a4,1(a5)
8406991c:	8b21                	and	a4,a4,8
8406991e:	00001697          	auipc	a3,0x1
84069922:	58e6a323          	sw	a4,1414(a3) # 8406aea4 <is_lifted>
84069926:	0027c703          	lbu	a4,2(a5)
8406992a:	0b700693          	li	a3,183
8406992e:	0f777713          	and	a4,a4,247
84069932:	02d70d63          	beq	a4,a3,8406996c <mouse_sensor_get_data+0x66>
84069936:	1141                	add	sp,sp,-16
84069938:	c422                	sw	s0,8(sp)
8406993a:	c606                	sw	ra,12(sp)
8406993c:	00001417          	auipc	s0,0x1
84069940:	56c40413          	add	s0,s0,1388 # 8406aea8 <workround_flag>
84069944:	00044783          	lbu	a5,0(s0)
84069948:	ef89                	bnez	a5,84069962 <mouse_sensor_get_data+0x5c>
8406994a:	850a                	mv	a0,sp
8406994c:	d37ff0ef          	jal	84069682 <hal_nvic_save_and_set_interrupt_mask>
84069950:	4502                	lw	a0,0(sp)
84069952:	4785                	li	a5,1
84069954:	00f40023          	sb	a5,0(s0)
84069958:	d33ff0ef          	jal	8406968a <hal_nvic_restore_interrupt_mask>
8406995c:	4501                	li	a0,0
8406995e:	f9dff0ef          	jal	840698fa <mouse_sensor_send_report_to_CM33>
84069962:	40b2                	lw	ra,12(sp)
84069964:	4422                	lw	s0,8(sp)
84069966:	555d                	li	a0,-9
84069968:	0141                	add	sp,sp,16
8406996a:	8082                	ret
8406996c:	0037c683          	lbu	a3,3(a5)
84069970:	0047c703          	lbu	a4,4(a5)
84069974:	0722                	sll	a4,a4,0x8
84069976:	8f55                	or	a4,a4,a3
84069978:	00e51023          	sh	a4,0(a0)
8406997c:	0057c703          	lbu	a4,5(a5)
84069980:	0067c783          	lbu	a5,6(a5)
84069984:	4501                	li	a0,0
84069986:	07a2                	sll	a5,a5,0x8
84069988:	8fd9                	or	a5,a5,a4
8406998a:	00f59023          	sh	a5,0(a1)
8406998e:	8082                	ret
84069990:	5561                	li	a0,-8
84069992:	8082                	ret

84069994 <hal_sleep_manager_set_sleep_handle>:
84069994:	4501                	li	a0,0
84069996:	8082                	ret

84069998 <hal_sleep_manager_lock_sleep>:
84069998:	4501                	li	a0,0
8406999a:	8082                	ret

8406999c <hal_sleep_manager_unlock_sleep>:
8406999c:	4501                	li	a0,0
8406999e:	8082                	ret

840699a0 <hal_sleep_manager_riscv_sleep_routine>:
840699a0:	a821                	j	840699b8 <sleep_management_enter_sleep>

840699a2 <hal_sleep_manager_init>:
840699a2:	1151                	add	sp,sp,-12
840699a4:	c406                	sw	ra,8(sp)
840699a6:	2859                	jal	84069a3c <spm_init>
840699a8:	40a2                	lw	ra,8(sp)
840699aa:	00001797          	auipc	a5,0x1
840699ae:	4e078fa3          	sb	zero,1279(a5) # 8406aea9 <sleep_manager_handle>
840699b2:	4501                	li	a0,0
840699b4:	0131                	add	sp,sp,12
840699b6:	8082                	ret

840699b8 <sleep_management_enter_sleep>:
840699b8:	10500073          	wfi
840699bc:	0001                	nop
840699be:	8082                	ret

840699c0 <spm_mask_wakeup_source>:
840699c0:	1141                	add	sp,sp,-16
840699c2:	c422                	sw	s0,8(sp)
840699c4:	842a                	mv	s0,a0
840699c6:	850a                	mv	a0,sp
840699c8:	c606                	sw	ra,12(sp)
840699ca:	cb9ff0ef          	jal	84069682 <hal_nvic_save_and_set_interrupt_mask>
840699ce:	421307b7          	lui	a5,0x42130
840699d2:	02000713          	li	a4,32
840699d6:	07a1                	add	a5,a5,8 # 42130008 <__log_strings_end+0x3c12ef36>
840699d8:	00e41b63          	bne	s0,a4,840699ee <spm_mask_wakeup_source+0x2e>
840699dc:	577d                	li	a4,-1
840699de:	c398                	sw	a4,0(a5)
840699e0:	4502                	lw	a0,0(sp)
840699e2:	ca9ff0ef          	jal	8406968a <hal_nvic_restore_interrupt_mask>
840699e6:	40b2                	lw	ra,12(sp)
840699e8:	4422                	lw	s0,8(sp)
840699ea:	0141                	add	sp,sp,16
840699ec:	8082                	ret
840699ee:	4398                	lw	a4,0(a5)
840699f0:	4505                	li	a0,1
840699f2:	00851533          	sll	a0,a0,s0
840699f6:	8d59                	or	a0,a0,a4
840699f8:	c388                	sw	a0,0(a5)
840699fa:	b7dd                	j	840699e0 <spm_mask_wakeup_source+0x20>

840699fc <spm_unmask_wakeup_source>:
840699fc:	1141                	add	sp,sp,-16
840699fe:	c422                	sw	s0,8(sp)
84069a00:	842a                	mv	s0,a0
84069a02:	850a                	mv	a0,sp
84069a04:	c606                	sw	ra,12(sp)
84069a06:	c7dff0ef          	jal	84069682 <hal_nvic_save_and_set_interrupt_mask>
84069a0a:	42130737          	lui	a4,0x42130
84069a0e:	02000793          	li	a5,32
84069a12:	0721                	add	a4,a4,8 # 42130008 <__log_strings_end+0x3c12ef36>
84069a14:	00f41b63          	bne	s0,a5,84069a2a <spm_unmask_wakeup_source+0x2e>
84069a18:	00072023          	sw	zero,0(a4)
84069a1c:	4502                	lw	a0,0(sp)
84069a1e:	c6dff0ef          	jal	8406968a <hal_nvic_restore_interrupt_mask>
84069a22:	40b2                	lw	ra,12(sp)
84069a24:	4422                	lw	s0,8(sp)
84069a26:	0141                	add	sp,sp,16
84069a28:	8082                	ret
84069a2a:	4314                	lw	a3,0(a4)
84069a2c:	4785                	li	a5,1
84069a2e:	008797b3          	sll	a5,a5,s0
84069a32:	fff7c793          	not	a5,a5
84069a36:	8ff5                	and	a5,a5,a3
84069a38:	c31c                	sw	a5,0(a4)
84069a3a:	b7cd                	j	84069a1c <spm_unmask_wakeup_source+0x20>

84069a3c <spm_init>:
84069a3c:	1151                	add	sp,sp,-12
84069a3e:	02000513          	li	a0,32
84069a42:	c406                	sw	ra,8(sp)
84069a44:	fb9ff0ef          	jal	840699fc <spm_unmask_wakeup_source>
84069a48:	4505                	li	a0,1
84069a4a:	f77ff0ef          	jal	840699c0 <spm_mask_wakeup_source>
84069a4e:	450d                	li	a0,3
84069a50:	f71ff0ef          	jal	840699c0 <spm_mask_wakeup_source>
84069a54:	4511                	li	a0,4
84069a56:	f6bff0ef          	jal	840699c0 <spm_mask_wakeup_source>
84069a5a:	452d                	li	a0,11
84069a5c:	f65ff0ef          	jal	840699c0 <spm_mask_wakeup_source>
84069a60:	451d                	li	a0,7
84069a62:	f5fff0ef          	jal	840699c0 <spm_mask_wakeup_source>
84069a66:	4519                	li	a0,6
84069a68:	f59ff0ef          	jal	840699c0 <spm_mask_wakeup_source>
84069a6c:	42130737          	lui	a4,0x42130
84069a70:	471c                	lw	a5,8(a4)
84069a72:	0721                	add	a4,a4,8 # 42130008 <__log_strings_end+0x3c12ef36>
84069a74:	00001517          	auipc	a0,0x1
84069a78:	16050513          	add	a0,a0,352 # 8406abd4 <log_control_block_common>
84069a7c:	4689                	li	a3,2
84069a7e:	81f97617          	auipc	a2,0x81f97
84069a82:	36a60613          	add	a2,a2,874 # 6000de8 <msg_id_string.0>
84069a86:	4585                	li	a1,1
84069a88:	26bd                	jal	84069df6 <print_module_msgid_log>
84069a8a:	40a2                	lw	ra,8(sp)
84069a8c:	4501                	li	a0,0
84069a8e:	0131                	add	sp,sp,12
84069a90:	8082                	ret

84069a92 <hal_ccni_event_callback16>:
84069a92:	1151                	add	sp,sp,-12
84069a94:	04900613          	li	a2,73
84069a98:	81f97597          	auipc	a1,0x81f97
84069a9c:	3a458593          	add	a1,a1,932 # 6000e3c <file.1>
84069aa0:	81f97517          	auipc	a0,0x81f97
84069aa4:	3f050513          	add	a0,a0,1008 # 6000e90 <exp.2>
84069aa8:	c406                	sw	ra,8(sp)
84069aaa:	2a09                	jal	84069bbc <light_assert>
84069aac:	40a2                	lw	ra,8(sp)
84069aae:	00001797          	auipc	a5,0x1
84069ab2:	2587c783          	lbu	a5,600(a5) # 8406ad06 <exception_triggered_flag.0>
84069ab6:	0131                	add	sp,sp,12
84069ab8:	8082                	ret

84069aba <exc_port_alert_other_cores>:
84069aba:	02010537          	lui	a0,0x2010
84069abe:	4581                	li	a1,0
84069ac0:	0541                	add	a0,a0,16 # 2010010 <__fp_pattern_ram_total+0x2008610>
84069ac2:	d2afc06f          	j	84065fec <hal_ccni_set_event>

84069ac6 <exc_port_gpt_get_free_run_1M_count>:
84069ac6:	85aa                	mv	a1,a0
84069ac8:	4505                	li	a0,1
84069aca:	b78ff06f          	j	84068e42 <hal_gpt_get_free_run_count>

84069ace <exc_port_gpt_get_free_run_32K_count>:
84069ace:	85aa                	mv	a1,a0
84069ad0:	4501                	li	a0,0
84069ad2:	b70ff06f          	j	84068e42 <hal_gpt_get_free_run_count>

84069ad6 <exc_port_core_status_update>:
84069ad6:	8082                	ret

84069ad8 <exc_port_ccni_clear_event>:
84069ad8:	01020537          	lui	a0,0x1020
84069adc:	0541                	add	a0,a0,16 # 1020010 <__fp_pattern_ram_total+0x1018610>
84069ade:	d12fc06f          	j	84065ff0 <hal_ccni_clear_event>

84069ae2 <exc_port_ccni_query_event_status>:
84069ae2:	1141                	add	sp,sp,-16
84069ae4:	c606                	sw	ra,12(sp)
84069ae6:	c002                	sw	zero,0(sp)
84069ae8:	4702                	lw	a4,0(sp)
84069aea:	4785                	li	a5,1
84069aec:	00f71663          	bne	a4,a5,84069af8 <exc_port_ccni_query_event_status+0x16>
84069af0:	40b2                	lw	ra,12(sp)
84069af2:	4501                	li	a0,0
84069af4:	0141                	add	sp,sp,16
84069af6:	8082                	ret
84069af8:	01020537          	lui	a0,0x1020
84069afc:	858a                	mv	a1,sp
84069afe:	0541                	add	a0,a0,16 # 1020010 <__fp_pattern_ram_total+0x1018610>
84069b00:	bcafc0ef          	jal	84065eca <hal_ccni_query_event_status>
84069b04:	b7d5                	j	84069ae8 <exc_port_ccni_query_event_status+0x6>

84069b06 <syslog_port_check_in_isr_handler>:
84069b06:	1151                	add	sp,sp,-12
84069b08:	c406                	sw	ra,8(sp)
84069b0a:	b89ff0ef          	jal	84069692 <hal_nvic_query_exception_number>
84069b0e:	40a2                	lw	ra,8(sp)
84069b10:	00a03533          	snez	a0,a0
84069b14:	0131                	add	sp,sp,12
84069b16:	8082                	ret

84069b18 <log_hw_semaphore_take>:
84069b18:	1151                	add	sp,sp,-12
84069b1a:	c222                	sw	s0,4(sp)
84069b1c:	c406                	sw	ra,8(sp)
84069b1e:	842a                	mv	s0,a0
84069b20:	8522                	mv	a0,s0
84069b22:	e46fc0ef          	jal	84066168 <hw_semaphore_take_special>
84069b26:	fd6d                	bnez	a0,84069b20 <log_hw_semaphore_take+0x8>
84069b28:	40a2                	lw	ra,8(sp)
84069b2a:	4412                	lw	s0,4(sp)
84069b2c:	0131                	add	sp,sp,12
84069b2e:	8082                	ret

84069b30 <log_hw_semaphore_give>:
84069b30:	1151                	add	sp,sp,-12
84069b32:	c406                	sw	ra,8(sp)
84069b34:	e5afc0ef          	jal	8406618e <hw_semaphore_give_special>
84069b38:	cd11                	beqz	a0,84069b54 <log_hw_semaphore_give+0x24>
84069b3a:	40a2                	lw	ra,8(sp)
84069b3c:	05300613          	li	a2,83
84069b40:	81f97597          	auipc	a1,0x81f97
84069b44:	35c58593          	add	a1,a1,860 # 6000e9c <file.0>
84069b48:	81f97517          	auipc	a0,0x81f97
84069b4c:	39450513          	add	a0,a0,916 # 6000edc <exp.1>
84069b50:	0131                	add	sp,sp,12
84069b52:	a0ad                	j	84069bbc <light_assert>
84069b54:	40a2                	lw	ra,8(sp)
84069b56:	0131                	add	sp,sp,12
84069b58:	8082                	ret

84069b5a <ccni_dump_sysinfo>:
84069b5a:	872a                	mv	a4,a0
84069b5c:	4685                	li	a3,1
84069b5e:	81f97617          	auipc	a2,0x81f97
84069b62:	3e260613          	add	a2,a2,994 # 6000f40 <msg_id_string.1>
84069b66:	4589                	li	a1,2
84069b68:	00001517          	auipc	a0,0x1
84069b6c:	14c50513          	add	a0,a0,332 # 8406acb4 <log_control_block_system_online_dsp>
84069b70:	a459                	j	84069df6 <print_module_msgid_log>

84069b72 <hal_ccni_event_callback15>:
84069b72:	c5a1                	beqz	a1,84069bba <hal_ccni_event_callback15+0x48>
84069b74:	1141                	add	sp,sp,-16
84069b76:	c226                	sw	s1,4(sp)
84069b78:	4184                	lw	s1,0(a1)
84069b7a:	c422                	sw	s0,8(sp)
84069b7c:	468d                	li	a3,3
84069b7e:	c026                	sw	s1,0(sp)
84069b80:	41dc                	lw	a5,4(a1)
84069b82:	842e                	mv	s0,a1
84069b84:	8726                	mv	a4,s1
84069b86:	81f97617          	auipc	a2,0x81f97
84069b8a:	35a60613          	add	a2,a2,858 # 6000ee0 <msg_id_string.0>
84069b8e:	4585                	li	a1,1
84069b90:	00001517          	auipc	a0,0x1
84069b94:	12450513          	add	a0,a0,292 # 8406acb4 <log_control_block_system_online_dsp>
84069b98:	c606                	sw	ra,12(sp)
84069b9a:	2cb1                	jal	84069df6 <print_module_msgid_log>
84069b9c:	4785                	li	a5,1
84069b9e:	00f49963          	bne	s1,a5,84069bb0 <hal_ccni_event_callback15+0x3e>
84069ba2:	4048                	lw	a0,4(s0)
84069ba4:	4422                	lw	s0,8(sp)
84069ba6:	40b2                	lw	ra,12(sp)
84069ba8:	4492                	lw	s1,4(sp)
84069baa:	0141                	add	sp,sp,16
84069bac:	fafff06f          	j	84069b5a <ccni_dump_sysinfo>
84069bb0:	40b2                	lw	ra,12(sp)
84069bb2:	4422                	lw	s0,8(sp)
84069bb4:	4492                	lw	s1,4(sp)
84069bb6:	0141                	add	sp,sp,16
84069bb8:	8082                	ret
84069bba:	8082                	ret

84069bbc <light_assert>:
84069bbc:	00001797          	auipc	a5,0x1
84069bc0:	2f478793          	add	a5,a5,756 # 8406aeb0 <light_assert_count>
84069bc4:	4398                	lw	a4,0(a5)
84069bc6:	e321                	bnez	a4,84069c06 <light_assert+0x4a>
84069bc8:	4705                	li	a4,1
84069bca:	c398                	sw	a4,0(a5)
84069bcc:	300477f3          	csrrc	a5,mstatus,8
84069bd0:	00001717          	auipc	a4,0x1
84069bd4:	2cf72e23          	sw	a5,732(a4) # 8406aeac <mstatus_assert.0>
84069bd8:	00001797          	auipc	a5,0x1
84069bdc:	1307a783          	lw	a5,304(a5) # 8406ad08 <exception_info_ptr>
84069be0:	10078793          	add	a5,a5,256
84069be4:	4709                	li	a4,2
84069be6:	cf98                	sw	a4,24(a5)
84069be8:	fa000737          	lui	a4,0xfa000
84069bec:	953a                	add	a0,a0,a4
84069bee:	95ba                	add	a1,a1,a4
84069bf0:	81f97717          	auipc	a4,0x81f97
84069bf4:	3b870713          	add	a4,a4,952 # 6000fa8 <assert_string>
84069bf8:	cfc8                	sw	a0,28(a5)
84069bfa:	d38c                	sw	a1,32(a5)
84069bfc:	d3d0                	sw	a2,36(a5)
84069bfe:	d798                	sw	a4,40(a5)
84069c00:	00000073          	ecall
84069c04:	a001                	j	84069c04 <light_assert+0x48>
84069c06:	8082                	ret

84069c08 <exception_fault_handler>:
84069c08:	1151                	add	sp,sp,-12
84069c0a:	c222                	sw	s0,4(sp)
84069c0c:	00001417          	auipc	s0,0x1
84069c10:	0fc40413          	add	s0,s0,252 # 8406ad08 <exception_info_ptr>
84069c14:	4008                	lw	a0,0(s0)
84069c16:	deada7b7          	lui	a5,0xdeada
84069c1a:	c406                	sw	ra,8(sp)
84069c1c:	5a578793          	add	a5,a5,1445 # deada5a5 <_isr_stack_end+0x5aa6e5a5>
84069c20:	c11c                	sw	a5,0(a0)
84069c22:	47d1                	li	a5,20
84069c24:	12f52623          	sw	a5,300(a0)
84069c28:	10052223          	sw	zero,260(a0)
84069c2c:	10c50513          	add	a0,a0,268
84069c30:	e97ff0ef          	jal	84069ac6 <exc_port_gpt_get_free_run_1M_count>
84069c34:	4008                	lw	a0,0(s0)
84069c36:	11050513          	add	a0,a0,272
84069c3a:	e95ff0ef          	jal	84069ace <exc_port_gpt_get_free_run_32K_count>
84069c3e:	4018                	lw	a4,0(s0)
84069c40:	10872783          	lw	a5,264(a4)
84069c44:	0785                	add	a5,a5,1
84069c46:	10f72423          	sw	a5,264(a4)
84069c4a:	e71ff0ef          	jal	84069aba <exc_port_alert_other_cores>
84069c4e:	e89ff0ef          	jal	84069ad6 <exc_port_core_status_update>
84069c52:	4018                	lw	a4,0(s0)
84069c54:	a5a5e7b7          	lui	a5,0xa5a5e
84069c58:	ead78793          	add	a5,a5,-339 # a5a5dead <_isr_stack_end+0x219f1ead>
84069c5c:	18f72423          	sw	a5,392(a4)
84069c60:	e83ff0ef          	jal	84069ae2 <exc_port_ccni_query_event_status>
84069c64:	fd75                	bnez	a0,84069c60 <exception_fault_handler+0x58>
84069c66:	e73ff0ef          	jal	84069ad8 <exc_port_ccni_clear_event>
84069c6a:	a001                	j	84069c6a <exception_fault_handler+0x62>

84069c6c <port_syslog_build_time_sdk_version_copy>:
84069c6c:	1151                	add	sp,sp,-12
84069c6e:	c222                	sw	s0,4(sp)
84069c70:	00151413          	sll	s0,a0,0x1
84069c74:	942a                	add	s0,s0,a0
84069c76:	0412                	sll	s0,s0,0x4
84069c78:	7ffa5517          	auipc	a0,0x7ffa5
84069c7c:	bf050513          	add	a0,a0,-1040 # 400e868 <ccm_sw_verno_str>
84069c80:	03000613          	li	a2,48
84069c84:	00001597          	auipc	a1,0x1
84069c88:	f1c58593          	add	a1,a1,-228 # 8406aba0 <sw_verno_str>
84069c8c:	9522                	add	a0,a0,s0
84069c8e:	c406                	sw	ra,8(sp)
84069c90:	2645                	jal	8406a030 <strncpy>
84069c92:	7ffa5517          	auipc	a0,0x7ffa5
84069c96:	c6650513          	add	a0,a0,-922 # 400e8f8 <ccm_build_date_time_str>
84069c9a:	9522                	add	a0,a0,s0
84069c9c:	4412                	lw	s0,4(sp)
84069c9e:	40a2                	lw	ra,8(sp)
84069ca0:	03000613          	li	a2,48
84069ca4:	00001597          	auipc	a1,0x1
84069ca8:	f0c58593          	add	a1,a1,-244 # 8406abb0 <build_date_time_str>
84069cac:	0131                	add	sp,sp,12
84069cae:	a649                	j	8406a030 <strncpy>

84069cb0 <find_start_of_cpu_log_filters>:
84069cb0:	00001617          	auipc	a2,0x1
84069cb4:	21462603          	lw	a2,532(a2) # 8406aec4 <g_syslog_share_variable>
84069cb8:	03860713          	add	a4,a2,56
84069cbc:	05860593          	add	a1,a2,88
84069cc0:	02000793          	li	a5,32
84069cc4:	00074683          	lbu	a3,0(a4)
84069cc8:	01869313          	sll	t1,a3,0x18
84069ccc:	41835313          	sra	t1,t1,0x18
84069cd0:	00035c63          	bgez	t1,84069ce8 <find_start_of_cpu_log_filters+0x38>
84069cd4:	f7f6f693          	and	a3,a3,-129
84069cd8:	00a68863          	beq	a3,a0,84069ce8 <find_start_of_cpu_log_filters+0x38>
84069cdc:	00174683          	lbu	a3,1(a4)
84069ce0:	0709                	add	a4,a4,2
84069ce2:	97b6                	add	a5,a5,a3
84069ce4:	feb710e3          	bne	a4,a1,84069cc4 <find_start_of_cpu_log_filters+0x14>
84069ce8:	03878793          	add	a5,a5,56
84069cec:	00f60533          	add	a0,a2,a5
84069cf0:	8082                	ret

84069cf2 <log_print_msgid>:
84069cf2:	f8410113          	add	sp,sp,-124
84069cf6:	daa2                	sw	s0,116(sp)
84069cf8:	00001417          	auipc	s0,0x1
84069cfc:	1cc40413          	add	s0,s0,460 # 8406aec4 <g_syslog_share_variable>
84069d00:	d8a6                	sw	s1,112(sp)
84069d02:	84b6                	mv	s1,a3
84069d04:	4014                	lw	a3,0(s0)
84069d06:	dc86                	sw	ra,120(sp)
84069d08:	c032                	sw	a2,0(sp)
84069d0a:	0196c603          	lbu	a2,25(a3)
84069d0e:	c23a                	sw	a4,4(sp)
84069d10:	c402                	sw	zero,8(sp)
84069d12:	4685                	li	a3,1
84069d14:	0cd60363          	beq	a2,a3,84069dda <log_print_msgid+0xe8>
84069d18:	862e                	mv	a2,a1
84069d1a:	85aa                	mv	a1,a0
84069d1c:	1028                	add	a0,sp,40
84069d1e:	39d000ef          	jal	8406a8ba <check_log_control>
84069d22:	cd45                	beqz	a0,84069dda <log_print_msgid+0xe8>
84069d24:	46a9                	li	a3,10
84069d26:	0a96ea63          	bltu	a3,s1,84069dda <log_print_msgid+0xe8>
84069d2a:	4712                	lw	a4,4(sp)
84069d2c:	00249693          	sll	a3,s1,0x2
84069d30:	04810313          	add	t1,sp,72
84069d34:	4481                	li	s1,0
84069d36:	0ad49863          	bne	s1,a3,84069de6 <log_print_msgid+0xf4>
84069d3a:	6719                	lui	a4,0x6
84069d3c:	d0570713          	add	a4,a4,-763 # 5d05 <__fp_pattern_ram_free+0x57f1>
84069d40:	00e11823          	sh	a4,16(sp)
84069d44:	01048713          	add	a4,s1,16
84069d48:	00e11923          	sh	a4,18(sp)
84069d4c:	6705                	lui	a4,0x1
84069d4e:	f4170713          	add	a4,a4,-191 # f41 <__fp_pattern_ram_free+0xa2d>
84069d52:	00e11a23          	sh	a4,20(sp)
84069d56:	0818                	add	a4,sp,16
84069d58:	d43a                	sw	a4,40(sp)
84069d5a:	4719                	li	a4,6
84069d5c:	d63a                	sw	a4,44(sp)
84069d5e:	0068                	add	a0,sp,12
84069d60:	4705                	li	a4,1
84069d62:	00e10c23          	sb	a4,24(sp)
84069d66:	91dff0ef          	jal	84069682 <hal_nvic_save_and_set_interrupt_mask>
84069d6a:	4014                	lw	a3,0(s0)
84069d6c:	4532                	lw	a0,12(sp)
84069d6e:	46d8                	lw	a4,12(a3)
84069d70:	00170613          	add	a2,a4,1
84069d74:	c6d0                	sw	a2,12(a3)
84069d76:	00e10ca3          	sb	a4,25(sp)
84069d7a:	911ff0ef          	jal	8406968a <hal_nvic_restore_interrupt_mask>
84069d7e:	42101737          	lui	a4,0x42101
84069d82:	00011d23          	sh	zero,26(sp)
84069d86:	00011e23          	sh	zero,28(sp)
84069d8a:	81872503          	lw	a0,-2024(a4) # 42100818 <__log_strings_end+0x3c0ff746>
84069d8e:	3e800613          	li	a2,1000
84069d92:	4681                	li	a3,0
84069d94:	4581                	li	a1,0
84069d96:	2415                	jal	84069fba <__muldi3>
84069d98:	4782                	lw	a5,0(sp)
84069d9a:	fa000737          	lui	a4,0xfa000
84069d9e:	05c6                	sll	a1,a1,0x11
84069da0:	973e                	add	a4,a4,a5
84069da2:	813d                	srl	a0,a0,0xf
84069da4:	02f11123          	sh	a5,34(sp)
84069da8:	401c                	lw	a5,0(s0)
84069daa:	8d4d                	or	a0,a0,a1
84069dac:	00a11f23          	sh	a0,30(sp)
84069db0:	8141                	srl	a0,a0,0x10
84069db2:	8341                	srl	a4,a4,0x10
84069db4:	02a11023          	sh	a0,32(sp)
84069db8:	4388                	lw	a0,0(a5)
84069dba:	02e11223          	sh	a4,36(sp)
84069dbe:	0838                	add	a4,sp,24
84069dc0:	d83a                	sw	a4,48(sp)
84069dc2:	04810313          	add	t1,sp,72
84069dc6:	4739                	li	a4,14
84069dc8:	0034                	add	a3,sp,8
84069dca:	460d                	li	a2,3
84069dcc:	102c                	add	a1,sp,40
84069dce:	da3a                	sw	a4,52(sp)
84069dd0:	dc1a                	sw	t1,56(sp)
84069dd2:	de26                	sw	s1,60(sp)
84069dd4:	c082                	sw	zero,64(sp)
84069dd6:	1ab000ef          	jal	8406a780 <mux_tx>
84069dda:	50e6                	lw	ra,120(sp)
84069ddc:	5456                	lw	s0,116(sp)
84069dde:	54c6                	lw	s1,112(sp)
84069de0:	07c10113          	add	sp,sp,124
84069de4:	8082                	ret
84069de6:	009705b3          	add	a1,a4,s1
84069dea:	418c                	lw	a1,0(a1)
84069dec:	00930633          	add	a2,t1,s1
84069df0:	0491                	add	s1,s1,4
84069df2:	c20c                	sw	a1,0(a2)
84069df4:	b789                	j	84069d36 <log_print_msgid+0x44>

84069df6 <print_module_msgid_log>:
84069df6:	fdc10113          	add	sp,sp,-36
84069dfa:	ca22                	sw	s0,20(sp)
84069dfc:	cc06                	sw	ra,24(sp)
84069dfe:	842a                	mv	s0,a0
84069e00:	c42e                	sw	a1,8(sp)
84069e02:	c232                	sw	a2,4(sp)
84069e04:	c036                	sw	a3,0(sp)
84069e06:	ce3a                	sw	a4,28(sp)
84069e08:	d03e                	sw	a5,32(sp)
84069e0a:	cfdff0ef          	jal	84069b06 <syslog_port_check_in_isr_handler>
84069e0e:	e909                	bnez	a0,84069e20 <print_module_msgid_log+0x2a>
84069e10:	4682                	lw	a3,0(sp)
84069e12:	4612                	lw	a2,4(sp)
84069e14:	45a2                	lw	a1,8(sp)
84069e16:	0878                	add	a4,sp,28
84069e18:	8522                	mv	a0,s0
84069e1a:	c63a                	sw	a4,12(sp)
84069e1c:	ed7ff0ef          	jal	84069cf2 <log_print_msgid>
84069e20:	40e2                	lw	ra,24(sp)
84069e22:	4452                	lw	s0,20(sp)
84069e24:	02410113          	add	sp,sp,36
84069e28:	8082                	ret

84069e2a <log_set_filter>:
84069e2a:	00001797          	auipc	a5,0x1
84069e2e:	09a78793          	add	a5,a5,154 # 8406aec4 <g_syslog_share_variable>
84069e32:	4398                	lw	a4,0(a5)
84069e34:	1141                	add	sp,sp,-16
84069e36:	c226                	sw	s1,4(sp)
84069e38:	4344                	lw	s1,4(a4)
84069e3a:	c606                	sw	ra,12(sp)
84069e3c:	c422                	sw	s0,8(sp)
84069e3e:	4709                	li	a4,2
84069e40:	08e49463          	bne	s1,a4,84069ec8 <log_set_filter+0x9e>
84069e44:	4505                	li	a0,1
84069e46:	e27ff0ef          	jal	84069c6c <port_syslog_build_time_sdk_version_copy>
84069e4a:	00001417          	auipc	s0,0x1
84069e4e:	d8a40413          	add	s0,s0,-630 # 8406abd4 <log_control_block_common>
84069e52:	00001517          	auipc	a0,0x1
84069e56:	e7e50513          	add	a0,a0,-386 # 8406acd0 <combo_key_result>
84069e5a:	8d01                	sub	a0,a0,s0
84069e5c:	45f1                	li	a1,28
84069e5e:	c92fa0ef          	jal	840642f0 <__hidden___udivsi3>
84069e62:	00001797          	auipc	a5,0x1
84069e66:	06278793          	add	a5,a5,98 # 8406aec4 <g_syslog_share_variable>
84069e6a:	439c                	lw	a5,0(a5)
84069e6c:	86aa                	mv	a3,a0
84069e6e:	0387c703          	lbu	a4,56(a5)
84069e72:	1287a223          	sw	s0,292(a5)
84069e76:	03878413          	add	s0,a5,56
84069e7a:	01871613          	sll	a2,a4,0x18
84069e7e:	8661                	sra	a2,a2,0x18
84069e80:	04065a63          	bgez	a2,84069ed4 <log_set_filter+0xaa>
84069e84:	f7f77713          	and	a4,a4,-129
84069e88:	4605                	li	a2,1
84069e8a:	00c70f63          	beq	a4,a2,84069ea8 <log_set_filter+0x7e>
84069e8e:	03a7c703          	lbu	a4,58(a5)
84069e92:	01871593          	sll	a1,a4,0x18
84069e96:	85e1                	sra	a1,a1,0x18
84069e98:	0605d563          	bgez	a1,84069f02 <log_set_filter+0xd8>
84069e9c:	f7f77713          	and	a4,a4,-129
84069ea0:	02c71b63          	bne	a4,a2,84069ed6 <log_set_filter+0xac>
84069ea4:	03a78413          	add	s0,a5,58
84069ea8:	00144783          	lbu	a5,1(s0)
84069eac:	04d78963          	beq	a5,a3,84069efe <log_set_filter+0xd4>
84069eb0:	44e00613          	li	a2,1102
84069eb4:	81f97597          	auipc	a1,0x81f97
84069eb8:	12058593          	add	a1,a1,288 # 6000fd4 <file.0>
84069ebc:	81f97517          	auipc	a0,0x81f97
84069ec0:	15450513          	add	a0,a0,340 # 6001010 <exp.1>
84069ec4:	cf9ff0ef          	jal	84069bbc <light_assert>
84069ec8:	4501                	li	a0,0
84069eca:	40b2                	lw	ra,12(sp)
84069ecc:	4422                	lw	s0,8(sp)
84069ece:	4492                	lw	s1,4(sp)
84069ed0:	0141                	add	sp,sp,16
84069ed2:	8082                	ret
84069ed4:	4481                	li	s1,0
84069ed6:	4505                	li	a0,1
84069ed8:	c036                	sw	a3,0(sp)
84069eda:	dd7ff0ef          	jal	84069cb0 <find_start_of_cpu_log_filters>
84069ede:	4682                	lw	a3,0(sp)
84069ee0:	00001617          	auipc	a2,0x1
84069ee4:	cf460613          	add	a2,a2,-780 # 8406abd4 <log_control_block_common>
84069ee8:	4701                	li	a4,0
84069eea:	00d71e63          	bne	a4,a3,84069f06 <log_set_filter+0xdc>
84069eee:	0486                	sll	s1,s1,0x1
84069ef0:	9426                	add	s0,s0,s1
84069ef2:	f8100793          	li	a5,-127
84069ef6:	00f40023          	sb	a5,0(s0)
84069efa:	00e400a3          	sb	a4,1(s0)
84069efe:	4505                	li	a0,1
84069f00:	b7e9                	j	84069eca <log_set_filter+0xa0>
84069f02:	4485                	li	s1,1
84069f04:	bfc9                	j	84069ed6 <log_set_filter+0xac>
84069f06:	425c                	lw	a5,4(a2)
84069f08:	00862303          	lw	t1,8(a2)
84069f0c:	00e505b3          	add	a1,a0,a4
84069f10:	0792                	sll	a5,a5,0x4
84069f12:	0067e7b3          	or	a5,a5,t1
84069f16:	0ff7f793          	zext.b	a5,a5
84069f1a:	00f58023          	sb	a5,0(a1)
84069f1e:	0705                	add	a4,a4,1 # fa000001 <_isr_stack_end+0x75f94001>
84069f20:	0671                	add	a2,a2,28
84069f22:	b7e1                	j	84069eea <log_set_filter+0xc0>

84069f24 <log_init>:
84069f24:	7ffa4797          	auipc	a5,0x7ffa4
84069f28:	7dc78793          	add	a5,a5,2012 # 400e700 <ccm_syslog>
84069f2c:	00001717          	auipc	a4,0x1
84069f30:	f8f72c23          	sw	a5,-104(a4) # 8406aec4 <g_syslog_share_variable>
84069f34:	0047c703          	lbu	a4,4(a5)
84069f38:	0057c683          	lbu	a3,5(a5)
84069f3c:	06a2                	sll	a3,a3,0x8
84069f3e:	8ed9                	or	a3,a3,a4
84069f40:	0067c703          	lbu	a4,6(a5)
84069f44:	0077c783          	lbu	a5,7(a5)
84069f48:	0742                	sll	a4,a4,0x10
84069f4a:	8f55                	or	a4,a4,a3
84069f4c:	07e2                	sll	a5,a5,0x18
84069f4e:	8fd9                	or	a5,a5,a4
84069f50:	4709                	li	a4,2
84069f52:	06e79263          	bne	a5,a4,84069fb6 <log_init+0x92>
84069f56:	00001797          	auipc	a5,0x1
84069f5a:	dc27a783          	lw	a5,-574(a5) # 8406ad18 <g_mux_port_configs>
84069f5e:	47d4                	lw	a3,12(a5)
84069f60:	1151                	add	sp,sp,-12
84069f62:	c406                	sw	ra,8(sp)
84069f64:	00001717          	auipc	a4,0x1
84069f68:	53070713          	add	a4,a4,1328 # 8406b494 <mux_uart_log_vrwp>
84069f6c:	c314                	sw	a3,0(a4)
84069f6e:	47d4                	lw	a3,12(a5)
84069f70:	c354                	sw	a3,4(a4)
84069f72:	4b94                	lw	a3,16(a5)
84069f74:	c714                	sw	a3,8(a4)
84069f76:	47d4                	lw	a3,12(a5)
84069f78:	c754                	sw	a3,12(a4)
84069f7a:	47d4                	lw	a3,12(a5)
84069f7c:	4b90                	lw	a2,16(a5)
84069f7e:	96b2                	add	a3,a3,a2
84069f80:	cb14                	sw	a3,16(a4)
84069f82:	00001697          	auipc	a3,0x1
84069f86:	5206a323          	sw	zero,1318(a3) # 8406b4a8 <mux_uart_log_vrwp+0x14>
84069f8a:	43d4                	lw	a3,4(a5)
84069f8c:	cf54                	sw	a3,28(a4)
84069f8e:	43d4                	lw	a3,4(a5)
84069f90:	d314                	sw	a3,32(a4)
84069f92:	4794                	lw	a3,8(a5)
84069f94:	d354                	sw	a3,36(a4)
84069f96:	43d4                	lw	a3,4(a5)
84069f98:	d714                	sw	a3,40(a4)
84069f9a:	43d4                	lw	a3,4(a5)
84069f9c:	479c                	lw	a5,8(a5)
84069f9e:	97b6                	add	a5,a5,a3
84069fa0:	d75c                	sw	a5,44(a4)
84069fa2:	00001797          	auipc	a5,0x1
84069fa6:	5207a523          	sw	zero,1322(a5) # 8406b4cc <mux_uart_log_vrwp+0x38>
84069faa:	e81ff0ef          	jal	84069e2a <log_set_filter>
84069fae:	40a2                	lw	ra,8(sp)
84069fb0:	4501                	li	a0,0
84069fb2:	0131                	add	sp,sp,12
84069fb4:	8082                	ret
84069fb6:	557d                	li	a0,-1
84069fb8:	8082                	ret

84069fba <__muldi3>:
84069fba:	1121                	add	sp,sp,-24
84069fbc:	832a                	mv	t1,a0
84069fbe:	8532                	mv	a0,a2
84069fc0:	862e                	mv	a2,a1
84069fc2:	82b6                	mv	t0,a3
84069fc4:	ca06                	sw	ra,20(sp)
84069fc6:	c822                	sw	s0,16(sp)
84069fc8:	c626                	sw	s1,12(sp)
84069fca:	871a                	mv	a4,t1
84069fcc:	86aa                	mv	a3,a0
84069fce:	4781                	li	a5,0
84069fd0:	4581                	li	a1,0
84069fd2:	4381                	li	t2,0
84069fd4:	c01a                	sw	t1,0(sp)
84069fd6:	c232                	sw	a2,4(sp)
84069fd8:	c42a                	sw	a0,8(sp)
84069fda:	00770633          	add	a2,a4,t2
84069fde:	0016f313          	and	t1,a3,1
84069fe2:	00f58433          	add	s0,a1,a5
84069fe6:	01f75513          	srl	a0,a4,0x1f
84069fea:	8285                	srl	a3,a3,0x1
84069fec:	00e634b3          	sltu	s1,a2,a4
84069ff0:	0786                	sll	a5,a5,0x1
84069ff2:	00030563          	beqz	t1,84069ffc <__muldi3+0x42>
84069ff6:	83b2                	mv	t2,a2
84069ff8:	008485b3          	add	a1,s1,s0
84069ffc:	0706                	sll	a4,a4,0x1
84069ffe:	8fc9                	or	a5,a5,a0
8406a000:	fee9                	bnez	a3,84069fda <__muldi3+0x20>
8406a002:	4612                	lw	a2,4(sp)
8406a004:	4302                	lw	t1,0(sp)
8406a006:	4522                	lw	a0,8(sp)
8406a008:	87ae                	mv	a5,a1
8406a00a:	c609                	beqz	a2,8406a014 <__muldi3+0x5a>
8406a00c:	85b2                	mv	a1,a2
8406a00e:	ac2fa0ef          	jal	840642d0 <__mulsi3>
8406a012:	97aa                	add	a5,a5,a0
8406a014:	00028763          	beqz	t0,8406a022 <__muldi3+0x68>
8406a018:	851a                	mv	a0,t1
8406a01a:	8596                	mv	a1,t0
8406a01c:	ab4fa0ef          	jal	840642d0 <__mulsi3>
8406a020:	97aa                	add	a5,a5,a0
8406a022:	40d2                	lw	ra,20(sp)
8406a024:	4442                	lw	s0,16(sp)
8406a026:	44b2                	lw	s1,12(sp)
8406a028:	851e                	mv	a0,t2
8406a02a:	85be                	mv	a1,a5
8406a02c:	0161                	add	sp,sp,24
8406a02e:	8082                	ret

8406a030 <strncpy>:
8406a030:	00a5e7b3          	or	a5,a1,a0
8406a034:	8b8d                	and	a5,a5,3
8406a036:	e781                	bnez	a5,8406a03e <strncpy+0xe>
8406a038:	478d                	li	a5,3
8406a03a:	02c7e263          	bltu	a5,a2,8406a05e <strncpy+0x2e>
8406a03e:	872a                	mv	a4,a0
8406a040:	a811                	j	8406a054 <strncpy+0x24>
8406a042:	fff5c683          	lbu	a3,-1(a1)
8406a046:	fff60313          	add	t1,a2,-1
8406a04a:	fed78fa3          	sb	a3,-1(a5)
8406a04e:	caa5                	beqz	a3,8406a0be <strncpy+0x8e>
8406a050:	873e                	mv	a4,a5
8406a052:	861a                	mv	a2,t1
8406a054:	0585                	add	a1,a1,1
8406a056:	00170793          	add	a5,a4,1
8406a05a:	f665                	bnez	a2,8406a042 <strncpy+0x12>
8406a05c:	8082                	ret
8406a05e:	1171                	add	sp,sp,-4
8406a060:	feff02b7          	lui	t0,0xfeff0
8406a064:	80808337          	lui	t1,0x80808
8406a068:	c022                	sw	s0,0(sp)
8406a06a:	872a                	mv	a4,a0
8406a06c:	eff28293          	add	t0,t0,-257 # fefefeff <_isr_stack_end+0x7af83eff>
8406a070:	08030313          	add	t1,t1,128 # 80808080 <__log_strings_end+0x7a806fae>
8406a074:	438d                	li	t2,3
8406a076:	a039                	j	8406a084 <strncpy+0x54>
8406a078:	c314                	sw	a3,0(a4)
8406a07a:	1671                	add	a2,a2,-4
8406a07c:	0711                	add	a4,a4,4
8406a07e:	0591                	add	a1,a1,4
8406a080:	02c3f863          	bgeu	t2,a2,8406a0b0 <strncpy+0x80>
8406a084:	4194                	lw	a3,0(a1)
8406a086:	005687b3          	add	a5,a3,t0
8406a08a:	fff6c413          	not	s0,a3
8406a08e:	8fe1                	and	a5,a5,s0
8406a090:	0067f7b3          	and	a5,a5,t1
8406a094:	d3f5                	beqz	a5,8406a078 <strncpy+0x48>
8406a096:	0585                	add	a1,a1,1
8406a098:	00170793          	add	a5,a4,1
8406a09c:	ce11                	beqz	a2,8406a0b8 <strncpy+0x88>
8406a09e:	fff5c683          	lbu	a3,-1(a1)
8406a0a2:	fff60313          	add	t1,a2,-1
8406a0a6:	fed78fa3          	sb	a3,-1(a5)
8406a0aa:	c29d                	beqz	a3,8406a0d0 <strncpy+0xa0>
8406a0ac:	873e                	mv	a4,a5
8406a0ae:	861a                	mv	a2,t1
8406a0b0:	0585                	add	a1,a1,1
8406a0b2:	00170793          	add	a5,a4,1
8406a0b6:	f665                	bnez	a2,8406a09e <strncpy+0x6e>
8406a0b8:	4402                	lw	s0,0(sp)
8406a0ba:	0111                	add	sp,sp,4
8406a0bc:	8082                	ret
8406a0be:	9732                	add	a4,a4,a2
8406a0c0:	02030363          	beqz	t1,8406a0e6 <strncpy+0xb6>
8406a0c4:	0785                	add	a5,a5,1
8406a0c6:	fe078fa3          	sb	zero,-1(a5)
8406a0ca:	fee79de3          	bne	a5,a4,8406a0c4 <strncpy+0x94>
8406a0ce:	8082                	ret
8406a0d0:	9732                	add	a4,a4,a2
8406a0d2:	fe0303e3          	beqz	t1,8406a0b8 <strncpy+0x88>
8406a0d6:	0785                	add	a5,a5,1
8406a0d8:	fe078fa3          	sb	zero,-1(a5)
8406a0dc:	fee79de3          	bne	a5,a4,8406a0d6 <strncpy+0xa6>
8406a0e0:	4402                	lw	s0,0(sp)
8406a0e2:	0111                	add	sp,sp,4
8406a0e4:	8082                	ret
8406a0e6:	8082                	ret

8406a0e8 <memcpy>:
8406a0e8:	00a5c7b3          	xor	a5,a1,a0
8406a0ec:	8b8d                	and	a5,a5,3
8406a0ee:	00c506b3          	add	a3,a0,a2
8406a0f2:	e7a9                	bnez	a5,8406a13c <memcpy+0x54>
8406a0f4:	478d                	li	a5,3
8406a0f6:	04c7f363          	bgeu	a5,a2,8406a13c <memcpy+0x54>
8406a0fa:	00357713          	and	a4,a0,3
8406a0fe:	87aa                	mv	a5,a0
8406a100:	eb31                	bnez	a4,8406a154 <memcpy+0x6c>
8406a102:	ffc6f713          	and	a4,a3,-4
8406a106:	40f70333          	sub	t1,a4,a5
8406a10a:	02000613          	li	a2,32
8406a10e:	06664763          	blt	a2,t1,8406a17c <memcpy+0x94>
8406a112:	832e                	mv	t1,a1
8406a114:	863e                	mv	a2,a5
8406a116:	02e7f063          	bgeu	a5,a4,8406a136 <memcpy+0x4e>
8406a11a:	00032283          	lw	t0,0(t1)
8406a11e:	0611                	add	a2,a2,4
8406a120:	0311                	add	t1,t1,4
8406a122:	fe562e23          	sw	t0,-4(a2)
8406a126:	fee66ae3          	bltu	a2,a4,8406a11a <memcpy+0x32>
8406a12a:	177d                	add	a4,a4,-1
8406a12c:	8f1d                	sub	a4,a4,a5
8406a12e:	9b71                	and	a4,a4,-4
8406a130:	0711                	add	a4,a4,4
8406a132:	97ba                	add	a5,a5,a4
8406a134:	95ba                	add	a1,a1,a4
8406a136:	00d7e663          	bltu	a5,a3,8406a142 <memcpy+0x5a>
8406a13a:	8082                	ret
8406a13c:	87aa                	mv	a5,a0
8406a13e:	02d57e63          	bgeu	a0,a3,8406a17a <memcpy+0x92>
8406a142:	0005c703          	lbu	a4,0(a1)
8406a146:	0785                	add	a5,a5,1
8406a148:	0585                	add	a1,a1,1
8406a14a:	fee78fa3          	sb	a4,-1(a5)
8406a14e:	fef69ae3          	bne	a3,a5,8406a142 <memcpy+0x5a>
8406a152:	8082                	ret
8406a154:	0005c603          	lbu	a2,0(a1)
8406a158:	0785                	add	a5,a5,1
8406a15a:	0037f713          	and	a4,a5,3
8406a15e:	fec78fa3          	sb	a2,-1(a5)
8406a162:	0585                	add	a1,a1,1
8406a164:	df59                	beqz	a4,8406a102 <memcpy+0x1a>
8406a166:	0005c603          	lbu	a2,0(a1)
8406a16a:	0785                	add	a5,a5,1
8406a16c:	0037f713          	and	a4,a5,3
8406a170:	fec78fa3          	sb	a2,-1(a5)
8406a174:	0585                	add	a1,a1,1
8406a176:	ff79                	bnez	a4,8406a154 <memcpy+0x6c>
8406a178:	b769                	j	8406a102 <memcpy+0x1a>
8406a17a:	8082                	ret
8406a17c:	1161                	add	sp,sp,-8
8406a17e:	c222                	sw	s0,4(sp)
8406a180:	c026                	sw	s1,0(sp)
8406a182:	02000413          	li	s0,32
8406a186:	4184                	lw	s1,0(a1)
8406a188:	0045a383          	lw	t2,4(a1)
8406a18c:	0085a283          	lw	t0,8(a1)
8406a190:	c384                	sw	s1,0(a5)
8406a192:	4984                	lw	s1,16(a1)
8406a194:	00c5a303          	lw	t1,12(a1)
8406a198:	02478793          	add	a5,a5,36
8406a19c:	fe97a623          	sw	s1,-20(a5)
8406a1a0:	49c4                	lw	s1,20(a1)
8406a1a2:	40f70633          	sub	a2,a4,a5
8406a1a6:	fe77a023          	sw	t2,-32(a5)
8406a1aa:	fe97a823          	sw	s1,-16(a5)
8406a1ae:	4d84                	lw	s1,24(a1)
8406a1b0:	fe57a223          	sw	t0,-28(a5)
8406a1b4:	fe67a423          	sw	t1,-24(a5)
8406a1b8:	fe97aa23          	sw	s1,-12(a5)
8406a1bc:	4dc4                	lw	s1,28(a1)
8406a1be:	02458593          	add	a1,a1,36
8406a1c2:	fe97ac23          	sw	s1,-8(a5)
8406a1c6:	ffc5a483          	lw	s1,-4(a1)
8406a1ca:	fe97ae23          	sw	s1,-4(a5)
8406a1ce:	fac44ce3          	blt	s0,a2,8406a186 <memcpy+0x9e>
8406a1d2:	832e                	mv	t1,a1
8406a1d4:	863e                	mv	a2,a5
8406a1d6:	02e7f063          	bgeu	a5,a4,8406a1f6 <memcpy+0x10e>
8406a1da:	00032283          	lw	t0,0(t1)
8406a1de:	0611                	add	a2,a2,4
8406a1e0:	0311                	add	t1,t1,4
8406a1e2:	fe562e23          	sw	t0,-4(a2)
8406a1e6:	fee66ae3          	bltu	a2,a4,8406a1da <memcpy+0xf2>
8406a1ea:	177d                	add	a4,a4,-1
8406a1ec:	8f1d                	sub	a4,a4,a5
8406a1ee:	9b71                	and	a4,a4,-4
8406a1f0:	0711                	add	a4,a4,4
8406a1f2:	97ba                	add	a5,a5,a4
8406a1f4:	95ba                	add	a1,a1,a4
8406a1f6:	00d7e663          	bltu	a5,a3,8406a202 <memcpy+0x11a>
8406a1fa:	4412                	lw	s0,4(sp)
8406a1fc:	4482                	lw	s1,0(sp)
8406a1fe:	0121                	add	sp,sp,8
8406a200:	8082                	ret
8406a202:	0005c703          	lbu	a4,0(a1)
8406a206:	0785                	add	a5,a5,1
8406a208:	0585                	add	a1,a1,1
8406a20a:	fee78fa3          	sb	a4,-1(a5)
8406a20e:	fef686e3          	beq	a3,a5,8406a1fa <memcpy+0x112>
8406a212:	0005c703          	lbu	a4,0(a1)
8406a216:	0785                	add	a5,a5,1
8406a218:	0585                	add	a1,a1,1
8406a21a:	fee78fa3          	sb	a4,-1(a5)
8406a21e:	fef692e3          	bne	a3,a5,8406a202 <memcpy+0x11a>
8406a222:	bfe1                	j	8406a1fa <memcpy+0x112>

8406a224 <exception_get_disable_all_log_flag>:
8406a224:	7ffa4517          	auipc	a0,0x7ffa4
8406a228:	31c54503          	lbu	a0,796(a0) # 400e540 <ccm_disable_all_log>
8406a22c:	8082                	ret

8406a22e <parse_port_type.constprop.0>:
8406a22e:	478d                	li	a5,3
8406a230:	00a7e563          	bltu	a5,a0,8406a23a <parse_port_type.constprop.0+0xc>
8406a234:	0005a023          	sw	zero,0(a1)
8406a238:	8082                	ret
8406a23a:	1151                	add	sp,sp,-12
8406a23c:	81f97517          	auipc	a0,0x81f97
8406a240:	e1450513          	add	a0,a0,-492 # 6001050 <exp.3>
8406a244:	2a900613          	li	a2,681
8406a248:	81f97597          	auipc	a1,0x81f97
8406a24c:	dcc58593          	add	a1,a1,-564 # 6001014 <file.2>
8406a250:	c406                	sw	ra,8(sp)
8406a252:	96bff0ef          	jal	84069bbc <light_assert>
8406a256:	40a2                	lw	ra,8(sp)
8406a258:	deadc537          	lui	a0,0xdeadc
8406a25c:	eef50513          	add	a0,a0,-273 # deadbeef <_isr_stack_end+0x5aa6feef>
8406a260:	0131                	add	sp,sp,12
8406a262:	8082                	ret

8406a264 <mux_driver_debug_for_check>:
8406a264:	411c                	lw	a5,0(a0)
8406a266:	4918                	lw	a4,16(a0)
8406a268:	4114                	lw	a3,0(a0)
8406a26a:	00e7b7b3          	sltu	a5,a5,a4
8406a26e:	4558                	lw	a4,12(a0)
8406a270:	0017b793          	seqz	a5,a5
8406a274:	00e6f463          	bgeu	a3,a4,8406a27c <mux_driver_debug_for_check+0x18>
8406a278:	0027e793          	or	a5,a5,2
8406a27c:	4154                	lw	a3,4(a0)
8406a27e:	4918                	lw	a4,16(a0)
8406a280:	00e6e463          	bltu	a3,a4,8406a288 <mux_driver_debug_for_check+0x24>
8406a284:	0047e793          	or	a5,a5,4
8406a288:	4154                	lw	a3,4(a0)
8406a28a:	4558                	lw	a4,12(a0)
8406a28c:	00e6f463          	bgeu	a3,a4,8406a294 <mux_driver_debug_for_check+0x30>
8406a290:	0087e793          	or	a5,a5,8
8406a294:	4114                	lw	a3,0(a0)
8406a296:	4158                	lw	a4,4(a0)
8406a298:	08e69163          	bne	a3,a4,8406a31a <mux_driver_debug_for_check+0xb6>
8406a29c:	4958                	lw	a4,20(a0)
8406a29e:	c719                	beqz	a4,8406a2ac <mux_driver_debug_for_check+0x48>
8406a2a0:	4954                	lw	a3,20(a0)
8406a2a2:	4518                	lw	a4,8(a0)
8406a2a4:	00e68463          	beq	a3,a4,8406a2ac <mux_driver_debug_for_check+0x48>
8406a2a8:	0107e793          	or	a5,a5,16
8406a2ac:	4d54                	lw	a3,28(a0)
8406a2ae:	5558                	lw	a4,44(a0)
8406a2b0:	00e6e463          	bltu	a3,a4,8406a2b8 <mux_driver_debug_for_check+0x54>
8406a2b4:	0807e793          	or	a5,a5,128
8406a2b8:	4d54                	lw	a3,28(a0)
8406a2ba:	5518                	lw	a4,40(a0)
8406a2bc:	00e6f463          	bgeu	a3,a4,8406a2c4 <mux_driver_debug_for_check+0x60>
8406a2c0:	1007e793          	or	a5,a5,256
8406a2c4:	5114                	lw	a3,32(a0)
8406a2c6:	5558                	lw	a4,44(a0)
8406a2c8:	00e6e463          	bltu	a3,a4,8406a2d0 <mux_driver_debug_for_check+0x6c>
8406a2cc:	2007e793          	or	a5,a5,512
8406a2d0:	5114                	lw	a3,32(a0)
8406a2d2:	5518                	lw	a4,40(a0)
8406a2d4:	00e6f463          	bgeu	a3,a4,8406a2dc <mux_driver_debug_for_check+0x78>
8406a2d8:	4007e793          	or	a5,a5,1024
8406a2dc:	4d50                	lw	a2,28(a0)
8406a2de:	5118                	lw	a4,32(a0)
8406a2e0:	00001697          	auipc	a3,0x1
8406a2e4:	bdc68693          	add	a3,a3,-1060 # 8406aebc <mux_rw_pointer_debug_flags>
8406a2e8:	06e61463          	bne	a2,a4,8406a350 <mux_driver_debug_for_check+0xec>
8406a2ec:	5d18                	lw	a4,56(a0)
8406a2ee:	cf51                	beqz	a4,8406a38a <mux_driver_debug_for_check+0x126>
8406a2f0:	5d10                	lw	a2,56(a0)
8406a2f2:	5158                	lw	a4,36(a0)
8406a2f4:	08e60b63          	beq	a2,a4,8406a38a <mux_driver_debug_for_check+0x126>
8406a2f8:	6705                	lui	a4,0x1
8406a2fa:	80070713          	add	a4,a4,-2048 # 800 <__fp_pattern_ram_free+0x2ec>
8406a2fe:	8f5d                	or	a4,a4,a5
8406a300:	c298                	sw	a4,0(a3)
8406a302:	1b600613          	li	a2,438
8406a306:	81f97597          	auipc	a1,0x81f97
8406a30a:	d8e58593          	add	a1,a1,-626 # 6001094 <file.6>
8406a30e:	81f97517          	auipc	a0,0x81f97
8406a312:	dc250513          	add	a0,a0,-574 # 60010d0 <exp.7>
8406a316:	8a7ff06f          	j	84069bbc <light_assert>
8406a31a:	4114                	lw	a3,0(a0)
8406a31c:	4158                	lw	a4,4(a0)
8406a31e:	00e6fb63          	bgeu	a3,a4,8406a334 <mux_driver_debug_for_check+0xd0>
8406a322:	4954                	lw	a3,20(a0)
8406a324:	4158                	lw	a4,4(a0)
8406a326:	4110                	lw	a2,0(a0)
8406a328:	8f11                	sub	a4,a4,a2
8406a32a:	f8e681e3          	beq	a3,a4,8406a2ac <mux_driver_debug_for_check+0x48>
8406a32e:	0207e793          	or	a5,a5,32
8406a332:	bfad                	j	8406a2ac <mux_driver_debug_for_check+0x48>
8406a334:	4918                	lw	a4,16(a0)
8406a336:	410c                	lw	a1,0(a0)
8406a338:	00452303          	lw	t1,4(a0)
8406a33c:	4550                	lw	a2,12(a0)
8406a33e:	4954                	lw	a3,20(a0)
8406a340:	971a                	add	a4,a4,t1
8406a342:	8f0d                	sub	a4,a4,a1
8406a344:	8f11                	sub	a4,a4,a2
8406a346:	f6e683e3          	beq	a3,a4,8406a2ac <mux_driver_debug_for_check+0x48>
8406a34a:	0407e793          	or	a5,a5,64
8406a34e:	bfb9                	j	8406a2ac <mux_driver_debug_for_check+0x48>
8406a350:	4d50                	lw	a2,28(a0)
8406a352:	5118                	lw	a4,32(a0)
8406a354:	00e67c63          	bgeu	a2,a4,8406a36c <mux_driver_debug_for_check+0x108>
8406a358:	5d10                	lw	a2,56(a0)
8406a35a:	5118                	lw	a4,32(a0)
8406a35c:	4d4c                	lw	a1,28(a0)
8406a35e:	8f0d                	sub	a4,a4,a1
8406a360:	02e60563          	beq	a2,a4,8406a38a <mux_driver_debug_for_check+0x126>
8406a364:	6705                	lui	a4,0x1
8406a366:	8fd9                	or	a5,a5,a4
8406a368:	c29c                	sw	a5,0(a3)
8406a36a:	bf61                	j	8406a302 <mux_driver_debug_for_check+0x9e>
8406a36c:	5558                	lw	a4,44(a0)
8406a36e:	01c52303          	lw	t1,28(a0)
8406a372:	02052283          	lw	t0,32(a0)
8406a376:	550c                	lw	a1,40(a0)
8406a378:	5d10                	lw	a2,56(a0)
8406a37a:	9716                	add	a4,a4,t0
8406a37c:	40670733          	sub	a4,a4,t1
8406a380:	8f0d                	sub	a4,a4,a1
8406a382:	00e60463          	beq	a2,a4,8406a38a <mux_driver_debug_for_check+0x126>
8406a386:	6709                	lui	a4,0x2
8406a388:	bff9                	j	8406a366 <mux_driver_debug_for_check+0x102>
8406a38a:	c29c                	sw	a5,0(a3)
8406a38c:	fbbd                	bnez	a5,8406a302 <mux_driver_debug_for_check+0x9e>
8406a38e:	8082                	ret

8406a390 <mux_common_device_get_hw_rptr>:
8406a390:	c591                	beqz	a1,8406a39c <mux_common_device_get_hw_rptr+0xc>
8406a392:	411c                	lw	a5,0(a0)
8406a394:	4558                	lw	a4,12(a0)
8406a396:	40e78533          	sub	a0,a5,a4
8406a39a:	8082                	ret
8406a39c:	4d5c                	lw	a5,28(a0)
8406a39e:	5518                	lw	a4,40(a0)
8406a3a0:	bfdd                	j	8406a396 <mux_common_device_get_hw_rptr+0x6>

8406a3a2 <mux_common_device_get_hw_wptr>:
8406a3a2:	c591                	beqz	a1,8406a3ae <mux_common_device_get_hw_wptr+0xc>
8406a3a4:	415c                	lw	a5,4(a0)
8406a3a6:	4558                	lw	a4,12(a0)
8406a3a8:	40e78533          	sub	a0,a5,a4
8406a3ac:	8082                	ret
8406a3ae:	511c                	lw	a5,32(a0)
8406a3b0:	5518                	lw	a4,40(a0)
8406a3b2:	bfdd                	j	8406a3a8 <mux_common_device_get_hw_wptr+0x6>

8406a3b4 <mux_common_device_set_tx_hw_wptr>:
8406a3b4:	511c                	lw	a5,32(a0)
8406a3b6:	5558                	lw	a4,44(a0)
8406a3b8:	97ae                	add	a5,a5,a1
8406a3ba:	00e7ee63          	bltu	a5,a4,8406a3d6 <mux_common_device_set_tx_hw_wptr+0x22>
8406a3be:	551c                	lw	a5,40(a0)
8406a3c0:	5114                	lw	a3,32(a0)
8406a3c2:	5558                	lw	a4,44(a0)
8406a3c4:	97b6                	add	a5,a5,a3
8406a3c6:	97ae                	add	a5,a5,a1
8406a3c8:	8f99                	sub	a5,a5,a4
8406a3ca:	d11c                	sw	a5,32(a0)
8406a3cc:	5d1c                	lw	a5,56(a0)
8406a3ce:	97ae                	add	a5,a5,a1
8406a3d0:	dd1c                	sw	a5,56(a0)
8406a3d2:	e93ff06f          	j	8406a264 <mux_driver_debug_for_check>
8406a3d6:	511c                	lw	a5,32(a0)
8406a3d8:	97ae                	add	a5,a5,a1
8406a3da:	bfc5                	j	8406a3ca <mux_common_device_set_tx_hw_wptr+0x16>

8406a3dc <mux_common_device_set_tx_hw_rptr_internal_use>:
8406a3dc:	cda9                	beqz	a1,8406a436 <mux_common_device_set_tx_hw_rptr_internal_use+0x5a>
8406a3de:	4d5c                	lw	a5,28(a0)
8406a3e0:	5558                	lw	a4,44(a0)
8406a3e2:	1151                	add	sp,sp,-12
8406a3e4:	c222                	sw	s0,4(sp)
8406a3e6:	c406                	sw	ra,8(sp)
8406a3e8:	97ae                	add	a5,a5,a1
8406a3ea:	842a                	mv	s0,a0
8406a3ec:	04e7e263          	bltu	a5,a4,8406a430 <mux_common_device_set_tx_hw_rptr_internal_use+0x54>
8406a3f0:	551c                	lw	a5,40(a0)
8406a3f2:	4d54                	lw	a3,28(a0)
8406a3f4:	5558                	lw	a4,44(a0)
8406a3f6:	97b6                	add	a5,a5,a3
8406a3f8:	97ae                	add	a5,a5,a1
8406a3fa:	8f99                	sub	a5,a5,a4
8406a3fc:	cc5c                	sw	a5,28(s0)
8406a3fe:	5c1c                	lw	a5,56(s0)
8406a400:	8f8d                	sub	a5,a5,a1
8406a402:	dc1c                	sw	a5,56(s0)
8406a404:	4c58                	lw	a4,28(s0)
8406a406:	545c                	lw	a5,44(s0)
8406a408:	00f76e63          	bltu	a4,a5,8406a424 <mux_common_device_set_tx_hw_rptr_internal_use+0x48>
8406a40c:	1e500613          	li	a2,485
8406a410:	81f97597          	auipc	a1,0x81f97
8406a414:	c4458593          	add	a1,a1,-956 # 6001054 <file.4>
8406a418:	81f97517          	auipc	a0,0x81f97
8406a41c:	c7850513          	add	a0,a0,-904 # 6001090 <exp.5>
8406a420:	f9cff0ef          	jal	84069bbc <light_assert>
8406a424:	8522                	mv	a0,s0
8406a426:	4412                	lw	s0,4(sp)
8406a428:	40a2                	lw	ra,8(sp)
8406a42a:	0131                	add	sp,sp,12
8406a42c:	e39ff06f          	j	8406a264 <mux_driver_debug_for_check>
8406a430:	4d5c                	lw	a5,28(a0)
8406a432:	97ae                	add	a5,a5,a1
8406a434:	b7e1                	j	8406a3fc <mux_common_device_set_tx_hw_rptr_internal_use+0x20>
8406a436:	8082                	ret

8406a438 <port_mux_uart_get_hw_rptr>:
8406a438:	1141                	add	sp,sp,-16
8406a43a:	c422                	sw	s0,8(sp)
8406a43c:	c606                	sw	ra,12(sp)
8406a43e:	c02e                	sw	a1,0(sp)
8406a440:	842a                	mv	s0,a0
8406a442:	ed11                	bnez	a0,8406a45e <port_mux_uart_get_hw_rptr+0x26>
8406a444:	de1ff0ef          	jal	8406a224 <exception_get_disable_all_log_flag>
8406a448:	4582                	lw	a1,0(sp)
8406a44a:	c911                	beqz	a0,8406a45e <port_mux_uart_get_hw_rptr+0x26>
8406a44c:	4422                	lw	s0,8(sp)
8406a44e:	40b2                	lw	ra,12(sp)
8406a450:	00001517          	auipc	a0,0x1
8406a454:	04450513          	add	a0,a0,68 # 8406b494 <mux_uart_log_vrwp>
8406a458:	0141                	add	sp,sp,16
8406a45a:	f37ff06f          	j	8406a390 <mux_common_device_get_hw_rptr>
8406a45e:	040e                	sll	s0,s0,0x3
8406a460:	00001797          	auipc	a5,0x1
8406a464:	8ec78793          	add	a5,a5,-1812 # 8406ad4c <g_vdma_regbase_table>
8406a468:	97a2                	add	a5,a5,s0
8406a46a:	439c                	lw	a5,0(a5)
8406a46c:	40b2                	lw	ra,12(sp)
8406a46e:	4422                	lw	s0,8(sp)
8406a470:	4fd8                	lw	a4,28(a5)
8406a472:	53c8                	lw	a0,36(a5)
8406a474:	0141                	add	sp,sp,16
8406a476:	8d19                	sub	a0,a0,a4
8406a478:	8082                	ret

8406a47a <port_mux_uart_get_hw_wptr>:
8406a47a:	1141                	add	sp,sp,-16
8406a47c:	c422                	sw	s0,8(sp)
8406a47e:	c606                	sw	ra,12(sp)
8406a480:	c02e                	sw	a1,0(sp)
8406a482:	842a                	mv	s0,a0
8406a484:	ed11                	bnez	a0,8406a4a0 <port_mux_uart_get_hw_wptr+0x26>
8406a486:	d9fff0ef          	jal	8406a224 <exception_get_disable_all_log_flag>
8406a48a:	4582                	lw	a1,0(sp)
8406a48c:	c911                	beqz	a0,8406a4a0 <port_mux_uart_get_hw_wptr+0x26>
8406a48e:	4422                	lw	s0,8(sp)
8406a490:	40b2                	lw	ra,12(sp)
8406a492:	00001517          	auipc	a0,0x1
8406a496:	00250513          	add	a0,a0,2 # 8406b494 <mux_uart_log_vrwp>
8406a49a:	0141                	add	sp,sp,16
8406a49c:	f07ff06f          	j	8406a3a2 <mux_common_device_get_hw_wptr>
8406a4a0:	040e                	sll	s0,s0,0x3
8406a4a2:	00001797          	auipc	a5,0x1
8406a4a6:	8aa78793          	add	a5,a5,-1878 # 8406ad4c <g_vdma_regbase_table>
8406a4aa:	97a2                	add	a5,a5,s0
8406a4ac:	439c                	lw	a5,0(a5)
8406a4ae:	40b2                	lw	ra,12(sp)
8406a4b0:	4422                	lw	s0,8(sp)
8406a4b2:	4fd8                	lw	a4,28(a5)
8406a4b4:	5388                	lw	a0,32(a5)
8406a4b6:	0141                	add	sp,sp,16
8406a4b8:	8d19                	sub	a0,a0,a4
8406a4ba:	8082                	ret

8406a4bc <port_mux_uart_set_tx_hw_wptr>:
8406a4bc:	00001717          	auipc	a4,0x1
8406a4c0:	85870713          	add	a4,a4,-1960 # 8406ad14 <g_uart_on_off_status>
8406a4c4:	972a                	add	a4,a4,a0
8406a4c6:	00074703          	lbu	a4,0(a4)
8406a4ca:	1131                	add	sp,sp,-20
8406a4cc:	c622                	sw	s0,12(sp)
8406a4ce:	c426                	sw	s1,8(sp)
8406a4d0:	c806                	sw	ra,16(sp)
8406a4d2:	00001417          	auipc	s0,0x1
8406a4d6:	00e40413          	add	s0,s0,14 # 8406b4e0 <g_uart_record_wptr_legnth>
8406a4da:	00251493          	sll	s1,a0,0x2
8406a4de:	cb21                	beqz	a4,8406a52e <port_mux_uart_set_tx_hw_wptr+0x72>
8406a4e0:	87aa                	mv	a5,a0
8406a4e2:	ed15                	bnez	a0,8406a51e <port_mux_uart_set_tx_hw_wptr+0x62>
8406a4e4:	c22e                	sw	a1,4(sp)
8406a4e6:	c02a                	sw	a0,0(sp)
8406a4e8:	d3dff0ef          	jal	8406a224 <exception_get_disable_all_log_flag>
8406a4ec:	4782                	lw	a5,0(sp)
8406a4ee:	4592                	lw	a1,4(sp)
8406a4f0:	c51d                	beqz	a0,8406a51e <port_mux_uart_set_tx_hw_wptr+0x62>
8406a4f2:	00001517          	auipc	a0,0x1
8406a4f6:	fa250513          	add	a0,a0,-94 # 8406b494 <mux_uart_log_vrwp>
8406a4fa:	c02e                	sw	a1,0(sp)
8406a4fc:	eb9ff0ef          	jal	8406a3b4 <mux_common_device_set_tx_hw_wptr>
8406a500:	4582                	lw	a1,0(sp)
8406a502:	00001517          	auipc	a0,0x1
8406a506:	f9250513          	add	a0,a0,-110 # 8406b494 <mux_uart_log_vrwp>
8406a50a:	ed3ff0ef          	jal	8406a3dc <mux_common_device_set_tx_hw_rptr_internal_use>
8406a50e:	94a2                	add	s1,s1,s0
8406a510:	0004a023          	sw	zero,0(s1)
8406a514:	40c2                	lw	ra,16(sp)
8406a516:	4432                	lw	s0,12(sp)
8406a518:	44a2                	lw	s1,8(sp)
8406a51a:	0151                	add	sp,sp,20
8406a51c:	8082                	ret
8406a51e:	01059613          	sll	a2,a1,0x10
8406a522:	8241                	srl	a2,a2,0x10
8406a524:	4581                	li	a1,0
8406a526:	853e                	mv	a0,a5
8406a528:	b8aff0ef          	jal	840698b2 <uart_set_sw_move_byte>
8406a52c:	b7cd                	j	8406a50e <port_mux_uart_set_tx_hw_wptr+0x52>
8406a52e:	9426                	add	s0,s0,s1
8406a530:	c00c                	sw	a1,0(s0)
8406a532:	b7cd                	j	8406a514 <port_mux_uart_set_tx_hw_wptr+0x58>

8406a534 <port_mux_get_sw_wptr>:
8406a534:	1151                	add	sp,sp,-12
8406a536:	c222                	sw	s0,4(sp)
8406a538:	c406                	sw	ra,8(sp)
8406a53a:	842a                	mv	s0,a0
8406a53c:	ed01                	bnez	a0,8406a554 <port_mux_get_sw_wptr+0x20>
8406a53e:	ce7ff0ef          	jal	8406a224 <exception_get_disable_all_log_flag>
8406a542:	c909                	beqz	a0,8406a554 <port_mux_get_sw_wptr+0x20>
8406a544:	00001517          	auipc	a0,0x1
8406a548:	97c52503          	lw	a0,-1668(a0) # 8406aec0 <mux_sw_wptr>
8406a54c:	40a2                	lw	ra,8(sp)
8406a54e:	4412                	lw	s0,4(sp)
8406a550:	0131                	add	sp,sp,12
8406a552:	8082                	ret
8406a554:	00341793          	sll	a5,s0,0x3
8406a558:	8f81                	sub	a5,a5,s0
8406a55a:	078e                	sll	a5,a5,0x3
8406a55c:	00000717          	auipc	a4,0x0
8406a560:	7bc72703          	lw	a4,1980(a4) # 8406ad18 <g_mux_port_configs>
8406a564:	97ba                	add	a5,a5,a4
8406a566:	4bc8                	lw	a0,20(a5)
8406a568:	b7d5                	j	8406a54c <port_mux_get_sw_wptr+0x18>

8406a56a <port_mux_get_tx_buf_len>:
8406a56a:	1151                	add	sp,sp,-12
8406a56c:	c222                	sw	s0,4(sp)
8406a56e:	c406                	sw	ra,8(sp)
8406a570:	842a                	mv	s0,a0
8406a572:	ed01                	bnez	a0,8406a58a <port_mux_get_tx_buf_len+0x20>
8406a574:	cb1ff0ef          	jal	8406a224 <exception_get_disable_all_log_flag>
8406a578:	c909                	beqz	a0,8406a58a <port_mux_get_tx_buf_len+0x20>
8406a57a:	00001517          	auipc	a0,0x1
8406a57e:	f3e52503          	lw	a0,-194(a0) # 8406b4b8 <mux_uart_log_vrwp+0x24>
8406a582:	40a2                	lw	ra,8(sp)
8406a584:	4412                	lw	s0,4(sp)
8406a586:	0131                	add	sp,sp,12
8406a588:	8082                	ret
8406a58a:	00341793          	sll	a5,s0,0x3
8406a58e:	8f81                	sub	a5,a5,s0
8406a590:	078e                	sll	a5,a5,0x3
8406a592:	00000717          	auipc	a4,0x0
8406a596:	78672703          	lw	a4,1926(a4) # 8406ad18 <g_mux_port_configs>
8406a59a:	97ba                	add	a5,a5,a4
8406a59c:	4788                	lw	a0,8(a5)
8406a59e:	b7d5                	j	8406a582 <port_mux_get_tx_buf_len+0x18>

8406a5a0 <buffer_check_free_space>:
8406a5a0:	0ff57793          	zext.b	a5,a0
8406a5a4:	1131                	add	sp,sp,-20
8406a5a6:	853e                	mv	a0,a5
8406a5a8:	4581                	li	a1,0
8406a5aa:	c806                	sw	ra,16(sp)
8406a5ac:	c03e                	sw	a5,0(sp)
8406a5ae:	c622                	sw	s0,12(sp)
8406a5b0:	c426                	sw	s1,8(sp)
8406a5b2:	e87ff0ef          	jal	8406a438 <port_mux_uart_get_hw_rptr>
8406a5b6:	842a                	mv	s0,a0
8406a5b8:	4502                	lw	a0,0(sp)
8406a5ba:	4581                	li	a1,0
8406a5bc:	ebfff0ef          	jal	8406a47a <port_mux_uart_get_hw_wptr>
8406a5c0:	c22a                	sw	a0,4(sp)
8406a5c2:	4502                	lw	a0,0(sp)
8406a5c4:	f71ff0ef          	jal	8406a534 <port_mux_get_sw_wptr>
8406a5c8:	84aa                	mv	s1,a0
8406a5ca:	4502                	lw	a0,0(sp)
8406a5cc:	f9fff0ef          	jal	8406a56a <port_mux_get_tx_buf_len>
8406a5d0:	4712                	lw	a4,4(sp)
8406a5d2:	86aa                	mv	a3,a0
8406a5d4:	40940533          	sub	a0,s0,s1
8406a5d8:	00876763          	bltu	a4,s0,8406a5e6 <buffer_check_free_space+0x46>
8406a5dc:	00e4e563          	bltu	s1,a4,8406a5e6 <buffer_check_free_space+0x46>
8406a5e0:	9436                	add	s0,s0,a3
8406a5e2:	40940533          	sub	a0,s0,s1
8406a5e6:	4791                	li	a5,4
8406a5e8:	00f57363          	bgeu	a0,a5,8406a5ee <buffer_check_free_space+0x4e>
8406a5ec:	4511                	li	a0,4
8406a5ee:	40c2                	lw	ra,16(sp)
8406a5f0:	4432                	lw	s0,12(sp)
8406a5f2:	44a2                	lw	s1,8(sp)
8406a5f4:	1571                	add	a0,a0,-4
8406a5f6:	0151                	add	sp,sp,20
8406a5f8:	8082                	ret

8406a5fa <buffer_copy_data_out>:
8406a5fa:	1111                	add	sp,sp,-28
8406a5fc:	00000297          	auipc	t0,0x0
8406a600:	71c28293          	add	t0,t0,1820 # 8406ad18 <g_mux_port_configs>
8406a604:	c826                	sw	s1,16(sp)
8406a606:	00351713          	sll	a4,a0,0x3
8406a60a:	84b6                	mv	s1,a3
8406a60c:	0002a683          	lw	a3,0(t0)
8406a610:	8f09                	sub	a4,a4,a0
8406a612:	070e                	sll	a4,a4,0x3
8406a614:	96ba                	add	a3,a3,a4
8406a616:	42dc                	lw	a5,4(a3)
8406a618:	4694                	lw	a3,8(a3)
8406a61a:	ca22                	sw	s0,20(sp)
8406a61c:	cc06                	sw	ra,24(sp)
8406a61e:	97b6                	add	a5,a5,a3
8406a620:	c62e                	sw	a1,12(sp)
8406a622:	c03a                	sw	a4,0(sp)
8406a624:	40c786b3          	sub	a3,a5,a2
8406a628:	c43e                	sw	a5,8(sp)
8406a62a:	8432                	mv	s0,a2
8406a62c:	04d4ea63          	bltu	s1,a3,8406a680 <buffer_copy_data_out+0x86>
8406a630:	8636                	mv	a2,a3
8406a632:	8522                	mv	a0,s0
8406a634:	c236                	sw	a3,4(sp)
8406a636:	ab3ff0ef          	jal	8406a0e8 <memcpy>
8406a63a:	00000297          	auipc	t0,0x0
8406a63e:	6de28293          	add	t0,t0,1758 # 8406ad18 <g_mux_port_configs>
8406a642:	0002a603          	lw	a2,0(t0)
8406a646:	4702                	lw	a4,0(sp)
8406a648:	47a2                	lw	a5,8(sp)
8406a64a:	4692                	lw	a3,4(sp)
8406a64c:	963a                	add	a2,a2,a4
8406a64e:	4332                	lw	t1,12(sp)
8406a650:	4248                	lw	a0,4(a2)
8406a652:	8c1d                	sub	s0,s0,a5
8406a654:	00848633          	add	a2,s1,s0
8406a658:	00d305b3          	add	a1,t1,a3
8406a65c:	a8dff0ef          	jal	8406a0e8 <memcpy>
8406a660:	00000297          	auipc	t0,0x0
8406a664:	6b828293          	add	t0,t0,1720 # 8406ad18 <g_mux_port_configs>
8406a668:	0002a783          	lw	a5,0(t0)
8406a66c:	4702                	lw	a4,0(sp)
8406a66e:	97ba                	add	a5,a5,a4
8406a670:	43c8                	lw	a0,4(a5)
8406a672:	9526                	add	a0,a0,s1
8406a674:	9522                	add	a0,a0,s0
8406a676:	40e2                	lw	ra,24(sp)
8406a678:	4452                	lw	s0,20(sp)
8406a67a:	44c2                	lw	s1,16(sp)
8406a67c:	0171                	add	sp,sp,28
8406a67e:	8082                	ret
8406a680:	8626                	mv	a2,s1
8406a682:	8522                	mv	a0,s0
8406a684:	a65ff0ef          	jal	8406a0e8 <memcpy>
8406a688:	00940533          	add	a0,s0,s1
8406a68c:	b7ed                	j	8406a676 <buffer_copy_data_out+0x7c>

8406a68e <internal_buffer_wptr_update>:
8406a68e:	1111                	add	sp,sp,-28
8406a690:	47a9                	li	a5,10
8406a692:	006c                	add	a1,sp,12
8406a694:	c63e                	sw	a5,12(sp)
8406a696:	cc06                	sw	ra,24(sp)
8406a698:	ca22                	sw	s0,20(sp)
8406a69a:	c826                	sw	s1,16(sp)
8406a69c:	842a                	mv	s0,a0
8406a69e:	c402                	sw	zero,8(sp)
8406a6a0:	b8fff0ef          	jal	8406a22e <parse_port_type.constprop.0>
8406a6a4:	84aa                	mv	s1,a0
8406a6a6:	002c                	add	a1,sp,8
8406a6a8:	4525                	li	a0,9
8406a6aa:	c6eff0ef          	jal	84069b18 <log_hw_semaphore_take>
8406a6ae:	00341713          	sll	a4,s0,0x3
8406a6b2:	8f01                	sub	a4,a4,s0
8406a6b4:	070e                	sll	a4,a4,0x3
8406a6b6:	00000797          	auipc	a5,0x0
8406a6ba:	6627a783          	lw	a5,1634(a5) # 8406ad18 <g_mux_port_configs>
8406a6be:	97ba                	add	a5,a5,a4
8406a6c0:	4f98                	lw	a4,24(a5)
8406a6c2:	177d                	add	a4,a4,-1
8406a6c4:	cf98                	sw	a4,24(a5)
8406a6c6:	4f9c                	lw	a5,24(a5)
8406a6c8:	ef95                	bnez	a5,8406a704 <internal_buffer_wptr_update+0x76>
8406a6ca:	0ff4f793          	zext.b	a5,s1
8406a6ce:	4581                	li	a1,0
8406a6d0:	853e                	mv	a0,a5
8406a6d2:	c03e                	sw	a5,0(sp)
8406a6d4:	da7ff0ef          	jal	8406a47a <port_mux_uart_get_hw_wptr>
8406a6d8:	0ff47793          	zext.b	a5,s0
8406a6dc:	84aa                	mv	s1,a0
8406a6de:	853e                	mv	a0,a5
8406a6e0:	c23e                	sw	a5,4(sp)
8406a6e2:	e53ff0ef          	jal	8406a534 <port_mux_get_sw_wptr>
8406a6e6:	842a                	mv	s0,a0
8406a6e8:	4512                	lw	a0,4(sp)
8406a6ea:	e81ff0ef          	jal	8406a56a <port_mux_get_tx_buf_len>
8406a6ee:	409405b3          	sub	a1,s0,s1
8406a6f2:	00947663          	bgeu	s0,s1,8406a6fe <internal_buffer_wptr_update+0x70>
8406a6f6:	00a407b3          	add	a5,s0,a0
8406a6fa:	409785b3          	sub	a1,a5,s1
8406a6fe:	4502                	lw	a0,0(sp)
8406a700:	dbdff0ef          	jal	8406a4bc <port_mux_uart_set_tx_hw_wptr>
8406a704:	45a2                	lw	a1,8(sp)
8406a706:	4525                	li	a0,9
8406a708:	c28ff0ef          	jal	84069b30 <log_hw_semaphore_give>
8406a70c:	40e2                	lw	ra,24(sp)
8406a70e:	4452                	lw	s0,20(sp)
8406a710:	44c2                	lw	s1,16(sp)
8406a712:	0171                	add	sp,sp,28
8406a714:	8082                	ret

8406a716 <internal_buffer_pre_alloc>:
8406a716:	1141                	add	sp,sp,-16
8406a718:	c422                	sw	s0,8(sp)
8406a71a:	c226                	sw	s1,4(sp)
8406a71c:	842e                	mv	s0,a1
8406a71e:	84aa                	mv	s1,a0
8406a720:	858a                	mv	a1,sp
8406a722:	4525                	li	a0,9
8406a724:	c606                	sw	ra,12(sp)
8406a726:	c002                	sw	zero,0(sp)
8406a728:	bf0ff0ef          	jal	84069b18 <log_hw_semaphore_take>
8406a72c:	8526                	mv	a0,s1
8406a72e:	e73ff0ef          	jal	8406a5a0 <buffer_check_free_space>
8406a732:	4582                	lw	a1,0(sp)
8406a734:	00857c63          	bgeu	a0,s0,8406a74c <internal_buffer_pre_alloc+0x36>
8406a738:	4525                	li	a0,9
8406a73a:	bf6ff0ef          	jal	84069b30 <log_hw_semaphore_give>
8406a73e:	4401                	li	s0,0
8406a740:	40b2                	lw	ra,12(sp)
8406a742:	8522                	mv	a0,s0
8406a744:	4422                	lw	s0,8(sp)
8406a746:	4492                	lw	s1,4(sp)
8406a748:	0141                	add	sp,sp,16
8406a74a:	8082                	ret
8406a74c:	00349513          	sll	a0,s1,0x3
8406a750:	8d05                	sub	a0,a0,s1
8406a752:	050e                	sll	a0,a0,0x3
8406a754:	00000797          	auipc	a5,0x0
8406a758:	5c47a783          	lw	a5,1476(a5) # 8406ad18 <g_mux_port_configs>
8406a75c:	97aa                	add	a5,a5,a0
8406a75e:	4bd4                	lw	a3,20(a5)
8406a760:	4790                	lw	a2,8(a5)
8406a762:	00d40733          	add	a4,s0,a3
8406a766:	00c76363          	bltu	a4,a2,8406a76c <internal_buffer_pre_alloc+0x56>
8406a76a:	8f11                	sub	a4,a4,a2
8406a76c:	cbd8                	sw	a4,20(a5)
8406a76e:	4f98                	lw	a4,24(a5)
8406a770:	4525                	li	a0,9
8406a772:	0705                	add	a4,a4,1
8406a774:	cf98                	sw	a4,24(a5)
8406a776:	43c0                	lw	s0,4(a5)
8406a778:	9436                	add	s0,s0,a3
8406a77a:	bb6ff0ef          	jal	84069b30 <log_hw_semaphore_give>
8406a77e:	b7c9                	j	8406a740 <internal_buffer_pre_alloc+0x2a>

8406a780 <mux_tx>:
8406a780:	1111                	add	sp,sp,-28
8406a782:	0ff57713          	zext.b	a4,a0
8406a786:	ca22                	sw	s0,20(sp)
8406a788:	cc06                	sw	ra,24(sp)
8406a78a:	c826                	sw	s1,16(sp)
8406a78c:	c03a                	sw	a4,0(sp)
8406a78e:	0006a023          	sw	zero,0(a3)
8406a792:	8436                	mv	s0,a3
8406a794:	4682                	lw	a3,0(sp)
8406a796:	070e                	sll	a4,a4,0x3
8406a798:	c232                	sw	a2,4(sp)
8406a79a:	8f15                	sub	a4,a4,a3
8406a79c:	070e                	sll	a4,a4,0x3
8406a79e:	00000697          	auipc	a3,0x0
8406a7a2:	57a6a683          	lw	a3,1402(a3) # 8406ad18 <g_mux_port_configs>
8406a7a6:	9736                	add	a4,a4,a3
8406a7a8:	03474603          	lbu	a2,52(a4)
8406a7ac:	4685                	li	a3,1
8406a7ae:	4505                	li	a0,1
8406a7b0:	04d61663          	bne	a2,a3,8406a7fc <mux_tx+0x7c>
8406a7b4:	87ae                	mv	a5,a1
8406a7b6:	00458613          	add	a2,a1,4
8406a7ba:	4481                	li	s1,0
8406a7bc:	4681                	li	a3,0
8406a7be:	4592                	lw	a1,4(sp)
8406a7c0:	02b69663          	bne	a3,a1,8406a7ec <mux_tx+0x6c>
8406a7c4:	4718                	lw	a4,8(a4)
8406a7c6:	c305                	beqz	a4,8406a7e6 <mux_tx+0x66>
8406a7c8:	4502                	lw	a0,0(sp)
8406a7ca:	85a6                	mv	a1,s1
8406a7cc:	c43e                	sw	a5,8(sp)
8406a7ce:	f49ff0ef          	jal	8406a716 <internal_buffer_pre_alloc>
8406a7d2:	862a                	mv	a2,a0
8406a7d4:	c10d                	beqz	a0,8406a7f6 <mux_tx+0x76>
8406a7d6:	47a2                	lw	a5,8(sp)
8406a7d8:	4701                	li	a4,0
8406a7da:	4692                	lw	a3,4(sp)
8406a7dc:	02d71563          	bne	a4,a3,8406a806 <mux_tx+0x86>
8406a7e0:	4502                	lw	a0,0(sp)
8406a7e2:	eadff0ef          	jal	8406a68e <internal_buffer_wptr_update>
8406a7e6:	c004                	sw	s1,0(s0)
8406a7e8:	4501                	li	a0,0
8406a7ea:	a809                	j	8406a7fc <mux_tx+0x7c>
8406a7ec:	420c                	lw	a1,0(a2)
8406a7ee:	0685                	add	a3,a3,1
8406a7f0:	0621                	add	a2,a2,8
8406a7f2:	94ae                	add	s1,s1,a1
8406a7f4:	b7e9                	j	8406a7be <mux_tx+0x3e>
8406a7f6:	00042023          	sw	zero,0(s0)
8406a7fa:	4535                	li	a0,13
8406a7fc:	40e2                	lw	ra,24(sp)
8406a7fe:	4452                	lw	s0,20(sp)
8406a800:	44c2                	lw	s1,16(sp)
8406a802:	0171                	add	sp,sp,28
8406a804:	8082                	ret
8406a806:	43d4                	lw	a3,4(a5)
8406a808:	438c                	lw	a1,0(a5)
8406a80a:	4502                	lw	a0,0(sp)
8406a80c:	c63a                	sw	a4,12(sp)
8406a80e:	c43e                	sw	a5,8(sp)
8406a810:	debff0ef          	jal	8406a5fa <buffer_copy_data_out>
8406a814:	4732                	lw	a4,12(sp)
8406a816:	47a2                	lw	a5,8(sp)
8406a818:	862a                	mv	a2,a0
8406a81a:	0705                	add	a4,a4,1
8406a81c:	07a1                	add	a5,a5,8
8406a81e:	bf75                	j	8406a7da <mux_tx+0x5a>

8406a820 <filter_runtime_check>:
8406a820:	1121                	add	sp,sp,-24
8406a822:	c822                	sw	s0,16(sp)
8406a824:	c626                	sw	s1,12(sp)
8406a826:	ca06                	sw	ra,20(sp)
8406a828:	00000797          	auipc	a5,0x0
8406a82c:	4a878793          	add	a5,a5,1192 # 8406acd0 <combo_key_result>
8406a830:	842e                	mv	s0,a1
8406a832:	84b2                	mv	s1,a2
8406a834:	00f5f863          	bgeu	a1,a5,8406a844 <filter_runtime_check+0x24>
8406a838:	00000797          	auipc	a5,0x0
8406a83c:	39c78793          	add	a5,a5,924 # 8406abd4 <log_control_block_common>
8406a840:	02f5f963          	bgeu	a1,a5,8406a872 <filter_runtime_check+0x52>
8406a844:	4058                	lw	a4,4(s0)
8406a846:	4785                	li	a5,1
8406a848:	4501                	li	a0,0
8406a84a:	00f70f63          	beq	a4,a5,8406a868 <filter_runtime_check+0x48>
8406a84e:	00000797          	auipc	a5,0x0
8406a852:	6767a783          	lw	a5,1654(a5) # 8406aec4 <g_syslog_share_variable>
8406a856:	0297c783          	lbu	a5,41(a5)
8406a85a:	00f4e763          	bltu	s1,a5,8406a868 <filter_runtime_check+0x48>
8406a85e:	4408                	lw	a0,8(s0)
8406a860:	00a4b533          	sltu	a0,s1,a0
8406a864:	00154513          	xor	a0,a0,1
8406a868:	40d2                	lw	ra,20(sp)
8406a86a:	4442                	lw	s0,16(sp)
8406a86c:	44b2                	lw	s1,12(sp)
8406a86e:	0161                	add	sp,sp,24
8406a870:	8082                	ret
8406a872:	00000697          	auipc	a3,0x0
8406a876:	6526a683          	lw	a3,1618(a3) # 8406aec4 <g_syslog_share_variable>
8406a87a:	1246a703          	lw	a4,292(a3)
8406a87e:	4505                	li	a0,1
8406a880:	c436                	sw	a3,8(sp)
8406a882:	c23a                	sw	a4,4(sp)
8406a884:	c2cff0ef          	jal	84069cb0 <find_start_of_cpu_log_filters>
8406a888:	4712                	lw	a4,4(sp)
8406a88a:	c02a                	sw	a0,0(sp)
8406a88c:	45f1                	li	a1,28
8406a88e:	40e40533          	sub	a0,s0,a4
8406a892:	a5ff90ef          	jal	840642f0 <__hidden___udivsi3>
8406a896:	4782                	lw	a5,0(sp)
8406a898:	4605                	li	a2,1
8406a89a:	97aa                	add	a5,a5,a0
8406a89c:	0007c703          	lbu	a4,0(a5)
8406a8a0:	4501                	li	a0,0
8406a8a2:	8311                	srl	a4,a4,0x4
8406a8a4:	fcc702e3          	beq	a4,a2,8406a868 <filter_runtime_check+0x48>
8406a8a8:	46a2                	lw	a3,8(sp)
8406a8aa:	0296c703          	lbu	a4,41(a3)
8406a8ae:	fae4ede3          	bltu	s1,a4,8406a868 <filter_runtime_check+0x48>
8406a8b2:	0007c503          	lbu	a0,0(a5)
8406a8b6:	893d                	and	a0,a0,15
8406a8b8:	b765                	j	8406a860 <filter_runtime_check+0x40>

8406a8ba <check_log_control>:
8406a8ba:	00000797          	auipc	a5,0x0
8406a8be:	60a7a783          	lw	a5,1546(a5) # 8406aec4 <g_syslog_share_variable>
8406a8c2:	cf91                	beqz	a5,8406a8de <check_log_control+0x24>
8406a8c4:	43d8                	lw	a4,4(a5)
8406a8c6:	cf01                	beqz	a4,8406a8de <check_log_control+0x24>
8406a8c8:	43d4                	lw	a3,4(a5)
8406a8ca:	470d                	li	a4,3
8406a8cc:	00e68963          	beq	a3,a4,8406a8de <check_log_control+0x24>
8406a8d0:	43d4                	lw	a3,4(a5)
8406a8d2:	4709                	li	a4,2
8406a8d4:	4785                	li	a5,1
8406a8d6:	00e69563          	bne	a3,a4,8406a8e0 <check_log_control+0x26>
8406a8da:	f47ff06f          	j	8406a820 <filter_runtime_check>
8406a8de:	4781                	li	a5,0
8406a8e0:	853e                	mv	a0,a5
8406a8e2:	8082                	ret
