:020000040400F6
:1000000072B6002080F30A8880F30B8818480168D4
:1000100021F001010160DFF85CD017484FF48871CE
:100020000160164941604FF41811C0F8841014495A
:10003000C16014484FF04001016000BF00BF00BF25
:1000400000BF00BF00BF00BF00BF00200E49094A2B
:1000500041F8040B9142FBD30C490D4A0D4B00F0C3
:1000600021F80D4A0D4B00F025F80D480047704768
:1000700094ED00E050F1000400000942120000027B
:100080009A7856143000094250E9000450150104D2
:100090000000060400000604000006040000060438
:1000A000D91900049A423EBF51F8040B42F8040BE0
:1000B000F8E770479A423EBF002042F8040BF9E788
:1000C0007047000000000000000000000000000079
:1000D0000000000000000000000000000000000020
:1000E0000000000000000000000000000000000010
:1000F0000000000000000000000000000000000000
:10010000524F505300000000534B4950524F50453E
:100110002DE9F04F824617461C4600259FB00391FB
:10012000387810B9284600F0A9BD252809D00399D0
:10013000D0470028C0F2A2857B1C01350593059F9E
:10014000EEE71822002110A807F0B2FE7B78252BDD
:1001500000F0BC80002398469E469C461846791CB9
:100160000E4611F8012B2B2A00F0E38000F2DA8012
:10017000202A00F0E180232A00F0E1802BB19DF8D5
:10018000483043F040038DF84830B8F1000F05D0F7
:100190009DF8483043F020038DF84830BEF1000F41
:1001A00005D09DF8483043F010038DF84830BCF17D
:1001B000000F05D09DF8483043F008038DF8483013
:1001C00028B19DF8483043F004038DF848309DF87D
:1001D000483003F04401442903D16FF386138DF8AE
:1001E00048309DF848302A2A43F080030E968DF857
:1001F000483040F0A9809DF8493043F001038DF864
:100200004930731C1A782E2A0CBF012100219DF859
:10021000492061F341028DF849200CD15A1C0E92FD
:100220005A782A2A40F0A0809DF84920023342F0F3
:1002300004028DF849201A786C2A00F0C18000F27F
:10024000A380682A00F0A9806A2A00F0C2804C2AA4
:1002500000F0C78013F8012B782A05938DF84B2006
:1002600000F209816D2A00F2C980692A00F2038137
:10027000572A00F2E280412A04D0A2F14503022B62
:1002800000F2F98004219DF84A3002F0DF02A2F169
:10029000410961F30203D9F100029DF8491042EBD4
:1002A000090262F3C7110A068DF84A308DF8491029
:1002B000CBB200F11F8103F07802182A40F00981C7
:1002C0006FF3C6038DF849300023F8E08DF84B300A
:1002D000BB1C05939DF849309DF84A20DE0702F0CB
:1002E000070040F1098154F8041B0029049108DA41
:1002F0009DF8481041F004018DF8481004994942D6
:100300000491590740F1008154F8046B002E80F2EB
:10031000FF809DF849306FF341038DF849304FF06D
:10032000FF36F5E02D2A0DD0302A7FF427AF0123C8
:1003300016E74FF0010C13E74FF0010E10E74FF0F6
:1003400001080DE701200BE70EA801F063FA0E9BF0
:10035000B3423FF457AF9DF848201390C00F60F3AD
:1003600041028DF848204DE70EA801F053FA9DF8A0
:1003700048301490C3F3400242EAD07262F3410362
:100380008DF848300E9B56E7742A26D07A2A7FF4DF
:1003900061AF06219DF849200CE05A78682A9DF843
:1003A000492006D1012161F3C6028DF849200233AC
:1003B00050E7022161F3C6028DF84920013349E775
:1003C0005A786C2A9DF8492001D10421EBE70321DA
:1003D000F0E705219DF84920ECE707219DF8492029
:1003E000E8E7BDF8482022F4F04222F0020242F48D
:1003F000804242F00202ADF84820DFE76E3AD3B205
:1004000001229A4040F282431A429DF8493039D184
:1004100012F0240F61D1D1072DD503219DF84A2078
:1004200003F07803A3F1400861F30202D8F100035E
:100430008DF84A2043EB080341E00120A2F1580166
:10044000C9B200FA01F111F4624F7FF41BAF40F61C
:10045000010319429DF849301AD111F4043F0AD022
:100460009DF84A2060F3020203F07803402B8DF8D8
:100470004A207FF429AF9DF8483043F001038DF8FE
:10048000483021E702219DF84A2061F30202EBE7A0
:1004900002209DF84A1003F0780360F30201402B1C
:1004A0008DF84A1002BF9DF8481041F001018DF807
:1004B0004810632A7FF408AF003B18BF01239DF862
:1004C0004820C2F340010B4363F341028DF84820FA
:1004D00000E713F0380FCED1F6E603219DF84A204D
:1004E00013F0780F61F3020214BF012300238DF88B
:1004F0004A20E4E70123E2E79DF948100029ACBF58
:100500004FF0FF311399FBE69E077FF508AF149E6D
:1005100000230428CDE913339DF8493007D199070A
:1005200005D49DF949100029ACBF06260D2602F01E
:100530000702012AC3F3C30332D1DA1E042A04D806
:10054000DFE802F02045452020002268012B4FEA19
:10055000E271CDE910211BD19DF94020D117CDE9E1
:10056000102104349DF84820069292074FD03A4655
:100570005046059B039904F09BFE0028C0F27E8341
:100580000544DCE554F8042BD117CDE91021E9E747
:10059000022BE6D111B242F3C032CDE91012E0E7EE
:1005A000022A24D1DA1E042A04D8DFE802F0181047
:1005B00010181800012B4FF0000154F8042B14D030
:1005C000022BCDE91021CDD192B21092CAE70734A7
:1005D00024F00704F4E80201CDE91001C2E754F861
:1005E000042B109200221192BCE7D2B2CDE7042A6C
:1005F00008D1073424F00704D4E900010834CDE918
:100600001001AFE7032AADD154F8042BDDE79DF8C4
:100610004B80B8F1780F3FF692ADB8F1570F5CD828
:10062000B8F1250F00F0A480B8F1240F7FF687AD54
:10063000B8F1410F04D0A8F14503022B3FF67FAD7E
:10064000DDE91023002BC0F24D810699080700F167
:100650004C81C1F300194FEA4919C3F30A51C3F39E
:100660001303002940F0448152EA030014BF4FF005
:10067000010C4FF0000CD80240EA5250D702CDE9ED
:100680000C70B8F1460F47EA010740EAE17008BF75
:100690004FF06608384300F0B781BCF1000F10D06E
:1006A0001B0343EA125317033A4618464FF0000C57
:1006B000002880F25681BCF1000F40F05981CDE94D
:1006C0000C730D9BA1F2FE3B43F000430D93002100
:1006D000DDE90C230F46052060E1A8F15802202A2D
:1006E0003FF62DAD01A151F822F000BFB70800047C
:1006F0003F0100043F0100043F0100043F010004EA
:100700003F0100043F0100043F0100043F010004D9
:10071000410600043F010004630800047708000458
:100720004106000441060004410600043F010004A4
:10073000770800043F0100043F0100043F0100046A
:100740003F010004BD080004B708000407080004C6
:100750003F0100043F010004810700043F01000441
:10076000B70800043F0100043F010004B70800047B
:1007700040460399D0470028C0F280820135DEE46C
:10078000002E109F3BDB3146384605F006FC002F5B
:100790003FF4D5AC4FF000093E18F31B9DF84A20FA
:1007A00012F01001069100F05E82023312F0400256
:1007B000DDF84C80089218BF149A434418BF9B1868
:1007C000049ACDF81C80002A40F36882D31A9DF861
:1007D000482004935007C2F3800B00F15F8251065A
:1007E00040F14F82B9F1000F07D048460399D04736
:1007F0000028C0F24382D9460135302242E2384611
:1008000005F0B0FBC6E71098002800F027820DF134
:1008100075030093002117AB12AA01F011F84FF0F5
:1008200000090746BDF84A3003F0EF0343F4F043F4
:1008300043F01003ADF84A30002E0CDB9DF8482041
:100840000DF17503DB1B6FF386129E428DF8482075
:1008500001D9F31A1393002F3FF471AC0DF1750613
:100860006DE0109B4FF000098DF85C300DF15D06D6
:10087000012317AF92E7069B1F0754BFC3F300196C
:100880004FF02B09DDE9102358BF4FEA4919002B1F
:1008900006DA4FF02D09524263EB4303CDE91023F2
:1008A000DDE910010DF17503009312AA17AB00F0FA
:1008B000C7FF0746C0E74FF00009F1E7109A072B82
:1008C0003FF63DACDFE803F00C04060C08080C0C06
:1008D000157034E4158032E4EB17C2E900532EE4BE
:1008E00015602CE44FF02D09B7E64FF02B09B4E664
:1008F00040F2FF70814231D1A34908F101085FFA4B
:1009000088F811F80810134301F003011ED10129E2
:100910000BBF492369234E216E210CBF462266225C
:100920008DF85C309DF848308DF85D106FF38613BC
:100930008DF85E208DF848300DF15F0617AFF31B80
:10094000B9F1000F3FF42AAF013327E7012915BFA2
:100950006E234E23612141211A46E1E74FF0000C3E
:1009600089E692184FF0010C01F1FF3140419FE6FA
:10097000CDE90C20A5E6520842EAC3725B08B3F148
:10098000333F59460BF1010BF5D201F1020B012166
:1009900000FB03FCA2FB0023013F63441BF1020F99
:1009A000E9DB09B1CDE90C23DDE90C32BBF1000F25
:1009B0002DDCCBF10401A1F120000BF11C0B02FA9C
:1009C0000BFB22FA00F0CA40CB40079208F0DF028E
:1009D00043EA0B03472A43EA00037BD1F91C01DBFE
:1009E000BE422ADAA8F10208002E5FFA88F87ADD02
:1009F0009DF84820013E920675D4B6F1000B18BF51
:100A00004FF0010B721C26E04FF0000B5FE6023343
:100A100042F100020CA80BF1FF3B0137CDE90C328B
:100A200004F017FCDDE90C32DB185241002A0BF10F
:100A3000FF3BF9DACDE90C32B6E79DF84820F61B0A
:100A400090064DD4B6F1000B18BF4FF0010BF21910
:100A50004FF066084AD4102AA8BF10229FED487BA9
:100A600010208DED0E7B0B90DDE90E01002A3FD1A9
:100A7000079A1B1842EB0101B1F1805F47D2CDE923
:100A80000C31069BB8F1660F03F0200240F0C680DF
:100A9000002F47DC30238DF85C30002A76D1002E01
:100AA00040F3BD812E238DF85D3087B17B42B34288
:100AB000A8BF3346002B1393A6EB0306D4BF002335
:100AC00001239DF84A2063F345128DF84A200DF169
:100AD0005E0340E0B8F1660F4FF0000BB7D091E72E
:100AE0004FF0000BB3E74FF0000B8BE70022B5E7A8
:100AF000400840EAC1704908CDE90E010EA8CDE9D1
:100B0000082304F0A6FB089A099B013AACE75B08AE
:100B100043EAC1730CA84908CDE90C31013704F050
:100B200098FBAEE717AB0B9900290BDD0BA90CA8BE
:100B3000CDE9063204F0A5FB069B013F079A03F8B6
:100B4000010BF0D11397AAB9002E40F366812E2134
:100B500003F8011B0027002E21DD0B9A002A1EDD61
:100B60000BA90CA8069304F08CFB069B013E03F82E
:100B7000010BF0E72E2203F8012BEBE7AFF3008027
:100B8000000000000000000865BA00042E238DF864
:100B90005D30002F9BD0002E88DC0DF15E03BBF191
:100BA000000F4FD114961E4608F0DF03452B24D1C9
:100BB000002FBABF7F422D232B23632FC8BF64228F
:100BC0007370C4BFB7FBF2F302FB13774FF00A0256
:100BD000C8BF03F13001B7FBF2F3C8BFB17003F136
:100BE000300102FB137386F8008003F13003D4BF99
:100BF00002360336317073700236139B002B2BDCE8
:100C0000149B002BD4BF002301239DF84A2063F3DB
:100C1000861200238DF84A2033708FE60BA90CA8AA
:100C2000069204F02EFB069A30288DF85C0018BF5F
:100C300007F1FF3712B9002E40F3F1802E238DF813
:100C40005D3044E71E4616F8012C013B302AF9D0EE
:100C50002E2A08BF1E46A7E70123D6E7714E81461C
:100C60000523771F9AE5110748BF01339EE510461B
:100C700009920399D0470028099A05DA1FB0BDE808
:100C8000F08F2022DDF810B0594600290BF1FF3B10
:100C9000EDDC049BCDF810B02B445D1AB9F1000FC8
:100CA00005D048460399D0470028E7DB0135089B6B
:100CB000002B77D09DF94930002B28DB3B46DFF82D
:100CC000689118789B4619F80020013352073FD4E9
:100CD0009DF84A30EF1B98065F4407D44246002A2D
:100CE00008F1FF383BDC079B3B449F1A9BF8000050
:100CF0002E280AD10399D0470028BFDBB8F1000F96
:100D000007F1010731DC0BF1010B5D4638E0B94614
:100D100099F80000C846702809F1010913D1EF1BAA
:100D2000149D47443D44EB1B002B33DC33464246C5
:100D30005046039904F0BCFA00289FDB3844049E17
:100D40000546064464E00399D0470028E0DA95E7B9
:100D500006930399D0470028069BB2DA8EE730202D
:100D60000399D0470028B9DA88E730200399D047A3
:100D700008F1FF38C0E70399D0470028FFF67EAF9F
:100D80002878A84619F8003001355907F3D4A7EBA5
:100D90000B07C5E730200399D0470028FFF66EAF58
:100DA0000137C0E79DF84A30DA0601D41B0706D5A3
:100DB00030200399D0470028FFF660AF0135069B2D
:100DC0003BB103999DF84B00D0470028FFF656AF82
:100DD0000135A84406E030200399D0470028FFF6EB
:100DE0004DAF0135A8EB0503002BF4DC33463A4642
:100DF0005046039904F05CFA0028FFF63FAF284400
:100E00009DE720200399D0470028FFF637AF013532
:100E1000731B002BF5DCFFF792B91746BFE60DF107
:100E20005D03BCE6C7A8000466BA000430B52548D7
:100E300085B000F091FF03F0B8FD02F08FFF01A82C
:100E400000F050FB204B1B68834203D01F4800F08A
:100E500083FFFEE703991E4800F07EFF1D4800F067
:100E60007BFF69469DF8080002F062FE28B1BE21B2
:100E7000194B1A4A1A4802F0E9FF0199194D082343
:100E80002A460989009804F02CFA044618B1C121B9
:100E9000114B124AEEE7009804F022FA00F03EFCF3
:100EA00000F058FC84F30B8884F30A882B6883F3E2
:100EB000088884F31488BFF36F8FBFF36F8F6B685C
:100EC0009847FEE736A7000448C100044AA700047B
:100ED00068A7000492A70004B2A70004F9A70004C1
:100EE000BAA7000440C1000421B1012906D06FF067
:100EF00015007047044B53F830007047024B03EB6A
:100F0000C0035868704700BFACA200042DE9F04F41
:100F1000AFB0DFF848B112AD2846DDE93A7A904625
:100F20001E46DBF8004000F0CDFB3FB1BAF1000FE8
:100F300004DD52463946284603F090FE4FF0000982
:100F4000B8F80A20B8F808301344D8F80C20D7189D
:100F50004F4548D829460AA803F0A6FE3C9B4BB152
:100F60000AAF3A4603CAAA4218605960174603F10D
:100F70000803F6D100233246009341464FF6FF7333
:100F800004A803F013FD074650BB3046DDF824806B
:100F900003F0BBFD804523D8DFF8C4900DF10A03B0
:100FA00002AA03A904A803F04FFD8046BDF80A3049
:100FB0004846BDF80820039900F0CEFEB8F1000FB6
:100FC0000EDB41D1039904A803F08AFDBDF80A3075
:100FD00000BB4FF6FF701F4931F8022B824217D138
:100FE000DBF8004032E0399BA7EB090A9A4528BF9D
:100FF0009A46494653463046389A04F072F900281A
:10100000EED15246389912A803F028FED1449FE74A
:101010009342E1D1102BC1D1BDF80840202CDFD183
:1010200023462A463046039904F05BF90028D7D1BD
:10103000224629460AA803F061FD0446064B012713
:101040001B688342AAD0CBE7002FC9D020462FB01F
:10105000BDE8F08F08A7000448C10004A0BB00044D
:1010600001A800042DE9F041304B88B0064600206D
:101070000D461C68FFF738FF06A9C0B202F058FD04
:1010800000284ED12946FFF72FFF2C2407A9C0B214
:1010900004FB056402F04CFD00282ED02C276F4382
:1010A00006EB0708D8F81010069B11F0100133D199
:1010B0004FF4807201921E4A08460092CDE9031156
:1010C00022460291FFF722FF04461A4BF259069876
:1010D0009A420CD1D8F80C20B8F808309B1806D2E8
:1010E0008268934203D2144B1B68A34216D09DB171
:1010F0000021826804F01FF90EE0079804F03CF923
:101100000746079804F0ECF8631EE21C13F8011F71
:10111000B942C3D19342F9D1084B1C68069804F038
:10112000DFF8204608B0BDE8F08100BFA0BB000496
:10113000E0DB00043DB8F39648C100049CBB00040A
:101140002DE9F04B0E46904699460024099FDFF8A2
:1011500044B0BC4201D300200EE03D1BB5F5806FCA
:1011600028BF4FF4806530462B460A4A04EB09013C
:1011700004F0B7F810B10120BDE8F08B08992B46B8
:101180005A464046611804F0C1F80028F3D12C44B7
:10119000DFE700BF4CD100042DE9F0470F460021E6
:1011A000A44B04464362A44B88B003650846FFF78E
:1011B0009BFE04F12001C0B202F0BAFC08BB012181
:1011C000FFF792FE04F14C01C0B202F0B1FCC0B9CD
:1011D000204603F0B1FCD8B90021204603F097FC6B
:1011E000054640BB204603F0FAFC20B304A803F0F8
:1011F000C5FC03F0CCFC10BB40F276718F4B904ADB
:1012000003E040F65D018F4B8F4A904802F01EFECE
:101210000123984284F85830DED194F85830042BDA
:101220008DF8173034D8012B34D800F0F980FF2323
:1012300084F85830F4E0012384F85830EDE79DF845
:101240001760012E17D1284600F044FF831E022BA1
:1012500005460DD831462046FFF704FF7C4B1B683E
:10126000984205D07B4B1D68A84214BF0525012577
:1012700084F85850D1E701212046FFF7F3FE744B64
:101280001B68984201D00523D6E784F85860C4E76C
:10129000052BCAE701210020FFF726FE02A9C0B2F4
:1012A00002F046FC08B1029816E0A36BA58E0298E6
:1012B0001D442946042303AA04F013F80028F2D1A0
:1012C00046F60813BDF80C20E68E9A42029828D103
:1012D000BDF80E309E4206D004F002F840F24D51A7
:1012E000584B5D4A91E7042303AA711903F0F9FFF3
:1012F0000028D8D146F60713BDF80C2002989A4270
:10130000EAD1BDF80E301E4403F0EAFF052002A921
:101310002E4402F00DFC38B140F25751494B4E4A71
:1013200073E7002EE6D0D7E7062003A902F000FC01
:10133000054620B140F25B51424B474A65E7804683
:10134000D4F82890C14517D0636A294603EBC80337
:10135000D3F804A00298524603F0EDFF20B140F20A
:101360006151384B3C4A50E75544B54222D3E56DB4
:10137000B6FBF5F605FB0655E06D03F0C1FBA26A6E
:10138000636A013A196803EBC20300225E689C4657
:1013900032449042A3F10803F8D8DCF800300298F8
:1013A000591A03F0C8FF034638B140F27951254B72
:1013B000294A2AE708F10108C4E7CDE90005DDE97B
:1013C00002212046FFF7BCFE002847D1029800F01A
:1013D00009FE0146002841D1236D03985A6803F0A5
:1013E000AAFF20B140F2B751164B1B4A0DE7D4E9D2
:1013F0001423013B52F8331002EBC3001368426818
:10140000C91A039803F097FF20B140F2C1510D4B68
:10141000114AFAE6029803F063FF039803F060FFB5
:1014200094F85830FF2B1ED140F6D201034B064AE8
:10143000EBE600BF4CC900044CC10004B8A700048F
:1014400094A80004B2A70004B2A8000429A80004CC
:1014500048C100049CBB000470A800044FF4CF6195
:101460001B4B1C4AD1E60021012B1B4D03910ED0D2
:10147000204603F04CFB50B12D68E06C03F030FFC8
:10148000206A03F02DFF284608B0BDE8F087002150
:101490002046FFF7E7FD114E33688342ECD12A68FE
:1014A0009A42E9D00E4A12689A42E5D0039B013372
:1014B0000393039B012B00D0FEE7206A03F073FA2D
:1014C0003871236A5B683C603568BB60D5E700BF54
:1014D000B2A7000480A80004A0BB000448C1000417
:1014E0009CBB0004054B10B5602204460021184641
:1014F00006F0DEFC2146FFF74FFE10BD4CD5000480
:101500002DE9F04F002703689DB003934368DFF88F
:10151000B0A104938368DDE903460593C36806938D
:101520000369DDE905BE0793436908938369DDE933
:10153000072C0993C36998460A93099B0193CD59D7
:101540000CAB2DBA5AF8049BDD514FEAF223A944A3
:1015500083EAB213019D83EA72634B4425EA0205D4
:1015600002EA0C0985EA09052B44434486EA0B0587
:101570004FEA743888EAB408254006EA0B0985EA80
:10158000090588EAB458A844043703EB0E05402F38
:101590004344DE46DDF8048000937FD14FF0100A0B
:1015A000464B0B9351460AF1010A1CAB0AF00F0798
:1015B00003EB870757F8403C01F00F094FEAB348A7
:1015C00001F10E070931029388EAF31801F00F01C7
:1015D0001CAB03EB810103EB890907F00F0751F8FE
:1015E000401C03EB870759F8403C57F8407C1944EE
:1015F000029B4FEAF74E88EAD3088EEA774E8EEACE
:10160000972E414471444FEAF52E0B9B05EA0208E0
:101610008EEAB51E2CEA05078EEA756E87EA080782
:10162000774453F804EF49F8401C77440F440B9378
:101630000199009B39444FEA733E84EA06078EEA1B
:10164000B30E1F4004EA06088EEAB35E87EA080775
:101650007744BAF1400F01EB0B0E0F44B346CDF8BF
:1016600004C023D1039B00993B440360049B0B44BB
:101670004360059B23448360069B3344C360079B00
:1016800073440361089B2B444361099B13448361AA
:101690000A9B6344C3611DB0BDE8F08FB346CDF82B
:1016A00004C026469446009C2A4648E794462646AF
:1016B0002A46009C7546009774E700BFF0A200041C
:1016C000B4A2000410B50446C8B17022002103F092
:1016D00048FB0B4B0B4A0C49C4E900230B4B0C484D
:1016E000C4E902130B4BC4E9040301200A4BA361B4
:1016F00003F17453A3F52303A3F69243E36110BDF2
:1017000085AE67BB67E6096A72F36E3C3AF54FA592
:101710007F520E518C68059BABD9831FBFF36F8F2F
:1017200072B600234FF0FF30094A03F12001013364
:10173000102B42F82100F8D100234FF0FF30044A6B
:1017400003F160010133102B42F82100F8D17047FA
:1017500000E100E0002318460649D1F89020C2F3CA
:101760000722934200DB7047C1F89830C1F8A0000F
:101770000133F6E700ED00E0014B1B68184700BF9E
:10178000A4BB000413B502460B46EFF311841021ED
:1017900081F31288BFF36F8F002105480091FEF797
:1017A000B7FC84F31188BFF36F8F02B010BD00BF88
:1017B0007917000430B5002587B0CDE90301044650
:1017C000009503A905480595FEF7A2FCDDE9043064
:1017D0009842B8BF255407B030BD00BF2F52000457
:1017E00080B505460E461746984605F081FE03462D
:1017F00004F024FD0446DFF81890424649F8003012
:1018000039463046A84754F8090000F035F900BFC2
:1018100008000000F0B5024601680A270020074EC4
:101820000B461C780131355D6D0701D41360F0BDA6
:1018300007FB0043A3F13000F2E700BF66BA0004E3
:101840002DE9F84F15469A46D378234A6F2B12F8A4
:1018500003B081460F460BF0030B2BD026D8582B34
:101860000CBF10260A26DDF82880324600234846A1
:10187000394602F0D1FA092A08F1FF38D4B21ED84D
:101880003034B145E4B277F1000788F8004001D365
:10189000D04511D82B789B0605D5082E15D1AB78ED
:1018A00043F00803AB704046BDE8F88F03F0F70340
:1018B000702BD5E70826D6E781460F46D5E7BBF162
:1018C000010F0CBF37345734DBE7102EEBD1AB7868
:1018D00043F01003E6E700BF66BA000470B588B0B5
:1018E00005460C46C0B26946164602F021F90028AA
:1018F0001BDB0098C8B14368226802938368019596
:10190000CDE903360023CDE906230593C56803F02E
:10191000E7FC6DB12846084901AA03F0E9FD0798E4
:1019200008B9059B236008B070BD6FF01500FAE799
:101930006FF01200F7E700BF8753000408B50448B2
:1019400000F00AFABDE80840024800F005BA00BFFE
:10195000C8A80004EEA800042DE9F04105460B4E8E
:10196000DFF83080324606EB0807CC1B20460849DA
:1019700006F0E6F9A01942460021083C06F098FA64
:10198000C5F8A44007F10800BDE8F08100000000A0
:1019900040A2000404000000074A936893F90E1067
:1019A000002907DB926993421FBF044A536843F042
:1019B00080535360704700BF98DA000400ED00E0E8
:1019C000044B5A6942F010025A615A6942F480622B
:1019D0005A61704700ED00E0002080F31488BFF3E7
:1019E0006F8F002080F30A8880F30B8800200E4957
:1019F0000860BFF34F8F0D4880F3088800F01AF895
:101A0000102080F311880A484FF40061401880F3D9
:101A10000988EFF314800221084380F31488BFF390
:101A20006F8F00F059F8000094ED00E050F10004D1
:101A300010E0000472B6002383F313884FF0FF30E8
:101A40000C4A03F120010133102B42F82100F8D198
:101A500000234FF0FF30074A03F160010133102BE0
:101A600042F82100F8D162B6BFF34F8FBFF36F8FFA
:101A7000704700BF00E100E0084B9B6883420BD138
:101A8000EFF3058343B1064B5A6842F080525A6027
:101A90005A6A22F400425A6206F04FB898DA0004FB
:101AA00000ED00E06FF00A01094A9368C3F8AC103A
:101AB0000849C3F8A8004B6843F080534B600023EB
:101AC00083F31188BFF36F8F9368D3F8AC0070472E
:101AD00098DA000400ED00E0134A08B5134B22F039
:101AE0007F029A60BFF34F8FBFF36F8FD3F88820C8
:101AF00022F47002C3F88820D3F8882042F4A002B0
:101B0000C3F888204FF04042C3F83422BFF34F8F10
:101B1000BFF36F8F0023E1EE103A04F0EFFE00F008
:101B200087F804F02FFF00BF0064000400ED00E020
:101B300042F8203C009B0D4942F81C3C019B21F0DF
:101B4000010142F8183C029B42F8081C42F8143C80
:101B50004FF0807342F8043C0023C0F8A8304FF4E3
:101B60007D43203A0265C0F8F0307047E117000469
:101B7000104B9B6883421AD1EFF30580B8B9EFF39D
:101B80001181102282F31288BFF36F8F1A7B22F02B
:101B900002021A73EFF3148323F0040383F314880F
:101BA000BFF36F8F81F31188BFF36F8F70476FF0B2
:101BB0001500704798DA000408B504460E4615462D
:101BC0000023E1EE103AEFF3148323F0040383F3D0
:101BD0001488BFF36F8FBFF36F8F104BD0F8A42022
:101BE00098600F4B1A6005F011FFD4F8943083F31E
:101BF0000B882C4686F309884FF00000054B984768
:101C000020464FF000014FF000024FF00003024C5D
:101C1000204700002D540004E117000498DA000466
:101C2000ACD500041022014B1A61704700ED00E0B2
:101C3000002310210348C2180133352B82F800130A
:101C4000F9D1704700E100E0F8B506460D460024E2
:101C5000064FAC4208DA3B6898470A28305504F131
:101C6000010401D00D28F4D12046F8BDA8BB000422
:101C7000F8B50D46094F461EC0F10104A3199D4257
:101C800001DC2846F8BD73780A2B02D10D203B6891
:101C900098473B6816F8010F9847EFE7ACBB000484
:101CA00010B5074C2368C2180648C0F1806101F5E1
:101CB000C0218A4236BF22604FF0FF30C01810BDED
:101CC000B0D500045015010408B5054800F044F8EB
:101CD000002383F31188BFF36F8F0423184602DFBC
:101CE0001AA900040FB470B5A2B026AB53F8046B68
:101CF0008021324602A80193FFF75CFD8028A8BF2F
:101D000080200025044602A9A5420FDB30460A497F
:101D100004F04FF928B90D2004F0FCFB0A2004F070
:101D2000F9FB22B0BDE8704004B0704711F8010B18
:101D300004F0F0FB0135E7E743AE000410B50548B9
:101D400004F030FD026951798368BDE81040DB681A
:101D5000184700BF9DAB00040FB413B50C4B049C97
:101D60001B687BB105A920460191FFF70BFD2046BA
:101D7000084904F01EF928B90D2004F0CBFB0A2015
:101D800004F0C8FB02B0BDE8104004B0704700BFCB
:101D9000B8D5000443AE0004D0E900230148FFF7A2
:101DA000DBBF00BFABAB000407B50092D0E9002356
:101DB0000248FFF7D1FF03B05DF804FBFAAB000463
:101DC000F0B50446264A8BB01068516802AB03C3D5
:101DD000244E18220021184606F06AF822482146AF
:101DE0003268FFF7B9FF01A807F027FB34B12623BB
:101DF00031681E4D03FB01F2AA587AB1019807F031
:101E00002AFB0BB0F0BD03FB02F02858844204D13A
:101E100021461748FFF7A0FFF0E701329142F2D1C7
:101E20004B43EA181171EC5094F90E30204653716F
:101E300005F0E8FD02AF002818BF0746384604F059
:101E400091F826233468202803FB045502463946BE
:101E500028BF2022A81D013405F072FF3460CDE7B1
:101E600070A20004B4D5000457AC0004E0DC000408
:101E70008EAC00047FB5044603A807F0DEFA2625E1
:101E80000022184B1868184B904216D005FB02F13F
:101E90005E58B44224D106310B442022002118465A
:101EA00006F006F8034604F1740204F1940152F8B6
:101EB000040B8A4243F8040BF9D1039807F0CBFADC
:101EC00094F877302146019394F8763007480093D0
:101ED00094F8753094F87420FFF73EFF04B070BD9D
:101EE0000132D1E7B4D50004E0DC0004D6AC000434
:101EF000F0B58BB06C460F46284D06460FCD0FC48B
:101F00000FCD0FC495E80300254A84E803003C0286
:101F1000B2FBF4F00A25B0FBF5FC002305FB1C0026
:101F20007361A3F5806373621E4BB3FBF4F108B9D0
:101F30009C4200D9013107FB01F01A4CB3FBF0F3CE
:101F40003844B3F5807F24D888B2F0617943981E75
:101F5000013B40081B0443EA006343F00303336280
:101F6000B2FBF1F30A22B3FBF2F102FB11330AAA2E
:101F700002EB830353F8283C73620B4B9F4206D954
:101F80000A4B9F420CBF1123122386F836300BB048
:101F9000F0BDB4FBF0F301313844D2E740A20004B5
:101FA00000D012130048E801BFC62D00903B84000A
:101FB00010B5094C4FF46121204603F086FAFFF773
:101FC00097FF2323012284F83430044B0020E3627E
:101FD000034B1A6010BD00BF00002442010801013C
:101FE000B8D50004F0B585B06E4681680546103955
:101FF00021F0070403F0C0F932460A4B03F1100C3C
:10200000374618685968083303C763453E46F7D119
:1020100010232146284603F079F9003818BF012023
:1020200005B0F0BD26A7000430B50D46816887B025
:10203000102302AA1039044603F053F9002802DAEB
:10204000012007B030BD1022204602A903F090FA0B
:1020500000283AD110221E4902A803F0CEFE002823
:102060000CBF012302232B70204603F06DFA0123DD
:1020700001460DF10702204603F033F90028DFDBAB
:102080009DF80730204603F00F021B096A702B7180
:1020900001220DF1070103F06BFA10B96B78042BE4
:1020A00003D901236B7000232B71A2682046183AD4
:1020B00022F00702083AA91C03F06DFA0028BFD1EC
:1020C0002046E91C03F083FABBE70323CBE700BFFC
:1020D00026A700047FB5264D4400694655F8240024
:1020E00003F07BFA002835D1013455F8240002A909
:1020F00003F073FA01282BD103238DF808308DF8F3
:102100000B3000249DF800509DF80860194A2946BC
:10211000107803F01FFA18B33146507803F01AFA1A
:10212000F0B19378042B03D09DF80310994217D196
:10213000D378042B03D09DF80B10994210D113795A
:10214000042B09D15079831E022B03D804B070BD33
:102150000028D6D0FF20F9E79DF802109942F1D06F
:102160000134032C02F10602D1D10120EEE700BFB9
:10217000B4A3000407AD000470B588B001AA1446EA
:102180000B4B03F11806154618685968083303C548
:10219000B3422A46F7D11B882B8000256178013590
:1021A00014F8020B07F06CFA0D2DF7D108B070BDD2
:1021B00090A2000470B51B4B1B7F6BBB1A4C90B9EF
:1021C0002823207263722523A3720D23E372174B19
:1021D0005A7B0C2A0CBF0222012222741B7B032B88
:1021E0001BD10123637401250E4E0520357706F0BF
:1021F0004FFF6571A5716570A57000240F2006F072
:1022000047FF75772946B5779D20F5773476747644
:1022100007F036FA064B1C7070BD042B0CBF02236E
:102220000023DFE70000054200701042B0BB00044D
:1022300042DF0004084A137F63B100230749537744
:102240009377D3778B704B718B714B70137701231E
:1022500013765376704700BF0000054200701042AD
:10226000024B1A7B1868B0FBF2F07047B0BB000459
:10227000A0F1D102042A08B5034607D8054A134441
:1022800013F8D10CB0FA80F0400908BD002107F026
:10229000F7F9F7E742DF00042DE9F843064600248A
:1022A000134DDFF8509005EB440393F801800D23A4
:1022B00015F8147003FB079313F8083003F00F03AD
:1022C0005EB9022B0BD10134E4B215F81430202B87
:1022D000E9D1BDE8F84307F0D9BB022BF3D1414661
:1022E000384607F0B7FA4146384607F04FFAEAE7B2
:1022F00094AD0004A49F00041F2816D80D220C4B97
:1023000002FB00339A7902F00302022A04D1094B3E
:10231000034413F81B0C70470D2801D107F064BA71
:10232000D3F807301878C0B270470020704700BF5C
:10233000A49F000447DF0004F8B5002601230446EB
:102340001E481F4D8671C371C671D5F8243201EB4A
:1023500004271B0C1B043B44C5F82432C5F8002499
:10236000467207F093FC40F2513398420CD80F2983
:1023700005D025291BD1134B9B7D032B04D10022B3
:102380000E4B1A7201225A7201230C4D002C14BFFD
:10239000C8200520AB7106F07BFEAB881B06FCD481
:1023A000074BD3F80C046B7A03B14000F8BD342915
:1023B000EAD195F82C30022BE0E700BF000403427D
:1023C00000000342007010420A4610B50C46014658
:1023D0000020FFF7B1FF04490023621CA0FB0101AC
:1023E00001F01AFD10BD00BF0048E8010146014898
:1023F00003F011B90048E8012DE9F84F4FF47A7362
:102400000D464B43A0BB1D4A4FF01108107203222A
:102410002024B3FBF2F3B1FBF2F5DFF868A0184615
:10242000FFF7E4FF274681464FF0000B144E86F875
:102430001FB0142086F81DB086F81EB08AF8004040
:1024400006F026FE01234946F37740467377B377BB
:1024500003F0D7F885429CBFE41BE4B2C7F34707FB
:102460003C44E4B2002FE2D18AF80040BDE8F88F86
:102470004FF00F081024DFF810A0D0E700701042D2
:102480000000054209701042087010422DE9F04F1B
:102490004C4E93B0F37BB27B71684B48FFF75CFC0A
:1024A000FFF7DEFE42F2107374683168A3EB54024A
:1024B0001C1B02FB01F50C916143B1FBF3F1B5FB71
:1024C000F3F54243CDE90E106043B2FBF3F2B0FBEB
:1024D000F3F00D950025DFF8FC80DFF8FCA01092EA
:1024E00011900CAC0DF1180909AF54F804BBA168A8
:1024F0005846059103F0A8F898F809300599DBB221
:1025000049F8043B98F808205046D2B247F8042B0B
:10251000CDE9013200912B4629465A460135FFF795
:102520001BFC032DE1D101274FF00008069A099BFF
:10253000264C03EB42139BB26382677084F80480DD
:102540006571237C4FF4A5707B40237406F0A0FDD9
:102550002770079A0A9B502003EB42139BB26382B9
:102560000223677084F804806371237C7B402374AA
:1025700006F08EFDB37B1648033BDBB2A371F37B01
:10258000072B98BF23FA07F5E571A179E279FFF7E8
:10259000E3FBDDE906329A1ADDE909315B1A03EB48
:1025A00042139BB2A381DDE907329A1ADDE90A31B1
:1025B0005B1A03EB42139BB2E3810123A37013B0B8
:1025C000BDE8F08FB0BB000419AD00040000054267
:1025D00073AD00040070104243AD000438B5002014
:1025E000FFF7E8FDFFF73CFE0C4C01462568284646
:1025F00003F02AF8637C0BB1FFF748FF637B062BDF
:1026000007D10121182007F025F90121182007F032
:10261000BDF8BDE838400020FFF73EBEB0BB000467
:1026200010B5FFF7A9FD0122074B00241A705A705C
:102630009A70DA701A710222044B1C70044B1A74DF
:10264000FFF7CCFF204610BD42DF000441DF00044D
:10265000B0BB00040346084A30B400F1100514462C
:1026600018685968083303C4AB422246F7D118688A
:10267000206030BCFFF7D4BFB0BB0004012273B5AB
:102680002D4B2E4C1A70DA71618C2D4889B2FFF7F0
:1026900063FB2C4BE17F9A69072061F30B229A615F
:1026A00001A9032200F066FA9DF8043003F040030C
:1026B0000343DBB25BB99DF8053003F01F0384F8D8
:1026C00024309DF8063003F00F0384F825300125EF
:1026D000002607232576E6766376174B1A4883F89B
:1026E0003C50A3F1FD73D3F8982065F30A22C3F898
:1026F0009820FFF731FB84F8296007F0EBF82946B2
:1027000084F82950092007F067FA42F21071252059
:1027100002F07FFF42F210710446262002F079FF9A
:10272000054607F0B3FA2A46034621460748FFF755
:1027300013FB02B070BD00BF0000064200701042E3
:10274000AAAD000400000C40BFAD0004D6AD0004EB
:1027500008B50248FFF700FB002008BD09AE0004E1
:10276000F0B500240B490A46002312F8115F0CE073
:1027700012F8017FC65CB74206D00134032C01F188
:102780000A01F0D1002004E001339D42F0DCF4D1D5
:102790000120F0BDBCA300040A22024B02FB003062
:1027A000704700BFCCA30004014B196802F059BF69
:1027B00080D7000470B5144605460E46102200214D
:1027C000204605F075FB044B224631462846BDE8FD
:1027D00070401B6802F069BF80D7000408B548B993
:1027E00005F0C6FB074A0028106008DBFFF7D4FF9E
:1027F000054B18600020054B054A1A6008BD0120F2
:10280000FCE700BF8CD7000488D7000484D70004FD
:10281000FCA30004F7B51F4C01222146002000F064
:10282000A9F918B14FF0FF3003B0F0BD1A4D0122E5
:102830002946022000F09EF90028F3D12378174F93
:1028400003F0FD03012B1DD12B78062B1AD1144B5D
:102850001A78202A16D15A78502A13D19B78152B32
:1028600010D14FF48013019001A83B6006F0E5FD04
:1028700006F0B1FC0646019806F0EDFD3146094828
:10288000FFF76AFA08483B682A782178FFF764FA6C
:102890000020C9E751DF000450DF0004A0D6000487
:1028A0004CDF000424AE000446AE00042DE9F84FCE
:1028B0000020FFF793FF0746002853D12B4A2C4BEB
:1028C000156828221B682B4C02FB03552A4B6A888B
:1028D00005F128061A60294B05F108021A6005F176
:1028E0001803224618685968083303C2B3421446D5
:1028F000F7D1234C234BDFF8A490C4F8AC30224B23
:102900004FF0006BC4F8B0304FF000086FEA0903D5
:1029100018482360A4F8C680C4F804B002F0B9FED9
:102920001A4EDFF87CA030605A46214650466B684C
:1029300002F0B2FF783008D106F038FD40F20641CF
:10294000134B144A144801F081FA4A464046316854
:10295000FFF730FFC6E901A4C4F8149086F8808020
:10296000FFF758FF3846BDE8F88F00BF84D7000452
:102970008CD7000470D700046CD7000480D7000403
:10298000BCD500046BDF000452DF0004A0D60004B5
:10299000B8A70004C9AE00047EAE000424D700042A
:1029A00034D7000438B5094D95F90030053302D00D
:1029B0000024204638BD02F0B6FE04460028F8D1B7
:1029C000034802F0B2FE2C70F2E700BF84BC0004A2
:1029D000A0D60004024B0146986806F061BC00BF17
:1029E000A0D60004023808289ABF024B18566FF090
:1029F0000600704739AF000408B51C2006F06AFBDA
:102A00001C20084900F0CAF9074B1C201A6842F440
:102A100000721A605A6C42F4E0125A64BDE8084031
:102A200006F046BB4D800004000008402DE9FF4140
:102A30003D4B20F000671B689F4204D96FF00200F5
:102A400004B0BDE8F081F1B9C0F30B03002B0CBF5B
:102A500000256FF002054FF480564FF00108002367
:102A600031460DF1030240F000608DF8033001F0B3
:102A700003F99DF8034034B340F291212B4B2C4ACB
:102A80002C4801F0E3F901290BD1C0F30E03002B10
:102A90000CBF00256FF002054FF400464FF002080E
:102AA000DDE702290AD183B2002B0CBF00256FF0AD
:102AB00002054FF480364FF00408D0E700266FF08F
:102AC0000205B046CBE73846FFF784FF431C08BF3A
:102AD0006FF00205234647F000679E4201D80020B0
:102AE000AEE7FA5801320BD10433F6E703A901200F
:102AF00007F022F9DDE9020101AA07F02AFAEEE760
:102B000040EA0878002D99D102A9012007F014F9B4
:102B10004146054802F01BFE0028E7D004B0BDE89E
:102B2000F041FFF75FBF00BFA0D60004DEAE000497
:102B300052AF0004F3AE000408B513460A4620F075
:102B40000061044806F06CFB18B1BDE80840FFF7CF
:102B500049BF08BDA0D6000438B1054B1B6803600F
:102B6000B3FA83F04009404270474FF0FF3070479E
:102B7000A0D6000407B51346012200920A4601467A
:102B8000054802F000FE002814BF6FF0020000208C
:102B900003B05DF804FB00BFA0D60004FF20104A7C
:102BA000D1F8AC30C1F8BC200E4AC1F8DC200E4A86
:102BB000C1F8E0200D4AC1F8D820D1F8B0209075B6
:102BC0003820D1F8B020D0754220D1F8B02010754F
:102BD000D1F8B020482151753C2200209A717047ED
:102BE00000030001B98500045D8F0004D98E000444
:102BF000FF20104B10B5C1F8BC300F4BD1F8AC2002
:102C0000C1F8DC300D4B4224C1F8E0300C4BC1F868
:102C1000D830D1F8B03098753823D1F8B000C375EA
:102C2000D1F8B00004754820D1F8B0104875937100
:102C3000002010BD00030001B98500045D8F000471
:102C4000D98E000438B500252E4BC0E90855036025
:102C50002D4B456083602D4B0C46C3602C4BC0E967
:102C600004352C4BC0E906352B4B83622B4BC362DA
:102C7000A1F8BC50C0E90C5502F049FDB0F1807FCD
:102C800094BF03230423AF2284F8C530D4F8B030B6
:102C900028465D74D4F8B0309A729F22D4F8B030D0
:102CA0005A720222D4F8B0301A702022D4F8B03010
:102CB0009A715222D4F8B030DA71D822D4F8B030F8
:102CC0001A72B022D4F8B0309A703022D4F8B030F2
:102CD000DA700622D4F8B0305A70B922D4F8B03085
:102CE0009A74AB22D4F8B030DA740522D4F8B0303C
:102CF0001A741E23C4E90255A4F8B850257484F848
:102D0000C03038BD1393000475920004E98C0004B0
:102D1000258B000445890004599300044F93000457
:102D200038B50E480378B3B90D490E4D4A780F2ACD
:102D300005D9B8210C4B0D4A0D4801F087F8EC1865
:102D400012010133D2B2352B84F8002301F10601C0
:102D5000ECD101230370002038BD00BFF7DF000471
:102D60003DB2000400E100E0B8A700042FB2000467
:102D700052B00004C3B2342B0AD8012206494309D9
:102D800000F01F0082406033002041F8232070478C
:102D90006FF00200704700BF00E100E0C3B2342BC7
:102DA000024613B515D8A1B101A806F046FB0120D3
:102DB00002F01F04A0405309074C603344F823007D
:102DC000064B019843F8221006F045FB002002B0A4
:102DD00010BD6FF00100FAE700E100E0D0D7000479
:102DE00010B501B101382F4B1C6844F480341C60CD
:102DF0002D4C002A3ED11A6842F480321A6010220B
:102E00009A601A6822F480321A604FF47A72B0FB2A
:102E1000F2F207EE902AF8EEE77A27EE800A012216
:102E2000BCEEC00A83ED070A5A60E368D807FCD4F9
:102E30002369DB07FCD41B4B1A6822F440721A602A
:102E400029B101291A6826D142F480721A60636898
:102E5000002003F002036360A36803F00203A36091
:102E60000123104CE36006F023F9236843F00103CB
:102E7000236010BD1A6842F480321A600D229A60F5
:102E80001A6822F480321A600122D8615A60E3681D
:102E9000DA07FCD4CCE702290CBF42F4007242F4FA
:102EA0004072D3E700001742000117420122014B94
:102EB0005A6170470000174213B52E4C01A806F066
:102EC000BCFA94F82C20002A4DD12B4BC3E90022E8
:102ED0002A4B1B68D3F8001862F31041C3F800189E
:102EE0001021D3F8042F22F00102C3F8042FD3F8E5
:102EF0000C2F22F00102C3F80C2FD3F8082861F33D
:102F000004020221C3F80828D3F8002861F309223B
:102F1000C3F800280122C3F80428D3F8142FD107DE
:102F2000FBD50122C3F814284FF0FF32C3F81C2848
:102F3000D3F8182FD207FBD5D3F80C2842F00102A2
:102F4000C3F80C28D3F8002842F00102C3F8002887
:102F500000220B4B63620B4B1A70A36200F0CEF899
:102F6000012384F82C30019806F075FA002002B095
:102F700010BD00BFB0D80004A8D80004D0BB000426
:102F800079310004F8DF000407B50C4B02681A60C1
:102F900042685A60028901A81A8106F04EFA02209E
:102FA00000F05CF9064B1A78586001985A7006F0E8
:102FB00052FA002003B05DF804FB00BF7ABC0004A5
:102FC000A8D8000410B5174C23681A69D1070BD58F
:102FD000DA68D20708D55A6942F001025A61124AEA
:102FE00053680BB1906898472368D3F81021D00735
:102FF00048BFD3F80C21D3F81028D10710D5D3F847
:103000000C28D2070CD5D3F8142842F00102C3F8DB
:103010001428054A536A1BB1BDE81040906A18474E
:1030200010BD00BFD0BB0004B0D8000413B50446E7
:1030300001A806F002FA064B1B68C3F81C48D3F837
:10304000182FD207FBD5019806F005FA02B010BD83
:10305000D0BB0004F0B50E460746044687B001AD6C
:103060000FCCD4F800C00FC53C4635460FCD0FC479
:103070002B6801AD236034460FCD0FC4094AC4F854
:1030800000C0136839685B6853F82100346853F84E
:10309000244043F82140136832685B6843F82200FB
:1030A00007B0F0BDA4D8000470B50C4686B0064643
:1030B0001422002101A804F0FBFE5CB94FF0FF339D
:1030C0003446019301AD0FCD0FC42B682360304609
:1030D00006B070BD94F90930002B03DC0648FEF7FA
:1030E0003BFEEBE72468637A022BE7D10FCC354631
:1030F0000FC523682B60EAE77BB3000410B5084CCA
:1031000023785BB9152005F0E5FF06491520FFF788
:1031100045FE152005F0CCFF0123237010BD00BF34
:10312000F9DF0004C52F00042DE9F8434FF0000932
:103130004B464FF47A75904600F06EFE0446A2FBB3
:10314000050C05FB03CC0B4F0E46D7E90031C01828
:103150004CEB010142464B4600F05EFEC7E90023FE
:10316000A4FB054305FB0633201843EB0101BDE832
:10317000F88300BF18BD000405232DE9F047324C49
:1031800086B02360037873B3DFF8CC902F4DD9F865
:103190000030296801A8D3F81878FFF785FFDDE92A
:1031A0000186B8F1FF3F9DF80CA04AD0684606F0B2
:1031B00044F99DF80D30022B2CD125490B7853454D
:1031C00008BFB74226D3DDE90476B6B1326821489C
:1031D000824212D1013301200B7006F0D3FD00981A
:1031E00006F039F9D3E70120194A13780133137037
:1031F00006B0BDE8F04706F0C5BD2868012241468B
:1032000002F00AFC009806F026F9002FBFD03046E5
:10321000B847BCE7009806F01EF9684606F00DF9BD
:103220002368052B0AD1296801A8FFF73DFFDDE9D6
:1032300001506B1C02D0FFF7F9FE2560009806F0E4
:103240000AF906B0BDE8F087D4BB0004A4D8000496
:10325000A8D8000400005555D0BB0004044B022838
:103260001B681ABF03EB00239869D3F8180870474E
:10327000D0BB00042DE9FF41054604A800E90E007B
:103280000A9BBDF80C000B99C01841F100014FF4E6
:103290007A72002300F0C0FD9DF804702A8138186E
:1032A00041F100013C22002300F0B6FD9DF80560CD
:1032B0002A70301841F100013C22002300F0ACFDDF
:1032C0009DF806406A70201841F100011822002381
:1032D00000F0A2FD4FF0010803269DF808309DF88C
:1032E00007402B71BDF80A302418204FAA7041F115
:1032F0000001EB802B79E888022B20D102F013FB30
:10330000B8B11E2C71F1000322D31D3C61F1000104
:103310002E71EFE70133DBB20C2B2B7104D8A21A0C
:10332000144661EB0C01E5E70130E88085F8048084
:10333000F5E71D2C71F100030AD31C3CE6E75A1E89
:1033400057F822204FEAE27CA2427CEB010EE1D347
:103350000723E4B2B4FBF3F30020C3EBC303EC7028
:10336000E41A6C7104B0BDE8F08100BF28A5000428
:103370000A4610B5C0B20C460321FEF7DDFF044932
:10338000013402460023A4FB010100F045FD10BDFD
:103390000048E80110B50B4C627C636862B1A3F58C
:1033A000F843183BB3F5FA6F04D963210120FFF706
:1033B000DFFF6060606810BD6321BDE81040012040
:1033C000FFF7D6BFE0D8000473B5044618B96FF014
:1033D000010002B070BDFFF7DDFF124B02461B6813
:1033E0001148D3F81838456801789D42467811D8BD
:1033F000581B891BFFF798FECDE900010B4B2046B7
:1034000019685A681B89FFF735FF2046FFF7BCFD96
:103410000020DEE78E42DAD2891B013DE81A01392D
:10342000E8E700BFD0BB0004A8D800047ABC0004C1
:1034300070B50024084E204600F020F905462046CD
:1034400000F02CF920B156F824300BB128469847EB
:1034500004B170BD0124EEE7F4D8000410B50446B1
:1034600038B30378012B24D84368013BB3F57A7F46
:103470001FD20021084600F0EDF80020616800F03E
:103480009BF80020217800F0D3F82378012B06D197
:1034900019200949FFF782FC192005F009FE0020D8
:1034A00000F006F9054862682178FEF755FC002017
:1034B00010BD6FF00100FBE73134000489B3000454
:1034C00008B5002000F018F90020014B186008BD75
:1034D000F4D8000418B1024B1A68186010467047FF
:1034E000F4D8000408B5054B984204D1002000F040
:1034F00089F8002008BD4FF0FF30FBE7FECAADDEC3
:1035000008B5074B984208D10121002000F0A2F82D
:10351000002000F077F8002008BD4FF0FF30FBE7F7
:10352000BEBAFECA08B5064B984205D1002108462E
:1035300000F090F8002008BD4FF0FF30FBE700BF1F
:103540006500FECAF0B50024064685B0184F03A8F2
:103550000D46CDE9014405F070FF01A9204606F0B3
:10356000EBFB019957F8260002AA06F0F2FC029B39
:10357000072B104B05D853F82620012A0CD0022A1D
:103580000ED0019A43F8265047F82620039805F0FC
:1035900062FF204605B0F0BD012D06D00224F0E701
:1035A0006C1E18BF01246400EBE72C46EEE700BF59
:1035B00004D90004FCD8000438B50C4602210546A5
:1035C000FFF7C0FF022803D14FF4807005F060FDC3
:1035D0008DB940F2FF339C4228BF1C4643F6095286
:1035E000054B6343B3FBF2F3044A1B0443F012039D
:1035F0005360034BD36038BD40420F0000000942C6
:103600009A78561410B501210446FFF79BFF012854
:1036100009D0022803D14FF4807005F039FD14B9A8
:10362000014B024ADA6010BD000009429A78561434
:10363000012904D110B9044B044ADA61704700280B
:10364000FCD1014B024AF8E70000094217011801BA
:103650001700180030B9064B29B1064A1A604FF41A
:103660008B725A617047044A1A601622F9E700BF4C
:1036700000000942100111001000110048B9064B6A
:103680009B699A0704D403F00103C3F10203D8B283
:1036900070470023F7E700BF0000094220B9034B41
:1036A000186A00F0010070470020704700000942CE
:1036B000044B20B14FF49372A3F886207047262262
:1036C000FAE700BF00000942044B20B14FF49272A8
:1036D000A3F8822070472422FAE700BF00000942C5
:1036E000044B20B140F22312A3F88020704723221C
:1036F000FAE700BF0000094280B9094B1A6A10229C
:103700001A60084A5A6002F1006201329A60162279
:103710005A61054ADA6119229A629B6A704700BFB2
:10372000000009421200FF071700100008B5002032
:1037300005F0D0FC0020FFF71DFB07490020FFF734
:103740002DFB01229FED050A11464FF47A70FFF719
:1037500047FB002008BD00BF799100046F120342AF
:103760000048704758A50004034B00201A880A80BF
:103770009B788B70704700BF4CDF000438B50D4656
:1037800014464FF400714FF480520448FEF7E4FAF7
:10379000034B2B600123236038BD00BFA9B3000495
:1037A0007CA5000470B50C4615460DB92E4614E0F4
:1037B000A3B2A3B9B5F5803F11D320460221FFF78C
:1037C00035F9064604F58034A5F58035002EECD099
:1037D00021461048AA0AFEF7BFFA304670BDC4F36E
:1037E0000E0363B9B5F5004F09D320460121FFF759
:1037F0001DF904F500440646A5F50045E6E7204618
:103800000021FFF713F904F580540646A5F580550D
:10381000DCE700BFD6B3000410B501F0A8FF0446F2
:1038200001460748FEF798FA34B9064906488B78EE
:103830004A780978FEF790FA044B20461C6010BDC8
:10384000F3B300044CDF000420B40004D8BB000430
:1038500010B5044601460548FEF77EFA2369044880
:103860005979BDE81040FEF777BA00BF5BB4000499
:103870008DB4000438B5036975465B79044643B9D5
:103880000548FFF72FFE23699D60246904F0AFF916
:10389000E060002038BD00BFFECAADDE37B50C4683
:1038A00005461848FEF758FA236843BB2B695B7935
:1038B0001BB10024204603B030BD02F0CDF8014614
:1038C0001148FEF749FA2B6961681B680F488DF8AB
:1038D00000300191FEF740FAA3682BB10C48FFF7C6
:1038E000F9FD0C48FEF738FA6846FFF7B7FD0446C5
:1038F00001460948FEF730FA002CDAD0DAE76FF01B
:103900008504D7E79FB40004C7B40004E0B4000402
:10391000C9390004FBB400041CB5000438B50C46DA
:1039200005461648FEF718FAE20702D50120FFF710
:10393000CBFEA30705D50120FFF7D2FE1048FEF706
:103940000BFA2B695B792BB90E48FFF7D9FD0E48AE
:10395000FEF702FA0D4C0E482168FEF7FDF9A1684A
:103960000C48FEF7F9F961680B48FEF7F5F9E168D4
:103970000A48FEF7F1F9002038BD00BF35B5000454
:1039800053B50004BEBAFECA72B50004001010E0C0
:1039900098B50004AFB50004C6B50004DDB5000459
:1039A00010B504460648FEF7D7F923695B7923B9B9
:1039B0000448FFF7B7FDFFF783FD002010BD00BFEF
:1039C000F4B500046500FECA08B5034802F0EAFE3B
:1039D0000021FFF73DFF08BD9DAB000410B5044674
:1039E00000210A48FEF7B8F9A36820469B680849F9
:1039F0009847084B1979A36820461B68984700210F
:103A000002460548FEF7A8F9002010BD14B60004D0
:103A100084A50004DCBB00042EB6000430B5154DAF
:103A20000C462B7885B01BB9FFF746FA01232B70A3
:103A30004FF47A72236801A88DF8043063688DF81A
:103A40000530A3688DF80630E3688DF807302369E8
:103A50008DF808306369ADF80A30A3698DF8093034
:103A6000636A93FBF2F3ADF80C30FFF78DFA002098
:103A700005B030BDFADF000410B50F2188B0104842
:103A8000FEF76AF940F21A424EF660210D4B00240F
:103A9000CDE903320C4B0D48CDE9051340F201137B
:103AA000ADF81E300423214600930323ADF81C40DB
:103AB000FEF752F903A8FEF7CDFD204608B010BD71
:103AC00058B60004C0C20400020603049EB60004F7
:103AD00008B514210348FEF73FF9FEF7CFFD00209B
:103AE00008BD00BF06B7000408B515210348FEF75E
:103AF00033F9FEF72DFE002008BD00BF4FB70004CC
:103B000008B562210348FEF727F901F0A9FD00205E
:103B100008BD00BF98B7000408B50F210348FEF7A1
:103B20001BF901F0F0FE002008BD00BFE0B7000463
:103B3000002330B5074C1A01A25C04EB0315824246
:103B400002D100200D6030BD0133082BF3D16FF09E
:103B50000100F8E760D9000438B50C460C4802F0C3
:103B600021FE0023227C0B4951F8335095420AD1A3
:103B7000094A02EB0313A269D86002F178425A6045
:103B8000E2699A6038BD0133082BEDD1FAE700BF36
:103B900041B4000430A6000460D900048022024928
:103BA000024804F0CDB800BFACA5000460D9000401
:103BB0002DE9F341FFF7F2FF1248FEF7CDF84FF081
:103BC00000640025104FDFF84C80104E2368BB4284
:103BD00002D16368434511D0E369304600932169FF
:103BE000D4E90523FEF7B8F821462846FFF7B4FFCD
:103BF000074B40349C4205F10105E7D1002002B09B
:103C0000BDE8F08128B8000444554D4D62B8000469
:103C10000010000859454E4410B569B14FF00063DB
:103C2000074A1C69A04203D040339342F9D1054BA7
:103C30000020DB690B6010BD6FF00500FBE700BFE3
:103C400000100008C00F000810B569B14FF0006304
:103C5000074A1C69A04203D040339342F9D1054B77
:103C600000209B690B6010BD6FF00500FBE700BFF3
:103C700000100008C00F000870B5154642182CBF90
:103C80000124002486B023462DB91E48FEF764F8AF
:103C90006FF0050029E0B0F1026F00D2ACB1B0F1D5
:103CA000026F049334BF00230123CDE902234FF0B8
:103CB00002630A4601900146009313484FF00063E7
:103CC000FEF74AF801232B70E2E710492C70D1E986
:103CD000003698420BD3B04209D201212970014627
:103CE00000960B48FEF738F8002006B070BD9A42E7
:103CF00001D9B242F1D30134042C01F10801E6D11B
:103D0000F2E700BF90B80004ADB800046CA6000450
:103D100025B9000408B50448FEF71EF80348FEF76D
:103D20001BF8002008BD00BF68B9000478B9000482
:103D300010B560B1084C23785BB901F018FD00386C
:103D400018BF012001234042C0B2237010BDFE20E5
:103D5000FCE70020FAE700BFFBDF000408B5012004
:103D6000FFF7E6FF044800F00BF80022034B1A703F
:103D7000BDE8084000F046B860DA0004FCDF00044B
:103D80002DE9F743054680B3046874BB194E1A4FFA
:103D9000DFF86C8012236343F15C03EB0609FF2913
:103DA00002D101202E6021E00A291BD1694614208E
:103DB000FFF74AFF28B10B214046FDF7CDFF013444
:103DC000E8E7009B142003F1784301A9C9F8053006
:103DD000FFF722FF10B10B213846EEE7019BC9F82F
:103DE0000D30ECE70548FDF7B7FF002003B0BDE854
:103DF000F08300BF85BC0004CFB90004FCB9000407
:103E00009BB90004024B1A680AB9024A1A6070474B
:103E100064DA000468DA000453B94AB9002908BF1B
:103E200000281CBF4FF0FF314FF0FF3000F00CB8FE
:103E3000ADF1080C6DE904CE01F091FEDDF804E06F
:103E4000DDE9022304B07047704700BF1FB5144678
:103E50001A46094B05461B68D86854B9074B1C46DF
:103E600000910749CDE901342B4600F00DF8FDF72C
:103E70002BFF044BF4E700BF14BC000445AE000464
:103E800036BA000429BA00040EB403B503AB0146E8
:103E9000054853F8042B0068019300F007F802B0BE
:103EA0005DF804EB03B0704714BC00042DE9F04F3B
:103EB0000D469DB014469846064618B183690BB965
:103EC00000F08AFB874B9D421BD175686B6ED9074A
:103ED00005D4AB899A0502D4A86D01F0E8FAAB8944
:103EE0001B0701D52B69EBB92946304600F08AFA49
:103EF000C0B16B6EDC070ED54FF0FF301DB0BDE8D2
:103F0000F08F794B9D4201D1B568DFE7774B9D4239
:103F100008BFF568DAE7AB899805EDD4A86D01F024
:103F2000CCFAE9E70023CDF80C804FF00109DFF867
:103F3000C081099320238DF8293030238DF82A3051
:103F400023469A4613F8012B0AB1252AF9D1BAEB78
:103F5000040B0BD05B4622462946304601F074FF25
:103F6000013000F0A680099A5A4409929AF800306C
:103F7000002B00F09E8000234FF0FF320AF1010A6F
:103F8000049307938DF853301A93CDE905235446D3
:103F90000522574814F8011B02F0FEF8049BD0B923
:103FA000D90644BF20228DF853201A0744BF2B2284
:103FB0008DF853209AF800202A2A14D0079A5446E4
:103FC00000204FF00A0C214611F8013B303B092B31
:103FD0004AD970B914E0A0EB0800A24609FA00F033
:103FE00018430490D3E7039A111D1268002A039125
:103FF00001DB079204E0524243F00203079204936C
:1040000023782E2B0AD163782A2B32D1039B0234DA
:104010001A1D1B6843EAE37303920593DFF8E0A0DF
:1040200003222178504602F0B7F838B1A0EB0A001D
:104030004022049B013482401343049314F8011B73
:1040400006222C488DF8281002F0A6F800283FD050
:10405000294B1BBB039B073323F007030833039350
:10406000099B3B4409936BE70CFB02320C46012091
:10407000A9E7002301344FF00A0C194605932046A6
:1040800010F8012B303A092A03D9002BC6D005912C
:10409000C4E70CFB012104460123F0E703AB2A46E9
:1040A00004A930460093154BAFF300800746781CF7
:1040B000D6D16B6ED90705D4AB899A0502D4A86D09
:1040C00001F0FBF9AB895B063FF516AF099815E7E0
:1040D00003AB2A4604A930460093084B00F012F8BF
:1040E000E4E700BFE8A60004C8A60004A8A60004F0
:1040F00066BB000470BB000400000000495E0004C1
:104100006CBB00042DE9FF470F7E914680460C46AC
:10411000782F9A460C9D01F1430207D8622F0AD8E6
:10412000002F00F0E080582F00F0BB8004F1420621
:1041300084F842703AE0A7F16303152BF6D801A189
:1041400051F823F09D410004B14100042D410004C9
:104150002D4100042D4100042D410004B141000413
:104160002D4100042D4100042D4100042D41000487
:10417000CD42000441420004834200042D4100046A
:104180002D410004EF4200042D410004414200048F
:104190002D4100042D4100048B4200042B6804F1E2
:1041A00042061A1D1B682A6084F842300123ABE0E6
:1041B000236829681F0601F10400286001D50D68F5
:1041C00003E05E06FBD5B1F90050002D61687ADA94
:1041D0002D200029A16084F843002DDA6D425E484D
:1041E0000A231646B5FBF3F103FB1157C75D06F82A
:1041F000017D2F460D46BB42F4D9082B0BD1236815
:10420000DF0708D5236961689942DEBF302306F8CD
:10421000013C06F1FF36921B22614B4603AA214660
:104220004046CDF800A001F021FE013071D14FF0E1
:10423000FF3004B0BDE8F08723F004032360CDE72E
:104240002B682068191D2960050601D51D6802E04C
:104250004106FBD51D886F2F3F4814BF0A23082352
:10426000002184F843106668002EA660B9DB21683F
:1042700021F004012160002DB3D1002EB1D11646EA
:10428000BBE7236843F0200323607827334884F892
:104290004570296823680E1D2E601E0603D50D6823
:1042A00004E02D48F3E75D06F9D50D88D90744BF32
:1042B00043F0200323600DB11023D1E7236823F0DE
:1042C00020032360F8E724480A23CCE72B682668FC
:1042D000181D6169286035061B6801D5196002E068
:1042E0007006FBD5198000231646236195E72B68DD
:1042F00000211A1D2A601E686268304601F04CFFDA
:1043000008B1801B606063682361002384F8433038
:1043100083E72369324649464046D047013086D07C
:1043200023689B0714D4E068039B9842B8BF1846E3
:104330007FE70123324649464046D04701303FF4EB
:1043400076AF0135E36803995B1AAB42F1DCEAE72B
:10435000002504F11906F5E777BB000488BB0004CB
:10436000F8B50E461446054618B183690BB900F03E
:1043700033F9214B9C4210D16C68A369A360A389D7
:104380001A0701D5236993B92146284600F03AF867
:1043900068B14FF0FF373846F8BD184B9C4201D149
:1043A000AC68EAE7164B9C4208BFEC68E5E7236976
:1043B000F6B220683746C01A6369834205DC21469D
:1043C000284600F08BF80028E3D1A3680130013BB8
:1043D000A36023685A1C22601E706369834204D064
:1043E000A389DB07D7D50A2ED5D12146284600F070
:1043F00075F80028CFD0CCE7E8A60004C8A60004D2
:10440000A8A60004314B70B51D6806460C4625B1C0
:10441000AB6913B9284600F0DFF82D4B9C420ED152
:104420006C68B4F90C301A072CD4DD0611D40922BB
:10443000326043F040034FF0FF30A3813DE0254B55
:104440009C4201D1AC68ECE7234B9C4208BFEC686E
:10445000E7E7580712D5616B41B104F14403994273
:1044600002D0304600F076F900236363A38923F07D
:104470002403A3810023636023692360A38943F09D
:104480000803A38123694BB9A38903F42073B3F50F
:10449000007F03D02146304600F01CF9B4F90C30FF
:1044A00013F001020AD00022A26062695242A261A6
:1044B000226942B913F08000BBD170BD990758BF83
:1044C0006269A260F4E70020F7E700BF14BC0004B3
:1044D000E8A60004C8A60004A8A6000438B50B6925
:1044E00005460C4613B90025284638BD18B1836926
:1044F0000BB900F071F8144B9C421BD16C68B4F9F5
:104500000C30002BEFD0626ED00704D4990502D492
:10451000A06D00F0CCFF2846214601F060FD636EDF
:104520000546DA07E0D4A3899B05DDD4A06D00F031
:10453000C4FFD9E7054B9C4201D1AC68DFE7044BCF
:104540009C4208BFEC68DAE7E8A60004C8A60004AD
:10455000A8A60004002310B5044683608181194693
:104560004366C28108228361C0E90033C0E9043395
:104570005C3003F09DFC054B24626362044BA36234
:10458000044BE362044B236310BD00BFB56100041C
:10459000D76100040F62000433620004014901F096
:1045A000B7BD00BFDD440004014800F080BF00BF7C
:1045B000E8BC0004014800F080BF00BFE8BC000474
:1045C000014800F074BF00BF00BD0004014800F0C6
:1045D00074BF00BF00BD000410B50446FFF7F0FF34
:1045E000A3691BB1BDE81040FFF7F0BFC4E9123367
:1045F00023652046124B134A1B68A262A34204BFE4
:104600000123A36100F020F86060204600F01CF850
:10461000A060204600F018F800220421E0606068E5
:10462000FFF798FF01220921A068FFF793FF0222FC
:104630001221E068FFF78EFF0123A361D2E700BFDC
:10464000A4A600049D450004F8B50746FFF7ACFF9B
:104650001E4B1E68B36913B93046FFF7BDFF4836DD
:10466000D6E90134013B03D533680BB33668F7E76D
:10467000B4F90C50D5B9164B04F158006566E360E7
:1046800000F00BFFFFF796FF0822294604F15C00BB
:104690002560A561C4E90155C4E9045503F008FC8F
:1046A000C4E90D55C4E912552046F8BD6834D9E770
:1046B0000421384601F016FD044630600028D5D1AB
:1046C000FFF778FF0C233B60EEE700BFA4A60004D1
:1046D0000100FFFF8B89F7B59D0706460C4607D5FD
:1046E00004F14703236023610123636103B0F0BD3C
:1046F00001AB6A4601F02BFD009F05463046394666
:1047000000F072F848B9B4F90C309A05EED423F0F1
:10471000030343F00203A381E2E70D4BB362A389D5
:10472000206043F08003A381019BC4E904075BB1CF
:10473000B4F90E10304600F0F5F828B1A38923F043
:10474000030343F00103A381A3891D43A581CDE7A2
:104750009D45000438B50546002941D051F8043C78
:104760000C1F002BB8BFE41800F0FEF81D4A1368B8
:1047700033B9636014602846BDE8384000F0FAB8E9
:10478000A34208D9206821188B4201BF19685B68D1
:1047900009182160EDE71A465B680BB1A342FAD90C
:1047A00011685018A0420BD12068014450181160C4
:1047B0008342E0D118685B68084453601060DAE710
:1047C00002D90C232B60D6E7206821188B4202BF48
:1047D00019685B680918636008BF21605460CAE704
:1047E00038BD00BFD8DB0004F8B5CD1C064625F067
:1047F000030508350C2D38BF0C25002D01DBA9421F
:1048000003D90C2333600020F8BD00F0ADF8214936
:104810000A6814469CB9204F3B6823B921463046AC
:1048200000F03CF838602946304600F037F8431C69
:1048300023D10C233046336000F09CF8E3E7236873
:104840005B1B17D40B2B03D923601C44256004E0A9
:104850006368A2420CBF0B605360304600F08AF8D8
:1048600004F10B00231D20F00700C21A1CBF1B1A05
:10487000A350C9E722466468CCE7C41C24F00304B3
:10488000A042E3D0211A304600F008F80130DDD113
:10489000CFE700BFD8DB0004D4DB000438B5002329
:1048A000054D044608462B60FDF7FAF9431C02D17A
:1048B0002B6803B1236038BDDCDB000438B5044647
:1048C000064D0846114600222A601A4600F0D2FD25
:1048D000431C02D12B6803B1236038BDDCDB00042C
:1048E00038B50023054D044608462B6000F0C6FD90
:1048F000431C02D12B6803B1236038BDDCDB00040C
:1049000038B50023064D0446084611462B6000F0DA
:10491000BFFD431C02D12B6803B1236038BD00BF2B
:10492000DCDB000438B50023054D044608462B6047
:1049300000F0A9FD431C02D12B6803B1236038BDF0
:10494000DCDB000438B50446064D0846114600225B
:104950002A601A4600F095FD431C02D12B6803B172
:10496000236038BDDCDB0004014800F0A0BD00BFBF
:10497000D0BC0004014800F0A0BD00BFD0BC0004C2
:1049800038B50446064D0846114600222A601A46EC
:1049900000F06CFD431C02D12B6803B1236038BDCD
:1049A000DCDB000470470078704770472DE9F7435F
:1049B0000E4617469946044628B94FF0FF38404640
:1049C00003B0BDE8F0830029F7D0002AF5D0CB680A
:1049D0000D8938461D44042329460DEB030200F0DF
:1049E00080FC80460028E8D146F60812BDF8041085
:1049F0007389914225D1BDF806109942DDD1042377
:104A000038460DEB0302294400F06BFC0028D4D19A
:104A100046F60713BDF804209A42CED1C4E90067D8
:104A20009DF82830A4F80890A3727389BDF8062079
:104A30002B44E360738913442B440435636125617F
:104A4000BDE7002BE4D0B8E72DE9F3410E46174649
:104A50001D46044620B94FF0FF3002B0BDE8F0819A
:104A60000368002BF7D04368002BF4D04FF6FF7893
:104A7000D4E904239A4216D223685B8923B1E36800
:104A8000934204BF043323610423216960680DEB62
:104A9000030200F026FC0028DDD1A37A2BB1D4E973
:104AA00003329A4201D30120D7E72389BDF80610CB
:104AB000434501F1040203D0BDF804C09C450BD16D
:104AC00015B1BDF804302B8023690433336039807D
:104AD000236913442361C0E7236913442361C7E7B3
:104AE00048B103683BB143682BB1C068884294BFAA
:104AF0000020012070474FF0FF30704701F07DB972
:104B00004FF4407358433030704700F01DBD38B546
:104B100000230D4602461946044600F045F80346B8
:104B200048B90121204604F12C0200F03DF810B1F3
:104B3000002D08BF002038BD37B54FF480750446FE
:104B4000426A01A905200195FCF7C8FE58B9019BEE
:104B50000620226DA36201A90195FCF7BFFE054660
:104B600028B1092500E00125284603B030BD019B8E
:104B7000206A636500F0F9FBE065F5E70123036057
:104B800003F1012343600023C0E9023370474379F6
:104B9000012B07D10368012B04D10079431E584231
:104BA000584170470020704713B500201446FCF7A9
:104BB0009BF901A9C0B2FEF7BBFF014668B92246C6
:104BC0002023019800F08DFB0446019800F088FB3B
:104BD000201E18BF012002B010BD0120FBE7F0B578
:104BE000D0F828C0BCF5807F36D8466DB6F5807FFA
:104BF00032D800210B460A460D460C46624507D3C3
:104C0000B34205D3624527D19B1B58425841F0BDA2
:104C1000AC420CD1476A07EBC2077F6801323C44C3
:104C2000076D07EBC3077F6801333D44E6E709D210
:104C3000476A022907EBC2077F683C440CD0012178
:104C40000132DBE7076D012907EBC3077F683D44AD
:104C500002D002210133D1E70020D8E7F8B50C4695
:104C600010B1F9B10AB90120F8BD00278D1800F183
:104C70002806836E5A1C826614F8011B03443F2ADF
:104C800083F828100BD93146FCF73AFCD0E90832FA
:104C900013F5007342F10002C0E908328766A542AD
:104CA000E7D1E0E70846DFE7F8B50C4605460028FF
:104CB00054D0002953D08B6ED1E90821D8001218A6
:104CC00041F10001C4E908218022581C38282344FE
:104CD000A0664FF0000783F8282004F128060AD9BF
:104CE000C0F140023946304400F03BF831462046DE
:104CF000FCF706FCA766A06E0021C0F13802304424
:104D000000F02FF8236A31461ABA636A62661A0AFB
:104D100084F8633084F862201A0C1B0E84F860302B
:104D2000204684F86120FCF7EBFB2B1D211F243566
:104D300051F8042F0433100E03F8080C100C03F87C
:104D4000070C100A03F8060C03F8052CAB42EFD150
:104D500020467022002100F004F80120F8BD08462A
:104D6000FCE703F0A5B8836800EBC101B3F5004F81
:104D70002CBF51F8220031F81200704700EBC1013E
:104D80008068B0F5004F2CBF41F8223021F8123076
:104D90007047012208B5FFF7E6FFD04008BD8368E1
:104DA00000EBC101B3F5004F08D34B681AB143F0D3
:104DB00001034B60704723F00103FAE74B881AB1F7
:104DC00043F001034B80704723F00103FAE75300DF
:104DD0000122FFF7D3BF8368B3F5004F34BF04232C
:104DE0000823C91A081AC0087047B0F5004F34BF2D
:104DF00004230823481C0833A0EBD300B0FA80F04A
:104E0000C0F11F0070472DE9F04117460322884684
:104E10000446FFF7A8FF8045054607F106061AD1AC
:104E20000122E368BA4023EA0203E360002304EBB3
:104E30008606736041462046FFF7ABFFA368B3F5D3
:104E4000004F34BF042208222369A3EBC00313449C
:104E50002361BDE8F081414602222046FFF783FF2F
:104E6000074604EB86062B46014603222046756062
:104E7000FFF784FF3B46022229462046FFF77EFFCC
:104E8000D8E72DE9F04705468068FFF7AEFF05EB50
:104E9000800ADAF81C9088460646B9F1000F1BD04C
:104EA0000327DAF81C4028462146FFF772FF4045E9
:104EB00007D3324621462846FFF7A5FF2046BDE826
:104EC000F087032221462846FFF74DFF013FCAF82D
:104ED0001C0001D08145E4D14FF0FF34EB6801366E
:104EE000B4401C40EAD094FAA4F2B2FA82F205EB84
:104EF0008203DC69DEE72DE9F04114460E460546E3
:104F0000FFF747FFA4EB0608371B0744424631462C
:104F10002846FFF75CFF3A4621462846FFF757FF31
:104F20004346002221462846FFF728FF214628460F
:104F3000FFF72FFF3B46211800222846BDE8F0412D
:104F4000FFF71CBFF8B50D4686680446FFF721FF42
:104F5000B6F5004F014601D3012826D03046FFF7B1
:104F600044FF04EB8001CE6906BB0122E368824066
:104F70001343E3600222CD612B4629462046FFF70A
:104F8000FDFE032229462046FFF7F8FE294620466B
:104F9000FFF7FFFEA368B3F5004F34BF04220822D9
:104FA000236903EBC0039B1A2361F8BD022231463B
:104FB0002046FFF7D8FE0746034629462046FFF75E
:104FC000DDFE0322334629462046FFF7D7FE394649
:104FD0002B462046FFF7D2FE02223146D3E7F8B532
:104FE000056811B900273846F8BDAB68B3EBD10F9F
:104FF000F8D9B3F5004F34BF04230823CC1D1C445B
:10500000E40821462846FFF73CFF06460028E9D081
:1050100001462846FFF7BDFEA04209D93444314677
:1050200028462246FFF767FF21462846FFF78AFFFA
:10503000012231462846FFF7B2FEAB683146B3F590
:10504000004F34BF04240824FFF7A3FE6B6904EB70
:10505000C607C4EBC0041C44AB692F446C61A34277
:105060002CBFAB61AC61BEE72DE9F843056814467F
:10507000AA6801F1FF39B2F5004F34BF04230823B9
:1050800019EA01090F460BD0494239408B424F467D
:1050900028BF0B46894654B900263046BDE8F88340
:1050A0009942F8D82146BDE8F843FFF798BFB2EB24
:1050B000D40FF1D9B2F5004F34BF04220822E11D0C
:1050C0003944C91A11442846C908FFF7DAFE804658
:1050D0000028E1D0AB6809EBC006B3F5004F34BF40
:1050E000042308231E442E447B1E1E44B6FBF7F601
:1050F0007E43A6EB090631462846FFF76CFE344492
:10510000073424F00704641B804507464FEAE40493
:1051100008D2024641462846FFF7EDFE41462846A2
:10512000FFF710FF39462846FFF733FE3844844224
:1051300008D2394628462246FFF7DDFE214628469A
:10514000FFF700FF012239462846FFF728FE3946BF
:10515000FFF71FFEAB68B3F5004F34BF04220822EF
:105160006B6903EBC000AB69801A686183422CBF96
:10517000AB61A86191E7B2F5802F2CBF082304230F
:105180002DE9F0410025D21A8C18CE1D26F0070615
:1051900024F00704A41BE408066021462046C6E963
:1051A0000355C6E90555B460FFF71FFE00F108027C
:1051B0009200013002F107074FEAD7072946A2F112
:1051C0001C0206F11C00B8BF2A4602F071FE3A46E6
:1051D00029463046FFF7FBFD2B462A462946304636
:1051E000FFF7CCFDA4EB0708304629460122FFF764
:1051F000D6FD42463946FFF7EAFD3B462A46394688
:105200003046FFF7BBFD21463046FFF7E0FD434641
:105210002A4621463046FFF7B1FD2146304601229D
:10522000FFF7BDFD3946BDE8F041FFF78BBE30B555
:105230000C688B6814B14A689A4202DC01338B60B7
:1052400030BD013A9A4214BF05460025E5548B68EB
:10525000F4E7D0E9002130B54FF03333A2FB03244B
:10526000D51843EB0405A1FB0313521844EB0304C8
:10527000521944F10002891843F10003C0E90013F8
:1052800030BD10B50A680346002A0FDD013A0A60F6
:1052900044680A201A68A2FB001200FB0422100FC7
:1052A00022F07042C3E90012303010BD3020FCE71C
:1052B0002DE9F0410746884615461E461446B4427D
:1052C00005D30EB1601B08E02378002BFAD04146CD
:1052D00014F8010BB8470028F1DABDE8F0817047F7
:1052E0007047002930B4044618460BDBA568084413
:1052F000A84207D8E0686468214484682468A4460A
:1053000030BC60476FF0150030BC7047002930B4E6
:10531000044618460BDBA5680844A84207D8E06895
:105320006468214484686468A44630BC60476FF0B8
:10533000150030BC70470029034610B410460CDB42
:105340009C680844A04208D8D8685B681944836800
:105350009B683BB15DF8044B18476FF015005DF892
:10536000044B70476FF05700F9E708B5C0688368D1
:10537000DB689847006808BD08B5C0688368DB68CB
:105380009847407908BD70B54C680368A34201D2C4
:10539000012070BD8A682244934201D30020F8E7BF
:1053A0004E69D1E90325B54203D36FF00B038B613E
:1053B000F4E71B1B42F835304368086902EBC00272
:1053C00053600B6901330B61E2E770477047704728
:1053D000704708B5FCF7F4FC08BD08B5FCF74AFDBA
:1053E00008BD08B500F06DF808BD08B500F06AF812
:1053F00008BD08B5FFF7EBFF08BD08B5FFF7E5FFEF
:1054000008BD08B5FFF7E2FF08BD08B5FFF7E0FFEC
:1054100008BD08B5FCF7C0FC08BD08B5FCF7C4FC26
:1054200008BDD0F8943083F30B88704761B662B63C
:1054300080F31188BFF36F8F704708B5FFF7E5FF62
:1054400000F03DF872B6002383F31188BFF36F8F2D
:10545000BFF34F8F30BF62B6BFF36F8F08BD002020
:1054600070474FF0FF3070470020704708461146E4
:10547000FCF7EABB08461146FCF7FABB4FF0FF30D9
:105480007047002070470228CCBF002001207047E1
:105490004FF4005300204B60704710B504461820AD
:1054A00000F011F82060BDE8104002F099BA4FF00A
:1054B000FF324FF0FF3301F0F1BA01F067BBFCF7A8
:1054C0003DBC7047704702F0ECBB00234363436070
:1054D000C3610364C36203604365C36503624361E0
:1054E00003618360836203634362C36383637047C2
:1054F0002DE9F0470024836886B0884691461B69F1
:1055000002AA01A99847A2462546029BAB4202D8AF
:1055100006B0BDE8F0870026019F07EBC5077B6852
:1055200004933A680AEB0603B24202D89A46013560
:10553000EBE749460394059303A8C0470028E7D04A
:10554000049B01361C44ECE78068183820F0070003
:1055500010387047042809D0052803D1481E18BF09
:1055600001207047431A5842584170470120704744
:1055700038B515460C4661B15AB1FFF7FDFE21461C
:10558000254411F8013B834203D1A942F9D10120FE
:1055900038BD0020FCE738B50C46012311462246F1
:1055A0000546FFF79EFE00280FDB01222146284614
:1055B000FFF7DEFF38B92378012B14BF0223012344
:1055C0000020237038BD0323FAE70120FAE7826840
:1055D000183A22F00702FFF7DEBF13B50C46C0B23F
:1055E00001A9FEF7A5FA50B921460198FCF71CFD68
:1055F00004460198FFF774FE204602B010BD012456
:10560000FAE708B5FCF7E0FE4FF47A73B0FBF3F06D
:1056100008BDFFF7F6BF38B5044642F210700A46DF
:105620000D460023A4FB0001FEF7F6FB0138B0F5A0
:10563000001F08D34FF4C8702A460023A4FB0001C2
:10564000FEF7EAFB013838BD10B50C4601460020D4
:10565000FCF7D2FE2146BDE810400120FCF7CCBE8D
:10566000704770B5002420F07840A3B2013301EBFD
:10567000C306DA007668083A8D180EB9686870BDFE
:105680008A58824203D851F833308342F6D8013425
:10569000EBE7031D002053F8042C083302B97047D0
:1056A00053F8081C01FB0200F5E72DE9F04700273D
:1056B0000446164699463D464FF0010A00EB0108A4
:1056C000444502D30020BDE8F08749462046FFF755
:1056D000C8FFEA0006EBC50137B9012246F83500DC
:1056E0004A6004440137EBE756F83530834202D173
:1056F0004A680132F4E70135032D06D002F10803B0
:10570000F218F050C2F804A0EBE70620DBE713B56F
:10571000002401A80194FDF71FFA10B9019802B006
:1057200010BD2046FBE7FDF7C1B810B590F88030FA
:1057300004465BB943681B6843B100F10C01806803
:1057400098470028A4BF012384F8803010BD08B515
:10575000C26821F070439A4207D943688068DB68C9
:105760009847002818BF062008BD0220FCE710B5A6
:10577000FDF718F9044618B9FDF73EF9204610BDAB
:105780004FF0FF30FBE7F0B40D46044680689DF80B
:105790001010B0F8BCC0AC450ED9B0F8BE60EF1820
:1057A0006644B74208D86468A46A44B10493A44626
:1057B00013462A46F0BC60470220F0BC70472046E2
:1057C000FBE70222D1F8AC3010B55A7080220120DC
:1057D0003C249A70DA705A719F2218701C71D1F8AB
:1057E000B0309A723523D1F8B020D373D1F8B020FD
:1057F00053730522D1F8B030DA727522D1F8B03087
:105800001873D1F8B03000209A707A22D1F8B030F5
:10581000DA701E23C1F8D40081F8C03010BD38B54D
:10582000D1F8AC50FFF7CDFF00201E23A870E87020
:1058300081F8C03038BD38B5D1F8AC50FFF7C1FFA2
:1058400000201623A870E87081F8C03038BD38B544
:1058500091F8C1200546C82A0B4610D006D8202A48
:1058600017D0512A0BD06FF0770011E0EF2AFAD150
:10587000FFF7A7FF04462846FDF790F907E0194611
:105880002846FFF7CCFF04462846FDF7B1F9204330
:1058900038BDFFF7D0FFEDE770B50C46054678B38D
:1058A00071B3D1F8B0605EB3D1F8AC6046B34A6072
:1058B000A1F8BA30FDF7C6F9AF22D4F8B03004F140
:1058C000C1069A723146204603F0C8FB94F8C130F5
:1058D000013BDBB2FD2B0DD99F22D4F8B03031460D
:1058E00020469A7203F0BAFB21462846BDE8704074
:1058F000FFF7ADBF3046FCF733FF0028ECD0F3E7ED
:105900006FF0770070BD7047FDF75EBD00207047F7
:1059100010B5044620B1FDF73DFD2060002010BD0C
:105920006FF00100FBE7830705D1642290FBF2F3DF
:1059300002FB13034BB94FF4C87390FBF3F203FB64
:105940001200B0FA80F04009704701207047427A97
:105950004B7A9A4203D0022A06D0022B0FD0027A49
:105960000B7A9A4203D00AD24FF0FF30704740685A
:105970004B6898422CBF01204FF0FF307047012048
:105980007047F8B50646142701B9F8BD33684D1EB7
:1059900007FB01346D10204607FB0531FFF7D7FFE9
:1059A0000028F2DA2046FDF755FBE9B2ECE72DE9D5
:1059B000F84307460D464FF014086E0097F909901A
:1059C000741CA14506F1020603DCB14522DCBDE8EA
:1059D000F883386808FB050108FB0400FFF7B7FFF0
:1059E0000028F2DAB1450ADD386808FB040108FB3B
:1059F0000600FFF7ACFF34EA200428BF3446AC426F
:105A0000E5D0386808FB040108FB0500FDF722FB20
:105A1000E5B2D2E72C46E7E730B4D8B114254468A4
:105A200054F82110046805FB0144657A954211D0B1
:105A300085B1022A627203D130BCC9B2FFF7A1BF9F
:105A4000022D03D130BCC9B2FFF7B1BF12B9427AFF
:105A5000013A427230BC70470020FDF70FBE0020B3
:105A60007047EFF31183102282F31288BFF36F8F18
:105A700083F31188BFF36F8F704708B503F0CBFB3A
:105A8000002008BD08B5084611461A4604F008F97A
:105A900008BD08B5084611461A46FDF74DF808BD81
:105AA00008B5FDF73DF908BD1FB50C4601A8FFF785
:105AB0002BFF9DF804304FF47A7223609DF8053077
:105AC000002063609DF80630A3609DF80730E36016
:105AD0009DF808302361BDF80A3063619DF80930F4
:105AE000A3614FF0FF33C4E90733BDF80C305343D3
:105AF000636204B010BD08B5FFF708FF002008BDC1
:105B00006FF05E00704708B50888FCF7B1FB013004
:105B1000C0B208BD08B5088804F036F8002814BFE4
:105B20006FF01500002008BD08B5088804F074F86F
:105B3000002814BF6FF01500002008BD6FF05E0054
:105B400070476FF05E00704708B5FEF731F808BD8A
:105B500008B5FEF703F9002008BD002070472DE9C5
:105B6000F04786468C460846089E154674461946F8
:105B7000002B40F0C1808542B2FA82F245D94AB189
:105B8000C2F1200300FA02FC954094402EFA03F380
:105B900043EA0C0C4FEA154EA8B2230CBCFBFEF8EE
:105BA0000EFB18CC08FB00F943EA0C43994528D9B1
:105BB000EB1808F1FF3704D2994502D9A8F1020782
:105BC0002B44A3EB0903A4B2B3FBFEFC0EFB1C3376
:105BD0000CFB00F044EA0344A04214D92C190CF148
:105BE000FF3304D2A04202D9ACF102032C44241AA0
:105BF00043EA07401EB1D440002334607360BDE81F
:105C0000F0874746DDE76346F1E792BB431B01217E
:105C10004FEA154EAFB2200CB3FBFEFC0EFB1C335B
:105C20000CFB07F840EA0343984561D9EB180CF1E7
:105C3000FF3004D2984502D9ACF102002B44A3EB0B
:105C40000803A4B2B3FBFEFC0EFB1C330CFB07F7EE
:105C500044EA0344A7424DD92C190CF1FF3304D276
:105C6000A74202D9ACF102032C44E41B43EA0040F2
:105C7000C0E7C2F120039540944020FA03F12EFAC8
:105C800003F34FEA154E9040AFB20343B1FBFEFC65
:105C90000EFB1C10190C0CFB07F841EA004188456B
:105CA00022D969180CF1FF3004D2884502D9ACF131
:105CB00002002944A1EB08019BB2B1FBFEFC0EFBE4
:105CC0001C110CFB07F743EA01439F420ED9EB1866
:105CD0000CF1FF3104D29F4202D9ACF102012B44F6
:105CE000DB1B41EA004193E76046E3E76146F7E7E3
:105CF0006046A4E76346B8E7834206D916B9002197
:105D000008467CE7C6E900E0F9E7B3FA83F78FB904
:105D1000834201D3724508D8BEEB020460EB030353
:105D200001209C461EB9002169E73846FAE7C6E91A
:105D3000004CF8E7C7F1200CBB400EFA07F522FA39
:105D40000CF42EFA0CF1BA401C4320FA0CF3B840C4
:105D50004FEA144901431FFA84FEB3FBF9F809FB2B
:105D600018300B0C08FB0EFA43EA00439A4540D961
:105D7000E31808F1FF3004D29A4502D9A8F10200D5
:105D80002344A3EB0A0389B2B3FBF9F809FB1833E8
:105D900008FB0EFE41EA03418E452CD9611808F13B
:105DA000FF3304D28E4502D9A8F10203214443EA0D
:105DB0000040A1EB0E01A0FB02984145CE464346B0
:105DC00002D306D14D4504D20138B9EB020E68EB7F
:105DD0000403002EA7D0B5EB0E0261EB030101FA1C
:105DE0000CFC22FA07F3F9404CEA0303C6E9003140
:105DF00099E74046C5E74346D9E70139024410B563
:105E0000904201D1002005E0037811F8014FA34230
:105E100001D0181B10BD0130F2E79368013B002B45
:105E2000936010B408DA9469A34201DB0A2903D114
:105E30005DF8044BFEF794BA1368581C10600846CE
:105E400019705DF8044B7047F8B506460F461446C6
:105E5000D518AC4201D1002007E03A4614F8011BE6
:105E60003046FFF7DAFF431CF3D1F8BD2DE9F047C8
:105E7000164698468A6807460B690C46DDF820905E
:105E80009342B8BF1346336091F843200AB10133FF
:105E900033602368990642BF336802333360256854
:105EA00015F0060506D104F1190AE36832689B1A59
:105EB000AB422BDC94F843302268003B18BF01232F
:105EC000920630D404F1430241463846C8470130B7
:105ED00023D023681A3454F80A2C03F00603042B49
:105EE0000ABF54F80E5C002533684FF0000608BF67
:105EF000ED1A54F8123C08BF25EAE5759342C4BF79
:105F00009B1AED18B5421AD1002008E00123524631
:105F100041463846C847013003D14FF0FF30BDE855
:105F2000F0870135C1E7E1185A1C302002332244C2
:105F300081F8430094F8451082F84310C2E701232A
:105F4000224641463846C8470130E6D00136D9E7F7
:105F500010F8012B11F8013B012A28BF9A42F7D013
:105F6000D01A7047034613F8012B002AFBD1181AE8
:105F7000013870470139034610B532B111F8014FAD
:105F8000013A03F8014B002CF7D11A440021934247
:105F900000D110BD03F8011BF9E70246014410B51A
:105FA0008A42134603D01C780132002CF8D1181A0B
:105FB00010BD0A7870B56AB970BD9A4209D10C4615
:105FC000054614F8013F002BF6D015F8016F9E42EC
:105FD000F7D001300378002BEFD11846ECE7B1F988
:105FE0000C202DE9F041170705460C4656D44B68A6
:105FF000002B02DC0B6C002B3DDDE66A002E3AD054
:10600000002312F480522F68216A2B6025D0626D24
:10601000A389580705D56368D21A636B0BB1236C4B
:10602000D21A216A0023E66A2846B047411C24D0D0
:106030000023636023692360A389DA0400D56065C7
:10604000616B2F60B9B104F14403994202D0284634
:10605000FEF780FB002363630DE001232846B04771
:10606000461C0246D4D12B68002BD1D01D2B01D069
:10607000162B2AD12F6000202EE02A68B4F90C30AC
:1060800042B11D2A01D0162A21D100236360236961
:106090002360D5E7626022692260CEE70F69002F96
:1060A000E9D093070E680F600CBF4B690023A6EB85
:1060B00007088B60B8F1000FDDDD43463A46216AE0
:1060C0002846A66AB047002808DCB4F90C3043F033
:1060D00040034FF0FF30A381BDE8F0810744A8EBF7
:1060E0000008E7E770B568234D1E0E465D4305F1D5
:1060F0007401FEF779FB044640B1002105F1680206
:10610000C0E900160C30A06001F0D2FE204670BD40
:106110002DE9F8430646884600F148040027D4E9F3
:106120000195B9F1010905D52468002CF7D138464D
:10613000BDE8F883AB89012B07D9B5F90E300133DF
:1061400003D029463046C04707436835E9E770B5B4
:106150000C46B1F90E1096B0154600291E460CDA11
:10616000A389002113F0800F14BF40234FF48063F4
:10617000002031602B6016B070BD6A46FEF7C0FB90
:106180000028EDDB019901F47041A1F5005359425B
:1061900059414FF48063EBE7C9B20346024410B59E
:1061A0009342184601D1002003E0047801338C4269
:1061B000F6D110BD10B50C46B1F90E10FEF7E0FB9C
:1061C0000028ABBF636DA3891B1823F48053ACBFB9
:1061D0006365A38110BD2DE9F0411F468B890546FB
:1061E0000C46DB05164605D502230022B1F90E1038
:1061F000FEF7A8FBA3893246B4F90E10284623F413
:106200008053A3813B46BDE8F041FEF757BB10B574
:106210000C46B1F90E10FEF795FB431CA38915BF80
:10622000606523F4805343F48053A38118BFA38196
:1062300010BDB1F90E10FEF753BB00000148006815
:1062400070470000ACD50004000000000000000012
:10625000000000000000000000000000000000003E
:10626000000000000000000000000000000000002E
:10627000000000000000000000000000000000001E
:10628000000000000000000000000000000000000E
:1062900000000000000000000000000000000000FE
:1062A00000000000000000000000000000000000EE
:1062B00000000000000000000000000000000000DE
:1062C00000000000000000000000000000000000CE
:1062D00000000000000000000000000000000000BE
:1062E00000000000000000000000000000000000AE
:1062F000000000000000000000000000000000009E
:10630000000000000000000000000000000000008D
:10631000000000000000000000000000000000007D
:10632000000000000000000000000000000000006D
:10633000000000000000000000000000000000005D
:10634000000000000000000000000000000000004D
:10635000000000000000000000000000000000003D
:10636000000000000000000000000000000000002D
:10637000000000000000000000000000000000001D
:10638000000000000000000000000000000000000D
:1063900000000000000000000000000000000000FD
:1063A00000000000000000000000000000000000ED
:1063B00000000000000000000000000000000000DD
:1063C00000000000000000000000000000000000CD
:1063D00000000000000000000000000000000000BD
:1063E00000000000000000000000000000000000AD
:1063F000000000000000000000000000000000009D
:1064000050F10004010000046B6600047D66000486
:10641000A96500048F660004A1660004B366000449
:1064200000000000000000000000000029660004D9
:10643000C5660004000000005D660004D766000425
:1064400015910004159100041591000415910004A4
:106450001591000415910004159100041591000494
:106460001591000415910004159100041591000484
:106470001591000415910004159100041591000474
:106480001591000415910004159100041591000464
:106490001591000415910004159100041591000454
:1064A0001591000415910004159100041591000444
:1064B0001591000415910004159100041591000434
:1064C0001591000415910004159100041591000424
:1064D0001591000415910004159100041591000414
:1064E0001591000415910004159100041591000404
:1064F00015910004159100041591000415910004F4
:1065000015910004159100041591000415910004E3
:1065100015910004064B82B09A6D01929A6D01921A
:10652000019A9206FAD5C0B2D864002002B0704732
:106530000000244210B504461348FBF7D3FBA20623
:1065400002D51248FBF7CEFBE30602D51048FBF755
:10655000C9FB200702D50F48FBF7C4FBA10704D5F0
:106560000D4B0E48596BFBF7BDFBE20702D50C48FB
:10657000FBF7B8FB230606D5BDE81040064B0948DB
:10658000596BFBF7AFBB10BD23A900043DA9000464
:106590007CA90004B4A9000400ED00E0EDA900040A
:1065A0000DAA00044DAA0004642110B54D20FFF788
:1065B000B1FF0139FAD10B4C0B48FBF793FBE16AB1
:1065C0000A48FBF78FFBA16A0948FBF78BFBE36ADC
:1065D0005B0002D50748FBF785FBA06AFFF7AAFF1F
:1065E000FEE710BD00ED00E043AE000463AA000426
:1065F00078AA00048DAA000473B54FF08064084E99
:10660000084DE36821460193A36830460093D4E91E
:1066100000231034FBF766FBAC42F2D102B070BD30
:10662000A1AA00040000060408B50848FBF75AFBBD
:106630000748FBF757FBFFF7DFFF0648FBF752FB66
:106640000548FBF74FFBFEE708BD00BFBFAA0004EB
:1066500012AB000429AB00043EAB000400B502F00D
:10666000A5FE5DF804EB00F03FB8642108B54E20AC
:10667000FFF750FF0139FAD1FEE708BD642108B5E4
:106680004820FFF747FF0139FAD1FEE708BD642132
:1066900008B54220FFF73EFF0139FAD1FEE708BDF9
:1066A000642108B55520FFF735FF0139FAD1FEE71F
:1066B00008BD642108B55320FFF72CFF0139FAD13A
:1066C000FEE708BD642108B54420FFF723FF013928
:1066D000FAD1FEE708BD642108B55420FFF71AFF80
:1066E0000139FAD1FEE708BD01B500F037FCBDE87D
:1066F000014029498A6882F8F1E04FF030001044E7
:10670000EFF3098C80E8F01F1EF0100F03D102F1A7
:10671000B00080EC108A102080F31288BFF36F8FD6
:106720001E4F4FF000668A698A603E604FF0A404F5
:10673000141920681A4C206092F9F1E0D2F8A800F0
:106740000023C2F8A83080F311881EF0100F03D088
:106750000023E1EE103A03E002F1B00090EC108A61
:10676000EFF3148323F0040383F31488BFF36F8FD4
:1067700002F1300090E8F01F8CF3098802F100006C
:1067800004B5FEF74EFEBDE8044001B501F03EF948
:10679000BDE801407047000098DA000404ED00E015
:1067A000ACD5000470B5054600B304783CB1104C7C
:1067B000104EB44205D30E4CB4420BD300242046F5
:1067C00070BD204601F0CDF810B12368AB42F6D081
:1067D0001434EEE7204601F0C4F828B128462168B9
:1067E000FFF7B6FB0028EAD01434E5E70446E6E7F5
:1067F000E4A1000434A20004F8B505460D4B421C88
:1068000053F8204053F82260A64200D8F8BD6768CC
:1068100029462046FEF7FDFD4FB1204601F0ACF8B9
:10682000024629462046FEF7F8FD0834ECE72368C7
:106830009847F5E78CA60004012270B52A4B032087
:1068400086B01A70FFF7D8FFFBF778F801F0AEF8C2
:106850000420FFF7D1FF254C254D2646AE4204F11A
:10686000300410D300F0BCFD204C224EAC4226D3A5
:1068700000F0CAFDFAF7DAFA1F4A137B23F001038E
:10688000137306B070BD54F80C3C059354F8103CDB
:10689000049354F8143C039354F8183C029354F8AE
:1068A0001C3C019354F8203C009354E90A2354E91A
:1068B0000C0100F0B9FA54F8303C5E65CDE7D4E93C
:1068C0000A23B3F1FF3F08BFB2F1FF3F05D052EA00
:1068D0000301206803D101F097F83034C6E7314650
:1068E000183000F009FFF8E7FDDF000434A20004CF
:1068F00034A20004EB7A000418BE000408B5034873
:10690000034A0021121A01F04FF808BD18BD000417
:1069100010E00004F82370B5144E86B003FB006647
:10692000134B012205930F23CDE903320023CDE958
:10693000013318234FF4A0720E4D0F4903FB00558D
:10694000044602FB00110D4B3046009500F06CFA36
:10695000737B2C7423F004037373094B013403EB32
:10696000C423EE606B6006B070BD00BF20BD0004A4
:1069700016BA000498DA000410E80004BB79000499
:1069800010E00004BFB50020FFF736FF2D4B03F5E4
:10699000006282F3088883F30A880024F0232A4DDA
:1069A0002A4E85F82230EC772C766C76AC76EC7635
:1069B0006B6A274F43F4E0236B626B6A43F4002356
:1069C0006B62AC6385F82340FAF7FAFFFBF72AF90C
:1069D0004FF0FF33AB62EB6240F201131D4D2846CE
:1069E000AB81C5E9254400F089FFB56000F0B8FF30
:1069F0000120FFF701FF0220174DFFF7FDFE00F019
:106A000023FD164BB5610593012315494FF4006230
:106A1000CDE9034328463B46CDE90144009400F00C
:106A200003FA06466A7B284622F004026A7301F0E4
:106A30002CF82046FFF76EFF3A4631462846FBF712
:106A4000BBF800BF10E0000400ED00E098DA00049D
:106A50003968000410BF000418BE00041BBA00040B
:106A600050E9000438B5054C256804EB850405B9E8
:106A700038BD54F80439013D9847F8E734A20004C2
:106A800038B5044C044DAC4200D338BD54F8043B37
:106A90009847F8E740A2000440A200042DE9F34122
:106AA000044617461E46EFF31188102383F312881D
:106AB000BFF36F8FC368334A7BB1806891688842A7
:106AC00019D057EA060318D188F31188BFF36F8FE6
:106AD0006FF00F0002B0BDE8F081916891F90E10DF
:106AE0000133E36093682161A36088F31188BFF3E9
:106AF0006F8F0020EEE72169F2E791F90E1090F90F
:106B00000E306FF07E029942A8BF19469142B8BF7D
:106B100011468B422DDD00F05BFF054622464146C3
:106B2000CDE90076184800F08FFB0028E1D0EFF3A4
:106B30001186102383F31288BFF36F8FA068D0B142
:106B4000236821699C420AD04BB193F90E309942D7
:106B5000A8BF19466FF07E039942B8BF194600F0EE
:106B600037FF40B13146084800F0F6FB6FF00A00ED
:106B7000B0E70025D2E7002DF4D186F31188BFF3EA
:106B80006F8FF3E798DA0004FEDF000438B58368FE
:106B900004466BB3194A926893422CD1C368012B07
:106BA00003D9013BC360002038BDEFF311851023EA
:106BB00083F31288BFF36F8F0169806800F008FFCC
:106BC000204600F096FFA06060B190F90E2022618F
:106BD0000022C0F8AC2000F058FF2946084800F019
:106BE000BBFBE0E7E06085F31188BFF36F8FDAE766
:106BF0006FF01500D8E74FF0FF30D5E798DA0004C2
:106C0000FEDF000438B50446EFF31185102383F34B
:106C10001288BFF36F8F00F06CFF50B10022C0F8F4
:106C2000AC2000F032FF2946BDE83840064800F0AD
:106C300093BBD4E902329A4218BF0133A36085F3B3
:106C40001188BFF36F8F38BDFFDF00042DE9F043DB
:106C500005464FF0FF384FF0FF39484E85B0EFF34F
:106C60001187102383F31288BFF36F8FD5F8F84094
:106C70008CB9022105F5887000F0B9FE00285CD1BE
:106C800000233946CDE90089029305F580723C481E
:106C900000F034FCE3E7D5F8FC2023689442C5F803
:106CA000F83008BFC5F8FC30D5F8103143F00203C6
:106CB000C5F81031E36823F0040343F00103E360F7
:106CC000636887F31188BFF36F8F20469847EFF30F
:106CD0001187102383F31288BFF36F8FE368D906FF
:106CE00023F0010233D4E260E3689A0716D53068D6
:106CF00023F00203E36088B10022036870B14168A9
:106D00008C4232D1036852BB72683360824200D138
:106D10007360002340F8083BFFF774FFD5F810318B
:106D200023F00203C5F8103187F31188BFF36F8F8A
:106D3000DB0594D400F08EFB91E705F58474002206
:106D40000121204600F01BFF0028F8D198E723F02E
:106D50001103E36004F11000FFF754FFC4E7136070
:106D60007368834208BF7260D3E723B11968024693
:106D700018460B46C2E71946F9E700BFC0DB00041E
:106D800000E00004F0B50446002089B0C4E93E00EC
:106D90000E9D04F58070C4E9400004F58470C4E9D8
:106DA00042004DB32879002840F2011008BF0120AD
:106DB000C4F8100100204FF0FF364FF0FF37CDE947
:106DC0000330CDE90100CDE9066720460B4B009466
:106DD00000F098F855B1296811B1204600F010F87C
:106DE0006B791BB1237B43F001032373204609B069
:106DF000BDE8F04000F008BE0120D9E74D6C00046A
:106E000038B5044608B9074B9C6800251F2204F1D9
:106E10007400FFF7AFF8204684F89350FEF7DDFAD0
:106E2000284638BD98DA00042DE9F04F984685B021
:106E300000F15803C0E91633129B002503730423A5
:106E4000D61D26F007064373119B01EB060A0F4679
:106E5000C0E90655514685608373C5730446DDF865
:106E600038B0DDF84C90FAF777FD109B073020F032
:106E70000700C4E92576C4F89C0002930F9BAAEB97
:106E80000006CDE900B33246434639462046FAF7BC
:106E90004FFE0F9BC4E9188BA366109B6565E366E4
:106EA000EFF31183102282F31288BFF36F8F144F18
:106EB000D7F824212267C7F8244183F31188BFF350
:106EC0006F8FB9F1000F0FD01F22494604F17400F3
:106ED000FFF750F884F89350BB6843B9C4F8A0306A
:106EE000304605B0BDE8F08F84F87490F4E7D3F82D
:106EF000A0302046C4F8A030FEF76BFAF0E700BFE0
:106F000098DA0004F0B5002587B00595109DDDE9FD
:106F1000127604950F9D044603950E9D02950D9DD6
:106F200001950C9D0095FFF77FFFB6F1FF3F08BF6D
:106F3000B7F1FF3F05D056EA070305D1204600F020
:106F40001DFA204607B0F0BD3A463346024904F127
:106F5000180000F0D1FBF4E7EB7A0004044B9B68C7
:106F600023B15B7BDB0701D4FEF73FBA704700BF5C
:106F700098DA000438B5114DD5F81C315BB193FA9D
:106F8000A3F3B3FA83F305EBC3021346D4691C33AE
:106F90009C4200D004B9EC68AB6838B95A7BD20681
:106FA00004D1A26912B9DA897F2A05D89C4202D09D
:106FB000204600F0E3FA2346AB6138BD98DA0004BE
:106FC00038B590F90D200446002A437B134D1CDA96
:106FD000817B03F07F0310314373C9B200F018FDC9
:106FE000CB0003F11C022B44DB692A4493420CD1F1
:106FF00001224B09403305EB830301F01F0102FA24
:1070000001F1DA6922EA0102DA61A868031B584239
:107010005841BDE83840FFF7ADBF00BF98DA000423
:1070200070B590F90D200446002A437B27DBDB0670
:1070300025D185691DBBFEF7E0F9637B104A63F03B
:107040007F036373A37B1033DBB202EBC300014603
:10705000066A1C31C4E900165909403102EB81026D
:107060000121346003F01F0301FA03F3D1690462C4
:107070000B43D3612846BDE87040FFF77BBF70BD6E
:1070800098DA0004002A2DE9F0410E460CBF1021C9
:107090000821427B044611420FD141EA0203D20982
:1070A00018D1437308293DD00120FFF763FFBFF3D8
:1070B0005F8F637B23F0600363733C4B9B68A34249
:1070C0006DD1EFF30583002B69D13046BDE8F04167
:1070D000FAF7E8BC857B03F07F034373103500F0BB
:1070E00097FCEDB2314BEA0002F11C001A44D26960
:1070F00018448242D6D101206A09403203EB820350
:10710000DA6905F01F05A84022EA0002DA61C9E742
:107110000120FFF72FFF2046FAF72AFD204600F056
:1071200085FAC4E7A36813B1204600F079FC04F1A6
:10713000180000F047FDA56D04F15807AF4211D0CB
:107140004FF0000875B1284600F06AFC05F1180000
:1071500000F038FD2846C5F8AC80FFF761FFA56D4B
:10716000AF42EFD1114FBB689C42D1D1EFF3058301
:10717000002BCDD00120FFF7FDFE2046FAF7F8FCEA
:10718000204600F053FA40F20113094DAB81002371
:107190002846C5E9253300F0B1FBBD6087E786F3DB
:1071A0001188BFF36F8FBDE8F08100BF98DA00044B
:1071B00010BF000438B590F90D200146002A437B2A
:1071C00090F90E401F4D19DA03F07F03103443731A
:1071D000E4B200F01DFC05EBC4021346D2691C3377
:1071E0009A420BD101206309403305EB8303DA692E
:1071F00004F01F04A04022EA0002DA614B7B63F036
:107200007F034B738B7B1033DBB205EBC30002466D
:10721000046A1C32C1E900242160016201205A097C
:10722000403205EB820203F01F0300FA03F3D0693A
:107230000343A868D361431A58425841BDE8384017
:10724000FFF798BE98DA0004F8B5124B0C46DDE95A
:10725000067611469868104A1060EFF311821022EA
:1072600082F31288BFF36F8F9D68284600F0E2FB1F
:10727000B6F1FF3F08BFB7F1FF3F06D03A463346AD
:10728000064905F1180000F037FA2046BDE8F8403D
:10729000FAF708BC98DA0004C8DB0004EB7A0004B3
:1072A000F8B504460F46EFF31185102383F31288D7
:1072B000BFF36F8F437BDA0633D182698ABB867B4B
:1072C00003F07F034373103600F0A2FBF6B2214AAD
:1072D000F30003F11C011344DB6911448B422CD0F1
:1072E000637BA77363F07F03637307F11003DBB263
:1072F00002EBC3000146066A1C31C4E90016346083
:1073000001265909403102EB8102D16903F01F03C4
:1073100006FA03F304620B433046D361FFF72AFEFB
:1073200001E00026A77385F31188BFF36F8F204615
:107330003946FEF75EF83046F8BD01207309403348
:1073400002EB8303D96906F01F06B04021EA000171
:10735000D961C5E798DA000449B9EFF3058030B97F
:10736000054B9A699B689A4201D0FAF79BBB81F35F
:107370001188BFF36F8F704798DA000410B5EFF3F0
:107380001184102282F31288BFF36F8F427B510762
:1073900004D484F31188BFF36F8F10BD22F0040270
:1073A0004273FFF73DFE2146BDE810400148FFF75C
:1073B000D3BF00BF01E00004034648B9EFF30582E4
:1073C00032B9064A91699268914201D0FAF76ABBD4
:1073D00083F31188BFF36F8F704700BF98DA000402
:1073E000EFF31181102383F31288BFF36F8F054BE6
:1073F0009A68D37B013BD37381F31188BFF36F8FFE
:10740000704700BF98DA000438B5EFF311851024F7
:1074100084F31288BFF36F8F0A4B00209A68D37BE6
:107420000133D373FFF7A6FD85F31188BFF36F8F88
:10743000EFF3118084F31288BFF36F8FBDE83840FB
:10744000FFF7BABF98DA0004014800F06DBB00BF37
:10745000B0DA000470B5EFF31184102383F31288BF
:10746000BFF36F8F21498868437B857B03F07F03DF
:1074700010354373EDB200F0CBFAEB0003F11C02C0
:107480000B44DB690A4493420BD101206B09403362
:1074900001EB8303DA6905F01F05A84022EA000228
:1074A000DA618A68537B63F07F035373937B1033F5
:1074B000DBB201EBC30528462E6A1C30C2E9000688
:1074C000012032602A625A09403201EB8201CA6906
:1074D00003F01F0300FA03F31343CB61FFF74AFDE8
:1074E0002046BDE87040FAF7DDBA00BF98DA000424
:1074F000014B9868704700BF98DA0004D3B5DDE906
:107500000667089CCDE90067FFF79EFE1CB1034BA0
:107510009B685B69236002B0D0BD00BF98DA0004AD
:107520000122044BC01A044BC0105843034B1A5499
:10753000704700BF08C00004ABAAAAAA02E000047A
:10754000C3897F2B12D80A4B1B6863B1094B90F992
:107550000E201B689A4209DB437BDB0606D1064BF3
:10756000C31A18BF012303F0010070470023FAE794
:1075700008BC0004CCDB000420BD000470B50E4B39
:107580000E4C1E7C182303FB06440546204600F0E3
:1075900019FB00220A4B28469A55FFF7D1FF48B144
:1075A000084B2046BDE870401A680749013AD317D6
:1075B00000F0A2B870BD00BF98DA000408C0000453
:1075C00002E0000408BC00042175000438B5EFF3A4
:1075D0001185102383F31288BFF36F8F104B114A6C
:1075E0009C681068A04206D1FFF7C8FF85F3118898
:1075F000BFF36F8F38BD00211B7C11600A4AD35C3A
:10760000002BF3D02046FFF79BFF0028EED0637BD2
:10761000DB0602D12046FFF7CDFD2046E4E700BFA0
:1076200098DA0004C8DB000402E00004EFF31181E3
:10763000102383F31288BFF36F8F0B4AD2F82431E3
:10764000834208D11B6FC2F8243181F31188BFF344
:107650006F8F70471346002BF7D01A6F8242F9D113
:10766000026F1A67F1E700BF98DA0004034B1B684A
:107670000BB9FEF7F4B90020704700BFD0DB00045F
:1076800030B570B10B4B5B6898420AD0036843B1C8
:10769000D3E90421D0E90445121941EB0501C3E9FE
:1076A0000421D0E9003213605A600023C0E900339E
:1076B00030BD00BF0CBC000410B50E4B1C689C42D2
:1076C00004D1FFF7D3FF4FF0FF3010BDFFF7CEFF1F
:1076D000002CF8D0D4E904321B1A62EBE072B3F14B
:1076E000004F72F10001EEDA002AACBF184600200C
:1076F000EBE700BF0CBC0004B3F1FF3F08BFB2F1E1
:10770000FF3FF8B504461D4616465ED08160EFF394
:107710001187102383F31288BFF36F8F013275F145
:10772000FF3324DA6FF001032D49D1E900209B1AC1
:107730004FF0FF3262EB00009E1B60EB0500012E54
:1077400070F1000301DA01260020C4E90460254E2F
:10775000D6F800C07568B44508BF4FF0000CBCF106
:10776000000F0DD1C4E900652C6074601CE0FFF7C8
:107770007DFF013645F10005361845EBE070E4E782
:10778000DCE90420D4E90431934271EB000E1DDAE8
:10779000D21ADCF8043060EB0100CCE90420C4E923
:1077A00000C31C60CCF804403368B34209D09C424B
:1077B00007D10D4B1C6824B9FFF77EFF2146FEF769
:1077C00050F987F31188BFF36F8FF8BD9B1A61EBF7
:1077D0000001AC45C4E90431C4D0DCF800C0BEE708
:1077E00020C000040CBC0004D0DB00042DE9F84FDD
:1077F000EFF31186102383F31288BFF36F8FDFF846
:10780000B8902B4D4FF0000A2860D9F800004FF0D7
:10781000000B484508BF0020264C3746D4E9001E1F
:107820002B6880B3D0E904864FEAE37C43457CEBC8
:10783000060206DAB8EB030266EB0C06C0E9042682
:1078400021E018EB01014EEBE873C0E904ABC4E999
:107850000013FFF715FF87F31188BFF36F8F83685D
:107860009847EFF31187102383F31288BFF36F8FCC
:107870002B68D9F80000A3EB080348453E462B606F
:10788000CBD1D4E9001E59184EEBE373C4E90013C1
:1078900000242C60FFF710FF2146FEF7E2F887F383
:1078A0001188BFF36F8FBDE8F84FFFF78FBE00BFA1
:1078B000D0DB000420C000040CBC000410B5EFF3C2
:1078C0001184102383F31288BFF36F8FFFF7CEFE6E
:1078D0000346054AD2E90001181841EBE37184F32D
:1078E0001188BFF36F8F10BD20C000040A46014607
:1078F000014800F0C3B900BFB8BC0004014BC0F898
:10790000A0307047B8BC000438B5064C064DAC42F8
:1079100001D3002038BD2046D4E9011200F0C5F99A
:107920001834F4E7B8BC0004D0BC00041FB5094A01
:1079300002AB92E803004FF4806283E803000093F7
:1079400005494FF0FF330548FFF71CFA002005B04A
:107950005DF804FB68A200045011010428C0000473
:10796000704740B1C368587810F001001EBF187806
:10797000B0FA80F04009704710B5D0E9003433B94F
:107980000020E268537843F00103537010BD204695
:1079900098470028F4D00028B8BF4042FF28A8BF6D
:1079A000FF20E3681870ECE700F082BA08B5FFF733
:1079B00059F8BDE80840FFF763B8102408B5EFF3A5
:1079C000118384F31288BFF36F8FFDF736FDF6E75E
:1079D00090F90E308B4201D0FFF762BC0020704757
:1079E00003460020C3E90033C3E9020070470123C6
:1079F00002688B4022EA0303036022FA01F000F0E0
:107A00000100704774307047FFF7B8BCFDF7E9BC60
:107A1000D0E9003213605A600023C0E90033704798
:107A200008B5FFF7F5FF437B23F002034373002300
:107A3000836008BD38B504460D46FFF7C1FA637B85
:107A4000204643F002036373FDF7DBFCE5B1A5605C
:107A50002B689D4209D16B68C4E900531C606C60BF
:107A600012E06A689A42F6D01B68002BF3D094F9B2
:107A70000E2093F90E108A42F3D09142F1DD5A683C
:107A8000C4E9003214605C6038BD10B5EFF31184B6
:107A9000102383F31288BFF36F8FFFF7C1FA84F3CB
:107AA0001188BFF36F8F10BD38B50446EFF3118511
:107AB000102383F31288BFF36F8F437B13F0280FDB
:107AC0000BD183680BB1FFF7ABFF637B51B903F0B8
:107AD000FB0320466373FFF7A3FA85F31188BFF316
:107AE0006F8F38BD03F0EB03F3E701211838FFF780
:107AF000DBBF38B5EFF31185102383F31288BFF392
:107B00006F8F0468A0420DD034B12046FFF788FF84
:107B100004F1180000F056F885F31188BFF36F8F59
:107B2000204638BD0024F7E7031D00F58270C3E945
:107B3000003308338342FAD17047EFF311811022EA
:107B400082F31288BFF36F8F027BD2070CD581F3CB
:107B50001188BFF36F8F002383F31188BFF36F8FFA
:107B60000423184602DF7047437B1B0704D581F3CB
:107B70001188BFF36F8F70470122FFF783BA38B5C2
:107B8000EFF31185102383F31288BFF36F8F04681E
:107B9000A04213D0A4B1C4F8AC1062612046FFF734
:107BA0003FFF04F1180000F00DF82046FFF738FA07
:107BB000012085F31188BFF36F8F38BD0020F8E7EF
:107BC0002046F6E710B5EFF31184102282F31288F5
:107BD000BFF36F8F03683BB1FFF752FD002084F3C2
:107BE0001188BFF36F8F10BD6FF01500F7E7FFF737
:107BF00065BEB3F1FF3F08BFB2F1FF3F70B5044669
:107C00001D46164613D01A4315D06FF001024FF0EF
:107C1000FF33921B63EB0501002904DAFFF74EFEE8
:107C2000821941EB0501C4E90021204670BD4FF0E7
:107C3000FF321146F7E70022FBE7B3F1FF3F08BF31
:107C4000B2F1FF3FF8B5074616461C4610D054EA7D
:107C5000020311D0FFF732FEB0420A46A1410346AB
:107C60000AD2F31A64EB0204C7E900343846F8BDBF
:107C70004FF0FF331C46F7E70023FBE70432D3B590
:107C8000044608D20026002741F00401CDE9006730
:107C900000F014F810B9002002B0D0BD40F8044B39
:107CA000FAE701460420FFF721BE10B400F10C04EE
:107CB000C0E903445DF8044BFDF75DBA2DE9F04FD0
:107CC000054689B0DDE9126791463B46324606A873
:107CD000059105F1140AFFF78CFFDDE90634CDE9C3
:107CE0000234EFF311844FF0100888F31288BFF3C9
:107CF0006F8F05F10C0B4A4628460599FDF7B4F93C
:107D000030B184F31188BFF36F8F09B0BDE8F08FF5
:107D10003E43F6D0DDE9022306A8FFF78EFFDDE93A
:107D200006675A4621465046CDE90067FFF78CFAB0
:107D3000EFF3118488F31288BFF36F8FDBE7000045
:107D400001B4032A51D910F0030C14D011F8013BEF
:107D500000F8013BBCF1020F9CBF11F8013B00F899
:107D6000013BBCF1010F04BF11F8013B00F8013BDE
:107D70006244A2F1040211F003034DD0032A34D966
:107D8000A2F10402A1EB0301D1F800C0022B0FD035
:107D90001DD84FEA1C2351F804CF043A43EA0C6380
:107DA00040F8043BF5D202F1040201F101011CE0AC
:107DB0004FEA1C4351F804CF043A43EA0C4340F81D
:107DC000043BF5D202F1040201F102010DE04FEA99
:107DD0001C6351F804CF043A43EA0C2340F8043BF7
:107DE000F5D202F1040201F10301002A04BF01BC33
:107DF000704711F8013B00F8013B022A24BF11F83B
:107E0000013B00F8013B032A04BF11F8013B00F8D5
:107E1000013B01BC704701B4202A28BF2DE9F04185
:107E200038BF2DE91040203A1ED322BFB1E8F851E7
:107E3000A0E8F851B2F12002F7D25FEA027C24BF39
:107E4000B1E81850A0E8185044BF18C918C0BDE8E0
:107E5000F0415FEA827C24BF51F8043B40F8043BC8
:107E600004BF01BC704715E05FEA027C24BFB1E8A3
:107E70001850A0E8185044BF18C918C0BDE81040F9
:107E80005FEA827C24BF51F8043B40F8043B04BF06
:107E900001BC7047D20724BF31F8023B20F8023BF7
:107EA00044BF11F8012B00F8012B01BC704700BF43
:107EB00001F0FF0311462DE9014043EA032242EAA3
:107EC000024200F00CF8BDE80140704702F0FF03E9
:107ED00043EA032242EA024201E04FF00002042991
:107EE0000FD310F0030C19D0CCF1040CBCF1020F2D
:107EF00018BF00F8012BA1EB0C01A8BF20F8022B42
:107F00000CE05FEAC17C24BF00F8012B00F8012BD4
:107F100048BF00F8012B70474FF000024DF804ED08
:107F200013469446964620390AD32DE9F0001446AC
:107F3000154616461746A0E8FC502039FBD2F0BC87
:107F4000090728BFA0E80C5048BF0CC05DF804EB3F
:107F5000890028BF40F8042B08BF704748BF20F8AD
:107F6000022B11F0804F18BF00F8012B704700BFA3
:107F7000F7B51A4CB4F9000000282DDA6A46002043
:107F80004FF4801101F006F9154BBDF8002015489B
:107F90001A70BDF802205A70BDF804209A70BDF81E
:107FA0000620DA70002203466D46002113F8116F97
:107FB0000CE035F8027B13F801CFBC4505D0013247
:107FC000032A00F10A00EED104E001318E42F0DC18
:107FD000F5D12280B4F9000003B0F0BD78BC0004F4
:107FE0004CDF0004BCA30004F8B5144C144BA3628E
:107FF000A36843F01003A360FFF7BAFF114B0028FA
:108000000646186017DB342700FB07710E4D002071
:10801000294400F031FA07FB065083692360C369E5
:108020006360036AA360436AE360836A6362C36A4E
:108030000020A362F8BD4FF0FF30FBE700000840CE
:108040000600000690D7000474A4000413B51C2099
:1080500001F040F8244B19681A68520407D51A68D1
:1080600042F400421A601A6822F400421A6011F4C5
:10807000E00F20D001A801F0E0F90A231A490A68AC
:10808000013B42F460220A60F9D10A24164A1368BF
:10809000013C23F460231360F9D1019801F0DBF96E
:1080A000124B1A783AB9012011491870114B0C6023
:1080B0001C6001F041FE0C4B1C201A6842F48072D7
:1080C0001A601A6822F480721A6000F0F1FF074B00
:1080D0001B7833B1084B1B781BB16946012001F0B6
:1080E0002BFE02B010BD00BF00000840ACBC000475
:1080F00008E0000404E0000474DF0004F8B5012483
:1081000001F0070500EB0516F26AAC40204DB2F114
:10811000FF3F0B462F682ED08A4225D0726BB2F1FA
:10812000FF3F19D08A420ED0DFF86CC03C42DCF829
:10813000002002F10102CCF8002023D0736301F08B
:1081400084F8B06304E0134AB06B13680133136022
:1081500027EA04042C60F8BDDFF83CC0DCF80020FE
:108160000132CCF80020E9E70A4A306B136801338A
:1081700013603C43EEE7DFF820C0DCF8002001325A
:10818000CCF80020F36201F060F83063F1E700BF43
:1081900098D7000494D700049CD700040E4A536C6F
:1081A00043F040735364536C03F0C053B3F1C05FAA
:1081B000F9D1136820B95268D20748BF43F01003C1
:1081C000054A43F00803516C8804FCD59168C90541
:1081D000FCD51360704700BF000008400E4B1A68C2
:1081E00022F0805222F014021A601A689107FCD41F
:1081F0001A6822F008021A60074B1A681207FCD4AA
:10820000064A12783AB95A6C22F040725A645A6C93
:1082100012F0C05FFBD170470000084074DF00041B
:10822000084A0128136808BF43F0805343F00C0349
:10823000136013689B07FCD5024B186810F001000F
:10824000FBD170470000084073B50023044601A825
:108250000D46019301F0F1F82046FFF79FFF012240
:10826000074B084E204635601A615A6101F03EF80E
:108270000198346801F0EFF8C4F3072002B070BD34
:10828000000008400008084037B50446002501A852
:10829000019501F0D2F82046FFF780FF0622074B38
:1082A00020461A600122A3F500631A615D6101F0A6
:1082B0001DF8019801F0CFF803B030BD0008084068
:1082C000F8B5002306460C461F465A1C84B913F025
:1082D000FF0513D03046FFF761FF094B30461F60A2
:1082E000A3F500631D615C61BDE8F84000F0FEBFCE
:1082F000E3B243EA0727240A1346E6E7F8BD00BFC6
:108300000008084010B50446104600F0EBFF032BB0
:1083100004BF20F0FF0211430A4A1CBF41EA0021BA
:10832000000E116001335060A2F50062136100235A
:1083300020465361FFF732FF2046BDE8104000F0B1
:10834000D5BF00BF0008084073B50446084600F0DA
:10835000C9FF0146E0B240EA0120090E8DF8041081
:10836000012101AD1C6801348C4208D91468013127
:1083700014F8016B042905F8016F1460F2D11A6832
:10838000032A38BF0322033A1A60019A014B5A604C
:1083900002B070BD000808401A4B73B58D07034446
:1083A00008460AD10A44501A002801DC02B070BD08
:1083B00051F8040B43F8040BF5E7CC071DD5002A50
:1083C000F4DD01A80D1D8C1811F8016BA94200F80D
:1083D000016B01D0A142F7D10198043A43F8040B94
:1083E000EDE730F8041C043AADF8041030F8021C34
:1083F000ADF80610019943F8041B002A00F10400AF
:10840000EFDCD3E7000808402DE9F7431C460023C2
:108410001646174A054690469C46BDF828709C4271
:108420000FD8144B28461C615F61FFF7B7FE284642
:1084300000F05CFF002344449F4214D803B0BDE821
:10844000F083CDF804C001A803F1040E734506D0F3
:1084500011F8039001339C4200F8019BF6D8019873
:1084600042F8040BDBE7E25CF2540133E4E700BFBF
:1084700000080840000008402DE9F04F05460E4670
:1084800087B099B300274A4CDFF828B1636803F03E
:108490000108F35D022B1FD803B355BB636823F0BB
:1084A00001036360BB1CF25C06EB0309052A06EBC3
:1084B000070A3AD1012304AA009349462846FFF748
:1084C000A3FF9AF803209DF810301A42F2D19AF8CF
:1084D000013002331F44DCE7032B0FD0D5B96368AA
:1084E000B8F1000F13D043F00103636007B0BDE89B
:1084F000F08F236C23F001032364D3E71DB9636875
:1085000043F00103CDE7236C43F00103F4E723F0CC
:108510000103EAE7236CB8F1000F03D043F0010335
:108520002364E3E723F00103FAE79BF80030EF2B25
:1085300038D19BF80130602B01D0802B32D19BF8D1
:108540000230172B2ED1012A07F1010326D128462C
:108550000393FFF799FE05212846FFF775FE039B5D
:1085600000F024002428F35C14D1F91C1A4631448D
:1085700004A80393FFF7E4FB9DF81020039B42F04F
:1085800024028DF81020002204A900922846FFF74B
:108590003BFF9CE7002200924946F7E70022009249
:1085A000F35CF9E7002200929AF80130F4E700BF8B
:1085B000000008404CDF00042DE9F74F1746026821
:1085C0000446D2434069904206D040F2FF71244BEA
:1085D000244A2548FBF73AFCDBB3B4F8BC208A42B6
:1085E0003BD35818824238D34FF0040BB4F8BE5036
:1085F000DFF878900D44DFF878A05E192B0103F4C2
:108600007043E8B2184300F06DFED4F8B03020F0AB
:10861000FF005B7D01350343019300F0BBFE019B2E
:108620008046C9F800300223CAF810B0CAF81430E6
:10863000B4F8C600FFF7B2FDB4F8C60000F056FE6D
:1086400099F80530404607F8013B00F0ADFEB54211
:10865000D4D1002003B0BDE8F08F6FF07B00F9E7C4
:10866000B8A70004ABAF000462AF000400080840E4
:10867000000008400122014B1A70704774DF0004AB
:108680000022064B1A70064B5A6C22F040725A6454
:108690005A6C12F0C05FFBD1704700BF74DF00045A
:1086A000000008400022014B1A70704773DF00047D
:1086B00010B5D0F8B0300A4CD978B0F8C600FFF742
:1086C000FFFD2146012001F037FB2268054B1E20EB
:1086D0001A6000F0DDFCBDE81040FFF7E3BF00BF0B
:1086E000C4BB0004CCBB000473B50023044601A83E
:1086F0000D46019300F0A1FEB4F8C600FFF74EFD51
:108700000122084B084E35601A615A61B4F8C60060
:1087100000F0ECFD0198346800F09DFEC4F30720E2
:1087200002B070BD000008400008084010B5D0F845
:10873000B0300446597C09B9002010BDFFF7D4FFC2
:10874000D4F8AC3082B2DB791842F5D0024B4FF04E
:10875000FF301A60F1E700BFA0D7000470B50446EF
:10876000B0F8C6000D46FFF719FD0122064B074E73
:1087700035601A615A61B4F8C60000F0B7FD306880
:10878000C0F3072070BD00BF00000840000808408B
:10879000F0B50023064685B068460F461546CDE97C
:1087A0000133039300F05FFED6F8B0303046197CF9
:1087B000FFF7D4FF514B1B78002B64D0504B1B7834
:1087C00033B940F2C2414F4B4F4A5048FBF73EFB92
:1087D0004F4B1B785BBB012001A901F0ADFA96F865
:1087E000C430022B07D14B4B1A68019B9B1A4A4A93
:1087F000126893420DD3494A536C43F0407353645B
:10880000536C03F0C053B3F1C05FF9D13046FFF7AA
:108810004FFF009800F035FE00243046FFF786FF3A
:1088200000280CBF20464FF0FF3005B0F0BD3B4B99
:108830005A6C22F040725A645C6C14F0C054FBD144
:108840000125009800F01DFE012DE6D1284601A962
:1088500001F072FA039B3B2B45D9684600F0EDFD11
:1088600000232B4A009813702D4A13602D4A136081
:1088700000F0F1FD012002A901F05EFA2A4A136816
:1088800001331360C9E7D6F8AC3081B21B781840C9
:10889000BFD1FFF7F5FE254B1A68022A88BF186082
:1088A000234B00981A68022A84BF00221A603B7882
:1088B000AB42DAB20CD01F4B4FF0FF341F601E4B9F
:1088C0001D701E4B1A701E4B196000F0DAFDA4E7F4
:1088D000124B5A6C22F040725A645D6C15F0C05510
:1088E000FBD10124ADE702A9012001F025FADDE961
:1088F000010103AA01F02DFBACE700BF73DF000408
:1089000074DF0004B8A7000412B0000462AF0004D2
:10891000ACBC0004CCBB0004C8BB00040000084091
:1089200008E0000404E00004ACD70004B8D7000459
:10893000CCD70004A4D7000476DF000475DF000460
:10894000A0D700047FB50023CDE90033CDE9023381
:1089500003684269DB439A42044606D040F23F5125
:10896000564B574A5748FBF771FA684600F07BFDB3
:10897000D4F8B0302046197CFFF7F0FE0546D4F855
:10898000B0302046D97BFFF7E9FED4F8AC2013784D
:108990002B4233D19378D2781343034205D1002B75
:1089A00066D1494B1B78002B62D0484B1B7823B90A
:1089B00040F24F51414B424AD4E7454B1B7823BB11
:1089C000012001A901F0B8F994F8C430022B07D1B5
:1089D000404B1A68019B9B1A3F4A126893420DD381
:1089E0003E4A536C43F040735364536C03F0C053DE
:1089F000B3F1C05FF9D12046FFF75AFE009800F0AE
:108A000040FD6FF0780004B070BD344B5A6C22F01A
:108A100040725A645A6C12F0C05FFBD101256FF0AE
:108A20007806009800F02DFD012D1BD1284601A9E4
:108A300001F082F9039B3B2B35D9684600F0FDFC21
:108A40000023234A00981370254A1360254A1360B7
:108A500000F001FD012002A901F06EF9224A13681D
:108A600001331360002ECCD12046FFF75FFECAE72A
:108A7000FFF706FE1D4B1A68022A84BF00221A6007
:108A80001B4B1A68022A84BF00221A60FFF70AFEF5
:108A9000124B5A6C22F040725A645D6C15F0C0554E
:108AA000FBD12E46BDE702A9012001F045F9DDE921
:108AB000010103AA01F04DFABCE700BFB8A700040A
:108AC000FAAF000462AF000473DF000474DF000437
:108AD000ACBC0004CCBB0004C8BB000400000840D0
:108AE00008E0000404E00004B0D70004B8D7000494
:108AF000CCD7000470B504460E46B0F8C600154643
:108B0000FFF74CFB0022064B1E60A3F500631D61BE
:108B10005A61B4F8C600BDE8704000F0E7BB00BF82
:108B2000000808402DE9F04F1F46002387B003934B
:108B300003680492DB43426904469A420E4606D11A
:108B4000DFF89C81DFF89CA147B93A469FE040F2EC
:108B50005731594B594A5A48FBF778F9594B4FF05E
:108B600001091D68DDF810B06D006B1E3340ED1A71
:108B7000BD4228BF3D46059500212046C8F800901B
:108B8000FFF7E0FE7930F7D003A800F06CFC4E4B05
:108B90001B781BB1039800F074FCEDE70223C8F8C2
:108BA0000030049B1A0106D5059A48491A4493429D
:108BB00074D1DFF818B10123204684F8C43000F0E6
:108BC00005FC94F8C530D4F8B000042B6BD13146C5
:108BD00004AA007805ABFFF7B7FBDDE90412814674
:108BE0000820FFF7D9FBCAF800904FF0000994F86D
:108BF000C530374A01332B441361C2F81490FFF794
:108C000039FDB4F8C600FFF7C9FAB4F8C60000F0A1
:108C10006DFB0323C8F800302E4B2F49C3F800909A
:108C20002E4B0120C3F800906B1E0BEB03091BF8C1
:108C300003B001F081F8039800F023FC04232E44D4
:108C4000711EC8F8003099F8002020460191FFF706
:108C50009FFD0090DF2000F01BFADDE900210520D8
:108C60000423C8F80000002AEBD0DDE904310B44EE
:108C700000210493184B012AA7EB050719603FF464
:108C800063AF99F800305B4518BF6FF00102002315
:108C9000104684F8C43007B0BDE8F08F13F8010B1C
:108CA00001F8010B83E73146007800F028FBDDE98D
:108CB00004128146042094E7B8A700043FB00004E2
:108CC00062AF00046CD7000473DF000477DF000498
:108CD00000000840B4D70004A8D70004C8D7000497
:108CE000B8D700040008084000232DE9F04F85B0F4
:108CF000029303684269DB439A42044606D040F27D
:108D0000D531694B694A6A48FBF7A0F80125DFF8BD
:108D1000C0914FEA117A21F0704631462046C9F8D9
:108D20000050FFF70FFE10F1790FF6D00190A06907
:108D3000F9F73AFD3146204600F087FAA0618046F7
:108D4000F9F732FD0546B4F8BA10820A11EA952007
:108D5000019B22D001270AF1FF32012A3DD9BAF145
:108D6000040F40D0B5F5004F1BD0B5F5803F3AD089
:108D7000B5F5805F40F09580D4F8B020917913E08C
:108D800011F0010F1CBF17460CFA00F549085208F4
:108D9000013012F0010FF3D0DDE701270A20BC46B5
:108DA000F7E7D4F8B020D1794FF0000A5171002FC5
:108DB0006FD04FF0020B31462046C9F800B0FFF7E4
:108DC000C1FD7930F7D002A800F04DFB394B1B787C
:108DD0006BB1029800F055FBEDE7BAF1020FD4F841
:108DE000B020CBD1DFE7D4F8B020117ADCE7204601
:108DF00084F8C4B0019300F0E9FA4146204600F03F
:108E0000D6FA0120019B2C4ADFF8C8B013602B4A28
:108E1000594613602A4A13602A4A10602A4A13608E
:108E200000F08AFF0323C9F80030DBF80030DFF8D8
:108E30009CB002980193CBF8003000F022FB03A90C
:108E4000012000F079FF019B039A41F28830D11A8A
:108E500044F6206300FB0A3399420FD2154B1B786E
:108E6000002BECD031462046FFF76CFD10F1790F56
:108E7000034608D1DF2000F00BF9E0E70AF1010A10
:108E8000CBF80020EEE70422013FC9F80020A844F7
:108E90008DE70E4A84F8C4701760184605B0BDE827
:108EA000F08F4FF0FF33F8E7B8A700042DB00004AF
:108EB00062AF000473DF0004C8D70004B4D7000415
:108EC000C4D70004BCD70004B0D70004A8D700045E
:108ED000CCD70004C0D7000470B503684269DB43F7
:108EE0009A42044606D040F27571194B194A1A4845
:108EF000FAF7ACFF00F04EFA0646204600F066FA9C
:108F0000D4F8B0302046D97AFFF728FCD4F8B03036
:108F10000546D97B2046FFF721FCD4F8B030290262
:108F20001B7B41EA03410143FFF7A4FB41F03C01F5
:108F3000B4F8C600FFF7C4F9304600F035FA002156
:108F40002046FFF7FFFC7930F9D0002070BD00BF4C
:108F5000B8A70004E0AF000462AF00042DE9F74FAA
:108F60001F4603689046DB43426904469A420E4618
:108F700006D040F2B171344B344A3548FAF766FFF7
:108F8000D0F8B030597BFFF7AFFB0123320A033230
:108F90009340034251D11FB9002003B0BDE8F08FC8
:108FA000B4F8BC30B3424BD3F219934248D34FF0DC
:108FB000050BB4F8BE50DFF89C903544DFF898A05C
:108FC00008F1FF362F442B0103F47043E8B2184335
:108FD00000F088F9D4F8B03020F0FF001B7D034387
:108FE000019300F0D7F98046204600F0EFF9019B8D
:108FF000C9F8003016F8013FC9F804300023CAF858
:1090000010B0CAF81430B4F8C600FFF7C7F8B4F8C7
:10901000C60000F06BF9D4F8B0302046197CFFF799
:109020009DFBD4F8AC301B780342F4D140460135A7
:1090300000F0BAF9AF42C6D1AEE76FF07E00ACE700
:109040006FF07B00A9E700BFB8A70004C5AF00041C
:1090500062AF000400080840000008401FB50B4B39
:109060000A465968D0F8B030C9074CBF9B7A5B7A82
:109070000DF10F018DF80F3003230093B0F8C600F7
:10908000012300F0A9F905B05DF804FB00000840D9
:1090900038B50446054D0D222846002100F0B7F9E9
:1090A0002846214600F0BDF9002038BD00021542D7
:1090B000C3B2342B09D801234109054A00F01F002F
:1090C000834042F82130002070476FF00200704763
:1090D00000E100E0C3B2342B0ED801220849430955
:1090E00000F01F008240203341F82320BFF34F8F50
:1090F000BFF36F8F002070476FF00200704700BF12
:1091000000E100E0024B5868C0F3080010387047D7
:1091100000ED00E038B5FFF7F5FF0446E4B245B2D4
:1091200000F044F9342C17D80E4B53F82530B3B166
:1091300028469847EFF3118454B129460A48F8F7B6
:109140000BFE40F2A911094B094A0A48FAF77EFEC4
:10915000F8F722FC204638BD6FF00200FBE76FF005
:109160000300F8E7D0D7000492B00004B8A70004C9
:1091700025B2000452B0000408B5F9F797FE0120AB
:10918000FEF734FB024A136803F57A73136008BDD7
:109190000CD900049F2330B587B0054605A81446B6
:1091A0008DF80F3000F049F903232846009304AAF4
:1091B00001230DF10F01FFF727F9059800F04BF996
:1091C0009DF8103023809DF8113063809DF8123097
:1091D000A38007B030BD1FB5012405230DF10A029D
:1091E0008DF80C3003A9234600200094FFF70CF9FA
:1091F000352300208DF80C30009423460DF10B022E
:1092000003A9FFF701F99DF80B009DF80A3043EA26
:10921000002004B010BD08B5FEF7E6FE002008BD32
:1092200038B5044610461A4623688B420BD9934240
:1092300009D38D189D4206D8A3685B681943FEF7D1
:109240007FFD002038BD0220FCE7002270B5436995
:109250005C688C425E6853F8085B06D9091B314490
:1092600005FB01224068104470BD05FB06225D68C5
:109270002C44EEE710B50446FEF740FFA06110BD98
:1092800030B544690023204650F8042F8A4202D9A1
:1092900054F8330030BD013350F833502A44F5E719
:1092A00070B5406900240546426855F8043B5A43AE
:1092B0002346914210D950F8336016B94FF0FF3071
:1092C00070BD55F8336001333444891A50F8336067
:1092D00055F833207243ECE750F83330B1FBF3F12B
:1092E0000819EDE720F0006000BA7047014608B5A4
:1092F000FEF796FFBDE808400846FEF76FBF08B5C9
:1093000003460846FFF7EEFFDBB220F0FF001843EC
:1093100008BD0246002030B503460C46086050697F
:10932000DD0050F8330028B94B664FF40073A1F804
:10933000683030BD44F8040F506901332844406858
:1093400020645069284440680D682844E6E7B0F876
:10935000BC3000200B60704770B4B0F8BC600D46A4
:1093600011461A46039B8EB1022D08D0032D09D059
:10937000012D0BD1D0F8DC40A44670BC6047D0F87A
:10938000E040F9E7D0F8D83070BC18476FF00B0018
:1093900070BC7047002307B501A8019300F063F883
:1093A000019803B05DF804FB00F06BB8704710B58E
:1093B000FFF760F9D0F8B0400A4690F8C5306179FF
:1093C000B0F8C600BDE81040FEF79CBFD0F8B03042
:1093D00001225978FFF78EBBF0B51F4600230446E3
:1093E0000D46164685B003A8039300F026F8BDF895
:1093F000283032462946204600933B46FFF704F8C2
:10940000039800F028F805B0F0BD80697047037834
:1094100033B9012311438160436040F2013303609B
:10942000704710B50446FFF7F0FF02462046FFF7ED
:10943000ECFF831A9942F9D210BDEFF31183102B80
:10944000036006D0102383F31188BFF35F8FBFF34F
:109450006F8F0020704780F31188BFF35F8FBFF3D9
:109460006F8F00207047EFF31183102B036006D03D
:10947000102383F31188BFF35F8FBFF36F8F00203A
:10948000704780F31188BFF35F8FBFF36F8F0020A9
:109490007047000009B388B9114BD3F81822510066
:1094A00008D51F22C3F83823D3F8182222F08042AF
:1094B000C3F818220B4B83F82F0010E001280ED1BF
:1094C000074BD3F818225200F4D43F22C3F83823B4
:1094D000D3F8182242F08042EAE70128EAD970471F
:1094E000000001A00000034201280F4B0AD140F206
:1094F000DE62C3F8342140F22112C3F82C01C3F814
:109500002C217047022809BF40F2CE6240F2FF7260
:10951000C3F83421012215BFC3F83421C3F82C212C
:10952000002240F23112EAE700000C400D22274BE6
:1095300030B502FB0033D3F8075016281DD8DFE8FA
:1095400000F00C411D211C1C25292D311C35391C16
:109550001C1C1C1C1C1C1C1C3D001D481D4A1E4BB9
:1095600001241C702970147011780029FCD1027834
:1095700002F0FF01002AFAD1197030BD1748184ACD
:10958000184BEDE71848194A194BE9E719481A4AE8
:109590001A4BE5E71A481B4A1B4BE1E71B481C4ADC
:1095A0001C4BDDE71C481D4A1D4BD9E71D481E4AD0
:1095B0001E4BD5E71E481F4A1F4BD1E71F48204AC4
:1095C000204BCDE72048214A214BC9E7A49F000446
:1095D000600203423400034244000342610203423A
:1095E0003500034245000342620203423600034253
:1095F00046000342660203423A0003424A00034225
:10960000670203423B0003424B00034269020342EC
:109610003D0003424D000342680203423C00034206
:109620004C0003426B0203423F0003424F000342DF
:109630006A0203423E0003424E0003426C020342B0
:1096400040000342500003426302034237000342DA
:109650004700034210B5034600220D240749104677
:1096600004FB0212B2F80B209A4205D01F2800F129
:109670000102F4D16FF0010010BD00BFA49F0004EF
:10968000112830B500F01F051ED0A0F120031E2BBD
:109690001ED9A0F140030F2B1ED9A0F160031A2B95
:1096A0001ED9A0F190030F2B1ED9A0F1A003182BF7
:1096B0001ED9D02838D11F4A1F4B204CE1B9206851
:1096C000E84000F0010030BD1D4A1E4B1E4CF5E77E
:1096D0001E4A1F4B1F4CF1E71F4A204B204CEDE761
:1096E000204A214B214CE9E7214A224B224CE5E755
:1096F000224A234B234CE1E7012903D1A940116001
:109700000020E0E702290FD100221F4931F8124062
:1097100084420CD00132D2B231F81240D62CF5D1AD
:109720000122AA401A60EBE76FF00100CBE74FF08F
:10973000FF30C8E780032D4270032D4228002D42E0
:10974000200B0442100B044200000442500B044260
:10975000400B044204000442540B0442440B0442F4
:1097600008000442800B0442700B04420C000442C7
:10977000B00B0442A00B04421000044220032D420F
:1097800010032D4220002D428E9F000470B50D2540
:10979000134C024605FB0044D4F80750A4790B464D
:1097A00004F00304022C16D02E788E4217D01CB978
:1097B000BDE87040FFF7BABE012C0CD10D2808D1CE
:1097C00000211846FFF766FEBDE870400120FFF754
:1097D0005FBC2970F8E703490A4402F81B3C70BDDE
:1097E000A49F000447DF0004014B93F82F0070474B
:1097F00000000342C31E032B10B509D821B1BDE8F8
:1098000010400120F8F7D6BCBDE81040F8F712BDB3
:10981000022806D10D4C94F8293019B103F0FF004D
:109820006BB110BD002BFCD0094B1878431E012BE7
:1098300001D8FFF759FE002384F82930F1E701230E
:1098400084F82930BDE81040FFF74EBE007010428A
:1098500040DF00040D232DE9F0411C4C054603FBBD
:1098600000439A790E46920710D1D3F807200121C0
:10987000127813F8028008F00F073846FFF7BAFF96
:1098800001223846C8F3021100F090FA0D2303FBC1
:109890000544A65D012106F00F052846FFF7AAFF43
:1098A00001222846C6F3021100F080FAA3795B0773
:1098B0000AD5B4F80B20A2F1D103042B9FBF044BAF
:1098C0009B18002203F8D12CBDE8F081A49F00046E
:1098D00042DF00042DE9F047694C0A20D4F800313A
:1098E0004FF0010A43F00403C4F80031D4F800310A
:1098F000002643F00203C4F80031D4F80031614F70
:1099000023F00103C4F80031FFF7C2FB0322D4F8AF
:1099100028310A2062F30B23C4F82831D4F8283107
:109920006AF38713C4F82831D4F834316FF3000395
:10993000C4F83431D4F834316FF30413C4F834313B
:10994000D4F834316FF34513C4F83431D4F82C31E2
:1099500043EA0A03C4F82C31D4F82C3143F0100345
:10996000C4F82C31D4F82C3143F02003C4F82C3146
:1099700087F82CA0FFF78CFBD4F844310A2003F0C1
:109980007F09D4F84431D4F8445187F82C60C3F3EC
:109990000028D4F82C31C5F3003566F30413C4F85D
:1099A0002C31D4F82C3166F34513C4F82C31D4F89B
:1099B000003123F00403C4F80031D4F8003123F05F
:1099C0000203C4F80031D4F8003143EA0A03C4F8B2
:1099D0000031FFF75DFBD4F82C310A2043F010036F
:1099E000C4F82C31D4F82C3143F02003C4F82C31C6
:1099F00087F82CA0FFF74CFB234BD4F840115A6A90
:109A0000C1F30B01520D52055A625A6A154345EAD9
:109A1000412545EA890545EA48055D625A6A42F4EE
:109A200000125A6287F82C60D4F82C3166F30003D8
:109A3000C4F82C31D4F82C3166F30413C4F82C315B
:109A4000D4F82C3166F34513C4F82C31D4F83431F2
:109A500043EA0A03C4F83431D4F8343143F0100334
:109A6000C4F83431D4F8343143F02003C4F834312D
:109A7000D4F8343143F00803C4F83431BDE8F0873A
:109A800000000C4000000642000001422DE9F843AE
:109A90004FF0000400233A4FDFF8E8800D2202FB6C
:109AA000037291795E1C01F00301022940D1A3F1F8
:109AB0001B02D2B2042A01D93346EFE718F803504B
:109AC0004FF00D0909FB0379B9F80B00F8F7D0FB4B
:109AD00038B119F8053003F00F02022A2DD144F0F5
:109AE0000104202E3346D9D114F00101E5B202D190
:109AF0000220FFF77FFE15F0200102D10320FFF7BF
:109B000079FE15F0020203D10121032000F04EF985
:109B100015F0040203D10221032000F047F915F0EB
:109B200008022AD1BDE8F8430121042000F03EB923
:109B3000D2F807201578EDB2C2E7032A10D1C3F39B
:109B40000213012B224644F0100404D142F0120407
:109B500044F02004C5E7022BFAD142F01404F7E7E1
:109B6000042A06D1C3F30213012BF1D144F00804F7
:109B7000EEE7033A032AB4D8EAE7BDE8F88300BF6A
:109B8000A49F00042CDF0004A0F1D103042B10B526
:109B900004460BD801220E4B034403F8D12C204677
:109BA000FFF758FD002810DA00200DE0030405D56A
:109BB000084A00F01F03C2F8403BF0E70221FFF71C
:109BC0005FFD40B20028EAD010BDFFF75FFFEBE772
:109BD00042DF0004000004421F2838B5054616D8AD
:109BE000052914D80D220B4B02FB00335B5C1A07CE
:109BF0000DD0DB090BD0CCB22146FFF72BFE284657
:109C00002146FFF7C3FDFFF741FF002038BD6FF08D
:109C10000100FBE7A49F000438B5A0F1D103042B99
:109C200004460BD80022164B034403F8D12C2046DF
:109C3000FFF710FD002810DA00200DE0030405D521
:109C4000104A00F01F03C2F8503BF0E70121FFF774
:109C500017FD40B20028EAD038BD0B4DC4B22B78B6
:109C6000204643F001032B70F8F746FB01462046DF
:109C7000FFF7B2FF2B786FF300032B70DCE700BF18
:109C800042DF00040000044241DF0004034B93F86C
:109C9000400000EB800000F5077070470080104224
:109CA0002DE9FF4105461F4F0E46012002A914462B
:109CB00000F042F83B6825F0006898452FD8002353
:109CC00021460DF1030245F000608DF80330F9F7ED
:109CD000D3FF9DF8033033B140F2EF21124B134A0A
:109CE0001348FAF7B3F8134A41461360384623463F
:109CF000324600F09CF8044620B104B0BDE8F041C3
:109D0000F8F770BE03A9012000F016F8DDE90201A2
:109D100001AA00F01EF9204604B0BDE8F0816FF002
:109D20000200F9E7A0D60004DEAE000442AF000452
:109D3000F3AE0004ACD7000470B50D46044650B92C
:109D4000024610210C48FFF762FB0B48FFF75DFB52
:109D50002860002070BD01280BD1084E7378012BBC
:109D600005D00D2200210648FFF751FB747004480E
:109D7000ECE74FF0FF30EDE7000115420CE0000486
:109D80000002154238B50446074D0022102128462E
:109D9000FFF73DFB204600F0E4F801462846FFF7B8
:109DA00040FB002038BD00BF00011542032810B55C
:109DB0000C46114626D1012C12D15AB100219E2009
:109DC000FFF75EFC0128014630D19E20BDE810401F
:109DD000FFF756BC9E20FFF753FC38BB0221F4E787
:109DE000022C23D142B100219F20FFF749FC01281A
:109DF00001461BD19F20E9E79F20FFF741FCA8B94E
:109E00002146F7E7042811D1012C0FD142B10021DE
:109E10009D20FFF735FC0128014607D19D20D5E79D
:109E20009D20FFF72DFC08B90221F7E710BD2DE9B1
:109E3000F04F1E46036887B08B4204460F460192DE
:109E400040F28380B342C0F082808A199A427ED861
:109E500090F8803023B10025B5420CD3002007E0F4
:109E6000FBF763FC94F88030002BF4D16FF00D0009
:109E700007B0BDE8F08FA36805A85B6803EB070A8D
:109E8000019B0AEB050803EB0509FFF7D6FA6368A7
:109E9000D4F808B09B6858460293EB19194603930F
:109EA000FFF7FEF900220146029B584698470598A5
:109EB000FFF7D1FA18F0010F04D1A6EB050BBBF1A7
:109EC000010F0AD163684A46D3F810A04146012326
:109ED000A068D047A8BB0135BEE7A368E9191846BA
:109EE0000293FFF7DDF9029B01461846FFF7C8F918
:109EF00008EB0003404203400AEB06029A4288BF87
:109F0000A3EB080B2BF0010B6368BBF1020FD3F836
:109F100010A0A06812D119F0010F0FD099F80030ED
:109F20000DF112028DF8123099F801308DF81330CE
:109F30005B464146D04720B95D448DE75B464A46C3
:109F4000F7E702308AD0052092E7022090E703204D
:109F50008EE71AB1091A1160002070474FF0FF30E8
:109F600070474FF4004313B5044601A80193FBF773
:109F7000CFFC4FF47A72019BB3FBF2F002FB10337B
:109F80006343B3FBF2F304FB003002B010BD90005A
:109F90009100760037007100300031003300350049
:109FA0003E00D6008186848393850016701042900F
:109FB00000818286840000002300034276008186AF
:109FC0000393850000210003427100818693A30062
:109FD000000022000342720081860000000001247C
:109FE000000342600081860000000001250003425A
:109FF0006100818603930000002600034262008115
:10A0000086940000000027000342730081868500CB
:10A010000000002900034264008182868400000061
:10A02000280003427400818600000000012E000316
:10A03000429800818600000000002B00034275005A
:10A04000818603930000002A00034265008182009C
:10A05000000000012F0003427A008186000000000A
:10A060000118002D423D008186000000000119000A
:10A070002D422700818600000000011A002D422891
:10A0800000818600000000011C002D4238008186FE
:10A0900000000000011D002D4237008186000000F5
:10A0A00000011E002D4239008887000000000531A4
:10A0B000000342D2008887000000000532000342FE
:10A0C000D300818683850000002C0003426A008152
:10A0D0008600000000011B002D42AB0084940000AC
:10A0E00000000515701042D10088870000000005AF
:10A0F00030000342D4008186000000000514701077
:10A1000042D5008187868400000200000000200004
:10A11000818786840000020000000021008187867C
:10A120008400000200000000220081878684000075
:10A1300002000000002300818786840000020000E6
:04A1400000002400F7
:08A144001ABAFF7F01000000C0
:10A14C00B11F000400000000A15A00040000000030
:10A15C007B5A000400000000097900040000000094
:10A16C00793A0004E4A1000419380004F8A10004B1
:10A17C00495B000400000000F75A00040CA2000424
:10A18C00193B000400000000D13A0004000000005C
:10A19C00E93A000400000000DD39000420A20004AC
:10A1AC005B5B0004000000002D3700040000000081
:10A1BC0069540004000000002D7900040000000028
:10A1CC00515B000400000000013B00040000000093
:08A1DC00153D00040000000025
:10A1E400F7B6000400000000ECBB0004B6BC000499
:10A1F4000000000041B400040000000060A5000459
:10A20400B0BC0004000000004BB6000400000000D5
:10A21400A4A50004B4BC000410D900049DAB000440
:10A2240084A5000494A50004B2BC0004DCBB0004B3
:0CA234000000000000000000000000001E
:10A240000000000080000000100100004802000033
:10A25000A8020000540300006C030000BA030000D1
:10A26000F6030000FE03000020BA00040001000015
:10A27000756E6B6E6F776E000000000000000000CE
:10A2800000000000000000000000000000000000CE
:10A2900011023B023C0272027302740275029802C0
:10A2A000B202B302B402B702B80200000500000017
:10A2B00006000000982F8A4291443771CFFBC0B549
:10A2C000A5DBB5E95BC25639F111F159A4823F9281
:10A2D000D55E1CAB98AA07D8015B8312BE853124DA
:10A2E000C37D0C55745DBE72FEB1DE80A706DC9B9B
:10A2F00074F19BC1C1699BE48647BEEFC69DC10F47
:10A30000CCA10C246F2CE92DAA84744ADCA9B05C82
:10A31000DA88F97652513E986DC631A8C82703B045
:10A32000C77F59BFF30BE0C64791A7D55163CA0653
:10A3300067292914850AB72738211B2EFC6D2C4D5F
:10A34000130D385354730A65BB0A6A762EC9C2814D
:10A35000852C7292A1E8BFA24B661AA8708B4BC2E3
:10A36000A3516CC719E892D1240699D685350EF40D
:10A3700070A06A1016C1A419086C371E4C774827C4
:10A38000B5BCB034B30C1C394AAAD84E4FCA9C5B3A
:10A39000F36F2E68EE828F746F63A5781478C8848B
:10A3A0000802C78CFAFFBE90EB6C50A4F7A3F9BE6D
:10A3B000F27871C605000000060000004D4D4D0109
:10A3C0003000020101000000030000000303EF6001
:10A3D0001500000000000303C86015000000000025
:10A3E0000303205015000000000000004D4D4D01FA
:10A3F000880003010200000003000000000040008C
:10A4000064000000000000000010000000000000D8
:10A41000000000000000200001000000000000001B
:10A420000000000000004000640000000000000088
:10A4300000100000000000000000000000002000EC
:10A4400001000000000000000000000000004000CB
:10A450006400000000000000001000000000000088
:10A4600000000000000020000100000000000000CB
:10A4700000000000434F4D424F5F4D454D5F534636
:10A48000490000000100000003000000000001007E
:10A4900070570BEB1003F8520000000000000000A2
:10A4A0000600000600000000010150010301020245
:10A4B000000000000000000000000000000000009C
:10A4C0000000010070570BEB1003F8520000000071
:10A4D000000000000600000600000000010150011D
:10A4E0000301020200000000000000000000000064
:10A4F000000000000000010070570BEB1003F85241
:10A50000000000000000000006000006000000003F
:10A5100001015001030102020000000000000000E0
:10A5200000000000000000001F0000001C000000F0
:10A530001F0000001E0000001F0000001E000000A1
:10A540001F0000001F0000001E0000001F00000090
:10A550001E0000001F0000000100000000FF0000BE
:10A56000935A0004855A0004A5370004613700049B
:10A570007D3700040000000069370004000200007D
:10A5800000100000000000001E0000005138000410
:10A59000020000001D390004A13900049D380004A8
:10A5A000753800041D3A0004A95A00040000000098
:10A5B0000000000000100000F8A1000401000000ED
:10A5C0000010000000100000F8A1000402000000CC
:10A5D0000020000000100000F8A1000403000000AB
:10A5E0000030000000800100F8A100040400000019
:10A5F00000B0010000100000F8A1000405000000F8
:10A6000000C0010000D00E00F8A100040600000008
:10A610000090100000D00E00F8A100040700000018
:10A6200000601F0000A00000F8A10004000000006E
:10A630000000000001000000010000000200000016
:10A640000D000000030000000800000004000000EE
:10A650000E000000050000000A00000006000000D7
:10A660000B000000070000001800000000000008B8
:10A67000001000080020000800300008003000082A
:10A6800000B001080030000800B001084CA100042F
:10A6900054A100048CA10004BCA10004D4A10004B6
:10A6A000E4A1000418BC0004000000000000000049
:10A6B000000000000000000000000000000000009A
:10A6C000000000000000000000000000000000008A
:10A6D000000000000000000000000000000000007A
:10A6E000000000000000000000000000000000006A
:10A6F000000000000000000000000000000000005A
:10A700000000000000000000010002001000110025
:10A710002000210022002300250024003000310009
:10A7200032003300FFFF77C295F360D2EF7F3552DE
:10A73000500F2CB679805374617274696E67206211
:10A740006F6F746C6F6164657200556E61626C65E9
:10A7500020746F2066696E6420626F6F7461626C32
:10A760006520696D61676500426F6F746C6F61642D
:10A77000657220636861696E6C6F616420616464F6
:10A7800072657373206F66667365743A203078253E
:10A7900078004A756D70696E6720746F2074686503
:10A7A00020666972737420696D61676520736C6FD0
:10A7B00074007263203D3D203000574553545F5470
:10A7C0004F504449522F6169726F68612F6D6375F4
:10A7D0002F6170706C69636174696F6E732F6D6344
:10A7E00075626F6F742F626F6F742F7A65706879FE
:10A7F000722F6D61696E2E6300646F5F626F6F749C
:10A8000000746C76206F6666203D20307825782CA9
:10A81000206C656E203D20307825782C207479706E
:10A8200065203D203078257800574553545F544FBC
:10A83000504449522F6169726F68612F6D63752FA3
:10A840006170706C69636174696F6E732F6D63758D
:10A85000626F6F742F626F6F742F626F6F74757495
:10A86000696C2F7372632F6C6F616465722E630065
:10A87000626F6F745F636F70795F696D61676500A8
:10A88000626F6F745F706572666F726D5F75706412
:10A8900061746500626F6F745F707265706172657C
:10A8A0005F696D6167655F666F725F757064617423
:10A8B0006500636F6E746578745F626F6F745F6755
:10A8C0006F00286E696C29002A2A2A20426F6F7453
:10A8D000696E67204D4355626F6F7420376630375D
:10A8E0006564396435393834202A2A2A0A002A2A2C
:10A8F0002A205573696E67205A6570687972204FF7
:10A9000053206275696C642037663037656439643A
:10A9100035393834202A2A2A0A0061626F72742875
:10A92000290A004D656D6F7279204D616E61676512
:10A930006D656E74206661756C743A200041204D1F
:10A94000656D4D616E616765206661756C74206F21
:10A950006363757272656420647572696E67204600
:10A9600050206C617A79207374617465207072650F
:10A97000736572766174696F6E0D0A0041206465BB
:10A980007269766564204D656D4D616E6167652005
:10A990006661756C74206F63637572726564206F95
:10A9A0006E20657863657074696F6E20656E747271
:10A9B000790D0A00412064657269766564204D65F1
:10A9C0006D4D616E616765206661756C74206F63A3
:10A9D000637572726564206F6E206578636570744C
:10A9E000696F6E2072657475726E0D0A0044617431
:10A9F00061206163636573732076696F6C6174694C
:10AA00006F6E20403078253038780D0A004D505553
:10AA1000206F722045786563757465204E65766594
:10AA2000722028584E292064656661756C74206D0B
:10AA3000656D6F7279206D617020616363657373FA
:10AA40002076696F6C6174696F6E0D0A0053434222
:10AA50002D3E4D4D464152203D20307825303878EE
:10AA60000D0A005343422D3E48465352203D2030AC
:10AA700078253038780D0A005343422D3E43465323
:10AA800052203D203078253038780D0A00466F720C
:10AA90006365642048617264204661756C740D0AB8
:10AAA000003078253038583A202530385820253065
:10AAB0003858202530385820253038580D0A000DD8
:10AAC0000A3E3E3E3E3E3E2044554D5020535441AA
:10AAD0005254203E3E3E3E3E3E2044554D50205373
:10AAE00054415254203E3E3E3E3E3E2044554D5041
:10AAF000205354415254203E3E3E3E3E3E2044555B
:10AB00004D50205354415254203E3E3E3E3E3E0D59
:10AB10000A000D0A4D656D6F72792064756D7020A5
:10AB2000626567696E3A0D0A000D0A4D656D6F72B8
:10AB3000792064756D7020656E642E0D0A000D0A13
:10AB40003E3E3E3E3E3E2044554D5020454E442024
:10AB50003E3E3E3E3E3E2044554D5020454E442014
:10AB60003E3E3E3E3E3E2044554D5020454E442004
:10AB70003E3E3E3E3E3E2044554D5020454E4420F4
:10AB80003E3E3E3E3E3E0D0A000D0A617373657205
:10AB9000742061742025733A25640D0A007764746B
:10ABA00030403432303930303030005B6169725FB0
:10ABB00074726163696E675D205B6169725F747254
:10ABC0006163696E675D20696E6974206C65766586
:10ABD0006C3A2025642C20696E69745F666E3A2099
:10ABE0003078253038582C206465763A2030782526
:10ABF00030385820656E746572005B6169725F74ED
:10AC0000726163696E675D205B6169725F74726116
:10AC100063696E675D20696E6974206C6576656C2A
:10AC20003A2025642C20696E69745F666E3A203084
:10AC300078253038582C206465763A2030782530D5
:10AC40003858206578697420776974682072657354
:10AC5000756C74202564005B6169725F7472616356
:10AC6000696E675D207468726561643A3078257832
:10AC70002077696C6C206372656174652C20546167
:10AC8000736B4E756D6265723A2564200A005B61D4
:10AC900069725F74726163696E675D207468726562
:10ACA00061643A30782578206372656174652C2080
:10ACB0005461736B4E756D6265723A2564206861EC
:10ACC0006420616C7265616479206372656174658A
:10ACD000212121200A005B6169725F7472616369DE
:10ACE0006E675D207468726561643A3078257820FB
:10ACF000736574206E616D653A257820257820256E
:10AD000078202578200A00040104030402040104C9
:10AD1000010403010303040104686F702072616E73
:10AD200067652025642C2074696D65725F757320DA
:10AD300025642C206A756D705F636F6465202564DF
:10AD40000D0A00686F705B305D5B25645D202564D3
:10AD50002C205B315D5B25645D2025642C20434104
:10AD60004C4920253032582C20465420253032586A
:10AD70000D0A00686F702046525353435F4454538A
:10AD80002025642C2046525353435F4459532025B9
:10AD9000640D0A0000030101020403030603080214
:10ADA00009010C030D011A0120005B4443584F5D5B
:10ADB0002043415049442052472025640D0A005B3E
:10ADC0004443584F5D2044424C2043616C69627299
:10ADD0006174650D0A005B4443584F5D20496E66FF
:10ADE0006F3A20535953202564204B487A2C205326
:10ADF0004643202564204B487A2C2056636F7265A9
:10AE0000202564206D760D0A005B445646535D2074
:10AE100046756E6374696F6E2044697361626C6518
:10AE2000640D0A00636865636B20786D6320646558
:10AE300076696365207372203D2030782578212162
:10AE40002121200D0A0063686970206964203D207B
:10AE500025642C20666C6173685F76656E646F7222
:10AE60005F6964203D2025642C20666C6173682036
:10AE700073697A65203D20307825780D0A005745A2
:10AE800053545F544F504449522F6169726F686147
:10AE90002F6D63752F6D6F64756C65732F68616CB2
:10AEA0002F6169726F68612F6162313632782F735A
:10AEB00072632F68616C5F666C6173685F636F6D4E
:10AEC000626F5F6E6F722E6300434D454D5F496E3A
:10AED00069745F46756C6C4472697665720069735B
:10AEE0005F726561646F6E6C79203D3D2066616CB8
:10AEF000736500574553545F544F504449522F6176
:10AF000069726F68612F6D63752F6D6F64756C6505
:10AF1000732F68616C2F6169726F68612F61623194
:10AF20003632782F7372632F68616C5F666C617361
:10AF3000685F6469736B2E6300FDFCF9FAF9F9F937
:10AF4000F9FF68616C5F666C6173685F7772697442
:10AF5000650068616C5F666C6173685F65726173E0
:10AF60006500574553545F544F504449522F61690F
:10AF7000726F68612F6D63752F6D6F64756C65738B
:10AF80002F68616C2F6169726F68612F6162313661
:10AF900032782F7372632F68616C5F666C617368BF
:10AFA0005F6D74645F64616C2E630053465F44415F
:10AFB0004C5F4F5450526561645F47494741444577
:10AFC000564943450053465F44414C5F4F545057E8
:10AFD000726974655F474947414445564943450096
:10AFE00053465F44414C5F4F54504C6F636B5F4717
:10AFF0004947414445564943450053465F44414C07
:10B000005F436865636B4465766963655265616437
:10B01000790053465F44414C5F436865636B5265FA
:10B02000616479416E64526573756D650053465F66
:10B0300044414C5F4572617365426C6F636B0053B2
:10B04000465F44414C5F50726F6772616D4461743A
:10B050006100574553545F544F504449522F616922
:10B06000726F68612F6D63752F6D6F64756C65739A
:10B070002F68616C2F6169726F68612F6162313670
:10B0800032782F7372632F68616C5F6E7669632EFE
:10B0900063006972715F6E756D626572203D202577
:10B0A00064200A004F535F475054004D43555F449E
:10B0B0004D4130004D43555F444D413100554152A3
:10B0C000545F444D413000554152545F444D41312D
:10B0D00000554152545F444D41320050574D5F443A
:10B0E0004D41300050574D5F444D4131004933438D
:10B0F0005F444D4130004933435F444D4131004985
:10B100003343300049334331005350495F4D53546A
:10B1100030005350495F4D535431005350495F4DF7
:10B12000535432005350495F534C560055415254CA
:10B13000300055415254310055415254320043526F
:10B140005950544F0054524E4700525443004750F8
:10B15000545F5345430053504D00574454004549F4
:10B160004E545F5345430045494E540053464300F7
:10B17000455343005553420052495343565F495289
:10B18000515F47454E00415544494F535953004282
:10B19000540042545F415552580042545F41555447
:10B1A000580042545F54494D45520042545F504C40
:10B1B00041595F454E005A49474245450053454372
:10B1C0005F56494F4C4154494F4E004255535F45DD
:10B1D0005252004D454D5F494C4C4547414C005043
:10B1E0004D55005553425F33324B004152474200A8
:10B1F0004B45595343414E00514445430052414D44
:10B20000424F5A004C45440041494F00495254585E
:10B21000004952525800434D33335F726573657273
:10B220007665643000697372435F6D61696E0068B2
:10B23000616C5F6E7669635F696E6974000004A477
:10B24000B000040105ABB000040205B4B000040373
:10B2500005BDB000040405C7B000040505D1B00069
:10B2600004060FDBB00004070FE4B000040805ED8E
:10B27000B000040905F6B000040A0DFFB000040B8D
:10B280000D04B100040C0509B100040D0D12B1004C
:10B29000040E0D1BB100040F0A24B10004100D2C84
:10B2A000B10004110D32B10004120D38B1000413C5
:10B2B0000E3EB10004140B45B10004150E4AB10056
:10B2C000041606A7B0000417064EB100041808566D
:10B2D000B10004190F5AB100041A075EB100041B33
:10B2E0000767B100041C0F6CB100041D0F70B100A2
:10B2F000041E0374B100041F0478B10004200C86FE
:10B30000B1000421028FB10004220C92B100042389
:10B310000C9AB100042405A2B100042502ABB100CF
:10B32000042602B6B100042702BDB100042802CBF6
:10B33000B100042902D3B100042A08DFB100042BB4
:10B340000DE3B100042C0FEBB100042D07F0B100A8
:10B35000042E07F8B100042F07FDB10004300F04DC
:10B36000B20004310F08B20004320F0CB2000433F3
:10B370000F11B20004340516B20004686561702034
:10B38000697320656D707479005B68616C5D5B77D3
:10B3900064745D20696E6974206D6F64282564296A
:10B3A0002C746D282564732900666C6173685F6175
:10B3B00069726F68615F706167655F6C61796F75F5
:10B3C000742072657475726E202825642C20307884
:10B3D0002558290D0A004572617365206661696C04
:10B3E0002061742030782530386C582825644B292A
:10B3F0000D0A00666C6173685F6169726F68615FF6
:10B40000696E6974207761732063616C6C65642078
:10B41000616E642072657475726E2025640D0A0079
:10B42000466C6173682049443A20307825303258A0
:10B4300020307825303258203078253032580D0AA7
:10B4400000666C6173682D636F6E74726F6C6C65EF
:10B4500072403430303830303030007764745F7A86
:10B4600065706879725F63616C6C6261636B207791
:10B4700061732063616C6C65642077697468206413
:10B4800065763A203078253038580D0A00574454F4
:10B49000204368616E6E656C3A2025640D0A007762
:10B4A00064745F6169726F68615F696E7374616C07
:10B4B0006C5F74696D656F7574207761732063616B
:10B4C0006C6C65640D0A007265745F7265736574F7
:10B4D0005F7374617475732069732025640D0A00AD
:10B4E0007764745F636F6E6669672E7365636F6EF2
:10B4F00064732069732025640D0A0068616C5F77AE
:10B5000064745F72656769737465725F63616C6CA4
:10B510006261636B20636820300D0A0068616C5FB4
:10B520007764745F696E69742072657475726E20D9
:10B5300025640D0A007764745F6169726F68615FEA
:10B540007365747570207761732063616C6C6564DA
:10B550000D0A007764745F7365745F6A7461675F76
:10B560006D61736B207761732063616C6C65640D32
:10B570000A0068616C5F7764745F656E61626C6518
:10B58000207761732063616C6C65642077697468EF
:10B5900020636820300D0A005B6D63755D5B70632E
:10B5A0005D5B735D20202020307825780D0A005BDC
:10B5B0006D63755D5B6C725D5B735D202020203078
:10B5C0007825780D0A005B6D63755D5B70635D5B6C
:10B5D0006E735D202020307825780D0A005B6D6346
:10B5E000755D5B6C725D5B6E735D2020203078252D
:10B5F000780D0A007764745F6169726F68615F64D7
:10B60000697361626C65207761732063616C6C653E
:10B61000640D0A007764745F25645F696E69742045
:10B620007761732063616C6C6564200D0A00776438
:10B63000745F25645F696E697420616E6420726551
:10B640007475726E202564200D0A00727463403494
:10B6500032313030303030005B4149525F434C4B27
:10B660005D206169726F68615F636C6F636B5F63BC
:10B670006F6E74726F6C5F696E69742C20505245E6
:10B680005F4B45524E454C5F312C20494E49545F2B
:10B690005052494F524954592025640D0A005B41CC
:10B6A00049525F434C4B5D206F73635F686F7070EE
:10B6B000696E673A20656E61626C653D25642C2079
:10B6C00072616E67655F7831303030303D25642CB3
:10B6D0002074696D65725F75735F6F6E63653D257C
:10B6E000642C206A756D705F636F64655F6F6E6355
:10B6F000653D25640D0A00636C6F636B4034323026
:10B700003330303030005B4149525F434C4B5D2059
:10B710006169726F68615F6463786F5F696E697495
:10B720002C205052455F4B45524E454C5F322C20E9
:10B73000434F4E4649475F4443584F5F494E495433
:10B740005F5052494F524954592025640D0A005BFD
:10B750004149525F434C4B5D206169726F68615F84
:10B76000647666735F696E69742C205052455F4B36
:10B7700045524E454C5F322C20434F4E4649475F61
:10B78000445646535F494E49545F5052494F5249BF
:10B7900054592025640D0A005B4149525F434C4BCC
:10B7A0005D206169726F68615F647666735F696E60
:10B7B00069745F656E642C204150502C20434F4EBD
:10B7C0004649475F445646535F494E49545F454E8C
:10B7D000445F5052494F524954592025640D0A0084
:10B7E0005B4149525F504D555D206169726F6861E0
:10B7F0005F706D755F696E69742C205052455F4BA8
:10B8000045524E454C5F322C20434F4E4649475FD0
:10B81000504D555F494E49545F5052494F5249541B
:10B82000595B25645D0D0A00706172746974696FFB
:10B830006E5F6964202020206174747220202020B3
:10B8400020202020202020206164647265737320F2
:10B850002020202020202020206C656E6774680D39
:10B860000A003078253038582020202020203078D9
:10B870002530385820202020202030782530385896
:10B88000202020202020203078253038580D0A0034
:10B890005B506172746974696F6E5D20696E766168
:10B8A0006C696420705F726F5F766172005B5061DB
:10B8B00072746974696F6E5D206C6F6769635F6134
:10B8C0006464723A203078253038582C206C656ECC
:10B8D0006774683A203078253038582C20524F4D04
:10B8E0005F424153453A203078253038582C205259
:10B8F0004F4D5F454E443A203078253038582C2043
:10B9000073746172743A203078253038582C206571
:10B910006E643A203078253038582825642C20254C
:10B9200064290D0A005B506172746974696F6E5D01
:10B93000207B20253038782C2025303878207D2039
:10B94000696E20726561642D6F6E6C792070617212
:10B95000746974696F6E207B20253038782C20251F
:10B96000303878207D0D0A0056657273696F6E3A23
:10B970002076302E302E31004275696C6454696D2A
:10B98000653A20323032362F30352F31392030367B
:10B990003A34393A34362055544300676574207080
:10B9A0006172746974696F6E20626567696E206187
:10B9B000646472657373206661696C2C20706172B7
:10B9C000746974696F6E5F747970653A2578006781
:10B9D000657420706172746974696F6E206C656E35
:10B9E000677468206661696C2C2070617274697478
:10B9F000696F6E5F747970653A257800556E6B6E6D
:10BA00006F776E20706172746974696F6E207479DB
:10BA100070653A25640069646C65006D61696E004B
:10BA2000737973776F726B71002C2066756E637417
:10BA3000696F6E3A2000617373657274696F6E206E
:10BA400022257322206661696C65643A2066696C00
:10BA50006520222573222C206C696E6520256425C3
:10BA60007325730A00002020202020202020202879
:10BA700028282828202020202020202020202020A6
:10BA800020202020202088101010101010101010DE
:10BA9000101010101010040404040404040404041E
:10BAA000101010101010104141414141410101019D
:10BAB0000101010101010101010101010101010176
:10BAC0000110101010101042424242424202020283
:10BAD0000202020202020202020202020202020246
:10BAE00002101010102000000000000000000000F4
:10BAF0000000000000000000000000000000000046
:10BB00000000000000000000000000000000000035
:10BB10000000000000000000000000000000000025
:10BB20000000000000000000000000000000000015
:10BB30000000000000000000000000000000000005
:10BB400000000000000000000000000000000000F5
:10BB500000000000000000000000000000000000E5
:10BB6000000000000000232D302B2000686C4C00EA
:10BB700065666745464700303132333435363738ED
:10BB8000394142434445460030313233343536374B
:0CBB9000383961626364656600000000E3
:10BB9C0001000000FFFFFFFF156500045F54000467
:10BBAC0063540004C0C204001A04000060EA0000E0
:10BBBC000206030400000101FFFFFFFF1027000035
:10BBCC00FFFFFFFF0000104205000000FFFFFFFF1A
:10BBDC000100000003000000000000000000000055
:10BBEC00295B0004155B000400000000015B0004ED
:10BBFC00075B00043D5B0004435B00040100000094
:10BC0C000CBC00040CBC000418BC000400000000B8
:10BC1C00E8A60004C8A60004A8A6000400000000C2
:10BC2C000000000000000000000000000000000008
:10BC3C0000000000000000000000000000000000F8
:10BC4C0000000000000000000000000000000000E8
:10BC5C0000000000000000000000000000000000D8
:10BC6C00000000000000000000000000FFFF0000CA
:10BC7C0000010101E8070000FB0A000000000000C1
:10BC8C000000000000000000000000FF00000000A9
:10BC9C000000000000000000000000000000000098
:04BCAC000000000094
:08BCB00000000000000000008C
:10BCB8000000000050F10004002000000000000017
:08BCC800000000000000000074
:10BCD000D0BC0004D0BC0004000000000000000044
:10BCE0000E00000000000000E8BC0004E8BC0004F6
:10BCF00000000000000000000E0000000000000036
:10BD000000BD000400BD00040000000000000000B1
:08BD10000E000000000000001D
:0400000504000001F2
:00000001FF
