-- west build: generating a build system
Loading Zephyr module(s) (Zephyr base): sysbuild_default
-- Found Python3: /usr/bin/python3 (found suitable version "3.10.12", minimum required is "3.10") found components: Interpreter 
-- Cache files will be written to: /home/user/.cache/zephyr
-- Found west (found suitable version "1.2.0", minimum required is "0.14.0")
-- Board: ab1623m_evk, qualifiers: ab1623m
Parsing /workdir/zephyr/share/sysbuild/Kconfig
Loaded configuration '/workdir/out/ab1623m_evk/hid_ref_mouse_m20/_sysbuild/empty.conf'
Merged configuration '/workdir/airoha/mcu/applications/hid_device_ref_design_mouse/config/ab1623m_evk/sysbuild_with_mcuboot.conf'
Configuration saved to '/workdir/out/ab1623m_evk/hid_ref_mouse_m20/zephyr/.config'
Kconfig header saved to '/workdir/out/ab1623m_evk/hid_ref_mouse_m20/_sysbuild/autoconf.h'
[Airoha] AIR_SYSBUILD_PATH: /workdir/airoha/mcu/boards/airoha/ab1623m_evk/../../../cmake/sysbuild
[Airoha][Build] SYSBUILD_START_TIME_IN_SEC: 1778653923
[Airoha] IMAGES: 
[Airoha] DEFAULT_IMAGE: hid_device_ref_design_mouse
[Airoha] SYSBUILD_IMAGES: hid_device_ref_design_mouse;mcuboot
[Airoha][Footprint] script(/workdir/airoha/mcu/cmake/sysbuild/../../scripts/scripts_protected/memory_utility/footprint_v2/footprint.py) not exist
-- 
   *****************************
   * Running CMake for mcuboot *
   *****************************

Loading Zephyr default modules (Zephyr base).
-- Application: /workdir/airoha/mcu/applications/mcuboot/boot/zephyr
-- CMake version: 3.22.1
-- Found Python3: /usr/bin/python (found suitable version "3.10.12", minimum required is "3.10") found components: Interpreter 
-- Cache files will be written to: /home/user/.cache/zephyr
-- Zephyr version: 3.7.1 (/workdir/zephyr)
-- Found west (found suitable version "1.2.0", minimum required is "0.14.0")
-- Board: ab1623m_evk, qualifiers: ab1623m
-- Found host-tools: zephyr 0.16.9 (/opt/toolchains/zephyr-sdk-0.16.9)
-- Found toolchain: zephyr 0.16.9 (/opt/toolchains/zephyr-sdk-0.16.9)
-- Found Dtc: /opt/toolchains/zephyr-sdk-0.16.9/sysroots/x86_64-pokysdk-linux/usr/bin/dtc (found suitable version "1.6.0", minimum required is "1.4.6") 
-- Found BOARD.dts: /workdir/airoha/mcu/boards/airoha/ab1623m_evk/ab1623m_evk.dts
-- Found devicetree overlay: config/ab162x_evb/mcuboot.overlay
unit address and first address in 'reg' (0x420b0000) don't match for /soc/gpio@420b0004
-- Generated zephyr.dts: /workdir/out/ab1623m_evk/hid_ref_mouse_m20/mcuboot/zephyr/zephyr.dts
-- Generated devicetree_generated.h: /workdir/out/ab1623m_evk/hid_ref_mouse_m20/mcuboot/zephyr/include/generated/zephyr/devicetree_generated.h
-- Including generated dts.cmake file: /workdir/out/ab1623m_evk/hid_ref_mouse_m20/mcuboot/zephyr/dts.cmake
/workdir/out/ab1623m_evk/hid_ref_mouse_m20/mcuboot/zephyr/zephyr.dts:161.26-164.5: Warning (simple_bus_reg): /soc/airoha_hci: missing or empty reg/ranges property
/workdir/out/ab1623m_evk/hid_ref_mouse_m20/mcuboot/zephyr/zephyr.dts:235.25-244.5: Warning (simple_bus_reg): /soc/gpio@420b0004: simple-bus unit address format error, expected "420b0000"
/workdir/out/ab1623m_evk/hid_ref_mouse_m20/mcuboot/zephyr/zephyr.dts:245.27-275.5: Warning (simple_bus_reg): /soc/pin-controller: missing or empty reg/ranges property

warning: BOOT_SIGNATURE_TYPE_RSA_LEN (defined at
/workdir/airoha/mcu/applications/mcuboot/boot/zephyr/Kconfig:98) was assigned the value '3072' but
got the value ''. Check these unsatisfied dependencies: BOOT_SIGNATURE_TYPE_RSA (=n). See
http://docs.zephyrproject.org/latest/kconfig.html#CONFIG_BOOT_SIGNATURE_TYPE_RSA_LEN and/or look up
BOOT_SIGNATURE_TYPE_RSA_LEN in the menuconfig/guiconfig interface. The Application Development
Primer, Setting Configuration Values, and Kconfig - Tips and Best Practices sections of the manual
might be helpful too.


warning: COMMON_LIBC_MALLOC_ARENA_SIZE (defined at soc/mediatek/mtk_adsp/Kconfig.defconfig:41,
modules/hostap/Kconfig:26, modules/hostap/Kconfig:26, modules/hostap/Kconfig:26,
lib/libc/common/Kconfig:26) was assigned the value '0' but got the value ''. Check these unsatisfied
dependencies: (SOC_FAMILY_MTK_ADSP || WIFI_NM_WPA_SUPPLICANT || WIFI_NM_WPA_SUPPLICANT ||
(WIFI_NM_WPA_SUPPLICANT && 0) || COMMON_LIBC_MALLOC) (=n). See
http://docs.zephyrproject.org/latest/kconfig.html#CONFIG_COMMON_LIBC_MALLOC_ARENA_SIZE and/or look
up COMMON_LIBC_MALLOC_ARENA_SIZE in the menuconfig/guiconfig interface. The Application Development
Primer, Setting Configuration Values, and Kconfig - Tips and Best Practices sections of the manual
might be helpful too.


warning: AIR_EXCEPTION_HANDLER_ENABLE (defined at
/workdir/airoha/mcu/prebuilt/system/ab162x/exception_handler/kconfig_series/Kconfig.ab162x:33) was
assigned the value 'y' but got the value 'n'. Check these unsatisfied dependencies: AIR_CCNI (=n),
AIR_HW_SEMAPHORE (=n), AIR_LOGGING_ENABLE (=n). See
http://docs.zephyrproject.org/latest/kconfig.html#CONFIG_AIR_EXCEPTION_HANDLER_ENABLE and/or look up
AIR_EXCEPTION_HANDLER_ENABLE in the menuconfig/guiconfig interface. The Application Development
Primer, Setting Configuration Values, and Kconfig - Tips and Best Practices sections of the manual
might be helpful too.


warning: AIR_ONLINE_SWLA_ENABLE (defined at
/workdir/airoha/mcu/prebuilt/system/ab162x/swla/Kconfig:45) was assigned the value 'y' but got the
value 'n'. Check these unsatisfied dependencies: AIR_SWLA_ENABLE (=n), AIR_ONLINE_DUMP_ENABLE (=n).
See http://docs.zephyrproject.org/latest/kconfig.html#CONFIG_AIR_ONLINE_SWLA_ENABLE and/or look up
AIR_ONLINE_SWLA_ENABLE in the menuconfig/guiconfig interface. The Application Development Primer,
Setting Configuration Values, and Kconfig - Tips and Best Practices sections of the manual might be
helpful too.


warning: AIR_ONLINE_DUMP_ENABLE (defined at
/workdir/airoha/mcu/prebuilt/system/ab162x/system_online_dump/Kconfig:36) was assigned the value 'y'
but got the value 'n'. Check these unsatisfied dependencies: AIR_MUX_ENABLE (=n), AIR_SWLA_ENABLE
(=n). See http://docs.zephyrproject.org/latest/kconfig.html#CONFIG_AIR_ONLINE_DUMP_ENABLE and/or
look up AIR_ONLINE_DUMP_ENABLE in the menuconfig/guiconfig interface. The Application Development
Primer, Setting Configuration Values, and Kconfig - Tips and Best Practices sections of the manual
might be helpful too.


warning: The choice symbol MCUBOOT_LOG_LEVEL_WRN (defined at
subsys/logging/Kconfig.template.log_config:14) was selected (set =y), but no symbol ended up as the
choice selection. See http://docs.zephyrproject.org/latest/kconfig.html#CONFIG_MCUBOOT_LOG_LEVEL_WRN
and/or look up MCUBOOT_LOG_LEVEL_WRN in the menuconfig/guiconfig interface. The Application
Development Primer, Setting Configuration Values, and Kconfig - Tips and Best Practices sections of
the manual might be helpful too.


warning: The choice symbol EXTERNAL_CACHE (defined at arch/Kconfig:1057) was selected (set =y), but
no symbol ended up as the choice selection. See
http://docs.zephyrproject.org/latest/kconfig.html#CONFIG_EXTERNAL_CACHE and/or look up
EXTERNAL_CACHE in the menuconfig/guiconfig interface. The Application Development Primer, Setting
Configuration Values, and Kconfig - Tips and Best Practices sections of the manual might be helpful
too.

Parsing /workdir/airoha/mcu/applications/mcuboot/boot/zephyr/Kconfig
Loaded configuration '/workdir/airoha/mcu/boards/airoha/ab1623m_evk/ab1623m_evk_defconfig'
Merged configuration '/workdir/airoha/mcu/applications/mcuboot/boot/zephyr/config/ab162x_evb/air_mcuboot.conf'
Merged configuration '/workdir/out/ab1623m_evk/hid_ref_mouse_m20/mcuboot/zephyr/.config.sysbuild'
Configuration saved to '/workdir/out/ab1623m_evk/hid_ref_mouse_m20/mcuboot/zephyr/.config'
Kconfig header saved to '/workdir/out/ab1623m_evk/hid_ref_mouse_m20/mcuboot/zephyr/include/generated/zephyr/autoconf.h'
-- Found GnuLd: /opt/toolchains/zephyr-sdk-0.16.9/arm-zephyr-eabi/arm-zephyr-eabi/bin/ld.bfd (found version "2.38") 
-- The C compiler identification is GNU 12.2.0
-- The CXX compiler identification is GNU 12.2.0
-- The ASM compiler identification is GNU
-- Found assembler: /opt/toolchains/zephyr-sdk-0.16.9/arm-zephyr-eabi/bin/arm-zephyr-eabi-gcc
CMake Warning at /workdir/zephyr/CMakeLists.txt:541 (message):
  ZEPHYR_BASE=/workdir/zephyr doesn't appear to be a git repository, please
  specify '-DBUILD_VERSION=<version>'


[Airoha] soc/airoha/ab162x/CMakeLists.txt was included!
[Airoha] variable SOC_LINKER_SCRIPT is /workdir/airoha/mcu/soc/airoha/ab162x/linker.ld
[Airoh] CMakeLists.txt in boards/airoha/ab1623m_evk was inclueded!
-- Using ccache: /usr/local/bin/ccache
-- ZEPHYR_VERSION_CODE: 198401
-- KERNELVERSION: 0x3070100
-- KERNEL_VERSION_NUMBER: 0x30701
[Airoha] AIR_PREBUILT_LIB_ROOT: /workdir/airoha/mcu/prebuilt
[Airoha] AIR_MODULE_OUT_PATH: /workdir/out/ab1623m_evk/hid_ref_mouse_m20/mcuboot/modules/airoha
[Airoha] APPLICATION_BINARY_DIR: /workdir/out/ab1623m_evk/hid_ref_mouse_m20/mcuboot
[Airoha] AIR_ROOT_DIR: /workdir/airoha/mcu
[Airoha] AIR_COMMON_ROOT_DIR: 
[Airoha] Create directory /workdir/out/ab1623m_evk/hid_ref_mouse_m20/mcuboot/download
[Airoha] AIR_COMMON_ROOT_DIR: /workdir/airoha/common
CMake Warning at /workdir/zephyr/CMakeLists.txt:915 (message):
  No SOURCES given to Zephyr library: ..__airoha__mcu__subsys__airoha__argb

  Excluding target from build.


CMake Warning at /workdir/zephyr/CMakeLists.txt:915 (message):
  No SOURCES given to Zephyr library: ..__airoha__mcu__subsys__airoha__led

  Excluding target from build.


CMake Warning at /workdir/zephyr/CMakeLists.txt:915 (message):
  No SOURCES given to Zephyr library: ..__airoha__mcu__subsys__airoha__rgb

  Excluding target from build.


MCUBoot bootloader key file: /workdir/airoha/mcu/applications/mcuboot/private_secure_boot_3k.pem
-- Configuring done
-- Generating done
-- Build files have been written to: /workdir/out/ab1623m_evk/hid_ref_mouse_m20/mcuboot
-- 
   *************************************************
   * Running CMake for hid_device_ref_design_mouse *
   *************************************************

Loading Zephyr default modules (Zephyr base).
-- Application: /workdir/airoha/mcu/applications/hid_device_ref_design_mouse
-- CMake version: 3.22.1
-- Found Python3: /usr/bin/python (found suitable version "3.10.12", minimum required is "3.10") found components: Interpreter 
-- Cache files will be written to: /home/user/.cache/zephyr
-- Zephyr version: 3.7.1 (/workdir/zephyr)
-- Found west (found suitable version "1.2.0", minimum required is "0.14.0")
-- Board: ab1623m_evk, qualifiers: ab1623m
-- Found host-tools: zephyr 0.16.9 (/opt/toolchains/zephyr-sdk-0.16.9)
-- Found toolchain: zephyr 0.16.9 (/opt/toolchains/zephyr-sdk-0.16.9)
-- Found Dtc: /opt/toolchains/zephyr-sdk-0.16.9/sysroots/x86_64-pokysdk-linux/usr/bin/dtc (found suitable version "1.6.0", minimum required is "1.4.6") 
-- Found BOARD.dts: /workdir/airoha/mcu/boards/airoha/ab1623m_evk/ab1623m_evk.dts
-- Found devicetree overlay: config/ab1623m_evk/hid_device_ref_design_mouse_m20.overlay
unit address and first address in 'reg' (0x420b0000) don't match for /soc/gpio@420b0004
-- Generated zephyr.dts: /workdir/out/ab1623m_evk/hid_ref_mouse_m20/hid_device_ref_design_mouse/zephyr/zephyr.dts
-- Generated devicetree_generated.h: /workdir/out/ab1623m_evk/hid_ref_mouse_m20/hid_device_ref_design_mouse/zephyr/include/generated/zephyr/devicetree_generated.h
-- Including generated dts.cmake file: /workdir/out/ab1623m_evk/hid_ref_mouse_m20/hid_device_ref_design_mouse/zephyr/dts.cmake
/workdir/out/ab1623m_evk/hid_ref_mouse_m20/hid_device_ref_design_mouse/zephyr/zephyr.dts:162.26-165.5: Warning (simple_bus_reg): /soc/airoha_hci: missing or empty reg/ranges property
/workdir/out/ab1623m_evk/hid_ref_mouse_m20/hid_device_ref_design_mouse/zephyr/zephyr.dts:236.25-245.5: Warning (simple_bus_reg): /soc/gpio@420b0004: simple-bus unit address format error, expected "420b0000"
/workdir/out/ab1623m_evk/hid_ref_mouse_m20/hid_device_ref_design_mouse/zephyr/zephyr.dts:246.27-334.5: Warning (simple_bus_reg): /soc/pin-controller: missing or empty reg/ranges property

warning: COMMON_LIBC_MALLOC_ARENA_SIZE (defined at soc/mediatek/mtk_adsp/Kconfig.defconfig:41,
modules/hostap/Kconfig:26, modules/hostap/Kconfig:26, modules/hostap/Kconfig:26,
lib/libc/common/Kconfig:26) was assigned the value '0' but got the value ''. Check these unsatisfied
dependencies: (SOC_FAMILY_MTK_ADSP || WIFI_NM_WPA_SUPPLICANT || WIFI_NM_WPA_SUPPLICANT ||
(WIFI_NM_WPA_SUPPLICANT && 0) || COMMON_LIBC_MALLOC) (=n). See
http://docs.zephyrproject.org/latest/kconfig.html#CONFIG_COMMON_LIBC_MALLOC_ARENA_SIZE and/or look
up COMMON_LIBC_MALLOC_ARENA_SIZE in the menuconfig/guiconfig interface. The Application Development
Primer, Setting Configuration Values, and Kconfig - Tips and Best Practices sections of the manual
might be helpful too.


warning: AIR_ONLINE_SWLA_ENABLE (defined at
/workdir/airoha/mcu/prebuilt/system/ab162x/swla/Kconfig:45) was assigned the value 'y' but got the
value 'n'. Check these unsatisfied dependencies: AIR_SWLA_ENABLE (=n), AIR_ONLINE_DUMP_ENABLE (=n).
See http://docs.zephyrproject.org/latest/kconfig.html#CONFIG_AIR_ONLINE_SWLA_ENABLE and/or look up
AIR_ONLINE_SWLA_ENABLE in the menuconfig/guiconfig interface. The Application Development Primer,
Setting Configuration Values, and Kconfig - Tips and Best Practices sections of the manual might be
helpful too.


warning: AIR_ONLINE_DUMP_ENABLE (defined at
/workdir/airoha/mcu/prebuilt/system/ab162x/system_online_dump/Kconfig:36) was assigned the value 'y'
but got the value 'n'. Check these unsatisfied dependencies: AIR_SWLA_ENABLE (=n). See
http://docs.zephyrproject.org/latest/kconfig.html#CONFIG_AIR_ONLINE_DUMP_ENABLE and/or look up
AIR_ONLINE_DUMP_ENABLE in the menuconfig/guiconfig interface. The Application Development Primer,
Setting Configuration Values, and Kconfig - Tips and Best Practices sections of the manual might be
helpful too.


warning: TINYCRYPT_SHA256 (defined at modules/Kconfig.tinycrypt:22) was assigned the value 'n' but
got the value 'y'. See http://docs.zephyrproject.org/latest/kconfig.html#CONFIG_TINYCRYPT_SHA256
and/or look up TINYCRYPT_SHA256 in the menuconfig/guiconfig interface. The Application Development
Primer, Setting Configuration Values, and Kconfig - Tips and Best Practices sections of the manual
might be helpful too.


warning: MCUBOOT_SIGNATURE_KEY_FILE (defined at modules/Kconfig.mcuboot:50) was assigned the value
'/workdir/airoha/mcu/applications/mcuboot/private_secure_boot_3k.pem' but got the value ''. Check
these unsatisfied dependencies: (!MCUBOOT_GENERATE_UNSIGNED_IMAGE) (=n). See
http://docs.zephyrproject.org/latest/kconfig.html#CONFIG_MCUBOOT_SIGNATURE_KEY_FILE and/or look up
MCUBOOT_SIGNATURE_KEY_FILE in the menuconfig/guiconfig interface. The Application Development
Primer, Setting Configuration Values, and Kconfig - Tips and Best Practices sections of the manual
might be helpful too.


warning: POLL (defined at kernel/Kconfig:671) was assigned the value 'n' but got the value 'y'. See
http://docs.zephyrproject.org/latest/kconfig.html#CONFIG_POLL and/or look up POLL in the
menuconfig/guiconfig interface. The Application Development Primer, Setting Configuration Values,
and Kconfig - Tips and Best Practices sections of the manual might be helpful too.


warning: MCUBOOT_UPDATE_FOOTER_SIZE (defined at subsys/dfu/Kconfig:54) was assigned the value
'0x1000' but got the value ''. Check these unsatisfied dependencies: MCUBOOT_IMG_MANAGER (=n),
IMG_MANAGER (=n). See
http://docs.zephyrproject.org/latest/kconfig.html#CONFIG_MCUBOOT_UPDATE_FOOTER_SIZE and/or look up
MCUBOOT_UPDATE_FOOTER_SIZE in the menuconfig/guiconfig interface. The Application Development
Primer, Setting Configuration Values, and Kconfig - Tips and Best Practices sections of the manual
might be helpful too.

Parsing /workdir/airoha/mcu/applications/hid_device_ref_design_mouse/Kconfig
Loaded configuration '/workdir/airoha/mcu/boards/airoha/ab1623m_evk/ab1623m_evk_defconfig'
Merged configuration '/workdir/airoha/mcu/applications/hid_device_ref_design_mouse/config/ab1623m_evk/hid_device_ref_design_mouse_m20.conf'
Merged configuration '/workdir/out/ab1623m_evk/hid_ref_mouse_m20/hid_device_ref_design_mouse/zephyr/.config.sysbuild'
Configuration saved to '/workdir/out/ab1623m_evk/hid_ref_mouse_m20/hid_device_ref_design_mouse/zephyr/.config'
Kconfig header saved to '/workdir/out/ab1623m_evk/hid_ref_mouse_m20/hid_device_ref_design_mouse/zephyr/include/generated/zephyr/autoconf.h'
-- Found GnuLd: /opt/toolchains/zephyr-sdk-0.16.9/arm-zephyr-eabi/arm-zephyr-eabi/bin/ld.bfd (found version "2.38") 
-- The C compiler identification is GNU 12.2.0
-- The CXX compiler identification is GNU 12.2.0
-- The ASM compiler identification is GNU
-- Found assembler: /opt/toolchains/zephyr-sdk-0.16.9/arm-zephyr-eabi/bin/arm-zephyr-eabi-gcc
CMake Warning at /workdir/zephyr/CMakeLists.txt:541 (message):
  ZEPHYR_BASE=/workdir/zephyr doesn't appear to be a git repository, please
  specify '-DBUILD_VERSION=<version>'


[Airoha] soc/airoha/ab162x/CMakeLists.txt was included!
[Airoha] variable SOC_LINKER_SCRIPT is /workdir/airoha/mcu/soc/airoha/ab162x/linker.ld
-- 
-- [Airoha] AIR_ROOT_DIR at /workdir/airoha/mcu/soc/airoha/ab162x/../../..
-- [Airoha] CONFIG_AIR_RISCV_ROOT_PATH is ../risc-v
-- [Airoha] CONFIG_AIR_RISCV_FEATURE is config/hid_ref_mouse_m20.mk
-- [Airoha] CONFIG_AIR_RISCV_PROJ_PATH is projects/applications/mouse_ref_design
-- [Airoha] RISCV_PROJ_PATH is projects/applications/mouse_ref_design
-- [Airoha] RISCV_FEATURE is config/hid_ref_mouse_m20.mk
-- [Airoha] RISCV_PROJ_ABBR is mouse_ref_design
-- [Airoha] RISCV_FEATURE_ABBR is hid_ref_mouse_m20
[Airoha] Create directory /workdir/out/ab1623m_evk/hid_ref_mouse_m20/hid_device_ref_design_mouse/riscv/mouse_ref_design/hid_ref_mouse_m20
-- [Airoha] riscv output: /workdir/out/ab1623m_evk/hid_ref_mouse_m20/hid_device_ref_design_mouse/riscv/mouse_ref_design/hid_ref_mouse_m20/riscv.bin
-- [Airoha] riscv output: /workdir/out/ab1623m_evk/hid_ref_mouse_m20/hid_device_ref_design_mouse/riscv/mouse_ref_design/hid_ref_mouse_m20/riscv.c
CMake Warning at /workdir/airoha/mcu/cmake/common/air_chip.cmake:48 (message):
  [Airoha][nvkey] /soc/common/exception_handler/nvkey.xml not exist.
Call Stack (most recent call first):
  /workdir/airoha/mcu/soc/airoha/common/exception_handler/CMakeLists.txt:39 (airoha_nvkey_append_xml)


[Airoh] CMakeLists.txt in boards/airoha/ab1623m_evk was inclueded!
-- Using ccache: /usr/local/bin/ccache
-- ZEPHYR_VERSION_CODE: 198401
-- KERNELVERSION: 0x3070100
-- KERNEL_VERSION_NUMBER: 0x30701
[Airoha] AIR_PREBUILT_LIB_ROOT: /workdir/airoha/mcu/prebuilt
[Airoha] AIR_MODULE_OUT_PATH: /workdir/out/ab1623m_evk/hid_ref_mouse_m20/hid_device_ref_design_mouse/modules/airoha
[Airoha] APPLICATION_BINARY_DIR: /workdir/out/ab1623m_evk/hid_ref_mouse_m20/hid_device_ref_design_mouse
[Airoha] AIR_ROOT_DIR: /workdir/airoha/mcu
[Airoha] AIR_COMMON_ROOT_DIR: 
[Airoha] CONFIG_SETTINGS_NVS_SECTOR_COUNT is 10
[Airoha] CONFIG_STORAGE_PARTITION_SIZE is 40
[Airoha] NVKEY_FILE_LIST is /workdir/airoha/mcu/soc/airoha/ab162x/nvkey.xml;/workdir/airoha/mcu/boards/airoha/ab1623m_evk/nvkey.xml
[Airoha] GEN_DEFAULT_NVS_BIN is y
/workdir/airoha/mcu/subsys/airoha/bluetooth/controller/pka_protected is empty. Prebuilt libpka_zephyrle_asic.a is used
[Airoha] Create directory /workdir/out/ab1623m_evk/hid_ref_mouse_m20/hid_device_ref_design_mouse/download
CMake Warning at /workdir/airoha/mcu/cmake/common/air_chip.cmake:48 (message):
  [Airoha][nvkey] /workdir/airoha/mcu/subsys/airoha/logging/nvkey.xml not
  exist.
Call Stack (most recent call first):
  /workdir/airoha/mcu/prebuilt/system/ab162x/logging/CMakeLists.txt:45 (airoha_nvkey_append_xml)


[Airoha] AIR_COMMON_ROOT_DIR: /workdir/airoha/common
CMake Warning at /workdir/zephyr/CMakeLists.txt:915 (message):
  No SOURCES given to Zephyr library: drivers__usb__device

  Excluding target from build.


CMake Warning at /workdir/zephyr/CMakeLists.txt:915 (message):
  No SOURCES given to Zephyr library: drivers__entropy

  Excluding target from build.


CMake Warning at /workdir/zephyr/CMakeLists.txt:915 (message):
  No SOURCES given to Zephyr library: drivers__gpio

  Excluding target from build.


CMake Warning at /workdir/zephyr/CMakeLists.txt:915 (message):
  No SOURCES given to Zephyr library: drivers__serial

  Excluding target from build.


CMake Warning at /workdir/zephyr/CMakeLists.txt:915 (message):
  No SOURCES given to Zephyr library: drivers__spi

  Excluding target from build.


CMake Warning at /workdir/zephyr/CMakeLists.txt:915 (message):
  No SOURCES given to Zephyr library:
  ..__airoha__mcu__subsys__airoha__bluetooth__host

  Excluding target from build.


CMake Warning at /workdir/zephyr/CMakeLists.txt:915 (message):
  No SOURCES given to Zephyr library:
  ..__airoha__mcu__prebuilt__system__ab162x__offline_dump

  Excluding target from build.


CMake Warning at /workdir/zephyr/CMakeLists.txt:915 (message):
  No SOURCES given to Zephyr library: ..__airoha__mcu__subsys__airoha__argb

  Excluding target from build.


CMake Warning at /workdir/zephyr/CMakeLists.txt:915 (message):
  No SOURCES given to Zephyr library:
  ..__airoha__mcu__prebuilt__system__ab162x__logging

  Excluding target from build.


CMake Warning at /workdir/zephyr/CMakeLists.txt:915 (message):
  No SOURCES given to Zephyr library:
  ..__airoha__mcu__prebuilt__system__ab162x__exception_handler

  Excluding target from build.


CMake Warning at /workdir/zephyr/CMakeLists.txt:915 (message):
  No SOURCES given to Zephyr library: ..__airoha__mcu__subsys__airoha__led

  Excluding target from build.


-- Including signing script: /workdir/zephyr/cmake/mcuboot.cmake
CMake Warning at /workdir/zephyr/CMakeLists.txt:2094 (message):
  __ASSERT() statements are globally ENABLED


-- [Airoha][NVKey] NVKEY_FILE 1: airoha/mcu/soc/airoha/ab162x/nvkey.xml
-- [Airoha][NVKey] NVKEY_FILE 2: airoha/mcu/boards/airoha/ab1623m_evk/nvkey.xml
-- [Airoha][NVKey] NVKEY_FILE 3: airoha/mcu/subsys/airoha/pka/nvdm/nvkey.xml
-- [Airoha][NVKey] NVKEY_FILE 4: airoha/mcu/prebuilt/system/ab162x/exception_handler/nvkey.xml
-- [Airoha][NVKey] NVKEY_FILE 5: airoha/mcu/subsys/airoha/battery_management/nvkey.xml
-- [Airoha][NVKey] NVKEY_FILE 6: airoha/mcu/applications/hid_device_ref_design_mouse/config/ab1623m_evk/hid_device_ref_design_mouse_m20_nvkey.xml
-- [Airoha][NVKey][MP] NVKEY_FILE 1: airoha/mcu/soc/airoha/ab162x/nvkey.xml
-- [Airoha][NVKey][MP] NVKEY_FILE 2: airoha/mcu/boards/airoha/ab1623m_evk/nvkey.xml
-- [Airoha][NVKey][MP] NVKEY_FILE 3: airoha/mcu/subsys/airoha/pka/nvdm/nvkey.xml
-- [Airoha][NVKey][MP] NVKEY_FILE 4: airoha/mcu/prebuilt/system/ab162x/exception_handler/nvkey.xml
-- [Airoha][NVKey][MP] NVKEY_FILE 5: airoha/mcu/subsys/airoha/battery_management/nvkey.xml
-- [Airoha][NVKey][MP] NVKEY_FILE 6: airoha/mcu/applications/hid_device_ref_design_mouse/config/ab1623m_evk/hid_device_ref_design_mouse_m20_nvkey.xml
-- [Airoha][NVKey][MP] NVKEY_FILE 7: airoha/mcu/soc/airoha/common/exception_handler/nvkey_release.xml
-- Configuring done
-- Generating done
-- Build files have been written to: /workdir/out/ab1623m_evk/hid_ref_mouse_m20/hid_device_ref_design_mouse
-- Configuring done
-- Generating done
-- Build files have been written to: /workdir/out/ab1623m_evk/hid_ref_mouse_m20
-- west build: building application
[1/22] Creating directories for 'hid_device_ref_design_mouse'
[2/22] Creating directories for 'mcuboot'
[3/22] No download step for 'hid_device_ref_design_mouse'
[4/22] No download step for 'mcuboot'
[5/22] No update step for 'hid_device_ref_design_mouse'
[6/22] No update step for 'mcuboot'
[7/22] No patch step for 'hid_device_ref_design_mouse'
[8/22] No patch step for 'mcuboot'
[9/22] No configure step for 'hid_device_ref_design_mouse'
[9/22] Performing build step for 'hid_device_ref_design_mouse'
[1/538] Preparing syscall dependency handling

[2/538] Generating include/generated/zephyr/version.h
-- git describe failed: fatal: Not a valid object name HEAD
-- Zephyr version: 3.7.1 (/workdir/zephyr), build: 
[3/538] Generating misc/generated/syscalls_subdirs.trigger
[4/538] [Airoha] Generating flash_download.cfg for airoha's download tool...
[5/538] [Airoha] Generating partition table for airoha's boot flow
[6/538] [Airoha][NVKey] Merge the input xml into one full nvkey.xml, and if there are dumplicate items, prompt or overwrite them according to project's policy.
[7/538] [Airoha][NVKey] Executing nvs_post_build target to generate storage binary data for downloading default NVS data
NVS PostBuildTool v1.0.0
======================initialized======================
append XML file: /workdir/out/ab1623m_evk/hid_ref_mouse_m20/hid_device_ref_design_mouse/download/nvkey.xml
33 NV added.
parse 1 xml done.
Generate NVS image.
Successfully merge 34 NVKEYs and generate a NVS image of 40 KBytes
/workdir/out/ab1623m_evk/hid_ref_mouse_m20/hid_device_ref_design_mouse/download/nvs.bin
/workdir/out/ab1623m_evk/hid_ref_mouse_m20/hid_device_ref_design_mouse/download/nvkey_ota.c
[8/538] [Airoha][NVKey] Merge the input xml into one full nvkey_release.xml, and if there are dumplicate items, prompt or overwrite them according to project's policy.
[9/538] [Airoha][NVKey] Executing nvs_release_post_build target to generate storage_release.bin for downloading default NVS data with MP flag
NVS PostBuildTool v1.0.0
======================initialized======================
append XML file: /workdir/out/ab1623m_evk/hid_ref_mouse_m20/hid_device_ref_design_mouse/download/nvkey_release.xml
33 NV added.
parse 1 xml done.
Generate NVS image.
Successfully merge 34 NVKEYs and generate a NVS image of 40 KBytes
/workdir/out/ab1623m_evk/hid_ref_mouse_m20/hid_device_ref_design_mouse/download/nvs.bin
/workdir/out/ab1623m_evk/hid_ref_mouse_m20/hid_device_ref_design_mouse/download/nvkey_ota.c
[10/538] Generating misc/generated/syscalls.json, misc/generated/struct_tags.json
[11/538] Generating include/generated/zephyr/syscall_dispatch.c, include/generated/zephyr/syscall_list.h
[12/538] Generating include/generated/zephyr/driver-validation.h
[13/538] Generating include/generated/zephyr/kobj-types-enum.h, include/generated/zephyr/otype-to-str.h, include/generated/zephyr/otype-to-size.h
[14/538] Building C object zephyr/CMakeFiles/offsets.dir/arch/arm/core/offsets/offsets.c.obj
[15/538] Generating include/generated/zephyr/offsets.h
[16/538] Building C object CMakeFiles/app.dir/src/app/app_output/app_led.c.obj
[17/538] Building C object CMakeFiles/app.dir/src/app/app_framework_events/af_events_declaration.c.obj
[18/538] Building C object CMakeFiles/app.dir/src/app/app_debug/fake_report_table_square_100.c.obj
[19/538] Building C object CMakeFiles/app.dir/src/app/app_input/app_sw_debounce.c.obj
[20/538] Building C object CMakeFiles/app.dir/src/app/app_debug/fake_report_table_circle_1000.c.obj
[21/538] Building C object CMakeFiles/app.dir/src/app/app_debug/app_la_debug.c.obj
[22/538] Building C object CMakeFiles/app.dir/src/app/app_output/app_irpt.c.obj
[23/538] Building C object CMakeFiles/app.dir/src/main.c.obj
[24/538] Building C object CMakeFiles/app.dir/src/app/app_utility/app_factory_reset_mouse.c.obj
[25/538] Building C object CMakeFiles/app.dir/src/app/app_state_machine/app_state_mouse.c.obj
[26/538] Building C object CMakeFiles/app.dir/src/app/app_debug/app_fake_report.c.obj
[27/538] Building C object CMakeFiles/app.dir/src/app/app_input/app_wheel.c.obj
[28/538] Building C object CMakeFiles/app.dir/src/app/app_input/app_motion_sensor.c.obj
[29/538] Building C object CMakeFiles/app.dir/workdir/airoha/mcu/applications/general_used/bt-data/src/app/app_input/app_slide_switch.c.obj
[30/538] Building C object CMakeFiles/app.dir/src/app/app_subsys/app_key_remap.c.obj
[31/538] Building C object CMakeFiles/app.dir/src/app/app_utility/app_ccni.c.obj
[32/538] Building C object CMakeFiles/app.dir/src/app/app_input/app_usb_report.c.obj
[33/538] Building C object CMakeFiles/app.dir/src/app/app_utility/app_gpio.c.obj
[34/538] Building C object CMakeFiles/app.dir/src/app/app_utility/app_hogp.c.obj
[35/538] Building C object CMakeFiles/app.dir/src/app/app_utility/app_pin_config_parser.c.obj
[36/538] Building C object zephyr/CMakeFiles/zephyr.dir/lib/crc/crc32c_sw.c.obj
[37/538] Building C object CMakeFiles/app.dir/src/app/app_output/app_rgb.c.obj
[38/538] Building C object CMakeFiles/app.dir/src/app/app_utility/app_battery.c.obj
[39/538] Building C object CMakeFiles/app.dir/src/app/app_utility/app_labtest.c.obj
[40/538] Building C object CMakeFiles/app.dir/src/app/app_custom_protocol/app_custom_protocol.c.obj
[41/538] Building C object CMakeFiles/app.dir/src/app/app_input/app_button.c.obj
[42/538] Building C object CMakeFiles/app.dir/workdir/airoha/mcu/applications/general_used/bt-data/src/app/app_utility/app_nvkey.c.obj
[43/538] Building C object zephyr/CMakeFiles/zephyr.dir/lib/crc/crc32_sw.c.obj
[44/538] Building C object zephyr/CMakeFiles/zephyr.dir/lib/crc/crc24_sw.c.obj
[45/538] Building C object zephyr/CMakeFiles/zephyr.dir/lib/cpp/abi/cpp_dtors.c.obj
[46/538] Building C object zephyr/CMakeFiles/zephyr.dir/lib/cpp/minimal/cpp_virtual.c.obj
[47/538] Building C object CMakeFiles/app.dir/src/app/app_utility/app_race_cmd.c.obj
[48/538] Building C object zephyr/CMakeFiles/zephyr.dir/lib/crc/crc7_sw.c.obj
[49/538] Building C object zephyr/CMakeFiles/zephyr.dir/lib/crc/crc16_sw.c.obj
[50/538] Building C object zephyr/CMakeFiles/zephyr.dir/lib/crc/crc8_sw.c.obj
[51/538] Building C object CMakeFiles/app.dir/workdir/airoha/mcu/applications/general_used/bt-data/src/app/app_utility/app_factory_reset.c.obj
[52/538] Building C object CMakeFiles/app.dir/src/app/app_utility/app_power_manager.c.obj
[53/538] Building CXX object zephyr/CMakeFiles/zephyr.dir/lib/cpp/minimal/cpp_vtable.cpp.obj
[54/538] Building C object CMakeFiles/app.dir/workdir/airoha/mcu/applications/general_used/bt-data/src/app/app_utility/app_user_profile.c.obj
[55/538] Building C object CMakeFiles/app.dir/workdir/airoha/mcu/applications/general_used/bt-data/src/app/app_scenario/app_links.c.obj
[56/538] Building C object CMakeFiles/app.dir/workdir/airoha/mcu/applications/general_used/bt-data/src/app/app_utility/app_fota_status.c.obj
[57/538] Building C object zephyr/CMakeFiles/zephyr.dir/lib/crc/crc4_sw.c.obj
[58/538] Building CXX object zephyr/CMakeFiles/zephyr.dir/lib/cpp/minimal/cpp_new.cpp.obj
[59/538] Building C object CMakeFiles/app.dir/workdir/airoha/mcu/applications/general_used/bt-data/src/app/app_input/app_usb_port.c.obj
[60/538] Building C object zephyr/CMakeFiles/zephyr.dir/lib/heap/heap_stats.c.obj
[61/538] Building C object zephyr/CMakeFiles/zephyr.dir/lib/utils/dec.c.obj
[62/538] Building C object zephyr/CMakeFiles/zephyr.dir/lib/os/thread_entry.c.obj
[63/538] Building C object zephyr/CMakeFiles/zephyr.dir/lib/os/cbprintf.c.obj
[64/538] Building C object zephyr/CMakeFiles/zephyr.dir/lib/os/sem.c.obj
[65/538] Building C object zephyr/CMakeFiles/zephyr.dir/lib/utils/hex.c.obj
[66/538] Building C object zephyr/CMakeFiles/zephyr.dir/lib/os/printk.c.obj
[67/538] Building C object zephyr/CMakeFiles/zephyr.dir/misc/generated/configs.c.obj
[68/538] Building C object zephyr/CMakeFiles/zephyr.dir/lib/utils/timeutil.c.obj
[69/538] Building C object zephyr/CMakeFiles/zephyr.dir/lib/os/assert.c.obj
[70/538] Building C object CMakeFiles/app.dir/workdir/airoha/mcu/applications/general_used/bt-data/src/app/app_scenario/app_scenario.c.obj
[71/538] Building C object zephyr/CMakeFiles/zephyr.dir/subsys/logging/log_cache.c.obj
[72/538] Building C object zephyr/CMakeFiles/zephyr.dir/subsys/mem_mgmt/mem_attr.c.obj
[73/538] Building C object zephyr/CMakeFiles/zephyr.dir/lib/utils/ring_buffer.c.obj
[74/538] Building C object zephyr/CMakeFiles/zephyr.dir/lib/os/cbprintf_packaged.c.obj
[75/538] Building C object zephyr/CMakeFiles/zephyr.dir/subsys/logging/log_msg.c.obj
[76/538] Building C object zephyr/CMakeFiles/zephyr.dir/subsys/pm/state.c.obj
[77/538] Building C object zephyr/CMakeFiles/zephyr.dir/lib/utils/rb.c.obj
[78/538] Building C object zephyr/CMakeFiles/zephyr.dir/lib/heap/heap.c.obj
[79/538] Building C object zephyr/CMakeFiles/zephyr.dir/subsys/random/random_entropy_device.c.obj
[80/538] Building C object zephyr/CMakeFiles/zephyr.dir/subsys/net/lib/utils/addr_utils.c.obj
[81/538] Building C object zephyr/CMakeFiles/zephyr.dir/subsys/storage/flash_map/flash_map_layout.c.obj
[82/538] Building C object zephyr/CMakeFiles/zephyr.dir/subsys/pm/pm.c.obj
[83/538] Building C object zephyr/CMakeFiles/zephyr.dir/subsys/storage/flash_map/flash_map.c.obj
[84/538] Building C object zephyr/CMakeFiles/zephyr.dir/lib/utils/bitarray.c.obj
[85/538] Building C object zephyr/CMakeFiles/zephyr.dir/subsys/logging/log_mgmt.c.obj
[86/538] Building C object zephyr/CMakeFiles/zephyr.dir/subsys/logging/log_core.c.obj
[87/538] Building C object zephyr/CMakeFiles/zephyr.dir/subsys/pm/policy.c.obj
[88/538] Building C object CMakeFiles/app.dir/workdir/airoha/mcu/applications/general_used/bt-data/src/app/app_state_machine/app_state.c.obj
[89/538] Building C object zephyr/CMakeFiles/zephyr.dir/subsys/tracing/user/tracing_user.c.obj
[90/538] Building C object zephyr/CMakeFiles/zephyr.dir/lib/os/cbprintf_complete.c.obj
[91/538] Building C object zephyr/CMakeFiles/zephyr.dir/subsys/bluetooth/services/dis.c.obj
[92/538] Building C object zephyr/CMakeFiles/zephyr.dir/workdir/modules/crypto/tinycrypt/lib/source/utils.c.obj
[93/538] Building C object zephyr/CMakeFiles/zephyr.dir/workdir/modules/crypto/tinycrypt/lib/source/ecc_dh.c.obj
[94/538] Linking C static library app/libapp.a
[95/538] Building C object zephyr/CMakeFiles/zephyr.dir/drivers/flash/flash_util.c.obj
[96/538] Building C object zephyr/CMakeFiles/zephyr.dir/subsys/usb/device/usb_transfer.c.obj
[97/538] Building C object zephyr/CMakeFiles/zephyr.dir/subsys/settings/src/settings_init.c.obj
[98/538] Building C object zephyr/CMakeFiles/zephyr.dir/subsys/settings/src/settings_store.c.obj
[99/538] Building C object zephyr/CMakeFiles/zephyr.dir/workdir/modules/crypto/tinycrypt/lib/source/ctr_mode.c.obj
[100/538] Building C object zephyr/CMakeFiles/zephyr.dir/workdir/modules/crypto/tinycrypt/lib/source/aes_decrypt.c.obj
[101/538] Building C object zephyr/CMakeFiles/zephyr.dir/workdir/modules/crypto/tinycrypt/lib/source/aes_encrypt.c.obj
[102/538] Building C object zephyr/CMakeFiles/zephyr.dir/subsys/settings/src/settings.c.obj
[103/538] Building ASM object zephyr/arch/arch/arm/core/CMakeFiles/arch__arm__core.dir/nmi_on_reset.S.obj
[104/538] Building C object zephyr/CMakeFiles/zephyr.dir/workdir/modules/crypto/tinycrypt/lib/source/hmac.c.obj
[105/538] Building C object zephyr/arch/arch/arm/core/CMakeFiles/arch__arm__core.dir/__aeabi_atexit.c.obj
[106/538] Building C object zephyr/CMakeFiles/zephyr.dir/workdir/modules/crypto/tinycrypt/lib/source/cmac_mode.c.obj
[107/538] Building C object zephyr/CMakeFiles/zephyr.dir/workdir/modules/crypto/tinycrypt/lib/source/hmac_prng.c.obj
[108/538] Building ASM object zephyr/arch/arch/arm/core/cortex_m/CMakeFiles/arch__arm__core__cortex_m.dir/fault_s.S.obj
[109/538] Building C object zephyr/CMakeFiles/zephyr.dir/workdir/modules/crypto/tinycrypt/lib/source/sha256.c.obj
[110/538] Building C object zephyr/CMakeFiles/zephyr.dir/subsys/settings/src/settings_line.c.obj
[111/538] Building C object zephyr/CMakeFiles/zephyr.dir/subsys/settings/src/settings_nvs.c.obj
[112/538] Generating linker_zephyr_pre0.cmd
[113/538] Building C object zephyr/CMakeFiles/zephyr.dir/subsys/fs/nvs/nvs.c.obj
[114/538] Building ASM object zephyr/arch/arch/arm/core/cortex_m/CMakeFiles/arch__arm__core__cortex_m.dir/reset.S.obj
[115/538] Building C object zephyr/CMakeFiles/zephyr.dir/subsys/usb/device/usb_descriptor.c.obj
/workdir/zephyr/subsys/usb/device/usb_descriptor.c: In function 'usb_get_cfg_data':
/workdir/zephyr/subsys/usb/device/usb_descriptor.c:381:40: warning: returning 'struct usb_sec_cfg_data *' from a function with incompatible return type 'struct usb_cfg_data *' [-Wincompatible-pointer-types]
  381 |                                 return cfg_data;
      |                                        ^~~~~~~~
[116/538] Building C object zephyr/CMakeFiles/zephyr_pre0.dir/misc/empty_file.c.obj
[117/538] Building ASM object zephyr/arch/arch/arm/core/cortex_m/CMakeFiles/arch__arm__core__cortex_m.dir/vector_table.S.obj
[118/538] Building C object zephyr/arch/arch/arm/core/CMakeFiles/arch__arm__core.dir/nmi.c.obj
[119/538] Building C object zephyr/arch/arch/arm/core/CMakeFiles/arch__arm__core.dir/tls.c.obj
[120/538] Building C object zephyr/arch/arch/arm/core/cortex_m/CMakeFiles/arch__arm__core__cortex_m.dir/exc_exit.c.obj
[121/538] Building ASM object zephyr/arch/arch/arm/core/cortex_m/CMakeFiles/arch__arm__core__cortex_m.dir/swap_helper.S.obj
[122/538] Building ASM object zephyr/arch/arch/arm/core/cortex_m/CMakeFiles/arch__arm__core__cortex_m.dir/__aeabi_read_tp.S.obj
[123/538] Building C object zephyr/arch/arch/arm/core/CMakeFiles/arch__arm__core.dir/fatal.c.obj
[124/538] Building C object zephyr/arch/arch/arm/core/cortex_m/CMakeFiles/arch__arm__core__cortex_m.dir/fpu.c.obj
[125/538] Building C object zephyr/arch/arch/arm/core/cortex_m/CMakeFiles/arch__arm__core__cortex_m.dir/scb.c.obj
[126/538] Building C object zephyr/arch/arch/arm/core/cortex_m/CMakeFiles/arch__arm__core__cortex_m.dir/thread_abort.c.obj
[127/538] Building C object zephyr/arch/arch/arm/core/cortex_m/CMakeFiles/arch__arm__core__cortex_m.dir/swap.c.obj
[128/538] Linking C static library zephyr/arch/arch/arm/core/libarch__arm__core.a
[129/538] Building ASM object zephyr/soc/soc/ab162x/ab162x/CMakeFiles/..__airoha__mcu__soc__airoha__ab162x.dir/startup.S.obj
[130/538] Building C object zephyr/arch/arch/arm/core/cortex_m/CMakeFiles/arch__arm__core__cortex_m.dir/prep_c.c.obj
[131/538] Building C object zephyr/CMakeFiles/zephyr.dir/workdir/modules/crypto/tinycrypt/lib/source/ecc.c.obj
[132/538] Building C object zephyr/arch/arch/arm/core/cortex_m/CMakeFiles/arch__arm__core__cortex_m.dir/cpu_idle.c.obj
[133/538] Building C object zephyr/arch/arch/arm/core/mpu/CMakeFiles/arch__arm__core__mpu.dir/arm_mpu_regions.c.obj
[134/538] Building C object zephyr/arch/arch/arm/core/cortex_m/CMakeFiles/arch__arm__core__cortex_m.dir/thread.c.obj
[135/538] Building C object zephyr/arch/arch/arm/core/cortex_m/CMakeFiles/arch__arm__core__cortex_m.dir/irq_init.c.obj
[136/538] Building ASM object zephyr/soc/soc/ab162x/common/CMakeFiles/..__airoha__mcu__soc__airoha__common.dir/air_string_opt.s.obj
[137/538] Building C object zephyr/arch/arch/arm/core/cortex_m/CMakeFiles/arch__arm__core__cortex_m.dir/fault.c.obj
[138/538] Building C object zephyr/arch/arch/arm/core/cortex_m/CMakeFiles/arch__arm__core__cortex_m.dir/irq_manage.c.obj
[139/538] Building C object zephyr/CMakeFiles/zephyr.dir/subsys/usb/device/usb_device.c.obj
/workdir/zephyr/subsys/usb/device/usb_device.c: In function 'forward_status_cb':
/workdir/zephyr/subsys/usb/device/usb_device.c:1314:57: warning: passing argument 1 of 'cfg_data->cb_usb_status' from incompatible pointer type [-Wincompatible-pointer-types]
 1314 |                                 cfg_data->cb_usb_status(cfg_data, status, param);
      |                                                         ^~~~~~~~
      |                                                         |
      |                                                         struct usb_sec_cfg_data *
/workdir/zephyr/subsys/usb/device/usb_device.c:1314:57: note: expected 'struct usb_cfg_data *' but argument is of type 'struct usb_sec_cfg_data *'
[140/538] Building C object zephyr/arch/arch/arm/core/mpu/CMakeFiles/arch__arm__core__mpu.dir/arm_core_mpu.c.obj
[141/538] Linking C static library zephyr/arch/arch/arm/core/cortex_m/libarch__arm__core__cortex_m.a
[142/538] Building C object zephyr/lib/libc/common/CMakeFiles/lib__libc__common.dir/source/stdlib/abort.c.obj
[143/538] Building C object zephyr/arch/arch/arm/core/cortex_m/cmse/CMakeFiles/arch__arm__core__cortex_m__cmse.dir/arm_core_cmse.c.obj
[144/538] Linking C static library zephyr/lib/libc/common/liblib__libc__common.a
[145/538] Linking C static library zephyr/arch/arch/arm/core/cortex_m/cmse/libarch__arm__core__cortex_m__cmse.a
[146/538] Linking CXX static library zephyr/libzephyr.a
[147/538] Building C object zephyr/soc/soc/ab162x/common/CMakeFiles/..__airoha__mcu__soc__airoha__common.dir/air_cache_init.c.obj
[148/538] Building C object zephyr/soc/soc/ab162x/common/CMakeFiles/..__airoha__mcu__soc__airoha__common.dir/air_allocation_c_lib.c.obj
[149/538] Building C object zephyr/arch/arch/arm/core/mpu/CMakeFiles/arch__arm__core__mpu.dir/arm_mpu.c.obj
[150/538] Building C object zephyr/soc/soc/ab162x/ab162x/CMakeFiles/..__airoha__mcu__soc__airoha__ab162x.dir/soc.c.obj
[151/538] Building C object zephyr/soc/soc/ab162x/common/CMakeFiles/..__airoha__mcu__soc__airoha__common.dir/air_tracing.c.obj
[152/538] Building C object zephyr/soc/soc/ab162x/common/CMakeFiles/..__airoha__mcu__soc__airoha__common.dir/air_uart_pre_init.c.obj
[153/538] Building C object zephyr/lib/libc/newlib/CMakeFiles/lib__libc__newlib.dir/libc-hooks.c.obj
[154/538] Building C object zephyr/soc/soc/ab162x/common/daemon_work_q/CMakeFiles/..__airoha__mcu__soc__airoha__common__daemon_work_q.dir/air_daemon_work_q.c.obj
[155/538] Building C object zephyr/subsys/bluetooth/common/CMakeFiles/subsys__bluetooth__common.dir/addr.c.obj
[156/538] Linking C static library zephyr/arch/arch/arm/core/mpu/libarch__arm__core__mpu.a
[157/538] Building C object zephyr/soc/soc/ab162x/common/CMakeFiles/..__airoha__mcu__soc__airoha__common.dir/air_mpu_init.c.obj
[158/538] Building C object zephyr/soc/soc/ab162x/common/syslog_portable/CMakeFiles/..__airoha__mcu__soc__airoha__common__syslog_portable.dir/syslog_port.c.obj
[159/538] Linking C static library zephyr/soc/soc/ab162x/ab162x/lib..__airoha__mcu__soc__airoha__ab162x.a
[160/538] Building C object zephyr/soc/soc/ab162x/common/syslog_portable/CMakeFiles/..__airoha__mcu__soc__airoha__common__syslog_portable.dir/syslog_dump_flash.c.obj
[161/538] Linking C static library zephyr/soc/soc/ab162x/common/daemon_work_q/lib..__airoha__mcu__soc__airoha__common__daemon_work_q.a
[162/538] Linking C static library zephyr/lib/libc/newlib/liblib__libc__newlib.a
[163/538] Building C object zephyr/soc/soc/ab162x/common/CMakeFiles/..__airoha__mcu__soc__airoha__common.dir/air_allocation_zephyr.c.obj
[164/538] Building C object zephyr/soc/soc/ab162x/common/offline_dump/CMakeFiles/..__airoha__mcu__soc__airoha__common__offline_dump.dir/air_offline_dump_port.c.obj
[165/538] Linking C static library zephyr/soc/soc/ab162x/common/lib..__airoha__mcu__soc__airoha__common.a
[166/538] Linking C static library zephyr/soc/soc/ab162x/common/syslog_portable/lib..__airoha__mcu__soc__airoha__common__syslog_portable.a
[167/538] Linking C static library zephyr/soc/soc/ab162x/common/offline_dump/lib..__airoha__mcu__soc__airoha__common__offline_dump.a
[168/538] Building C object zephyr/soc/soc/ab162x/common/bsp_flash/CMakeFiles/..__airoha__mcu__soc__airoha__common__bsp_flash.dir/src/bsp_external_flash.c.obj
[169/538] Building C object zephyr/soc/soc/ab162x/common/bsp_flash/CMakeFiles/..__airoha__mcu__soc__airoha__common__bsp_flash.dir/src/bsp_external_flash_async.c.obj
[170/538] Building C object zephyr/subsys/bluetooth/host/CMakeFiles/subsys__bluetooth__host.dir/addr.c.obj
[171/538] Building C object zephyr/subsys/bluetooth/host/CMakeFiles/subsys__bluetooth__host.dir/uuid.c.obj
[172/538] Building C object zephyr/soc/soc/ab162x/common/bsp_flash/CMakeFiles/..__airoha__mcu__soc__airoha__common__bsp_flash.dir/src/bsp_external_flash_utils.c.obj
[173/538] Building C object zephyr/subsys/bluetooth/common/CMakeFiles/subsys__bluetooth__common.dir/dummy.c.obj
[174/538] Building C object zephyr/soc/soc/ab162x/common/bsp_flash/CMakeFiles/..__airoha__mcu__soc__airoha__common__bsp_flash.dir/src/bsp_flash.c.obj
[175/538] Building C object zephyr/subsys/bluetooth/common/CMakeFiles/subsys__bluetooth__common.dir/bt_str.c.obj
[176/538] Linking C static library zephyr/soc/soc/ab162x/common/bsp_flash/lib..__airoha__mcu__soc__airoha__common__bsp_flash.a
[177/538] Building C object zephyr/soc/soc/ab162x/common/exception_handler/CMakeFiles/..__airoha__mcu__soc__airoha__common__exception_handler.dir/air_btd_ic_premium_g1/exception_port.c.obj
[178/538] Building C object zephyr/subsys/bluetooth/common/CMakeFiles/subsys__bluetooth__common.dir/rpa.c.obj
[179/538] Building C object zephyr/subsys/bluetooth/host/CMakeFiles/subsys__bluetooth__host.dir/data.c.obj
[180/538] Linking C static library zephyr/soc/soc/ab162x/common/exception_handler/lib..__airoha__mcu__soc__airoha__common__exception_handler.a
[181/538] Linking C static library zephyr/subsys/bluetooth/common/libsubsys__bluetooth__common.a
[182/538] Building C object zephyr/subsys/usb/device/class/hid/CMakeFiles/subsys__usb__device__class__hid.dir/core.c.obj
[183/538] Building C object zephyr/subsys/bluetooth/host/CMakeFiles/subsys__bluetooth__host.dir/buf.c.obj
[184/538] Building C object zephyr/subsys/bluetooth/host/CMakeFiles/subsys__bluetooth__host.dir/hci_common.c.obj
[185/538] Linking C static library zephyr/subsys/usb/device/class/hid/libsubsys__usb__device__class__hid.a
[186/538] Building C object zephyr/subsys/bluetooth/host/CMakeFiles/subsys__bluetooth__host.dir/crypto_tc.c.obj
[187/538] Building C object zephyr/subsys/bluetooth/host/CMakeFiles/subsys__bluetooth__host.dir/settings.c.obj
[188/538] Building C object zephyr/subsys/bluetooth/host/CMakeFiles/subsys__bluetooth__host.dir/ecc.c.obj
[189/538] Building C object zephyr/subsys/bluetooth/crypto/CMakeFiles/subsys__bluetooth__crypto.dir/bt_crypto_tc.c.obj
[190/538] Building C object zephyr/drivers/flash/CMakeFiles/drivers__flash.dir/flash_page_layout.c.obj
[191/538] Building C object zephyr/subsys/bluetooth/crypto/CMakeFiles/subsys__bluetooth__crypto.dir/bt_crypto.c.obj
[192/538] Building C object zephyr/drivers/hwinfo/CMakeFiles/drivers__hwinfo.dir/hwinfo_weak_impl.c.obj
[193/538] Linking C static library zephyr/subsys/bluetooth/crypto/libsubsys__bluetooth__crypto.a
[194/538] Building C object zephyr/drivers/pinctrl/CMakeFiles/drivers__pinctrl.dir/common.c.obj
[195/538] Linking C static library zephyr/drivers/hwinfo/libdrivers__hwinfo.a
[196/538] Building C object zephyr/drivers/flash/CMakeFiles/drivers__flash.dir/jesd216.c.obj
[197/538] Linking C static library zephyr/drivers/pinctrl/libdrivers__pinctrl.a
[198/538] Building C object zephyr/subsys/bluetooth/host/CMakeFiles/subsys__bluetooth__host.dir/keys.c.obj
[199/538] Building C object zephyr/subsys/bluetooth/host/CMakeFiles/subsys__bluetooth__host.dir/adv.c.obj
[200/538] Building C object zephyr/drivers/timer/CMakeFiles/drivers__timer.dir/sys_clock_init.c.obj
[201/538] Linking C static library zephyr/drivers/flash/libdrivers__flash.a
[202/538] Building C object zephyr/subsys/bluetooth/host/CMakeFiles/subsys__bluetooth__host.dir/id.c.obj
[203/538] Linking C static library zephyr/drivers/timer/libdrivers__timer.a
[204/538] Building C object zephyr/drivers/rtc/CMakeFiles/drivers__rtc.dir/rtc_utils.c.obj
[205/538] Building C object zephyr/subsys/net/CMakeFiles/subsys__net.dir/buf.c.obj
[206/538] Building C object zephyr/subsys/bluetooth/host/CMakeFiles/subsys__bluetooth__host.dir/l2cap.c.obj
[207/538] Building C object modules/airoha/subsys/airoha/nvkey/CMakeFiles/..__airoha__mcu__subsys__airoha__nvkey.dir/src/nvkey_async.c.obj
[208/538] Linking C static library zephyr/drivers/rtc/libdrivers__rtc.a
[209/538] Building C object modules/airoha/subsys/airoha/nvkey/CMakeFiles/..__airoha__mcu__subsys__airoha__nvkey.dir/src/nvkey_update.c.obj
[210/538] Building C object modules/airoha/subsys/airoha/nvkey/CMakeFiles/..__airoha__mcu__subsys__airoha__nvkey.dir/src/nvkey.c.obj
[211/538] Building C object modules/airoha/modules/hal/airoha/ab162x/CMakeFiles/..__airoha__mcu__modules__hal__airoha__ab162x.dir/src/hal_adc.c.obj
[212/538] Building C object zephyr/subsys/net/CMakeFiles/subsys__net.dir/buf_simple.c.obj
[213/538] Building C object modules/airoha/modules/hal/airoha/ab162x/CMakeFiles/..__airoha__mcu__modules__hal__airoha__ab162x.dir/src/hal_aesotf_esc.c.obj
[214/538] Linking C static library modules/airoha/subsys/airoha/nvkey/lib..__airoha__mcu__subsys__airoha__nvkey.a
[215/538] Linking C static library zephyr/subsys/net/libsubsys__net.a
[216/538] Building C object modules/airoha/modules/hal/airoha/ab162x/CMakeFiles/..__airoha__mcu__modules__hal__airoha__ab162x.dir/src/hal_aesotf.c.obj
[217/538] Building C object modules/airoha/modules/hal/airoha/ab162x/CMakeFiles/..__airoha__mcu__modules__hal__airoha__ab162x.dir/src/hal_argb.c.obj
[218/538] Building C object modules/airoha/modules/hal/airoha/ab162x/CMakeFiles/..__airoha__mcu__modules__hal__airoha__ab162x.dir/src/hal_cache_internal.c.obj
[219/538] Building C object modules/airoha/modules/hal/airoha/ab162x/CMakeFiles/..__airoha__mcu__modules__hal__airoha__ab162x.dir/src/hal_dwt.c.obj
[220/538] Building C object modules/airoha/modules/hal/airoha/ab162x/CMakeFiles/..__airoha__mcu__modules__hal__airoha__ab162x.dir/src/hal_aes.c.obj
[221/538] Building C object modules/airoha/modules/hal/airoha/ab162x/CMakeFiles/..__airoha__mcu__modules__hal__airoha__ab162x.dir/src/hal_aioadc.c.obj
[222/538] Building C object modules/airoha/modules/hal/airoha/ab162x/CMakeFiles/..__airoha__mcu__modules__hal__airoha__ab162x.dir/src/hal_bat.c.obj
[223/538] Building C object modules/airoha/modules/hal/airoha/ab162x/CMakeFiles/..__airoha__mcu__modules__hal__airoha__ab162x.dir/src/hal_esc_internal.c.obj
[224/538] Building C object modules/airoha/modules/hal/airoha/ab162x/CMakeFiles/..__airoha__mcu__modules__hal__airoha__ab162x.dir/src/hal_cache.c.obj
[225/538] Building C object modules/airoha/modules/hal/airoha/ab162x/CMakeFiles/..__airoha__mcu__modules__hal__airoha__ab162x.dir/src/hal_eint_internal.c.obj
[226/538] Building C object modules/airoha/modules/hal/airoha/ab162x/CMakeFiles/..__airoha__mcu__modules__hal__airoha__ab162x.dir/src/hal_comparator.c.obj
[227/538] Building C object modules/airoha/modules/hal/airoha/ab162x/CMakeFiles/..__airoha__mcu__modules__hal__airoha__ab162x.dir/src/hal_esc.c.obj
[228/538] Building C object modules/airoha/modules/hal/airoha/ab162x/CMakeFiles/..__airoha__mcu__modules__hal__airoha__ab162x.dir/src/hal_eint_s.c.obj
[229/538] Building C object zephyr/subsys/bluetooth/host/CMakeFiles/subsys__bluetooth__host.dir/conn.c.obj
[230/538] Building C object modules/airoha/modules/hal/airoha/ab162x/CMakeFiles/..__airoha__mcu__modules__hal__airoha__ab162x.dir/src/hal_dcxo.c.obj
[231/538] Building C object zephyr/subsys/bluetooth/host/CMakeFiles/subsys__bluetooth__host.dir/gatt.c.obj
[232/538] Building C object modules/airoha/modules/hal/airoha/ab162x/CMakeFiles/..__airoha__mcu__modules__hal__airoha__ab162x.dir/src/hal_eint.c.obj
[233/538] Building C object modules/airoha/modules/hal/airoha/ab162x/CMakeFiles/..__airoha__mcu__modules__hal__airoha__ab162x.dir/src/hal_gpio_s.c.obj
[234/538] Building C object modules/airoha/modules/hal/airoha/ab162x/CMakeFiles/..__airoha__mcu__modules__hal__airoha__ab162x.dir/src/hal_dvfs.c.obj
[235/538] Building C object modules/airoha/modules/hal/airoha/ab162x/CMakeFiles/..__airoha__mcu__modules__hal__airoha__ab162x.dir/src/hal_flash_custom_sfi.c.obj
[236/538] Building C object zephyr/subsys/bluetooth/host/CMakeFiles/subsys__bluetooth__host.dir/hci_core.c.obj
[237/538] Building C object modules/airoha/modules/hal/airoha/ab162x/CMakeFiles/..__airoha__mcu__modules__hal__airoha__ab162x.dir/src/hal_flash_custom.c.obj
[238/538] Building C object zephyr/subsys/bluetooth/host/CMakeFiles/subsys__bluetooth__host.dir/smp.c.obj
[239/538] Building C object modules/airoha/modules/hal/airoha/ab162x/CMakeFiles/..__airoha__mcu__modules__hal__airoha__ab162x.dir/src/hal_flash_combo_init.c.obj
[240/538] Building C object modules/airoha/modules/hal/airoha/ab162x/CMakeFiles/..__airoha__mcu__modules__hal__airoha__ab162x.dir/src/hal_hw_keyscan.c.obj
[241/538] Building C object zephyr/subsys/bluetooth/host/CMakeFiles/subsys__bluetooth__host.dir/att.c.obj
[242/538] Linking C static library zephyr/subsys/bluetooth/host/libsubsys__bluetooth__host.a
[243/538] Building C object modules/airoha/modules/hal/airoha/ab162x/CMakeFiles/..__airoha__mcu__modules__hal__airoha__ab162x.dir/src/hal_gpio_internal.c.obj
[244/538] Building C object modules/airoha/modules/hal/airoha/ab162x/CMakeFiles/..__airoha__mcu__modules__hal__airoha__ab162x.dir/src/hal_flash_mtd.c.obj
[245/538] Building C object modules/airoha/modules/hal/airoha/ab162x/CMakeFiles/..__airoha__mcu__modules__hal__airoha__ab162x.dir/src/hal_flash_combo_nor.c.obj
[246/538] Building C object modules/airoha/modules/hal/airoha/ab162x/CMakeFiles/..__airoha__mcu__modules__hal__airoha__ab162x.dir/src/hal_flash_disk.c.obj
[247/538] Building C object modules/airoha/modules/hal/airoha/ab162x/CMakeFiles/..__airoha__mcu__modules__hal__airoha__ab162x.dir/src/hal_irtx.c.obj
[248/538] Building C object modules/airoha/modules/hal/airoha/ab162x/CMakeFiles/..__airoha__mcu__modules__hal__airoha__ab162x.dir/src/hal_i2c_master.c.obj
[249/538] Building C object modules/airoha/modules/hal/airoha/ab162x/CMakeFiles/..__airoha__mcu__modules__hal__airoha__ab162x.dir/src/hal_flash_mtd_common.c.obj
[250/538] Building C object modules/airoha/modules/hal/airoha/ab162x/CMakeFiles/..__airoha__mcu__modules__hal__airoha__ab162x.dir/src/hal_gpt.c.obj
[251/538] Building C object modules/airoha/modules/hal/airoha/ab162x/CMakeFiles/..__airoha__mcu__modules__hal__airoha__ab162x.dir/src/hal_i2c_master_internal.c.obj
[252/538] Building C object modules/airoha/modules/hal/airoha/ab162x/CMakeFiles/..__airoha__mcu__modules__hal__airoha__ab162x.dir/src/hal_memview.c.obj
[253/538] Building C object modules/airoha/modules/hal/airoha/ab162x/CMakeFiles/..__airoha__mcu__modules__hal__airoha__ab162x.dir/src/hal_gpio.c.obj
[254/538] Building C object modules/airoha/modules/hal/airoha/ab162x/CMakeFiles/..__airoha__mcu__modules__hal__airoha__ab162x.dir/src/hal_irtx_internal.c.obj
[255/538] Building C object modules/airoha/modules/hal/airoha/ab162x/CMakeFiles/..__airoha__mcu__modules__hal__airoha__ab162x.dir/src/hal_led.c.obj
[256/538] Building C object modules/airoha/modules/hal/airoha/ab162x/CMakeFiles/..__airoha__mcu__modules__hal__airoha__ab162x.dir/src/hal_gpt_internal.c.obj
[257/538] Building C object modules/airoha/modules/hal/airoha/ab162x/CMakeFiles/..__airoha__mcu__modules__hal__airoha__ab162x.dir/src/hal_irrx_internal.c.obj
[258/538] Building C object modules/airoha/modules/hal/airoha/ab162x/CMakeFiles/..__airoha__mcu__modules__hal__airoha__ab162x.dir/src/hal_mpu.c.obj
[259/538] Building C object modules/airoha/modules/hal/airoha/ab162x/CMakeFiles/..__airoha__mcu__modules__hal__airoha__ab162x.dir/src/hal_i3c_master.c.obj
[260/538] Building C object modules/airoha/modules/hal/airoha/ab162x/CMakeFiles/..__airoha__mcu__modules__hal__airoha__ab162x.dir/src/hal_irrx.c.obj
[261/538] Building C object modules/airoha/modules/hal/airoha/ab162x/CMakeFiles/..__airoha__mcu__modules__hal__airoha__ab162x.dir/src/hal_i3c_master_internal.c.obj
[262/538] Building C object modules/airoha/modules/hal/airoha/ab162x/CMakeFiles/..__airoha__mcu__modules__hal__airoha__ab162x.dir/src/hal_mpu_internal.c.obj
[263/538] Building C object modules/airoha/modules/hal/airoha/ab162x/CMakeFiles/..__airoha__mcu__modules__hal__airoha__ab162x.dir/src/hal_nvic_internal.c.obj
[264/538] Building C object modules/airoha/modules/hal/airoha/ab162x/CMakeFiles/..__airoha__mcu__modules__hal__airoha__ab162x.dir/src/hal_os_timer.c.obj
[265/538] Building C object modules/airoha/modules/hal/airoha/ab162x/CMakeFiles/..__airoha__mcu__modules__hal__airoha__ab162x.dir/src/hal_nvic.c.obj
[266/538] Building C object modules/airoha/modules/hal/airoha/ab162x/CMakeFiles/..__airoha__mcu__modules__hal__airoha__ab162x.dir/src/hal_flash_mtd_dal.c.obj
[267/538] Building C object modules/airoha/modules/hal/airoha/ab162x/CMakeFiles/..__airoha__mcu__modules__hal__airoha__ab162x.dir/src/hal_clock.c.obj
[268/538] Building C object modules/airoha/modules/hal/airoha/ab162x/CMakeFiles/..__airoha__mcu__modules__hal__airoha__ab162x.dir/src/hal_sau_internal.c.obj
[269/538] Building C object modules/airoha/modules/hal/airoha/ab162x/CMakeFiles/..__airoha__mcu__modules__hal__airoha__ab162x.dir/src/hal_pwm_internal_v1.c.obj
[270/538] Building C object modules/airoha/modules/hal/airoha/ab162x/CMakeFiles/..__airoha__mcu__modules__hal__airoha__ab162x.dir/src/hal_queue.c.obj
[271/538] Building C object modules/airoha/modules/hal/airoha/ab162x/CMakeFiles/..__airoha__mcu__modules__hal__airoha__ab162x.dir/src/hal_ramboz.c.obj
[272/538] Building C object modules/airoha/modules/hal/airoha/ab162x/CMakeFiles/..__airoha__mcu__modules__hal__airoha__ab162x.dir/src/hal_sau.c.obj
[273/538] Building C object modules/airoha/modules/hal/airoha/ab162x/CMakeFiles/..__airoha__mcu__modules__hal__airoha__ab162x.dir/src/hal_qdec.c.obj
[274/538] Building C object modules/airoha/modules/hal/airoha/ab162x/CMakeFiles/..__airoha__mcu__modules__hal__airoha__ab162x.dir/src/hal_rtc.c.obj
[275/538] Building C object modules/airoha/modules/hal/airoha/ab162x/CMakeFiles/..__airoha__mcu__modules__hal__airoha__ab162x.dir/src/hal_riscv_ctl.c.obj
[276/538] Building C object modules/airoha/modules/hal/airoha/ab162x/CMakeFiles/..__airoha__mcu__modules__hal__airoha__ab162x.dir/src/hal_sha.c.obj
[277/538] Building C object modules/airoha/modules/hal/airoha/ab162x/CMakeFiles/..__airoha__mcu__modules__hal__airoha__ab162x.dir/src/hal_pdma_internal.c.obj
[278/538] Building C object modules/airoha/modules/hal/airoha/ab162x/CMakeFiles/..__airoha__mcu__modules__hal__airoha__ab162x.dir/src/hal_spi_slave_internal.c.obj
[279/538] Building C object modules/airoha/modules/hal/airoha/ab162x/CMakeFiles/..__airoha__mcu__modules__hal__airoha__ab162x.dir/src/hal_spi_slave.c.obj
[280/538] Building C object modules/airoha/modules/hal/airoha/ab162x/CMakeFiles/..__airoha__mcu__modules__hal__airoha__ab162x.dir/src/hal_pmu_cal.c.obj
[281/538] Building C object modules/airoha/modules/hal/airoha/ab162x/CMakeFiles/..__airoha__mcu__modules__hal__airoha__ab162x.dir/src/hal_pwm_internal_v2.c.obj
[282/538] Building C object modules/airoha/modules/hal/airoha/ab162x/CMakeFiles/..__airoha__mcu__modules__hal__airoha__ab162x.dir/src/hal_sw_dma_internal.c.obj
[283/538] Building C object modules/airoha/modules/hal/airoha/ab162x/CMakeFiles/..__airoha__mcu__modules__hal__airoha__ab162x.dir/src/hal_trng.c.obj
[284/538] Building C object modules/airoha/modules/hal/airoha/ab162x/CMakeFiles/..__airoha__mcu__modules__hal__airoha__ab162x.dir/src/hal_trng_internal.c.obj
[285/538] Building C object modules/airoha/modules/hal/airoha/ab162x/CMakeFiles/..__airoha__mcu__modules__hal__airoha__ab162x.dir/src/hal_sw_irq.c.obj
[286/538] Building C object modules/airoha/modules/hal/airoha/ab162x/CMakeFiles/..__airoha__mcu__modules__hal__airoha__ab162x.dir/src/hal_spi_master.c.obj
[287/538] Building C object modules/airoha/modules/hal/airoha/ab162x/CMakeFiles/..__airoha__mcu__modules__hal__airoha__ab162x.dir/src/hal_sw_dma.c.obj
[288/538] Building C object modules/airoha/modules/hal/airoha/ab162x/CMakeFiles/..__airoha__mcu__modules__hal__airoha__ab162x.dir/src/hal_pmu.c.obj
[289/538] Building C object modules/airoha/modules/hal/airoha/ab162x/CMakeFiles/..__airoha__mcu__modules__hal__airoha__ab162x.dir/src/hal_uart_internal.c.obj
[290/538] Building C object modules/airoha/modules/hal/airoha/ab162x/src_core/CMakeFiles/..__airoha__mcu__modules__hal__airoha__ab162x__src_core.dir/hal_deep_sleep.c.obj
[291/538] Building C object modules/airoha/modules/hal/airoha/ab162x/CMakeFiles/..__airoha__mcu__modules__hal__airoha__ab162x.dir/src/hal_spi_master_internal.c.obj
[292/538] Building C object modules/airoha/modules/hal/airoha/ab162x/CMakeFiles/..__airoha__mcu__modules__hal__airoha__ab162x.dir/src/hal_wdt.c.obj
[293/538] Building C object modules/airoha/modules/hal/airoha/ab162x/CMakeFiles/..__airoha__mcu__modules__hal__airoha__ab162x.dir/src/hal_wdt_internal.c.obj
[294/538] Building C object modules/airoha/modules/hal/airoha/ab162x/CMakeFiles/..__airoha__mcu__modules__hal__airoha__ab162x.dir/src/hal_usb_phy.c.obj
[295/538] Building C object modules/airoha/modules/hal/airoha/ab162x/CMakeFiles/..__airoha__mcu__modules__hal__airoha__ab162x.dir/src/hal_rtc_internal.c.obj
[296/538] Building C object modules/airoha/modules/hal/airoha/ab162x/CMakeFiles/..__airoha__mcu__modules__hal__airoha__ab162x.dir/src/hal_pwm.c.obj
[297/538] Building C object modules/airoha/drivers/ab162x/flash/CMakeFiles/..__airoha__mcu__drivers__ab162x__flash.dir/flash_airoha.c.obj
[298/538] Building C object modules/airoha/drivers/ab162x/cache/CMakeFiles/..__airoha__mcu__drivers__ab162x__cache.dir/cache_airoha.c.obj
[299/538] Building C object modules/airoha/modules/hal/airoha/ab162x/src_core/CMakeFiles/..__airoha__mcu__modules__hal__airoha__ab162x__src_core.dir/hal_sleep_manager.c.obj
[300/538] Linking C static library modules/airoha/drivers/ab162x/flash/lib..__airoha__mcu__drivers__ab162x__flash.a
[301/538] Linking C static library modules/airoha/drivers/ab162x/cache/lib..__airoha__mcu__drivers__ab162x__cache.a
[302/538] Building C object modules/airoha/drivers/ab162x/gpio/CMakeFiles/..__airoha__mcu__drivers__ab162x__gpio.dir/gpio_airoha.c.obj
[303/538] Building C object modules/airoha/drivers/ab162x/os_timer/CMakeFiles/..__airoha__mcu__drivers__ab162x__os_timer.dir/ost_airoha.c.obj
[304/538] Building C object modules/airoha/drivers/ab162x/watchdog/CMakeFiles/..__airoha__mcu__drivers__ab162x__watchdog.dir/wdt_airoha.c.obj
[305/538] Linking C static library modules/airoha/drivers/ab162x/gpio/lib..__airoha__mcu__drivers__ab162x__gpio.a
[306/538] Building C object modules/airoha/drivers/ab162x/pwm/CMakeFiles/..__airoha__mcu__drivers__ab162x__pwm.dir/pwm_airoha.c.obj
[307/538] Building C object modules/airoha/drivers/ab162x/interrupt_controller/CMakeFiles/..__airoha__mcu__drivers__ab162x__interrupt_controller.dir/intc_airoha.c.obj
[308/538] Linking C static library modules/airoha/drivers/ab162x/os_timer/lib..__airoha__mcu__drivers__ab162x__os_timer.a
[309/538] Linking C static library modules/airoha/drivers/ab162x/watchdog/lib..__airoha__mcu__drivers__ab162x__watchdog.a
[310/538] Building C object modules/airoha/drivers/ab162x/sensor/qdec/CMakeFiles/..__airoha__mcu__drivers__ab162x__sensor__qdec.dir/qdec_airoha.c.obj
[311/538] Linking C static library modules/airoha/drivers/ab162x/pwm/lib..__airoha__mcu__drivers__ab162x__pwm.a
[312/538] Linking C static library modules/airoha/drivers/ab162x/interrupt_controller/lib..__airoha__mcu__drivers__ab162x__interrupt_controller.a
[313/538] Building C object modules/airoha/drivers/ab162x/pwm_dma/CMakeFiles/..__airoha__mcu__drivers__ab162x__pwm_dma.dir/pwmdma_airoha.c.obj
[314/538] Building C object modules/airoha/drivers/ab162x/rtc/CMakeFiles/..__airoha__mcu__drivers__ab162x__rtc.dir/rtc_airoha.c.obj
[315/538] Linking C static library modules/airoha/drivers/ab162x/sensor/qdec/lib..__airoha__mcu__drivers__ab162x__sensor__qdec.a
[316/538] Linking C static library modules/airoha/drivers/ab162x/pwm_dma/lib..__airoha__mcu__drivers__ab162x__pwm_dma.a
[317/538] Linking C static library modules/airoha/drivers/ab162x/rtc/lib..__airoha__mcu__drivers__ab162x__rtc.a
[318/538] Building C object modules/airoha/modules/hal/airoha/ab162x/CMakeFiles/..__airoha__mcu__modules__hal__airoha__ab162x.dir/src/hal_uart.c.obj
[319/538] Building C object modules/airoha/drivers/ab162x/spim/CMakeFiles/..__airoha__mcu__drivers__ab162x__spim.dir/spim_airoha.c.obj
[320/538] Building C object modules/airoha/drivers/ab162x/pinctrl/CMakeFiles/..__airoha__mcu__drivers__ab162x__pinctrl.dir/pinctrl_airoha.c.obj
[321/538] Building C object modules/airoha/drivers/ab162x/clock_control/CMakeFiles/..__airoha__mcu__drivers__ab162x__clock_control.dir/dcxo_airoha.c.obj
[322/538] Building C object modules/airoha/drivers/ab162x/clock_control/CMakeFiles/..__airoha__mcu__drivers__ab162x__clock_control.dir/dvfs_airoha.c.obj
[323/538] Linking C static library modules/airoha/drivers/ab162x/spim/lib..__airoha__mcu__drivers__ab162x__spim.a
[324/538] Linking C static library modules/airoha/drivers/ab162x/pinctrl/lib..__airoha__mcu__drivers__ab162x__pinctrl.a
[325/538] Building C object modules/airoha/modules/hal/airoha/ab162x/src_core/CMakeFiles/..__airoha__mcu__modules__hal__airoha__ab162x__src_core.dir/hal_sleep_manager_internal.c.obj
[326/538] Building C object modules/airoha/drivers/ab162x/uart/CMakeFiles/..__airoha__mcu__drivers__ab162x__uart.dir/uart_airoha.c.obj
[327/538] Building C object modules/airoha/drivers/ab162x/pmu/CMakeFiles/..__airoha__mcu__drivers__ab162x__pmu.dir/pmu_airoha.c.obj
[328/538] Building C object modules/airoha/subsys/airoha/bluetooth/controller/CMakeFiles/..__airoha__mcu__subsys__airoha__bluetooth__controller.dir/avm/src/bt_common.c.obj
[329/538] Building C object modules/airoha/drivers/ab162x/clock_control/CMakeFiles/..__airoha__mcu__drivers__ab162x__clock_control.dir/clock_control_airoha.c.obj
[330/538] Building C object modules/airoha/subsys/airoha/bluetooth/controller/CMakeFiles/..__airoha__mcu__subsys__airoha__bluetooth__controller.dir/avm/src/bt_driver.c.obj
[331/538] Linking C static library modules/airoha/drivers/ab162x/pmu/lib..__airoha__mcu__drivers__ab162x__pmu.a
[332/538] Linking C static library modules/airoha/drivers/ab162x/uart/lib..__airoha__mcu__drivers__ab162x__uart.a
[333/538] Building C object modules/airoha/drivers/ab162x/random/CMakeFiles/..__airoha__mcu__drivers__ab162x__random.dir/trng_airoha.c.obj
[334/538] Linking C static library modules/airoha/drivers/ab162x/clock_control/lib..__airoha__mcu__drivers__ab162x__clock_control.a
[335/538] Building C object modules/airoha/subsys/airoha/bluetooth/controller/CMakeFiles/..__airoha__mcu__subsys__airoha__bluetooth__controller.dir/avm/src/bt_linknode.c.obj
[336/538] Linking C static library modules/airoha/drivers/ab162x/random/lib..__airoha__mcu__drivers__ab162x__random.a
[337/538] Building C object modules/airoha/subsys/airoha/bluetooth/controller/CMakeFiles/..__airoha__mcu__subsys__airoha__bluetooth__controller.dir/hci_log/bt_hci_log.c.obj
[338/538] Building C object modules/airoha/subsys/airoha/bluetooth/controller/CMakeFiles/..__airoha__mcu__subsys__airoha__bluetooth__controller.dir/avm/src/bt_driver_misc.c.obj
[339/538] Building C object modules/airoha/drivers/ab162x/sensor/mouse_sensor/CMakeFiles/..__airoha__mcu__drivers__ab162x__sensor__mouse_sensor.dir/paw3395_pixart.c.obj
[340/538] Building C object modules/airoha/subsys/airoha/bluetooth/controller/CMakeFiles/..__airoha__mcu__subsys__airoha__bluetooth__controller.dir/relay_mode/ab162x/src/bt_driver_relay_mode.c.obj
[341/538] Building C object modules/airoha/drivers/ab162x/usb/device/CMakeFiles/..__airoha__mcu__drivers__ab162x__usb__device.dir/usb_dc_airoha.c.obj
[342/538] Building C object modules/airoha/subsys/airoha/bluetooth/controller/CMakeFiles/..__airoha__mcu__subsys__airoha__bluetooth__controller.dir/src/avm_external.c.obj
[343/538] Building C object modules/airoha/modules/hal/airoha/ab162x/CMakeFiles/..__airoha__mcu__modules__hal__airoha__ab162x.dir/src/hal_usb.c.obj
[344/538] Building C object modules/airoha/subsys/airoha/bluetooth/controller/CMakeFiles/..__airoha__mcu__subsys__airoha__bluetooth__controller.dir/hci_log/hci_log.c.obj
[345/538] Building C object modules/airoha/subsys/airoha/bluetooth/services/hci_vendor_event_dispatch/CMakeFiles/..__airoha__mcu__subsys__airoha__bluetooth__services__hci_vendor_event_dispatch.dir/src/bt_hci_vendor_event_dispatch.c.obj
[346/538] Building C object modules/airoha/subsys/airoha/bluetooth/controller/CMakeFiles/..__airoha__mcu__subsys__airoha__bluetooth__controller.dir/avm/src/bt_memory.c.obj
[347/538] Linking C static library modules/airoha/drivers/ab162x/sensor/mouse_sensor/lib..__airoha__mcu__drivers__ab162x__sensor__mouse_sensor.a
[348/538] Building C object modules/airoha/subsys/airoha/bluetooth/controller/CMakeFiles/..__airoha__mcu__subsys__airoha__bluetooth__controller.dir/relay_mode/ab162x/src/relay_client.c.obj
[349/538] Linking C static library modules/airoha/drivers/ab162x/usb/device/lib..__airoha__mcu__drivers__ab162x__usb__device.a
[350/538] Linking C static library modules/airoha/subsys/airoha/bluetooth/services/hci_vendor_event_dispatch/lib..__airoha__mcu__subsys__airoha__bluetooth__services__hci_vendor_event_dispatch.a
[351/538] Building C object modules/airoha/subsys/airoha/race/CMakeFiles/..__airoha__mcu__subsys__airoha__race.dir/src/crc8.c.obj
[352/538] Building C object modules/airoha/subsys/airoha/race/CMakeFiles/..__airoha__mcu__subsys__airoha__race.dir/src/crc_dfu.c.obj
[353/538] Building C object modules/airoha/subsys/airoha/race/CMakeFiles/..__airoha__mcu__subsys__airoha__race.dir/src/race_cmd_auxadc.c.obj
[354/538] Building C object modules/airoha/subsys/airoha/ull_hid_le/CMakeFiles/..__airoha__mcu__subsys__airoha__ull_hid_le.dir/src/bt_ull_le_utility.c.obj
[355/538] Linking C static library modules/airoha/modules/hal/airoha/ab162x/lib..__airoha__mcu__modules__hal__airoha__ab162x.a
[356/538] Building C object modules/airoha/subsys/airoha/bluetooth/controller/CMakeFiles/..__airoha__mcu__subsys__airoha__bluetooth__controller.dir/src/hci/hci_driver_airoha.c.obj
[357/538] Building C object modules/airoha/modules/hal/airoha/ab162x/src_core/CMakeFiles/..__airoha__mcu__modules__hal__airoha__ab162x__src_core.dir/hal_spm.c.obj
[358/538] Building C object modules/airoha/subsys/airoha/partition/CMakeFiles/..__airoha__mcu__subsys__airoha__partition.dir/src/air_flash_map.c.obj
[359/538] Building C object modules/airoha/subsys/airoha/partition/CMakeFiles/..__airoha__mcu__subsys__airoha__partition.dir/src/partition.c.obj
[360/538] Linking C static library modules/airoha/subsys/airoha/bluetooth/controller/lib..__airoha__mcu__subsys__airoha__bluetooth__controller.a
[361/538] Building C object modules/airoha/subsys/airoha/ull_hid_le/CMakeFiles/..__airoha__mcu__subsys__airoha__ull_hid_le.dir/src/bt_ull_le.c.obj
[362/538] Linking C static library modules/airoha/subsys/airoha/partition/lib..__airoha__mcu__subsys__airoha__partition.a
[363/538] Linking C static library modules/airoha/modules/hal/airoha/ab162x/src_core/lib..__airoha__mcu__modules__hal__airoha__ab162x__src_core.a
[364/538] Building C object modules/airoha/subsys/airoha/race/CMakeFiles/..__airoha__mcu__subsys__airoha__race.dir/src/race_cmd_clock.c.obj
[365/538] Building C object modules/airoha/subsys/airoha/race/CMakeFiles/..__airoha__mcu__subsys__airoha__race.dir/src/race_cmd_aioadc.c.obj
[366/538] Building C object modules/airoha/subsys/airoha/race/CMakeFiles/..__airoha__mcu__subsys__airoha__race.dir/src/race_cmd_audio.c.obj
[367/538] Building C object modules/airoha/subsys/airoha/pka/CMakeFiles/..__airoha__mcu__subsys__airoha__pka.dir/src/pka_porting_layer.c.obj
[368/538] Building C object modules/airoha/subsys/airoha/ull_hid_le/CMakeFiles/..__airoha__mcu__subsys__airoha__ull_hid_le.dir/src/bt_ull_le_hid_device_manager.c.obj
[369/538] Building C object modules/airoha/subsys/airoha/race/CMakeFiles/..__airoha__mcu__subsys__airoha__race.dir/src/race_cmd_factory_mode.c.obj
[370/538] Building C object modules/airoha/subsys/airoha/ull_hid_le/CMakeFiles/..__airoha__mcu__subsys__airoha__ull_hid_le.dir/src/bt_ull_le_hid_conn_service.c.obj
[371/538] Linking C static library modules/airoha/subsys/airoha/pka/lib..__airoha__mcu__subsys__airoha__pka.a
[372/538] Building C object modules/airoha/subsys/airoha/race/CMakeFiles/..__airoha__mcu__subsys__airoha__race.dir/src/race_cmd.c.obj
[373/538] Building C object modules/airoha/subsys/airoha/race/CMakeFiles/..__airoha__mcu__subsys__airoha__race.dir/src/race_bt.c.obj
[374/538] Building C object modules/airoha/subsys/airoha/race/CMakeFiles/..__airoha__mcu__subsys__airoha__race.dir/src/race_cmd_crystal_trim.c.obj
[375/538] Building C object modules/airoha/subsys/airoha/race/CMakeFiles/..__airoha__mcu__subsys__airoha__race.dir/src/race_cmd_spi_master.c.obj
[376/538] Building C object modules/airoha/subsys/airoha/race/CMakeFiles/..__airoha__mcu__subsys__airoha__race.dir/src/race_cmd_i3c_master.c.obj
[377/538] Building C object modules/airoha/subsys/airoha/race/CMakeFiles/..__airoha__mcu__subsys__airoha__race.dir/src/race_cmd_i2c_master.c.obj
[378/538] Building C object modules/airoha/subsys/airoha/race/CMakeFiles/..__airoha__mcu__subsys__airoha__race.dir/src/race_cmd_gpio.c.obj
[379/538] Building C object modules/airoha/subsys/airoha/race/CMakeFiles/..__airoha__mcu__subsys__airoha__race.dir/src/race_cmd_mainbin_dfu.c.obj
[380/538] Building C object modules/airoha/subsys/airoha/race/CMakeFiles/..__airoha__mcu__subsys__airoha__race.dir/src/race_cmd_key_event.c.obj
[381/538] Building C object modules/airoha/subsys/airoha/bt_air/CMakeFiles/..__airoha__mcu__subsys__airoha__bt_air.dir/src/ble_air_service.c.obj
[382/538] Linking C static library modules/airoha/subsys/airoha/bt_air/lib..__airoha__mcu__subsys__airoha__bt_air.a
[383/538] Building C object modules/airoha/subsys/airoha/race/CMakeFiles/..__airoha__mcu__subsys__airoha__race.dir/src/race_cmd_relay_cmd_bt.c.obj
[384/538] Building C object modules/airoha/subsys/airoha/ull_hid_le/CMakeFiles/..__airoha__mcu__subsys__airoha__ull_hid_le.dir/src/bt_ull_le_hid_service.c.obj
[385/538] Building C object modules/airoha/subsys/airoha/race/CMakeFiles/..__airoha__mcu__subsys__airoha__race.dir/src/race_cmd_offline_dump.c.obj
[386/538] Building C object modules/airoha/subsys/airoha/race/CMakeFiles/..__airoha__mcu__subsys__airoha__race.dir/src/race_cmd_pwm.c.obj
[387/538] Building C object modules/airoha/subsys/airoha/race/CMakeFiles/..__airoha__mcu__subsys__airoha__race.dir/src/race_cmd_register.c.obj
[388/538] Building C object modules/airoha/subsys/airoha/race/CMakeFiles/..__airoha__mcu__subsys__airoha__race.dir/src/race_cmd_system.c.obj
[389/538] Linking C static library modules/airoha/subsys/airoha/ull_hid_le/lib..__airoha__mcu__subsys__airoha__ull_hid_le.a
[390/538] Building C object modules/airoha/subsys/airoha/race/CMakeFiles/..__airoha__mcu__subsys__airoha__race.dir/src/race_cmd_nvkey.c.obj
[391/538] Building C object modules/airoha/subsys/airoha/race/CMakeFiles/..__airoha__mcu__subsys__airoha__race.dir/src/race_cmd_fota.c.obj
[392/538] Building C object modules/airoha/subsys/airoha/race/CMakeFiles/..__airoha__mcu__subsys__airoha__race.dir/src/race_cmd_uart.c.obj
[393/538] Building C object modules/airoha/subsys/airoha/race/CMakeFiles/..__airoha__mcu__subsys__airoha__race.dir/src/race_noti.c.obj
[394/538] Building C object modules/airoha/subsys/airoha/race/CMakeFiles/..__airoha__mcu__subsys__airoha__race.dir/src/race_cmd_sleep_control.c.obj
[395/538] Building C object modules/airoha/subsys/airoha/race/CMakeFiles/..__airoha__mcu__subsys__airoha__race.dir/src/race_event.c.obj
[396/538] Building C object modules/airoha/subsys/airoha/race/CMakeFiles/..__airoha__mcu__subsys__airoha__race.dir/src/race_cmd_storage.c.obj
[397/538] Building C object modules/airoha/subsys/airoha/race/CMakeFiles/..__airoha__mcu__subsys__airoha__race.dir/src/race_usb_relay.c.obj
[398/538] Building C object modules/airoha/subsys/airoha/race/CMakeFiles/..__airoha__mcu__subsys__airoha__race.dir/src/race_port_bt.c.obj
[399/538] Building C object modules/airoha/subsys/airoha/race/CMakeFiles/..__airoha__mcu__subsys__airoha__race.dir/src/race_port_uart.c.obj
[400/538] Building C object modules/airoha/subsys/airoha/race/CMakeFiles/..__airoha__mcu__subsys__airoha__race.dir/src/race_storage_access.c.obj
[401/538] Building C object modules/airoha/subsys/airoha/version/CMakeFiles/..__airoha__mcu__subsys__airoha__version.dir/misc/generated/air_version.c.obj
[402/538] Building C object modules/airoha/subsys/airoha/race/CMakeFiles/..__airoha__mcu__subsys__airoha__race.dir/src/race_timer.c.obj
[403/538] Building C object modules/airoha/subsys/airoha/usb/CMakeFiles/..__airoha__mcu__subsys__airoha__usb.dir/src/air_usb_xinput.c.obj
[404/538] Linking C static library modules/airoha/subsys/airoha/version/lib..__airoha__mcu__subsys__airoha__version.a
[405/538] Building C object modules/airoha/subsys/airoha/usb/CMakeFiles/..__airoha__mcu__subsys__airoha__usb.dir/src/air_usb_hid_desc.c.obj
[406/538] Building C object modules/airoha/subsys/airoha/race/CMakeFiles/..__airoha__mcu__subsys__airoha__race.dir/src/race_usb_relay_dongle.c.obj
[407/538] Building C object modules/airoha/subsys/airoha/race/CMakeFiles/..__airoha__mcu__subsys__airoha__race.dir/src/race_util.c.obj
[408/538] Building C object modules/airoha/subsys/third_party/lzma_decoder/CMakeFiles/..__airoha__mcu__subsys__third_party__lzma_decoder.dir/src/lzma_decode_interface.c.obj
[409/538] Building C object modules/airoha/subsys/airoha/race/CMakeFiles/..__airoha__mcu__subsys__airoha__race.dir/src/race_port_usb.c.obj
[410/538] Building C object modules/airoha/subsys/airoha/race/CMakeFiles/..__airoha__mcu__subsys__airoha__race.dir/src/race_xport.c.obj
[411/538] Building C object modules/airoha/subsys/airoha/race/CMakeFiles/..__airoha__mcu__subsys__airoha__race.dir/src/race_storage_util.c.obj
[412/538] Building C object modules/airoha/subsys/airoha/rgb/CMakeFiles/..__airoha__mcu__subsys__airoha__rgb.dir/src/rgb_control_style_cfg.c.obj
[413/538] Building C object modules/airoha/subsys/airoha/race/CMakeFiles/..__airoha__mcu__subsys__airoha__race.dir/src/race_fota_util.c.obj
[414/538] Building C object modules/airoha/subsys/airoha/race/CMakeFiles/..__airoha__mcu__subsys__airoha__race.dir/src/race_core.c.obj
[415/538] Building C object modules/airoha/subsys/airoha/fota/CMakeFiles/fota.dir/src/fota_flash.c.obj
[416/538] Building C object modules/airoha/subsys/airoha/rgb/CMakeFiles/..__airoha__mcu__subsys__airoha__rgb.dir/src/bsp_rgb.c.obj
[417/538] Building C object modules/airoha/subsys/airoha/fota/CMakeFiles/fota.dir/src/fota_flash_config.c.obj
[418/538] Building C object modules/airoha/subsys/airoha/usb/CMakeFiles/..__airoha__mcu__subsys__airoha__usb.dir/src/air_usb.c.obj
[419/538] Linking C static library modules/airoha/subsys/airoha/race/lib..__airoha__mcu__subsys__airoha__race.a
[420/538] Building C object modules/airoha/subsys/airoha/fota/CMakeFiles/fota.dir/src/fota_multi_info.c.obj
[421/538] Building C object modules/airoha/subsys/airoha/hid/CMakeFiles/..__airoha__mcu__subsys__airoha__hid.dir/hid_scenario_service/src/hid_scenario_dis_service.c.obj
[422/538] Building C object modules/airoha/subsys/airoha/fota/CMakeFiles/fota.dir/src/fota_multi_info_util.c.obj
[423/538] Building C object modules/airoha/subsys/airoha/ram_blocks_control/CMakeFiles/..__airoha__mcu__subsys__airoha__ram_blocks_control.dir/src/ram_blocks_control.c.obj
[424/538] Building C object modules/airoha/subsys/airoha/pd_domain_control/CMakeFiles/..__airoha__mcu__subsys__airoha__pd_domain_control.dir/src/pd_domain_control.c.obj
[425/538] Building C object modules/airoha/subsys/airoha/usb/CMakeFiles/..__airoha__mcu__subsys__airoha__usb.dir/src/air_usb_hid.c.obj
[426/538] Linking C static library modules/airoha/subsys/airoha/ram_blocks_control/lib..__airoha__mcu__subsys__airoha__ram_blocks_control.a
[427/538] Building C object modules/airoha/subsys/airoha/rgb/CMakeFiles/..__airoha__mcu__subsys__airoha__rgb.dir/src/rgb_middle_control.c.obj
[428/538] Building C object modules/airoha/subsys/airoha/fota/CMakeFiles/fota.dir/src/fota_signature.c.obj
[429/538] Linking C static library modules/airoha/subsys/airoha/pd_domain_control/lib..__airoha__mcu__subsys__airoha__pd_domain_control.a
[430/538] Linking C static library modules/airoha/subsys/airoha/usb/lib..__airoha__mcu__subsys__airoha__usb.a
[431/538] Building C object modules/airoha/subsys/airoha/fota/CMakeFiles/fota.dir/src/fota_util.c.obj
[432/538] Building C object modules/airoha/subsys/airoha/hid/CMakeFiles/..__airoha__mcu__subsys__airoha__hid.dir/key_remap/src/hid_key_remap_game_controller.c.obj
[433/538] Building C object modules/airoha/subsys/third_party/lzma_decoder/CMakeFiles/..__airoha__mcu__subsys__third_party__lzma_decoder.dir/src/lzma_decoder.c.obj
[434/538] Linking C static library modules/airoha/subsys/airoha/rgb/lib..__airoha__mcu__subsys__airoha__rgb.a
[435/538] Building C object modules/airoha/subsys/airoha/hid/CMakeFiles/..__airoha__mcu__subsys__airoha__hid.dir/key_remap/src/hid_key_remap_keyboard.c.obj
[436/538] Linking C static library modules/airoha/subsys/airoha/fota/libfota.a
[437/538] Building C object modules/airoha/subsys/airoha/hid/CMakeFiles/..__airoha__mcu__subsys__airoha__hid.dir/hid_scenario_service/src/hid_scenario_le_gamepad.c.obj
[438/538] Building C object modules/airoha/subsys/airoha/hid/CMakeFiles/..__airoha__mcu__subsys__airoha__hid.dir/hid_scenario_service/src/hid_scenario_clock.c.obj
[439/538] Linking C static library modules/airoha/subsys/third_party/lzma_decoder/lib..__airoha__mcu__subsys__third_party__lzma_decoder.a
[440/538] Building C object modules/airoha/subsys/airoha/hid/CMakeFiles/..__airoha__mcu__subsys__airoha__hid.dir/hid_race_cmd/src/hid_race_cmd_keyboard.c.obj
[441/538] Building C object modules/airoha/subsys/airoha/hid/CMakeFiles/..__airoha__mcu__subsys__airoha__hid.dir/hid_race_cmd/src/hid_race_cmd_game_controller.c.obj
[442/538] Building C object modules/airoha/subsys/airoha/hid/CMakeFiles/..__airoha__mcu__subsys__airoha__hid.dir/hid_scenario_service/src/hid_scenario_adv.c.obj
[443/538] Building C object modules/airoha/subsys/airoha/hid/CMakeFiles/..__airoha__mcu__subsys__airoha__hid.dir/hid_scenario_service/src/hid_scenario_BT_mode.c.obj
[444/538] Building C object modules/airoha/subsys/airoha/hid/CMakeFiles/..__airoha__mcu__subsys__airoha__hid.dir/hid_scenario_service/src/hid_scenario_hogp.c.obj
[445/538] Building C object modules/airoha/subsys/airoha/gesture/CMakeFiles/..__airoha__mcu__subsys__airoha__gesture.dir/src/gesture.c.obj
[446/538] Linking C static library modules/airoha/subsys/airoha/gesture/lib..__airoha__mcu__subsys__airoha__gesture.a
[447/538] Building C object modules/airoha/subsys/airoha/hid/CMakeFiles/..__airoha__mcu__subsys__airoha__hid.dir/hid_scenario_service/src/hid_scenario_service.c.obj
[448/538] Building C object modules/airoha/subsys/airoha/hid/CMakeFiles/..__airoha__mcu__subsys__airoha__hid.dir/user_profiles/src/user_profiles.c.obj
[449/538] Building C object modules/airoha/subsys/airoha/hid/CMakeFiles/..__airoha__mcu__subsys__airoha__hid.dir/labtest_service/src/hid_labtest_service.c.obj
[450/538] Building C object modules/airoha/subsys/airoha/hid/CMakeFiles/..__airoha__mcu__subsys__airoha__hid.dir/la_debug/src/la_debug.c.obj
[451/538] Building C object modules/airoha/subsys/airoha/hid/CMakeFiles/..__airoha__mcu__subsys__airoha__hid.dir/hid_scenario_service/src/hid_scenario_report_rate.c.obj
[452/538] Building C object modules/airoha/subsys/airoha/hid/CMakeFiles/..__airoha__mcu__subsys__airoha__hid.dir/hid_scenario_service/src/hid_scenario_USB_mode.c.obj
[453/538] Building C object modules/airoha/subsys/airoha/hid/CMakeFiles/..__airoha__mcu__subsys__airoha__hid.dir/hid_vendor_cmd/src/hid_vendor_cmd.c.obj
[454/538] Building C object modules/airoha/subsys/airoha/hid/CMakeFiles/..__airoha__mcu__subsys__airoha__hid.dir/key_remap/src/hid_key_remap.c.obj
[455/538] Building C object modules/airoha/subsys/airoha/hid/CMakeFiles/..__airoha__mcu__subsys__airoha__hid.dir/hid_scenario_service/src/hid_scenario_gaming_mode.c.obj
[456/538] Building C object modules/airoha/subsys/airoha/hid/CMakeFiles/..__airoha__mcu__subsys__airoha__hid.dir/hid_power_manager/src/hid_power_mgr.c.obj
[457/538] Building C object modules/airoha/subsys/airoha/hid/CMakeFiles/..__airoha__mcu__subsys__airoha__hid.dir/key_remap/src/hid_key_remap_mouse.c.obj
[458/538] Building C object modules/airoha/subsys/airoha/app_framework/CMakeFiles/..__airoha__mcu__subsys__airoha__app_framework.dir/src/app_evt_dispatcher.c.obj
[459/538] Building C object modules/airoha/subsys/airoha/hid/CMakeFiles/..__airoha__mcu__subsys__airoha__hid.dir/hid_race_cmd/src/hid_race_cmd_mouse.c.obj
[460/538] Building C object modules/airoha/subsys/airoha/app_framework/CMakeFiles/..__airoha__mcu__subsys__airoha__app_framework.dir/src/factory_reset.c.obj
[461/538] Building C object modules/airoha/subsys/airoha/hid/CMakeFiles/..__airoha__mcu__subsys__airoha__hid.dir/custom_protocol/src/custom_protocol.c.obj
[462/538] Building C object modules/airoha/subsys/airoha/hid/CMakeFiles/..__airoha__mcu__subsys__airoha__hid.dir/hid_race_cmd/src/hid_race_cmd.c.obj
[463/538] Building C object modules/airoha/subsys/airoha/mux/CMakeFiles/..__airoha__mcu__subsys__airoha__mux.dir/ab162x/src/mux_port_device.c.obj
[464/538] Linking C static library modules/airoha/subsys/airoha/app_framework/lib..__airoha__mcu__subsys__airoha__app_framework.a
[465/538] Building C object modules/airoha/subsys/airoha/mux/CMakeFiles/..__airoha__mcu__subsys__airoha__mux.dir/ab162x/src/mux_port.c.obj
[466/538] Building C object modules/airoha/upper_level/applications/hid/CMakeFiles/..__airoha__common__applications__hid.dir/src/hid_common_acl_rsp_via_hid.c.obj
[467/538] Building C object modules/airoha/subsys/airoha/hid/CMakeFiles/..__airoha__mcu__subsys__airoha__hid.dir/sensor_manager/src/motion_sensor_mgr.c.obj
[468/538] Building C object modules/airoha/upper_level/middleware/airoha/key_remap/CMakeFiles/..__airoha__common__middleware__airoha__key_remap.dir/src/key_remap_backend.c.obj
[469/538] Building C object modules/airoha/upper_level/middleware/airoha/key_remap/CMakeFiles/..__airoha__common__middleware__airoha__key_remap.dir/src/key_remap_frontend.c.obj
[470/538] Building C object modules/airoha/subsys/airoha/bootreason_check/CMakeFiles/..__airoha__mcu__subsys__airoha__bootreason_check.dir/src/bootreason_check.c.obj
[471/538] Building C object modules/airoha/subsys/airoha/battery_management/CMakeFiles/..__airoha__mcu__subsys__airoha__battery_management.dir/src/bm_core.c.obj
[472/538] Linking C static library modules/airoha/subsys/airoha/bootreason_check/lib..__airoha__mcu__subsys__airoha__bootreason_check.a
[473/538] Linking C static library modules/airoha/subsys/airoha/hid/lib..__airoha__mcu__subsys__airoha__hid.a
[474/538] Building C object modules/airoha/subsys/airoha/battery_management/CMakeFiles/..__airoha__mcu__subsys__airoha__battery_management.dir/src/bm_ext.c.obj
[475/538] Building C object modules/airoha/subsys/airoha/mux/CMakeFiles/..__airoha__mcu__subsys__airoha__mux.dir/ab162x/src/mux_uart.c.obj
[476/538] Building C object modules/airoha/upper_level/applications/hid/CMakeFiles/..__airoha__common__applications__hid.dir/src/hid_common.c.obj
[477/538] Building C object modules/airoha/upper_level/applications/hid/CMakeFiles/..__airoha__common__applications__hid.dir/src/hid_common_button.c.obj
[478/538] Building C object modules/airoha/subsys/airoha/mux/CMakeFiles/..__airoha__mcu__subsys__airoha__mux.dir/ab162x/src/mux_usb.c.obj
[479/538] Building C object modules/airoha/subsys/airoha/battery_management/CMakeFiles/..__airoha__mcu__subsys__airoha__battery_management.dir/src/bm_cust.c.obj
[480/538] Building C object modules/airoha/upper_level/middleware/airoha/share_buffer/CMakeFiles/..__airoha__common__middleware__airoha__share_buffer.dir/src/share_buffer.c.obj
[481/538] Building C object modules/airoha/subsys/airoha/mux/CMakeFiles/..__airoha__mcu__subsys__airoha__mux.dir/ab162x/src/mux_bt.c.obj
[482/538] Linking C static library modules/airoha/upper_level/applications/hid/lib..__airoha__common__applications__hid.a
[483/538] Building C object modules/airoha/upper_level/drivers/chip/ab162x/CMakeFiles/..__airoha__common__drivers__chip__ab162x.dir/src/hal_cross_core_config.c.obj
[484/538] Linking C static library modules/airoha/upper_level/middleware/airoha/share_buffer/lib..__airoha__common__middleware__airoha__share_buffer.a
[485/538] Building C object modules/airoha/upper_level/middleware/airoha/pka_share/CMakeFiles/..__airoha__common__middleware__airoha__pka_share.dir/src/pka_share.c.obj
[486/538] Building C object modules/airoha/subsys/airoha/battery_management/CMakeFiles/..__airoha__mcu__subsys__airoha__battery_management.dir/gm10p/fg_cust.c.obj
[487/538] Building C object modules/airoha/upper_level/middleware/airoha/key_remap/CMakeFiles/..__airoha__common__middleware__airoha__key_remap.dir/src/key_remap_queue.c.obj
[488/538] Building C object zephyr/kernel/CMakeFiles/kernel.dir/init_static.c.obj
[489/538] Linking C static library modules/airoha/upper_level/middleware/airoha/pka_share/lib..__airoha__common__middleware__airoha__pka_share.a
[490/538] Building C object modules/airoha/upper_level/drivers/chip/ab162x/CMakeFiles/..__airoha__common__drivers__chip__ab162x.dir/src/hal_ccni.c.obj
[491/538] Building C object modules/airoha/upper_level/drivers/chip/ab162x/CMakeFiles/..__airoha__common__drivers__chip__ab162x.dir/src/hal_ccni_config.c.obj
[492/538] Linking C static library modules/airoha/upper_level/middleware/airoha/key_remap/lib..__airoha__common__middleware__airoha__key_remap.a
[493/538] Building C object modules/airoha/upper_level/drivers/chip/ab162x/CMakeFiles/..__airoha__common__drivers__chip__ab162x.dir/src/hal_core_status.c.obj
[494/538] Building C object zephyr/kernel/CMakeFiles/kernel.dir/main_weak.c.obj
[495/538] Building C object zephyr/kernel/CMakeFiles/kernel.dir/banner.c.obj
[496/538] Building C object zephyr/kernel/CMakeFiles/kernel.dir/device.c.obj
[497/538] Linking C static library modules/airoha/subsys/airoha/battery_management/lib..__airoha__mcu__subsys__airoha__battery_management.a
[498/538] Building C object zephyr/kernel/CMakeFiles/kernel.dir/version.c.obj
[499/538] Building C object modules/airoha/upper_level/drivers/chip/ab162x/CMakeFiles/..__airoha__common__drivers__chip__ab162x.dir/src/hal_hw_semaphore.c.obj
[500/538] Building C object zephyr/kernel/CMakeFiles/kernel.dir/busy_wait.c.obj
[501/538] Building C object zephyr/kernel/CMakeFiles/kernel.dir/errno.c.obj
[502/538] Linking C static library modules/airoha/upper_level/drivers/chip/ab162x/lib..__airoha__common__drivers__chip__ab162x.a
[503/538] Building C object zephyr/kernel/CMakeFiles/kernel.dir/float.c.obj
[504/538] Building C object zephyr/kernel/CMakeFiles/kernel.dir/fatal.c.obj
In file included from /workdir/zephyr/include/zephyr/sys/util.h:27,
                 from /workdir/zephyr/include/zephyr/sys/atomic.h:18,
                 from /workdir/zephyr/include/zephyr/kernel_includes.h:25,
                 from /workdir/zephyr/include/zephyr/kernel.h:17,
                 from /workdir/zephyr/kernel/fatal.c:7:
/workdir/zephyr/include/zephyr/logging/log_backend.h: In function 'log_backend_msg_process':
/workdir/zephyr/include/zephyr/sys/__assert.h:125:21: warning: declaration of 'msg' shadows a parameter [-Wshadow]
  125 |     ATTR_LOG_STRING msg[] =  #x" ," "file: " __FILE__ ", line: " _STRIZE(__LINE__); \
      |                     ^~~
/workdir/zephyr/include/zephyr/logging/log_backend.h:178:9: note: in expansion of macro '__ASSERT_NO_MSG'
  178 |         __ASSERT_NO_MSG(backend != NULL);
      |         ^~~~~~~~~~~~~~~
In file included from /workdir/zephyr/include/zephyr/logging/log_ctrl.h:10,
                 from /workdir/zephyr/kernel/fatal.c:13:
/workdir/zephyr/include/zephyr/logging/log_backend.h:176:67: note: shadowed declaration is here
  176 |                                            union log_msg_generic *msg)
      |                                            ~~~~~~~~~~~~~~~~~~~~~~~^~~
/workdir/zephyr/include/zephyr/sys/__assert.h:125:21: warning: declaration of 'msg' shadows a parameter [-Wshadow]
  125 |     ATTR_LOG_STRING msg[] =  #x" ," "file: " __FILE__ ", line: " _STRIZE(__LINE__); \
      |                     ^~~
/workdir/zephyr/include/zephyr/logging/log_backend.h:179:9: note: in expansion of macro '__ASSERT_NO_MSG'
  179 |         __ASSERT_NO_MSG(msg != NULL);
      |         ^~~~~~~~~~~~~~~
/workdir/zephyr/include/zephyr/logging/log_backend.h:176:67: note: shadowed declaration is here
  176 |                                            union log_msg_generic *msg)
      |                                            ~~~~~~~~~~~~~~~~~~~~~~~^~~
[505/538] Building C object zephyr/kernel/CMakeFiles/kernel.dir/init.c.obj
In file included from /workdir/zephyr/include/zephyr/sys/util.h:27,
                 from /workdir/zephyr/include/zephyr/sys/atomic.h:18,
                 from /workdir/zephyr/include/zephyr/kernel_includes.h:25,
                 from /workdir/zephyr/include/zephyr/kernel.h:17,
                 from /workdir/zephyr/kernel/init.c:20:
/workdir/zephyr/include/zephyr/logging/log_backend.h: In function 'log_backend_msg_process':
/workdir/zephyr/include/zephyr/sys/__assert.h:125:21: warning: declaration of 'msg' shadows a parameter [-Wshadow]
  125 |     ATTR_LOG_STRING msg[] =  #x" ," "file: " __FILE__ ", line: " _STRIZE(__LINE__); \
      |                     ^~~
/workdir/zephyr/include/zephyr/logging/log_backend.h:178:9: note: in expansion of macro '__ASSERT_NO_MSG'
  178 |         __ASSERT_NO_MSG(backend != NULL);
      |         ^~~~~~~~~~~~~~~
In file included from /workdir/zephyr/include/zephyr/logging/log_ctrl.h:10,
                 from /workdir/zephyr/kernel/init.c:36:
/workdir/zephyr/include/zephyr/logging/log_backend.h:176:67: note: shadowed declaration is here
  176 |                                            union log_msg_generic *msg)
      |                                            ~~~~~~~~~~~~~~~~~~~~~~~^~~
/workdir/zephyr/include/zephyr/sys/__assert.h:125:21: warning: declaration of 'msg' shadows a parameter [-Wshadow]
  125 |     ATTR_LOG_STRING msg[] =  #x" ," "file: " __FILE__ ", line: " _STRIZE(__LINE__); \
      |                     ^~~
/workdir/zephyr/include/zephyr/logging/log_backend.h:179:9: note: in expansion of macro '__ASSERT_NO_MSG'
  179 |         __ASSERT_NO_MSG(msg != NULL);
      |         ^~~~~~~~~~~~~~~
/workdir/zephyr/include/zephyr/logging/log_backend.h:176:67: note: shadowed declaration is here
  176 |                                            union log_msg_generic *msg)
      |                                            ~~~~~~~~~~~~~~~~~~~~~~~^~~
[506/538] Building C object zephyr/kernel/CMakeFiles/kernel.dir/kheap.c.obj
[507/538] Building C object zephyr/kernel/CMakeFiles/kernel.dir/mem_slab.c.obj
[508/538] Building C object zephyr/kernel/CMakeFiles/kernel.dir/condvar.c.obj
[509/538] Building C object zephyr/kernel/CMakeFiles/kernel.dir/system_work_q.c.obj
[510/538] Building C object zephyr/kernel/CMakeFiles/kernel.dir/priority_queues.c.obj
[511/538] Building C object zephyr/kernel/CMakeFiles/kernel.dir/sem.c.obj
[512/538] Building C object zephyr/kernel/CMakeFiles/kernel.dir/stack.c.obj
[513/538] Building C object zephyr/kernel/CMakeFiles/kernel.dir/msg_q.c.obj
[514/538] Building C object zephyr/kernel/CMakeFiles/kernel.dir/mailbox.c.obj
[515/538] Building C object zephyr/kernel/CMakeFiles/kernel.dir/idle.c.obj
[516/538] Building C object zephyr/kernel/CMakeFiles/kernel.dir/mutex.c.obj
[517/538] Building C object modules/airoha/subsys/airoha/mux/CMakeFiles/..__airoha__mcu__subsys__airoha__mux.dir/ab162x/src/mux.c.obj
[518/538] Building C object zephyr/kernel/CMakeFiles/kernel.dir/queue.c.obj
[519/538] Building C object zephyr/kernel/CMakeFiles/kernel.dir/timeslicing.c.obj
[520/538] Linking C static library modules/airoha/subsys/airoha/mux/lib..__airoha__mcu__subsys__airoha__mux.a
[521/538] Building C object zephyr/kernel/CMakeFiles/kernel.dir/spinlock_validate.c.obj
[522/538] Building C object zephyr/kernel/CMakeFiles/kernel.dir/xip.c.obj
[523/538] Building C object zephyr/kernel/CMakeFiles/kernel.dir/thread_monitor.c.obj
[524/538] Building C object zephyr/kernel/CMakeFiles/kernel.dir/dynamic_disabled.c.obj
[525/538] Building C object zephyr/kernel/CMakeFiles/kernel.dir/mempool.c.obj
[526/538] Building C object zephyr/kernel/CMakeFiles/kernel.dir/thread.c.obj
[527/538] Building C object zephyr/kernel/CMakeFiles/kernel.dir/timer.c.obj
[528/538] Building C object zephyr/kernel/CMakeFiles/kernel.dir/timeout.c.obj
[529/538] Building C object zephyr/kernel/CMakeFiles/kernel.dir/work.c.obj
[530/538] Building C object zephyr/kernel/CMakeFiles/kernel.dir/poll.c.obj
[531/538] Building C object zephyr/kernel/CMakeFiles/kernel.dir/sched.c.obj
[532/538] Linking C static library zephyr/kernel/libkernel.a
[533/538] Linking CXX executable zephyr/zephyr_pre0.elf
[534/538] Generating linker.cmd
[535/538] Building C object zephyr/CMakeFiles/zephyr_final.dir/misc/empty_file.c.obj
[536/538] [Airoha] generating riscv firmware to /workdir/out/ab1623m_evk/hid_ref_mouse_m20/hid_device_ref_design_mouse/riscv/mouse_ref_design/hid_ref_mouse_m20...
[Airoha][Prepare Cross Core Params] found _cross_core_mem_zi_data_start equals 0x000000000400e540
[Airoha][Prepare Cross Core Params] found _cross_core_mem_size equals 0x0000000000001f54
[Airoha][Prepare Cross Core Params] need to match ('AIR_FPGA_ENV_ENABLE',)
[Airoha][Prepare Cross Core Params] write LINKER_SCRIPT_OPTION += -D_cross_core_mem_zi_data_start=0x000000000400e540
[Airoha][Prepare Cross Core Params] write LINKER_SCRIPT_OPTION += -D_cross_core_mem_size=0x0000000000001f54
FEATURE IN GCC = /workdir/airoha/risc-v/projects/applications/mouse_ref_design/config/hid_ref_mouse_m20.mk
[Airoha][RISC-V] source file: projects/applications/mouse_ref_design/src/app/riscv_ccni.c
[Airoha][RISC-V] source file: projects/applications/mouse_ref_design/src/app/riscv_main.c
[Airoha][RISC-V] source file: projects/applications/mouse_ref_design/src/app/riscv_motion_sensor.c
[Airoha][RISC-V] source file: projects/applications/mouse_ref_design/src/app/riscv_mouse_key.c
[Airoha][RISC-V] source file: projects/applications/mouse_ref_design/src/app/riscv_mouse_key_ir_ctrl.c
[Airoha][RISC-V] source file: projects/applications/mouse_ref_design/src/app/riscv_mouse_key_sw_debounce.c
[Airoha][RISC-V] source file: projects/applications/mouse_ref_design/src/app/riscv_peripheral_sampling.c
[Airoha][RISC-V] source file: projects/applications/mouse_ref_design/src/app/riscv_wheel.c
[Airoha][RISC-V] source file: projects/applications/mouse_ref_design/src/app/riscv_wheel_ir_comparator.c
[Airoha][RISC-V] source file: projects/applications/mouse_ref_design/src/app/riscv_wheel_queue.c
[Airoha][RISC-V] source file: projects/applications/mouse_ref_design/../general_used/src/sys_init.c
[Airoha][RISC-V] source file: middleware/airoha/pka/src/pka.c
[Airoha][RISC-V] source file: middleware/airoha/comp_wheel/src/comp_wheel.c
[Airoha][RISC-V] object file: /workdir/out/ab1623m_evk/hid_ref_mouse_m20/hid_device_ref_design_mouse/riscv/mouse_ref_design/hid_ref_mouse_m20/projects/applications/mouse_ref_design/src/app/riscv_ccni.o
[Airoha][RISC-V] object file: /workdir/out/ab1623m_evk/hid_ref_mouse_m20/hid_device_ref_design_mouse/riscv/mouse_ref_design/hid_ref_mouse_m20/projects/applications/mouse_ref_design/src/app/riscv_main.o
[Airoha][RISC-V] object file: /workdir/out/ab1623m_evk/hid_ref_mouse_m20/hid_device_ref_design_mouse/riscv/mouse_ref_design/hid_ref_mouse_m20/projects/applications/mouse_ref_design/src/app/riscv_motion_sensor.o
[Airoha][RISC-V] object file: /workdir/out/ab1623m_evk/hid_ref_mouse_m20/hid_device_ref_design_mouse/riscv/mouse_ref_design/hid_ref_mouse_m20/projects/applications/mouse_ref_design/src/app/riscv_mouse_key.o
[Airoha][RISC-V] object file: /workdir/out/ab1623m_evk/hid_ref_mouse_m20/hid_device_ref_design_mouse/riscv/mouse_ref_design/hid_ref_mouse_m20/projects/applications/mouse_ref_design/src/app/riscv_mouse_key_ir_ctrl.o
[Airoha][RISC-V] object file: /workdir/out/ab1623m_evk/hid_ref_mouse_m20/hid_device_ref_design_mouse/riscv/mouse_ref_design/hid_ref_mouse_m20/projects/applications/mouse_ref_design/src/app/riscv_mouse_key_sw_debounce.o
[Airoha][RISC-V] object file: /workdir/out/ab1623m_evk/hid_ref_mouse_m20/hid_device_ref_design_mouse/riscv/mouse_ref_design/hid_ref_mouse_m20/projects/applications/mouse_ref_design/src/app/riscv_peripheral_sampling.o
[Airoha][RISC-V] object file: /workdir/out/ab1623m_evk/hid_ref_mouse_m20/hid_device_ref_design_mouse/riscv/mouse_ref_design/hid_ref_mouse_m20/projects/applications/mouse_ref_design/src/app/riscv_wheel.o
[Airoha][RISC-V] object file: /workdir/out/ab1623m_evk/hid_ref_mouse_m20/hid_device_ref_design_mouse/riscv/mouse_ref_design/hid_ref_mouse_m20/projects/applications/mouse_ref_design/src/app/riscv_wheel_ir_comparator.o
[Airoha][RISC-V] object file: /workdir/out/ab1623m_evk/hid_ref_mouse_m20/hid_device_ref_design_mouse/riscv/mouse_ref_design/hid_ref_mouse_m20/projects/applications/mouse_ref_design/src/app/riscv_wheel_queue.o
[Airoha][RISC-V] object file: /workdir/out/ab1623m_evk/hid_ref_mouse_m20/hid_device_ref_design_mouse/riscv/mouse_ref_design/hid_ref_mouse_m20/projects/applications/mouse_ref_design/../general_used/src/sys_init.o
[Airoha][RISC-V] object file: /workdir/out/ab1623m_evk/hid_ref_mouse_m20/hid_device_ref_design_mouse/riscv/mouse_ref_design/hid_ref_mouse_m20/middleware/airoha/pka/src/pka.o
[Airoha][RISC-V] object file: /workdir/out/ab1623m_evk/hid_ref_mouse_m20/hid_device_ref_design_mouse/riscv/mouse_ref_design/hid_ref_mouse_m20/middleware/airoha/comp_wheel/src/comp_wheel.o
[Airoha][RISC-V] object file: /workdir/out/ab1623m_evk/hid_ref_mouse_m20/hid_device_ref_design_mouse/riscv/mouse_ref_design/hid_ref_mouse_m20/common/middleware/airoha/share_buffer/src/share_buffer.o
[Airoha][RISC-V] object file: /workdir/out/ab1623m_evk/hid_ref_mouse_m20/hid_device_ref_design_mouse/riscv/mouse_ref_design/hid_ref_mouse_m20/common/middleware/airoha/pka_share/src/pka_share.o
[Airoha][RISC-V] object file: /workdir/out/ab1623m_evk/hid_ref_mouse_m20/hid_device_ref_design_mouse/riscv/mouse_ref_design/hid_ref_mouse_m20/common/drivers/chip/ab162x/src/hal_ccni.o
[Airoha][RISC-V] object file: /workdir/out/ab1623m_evk/hid_ref_mouse_m20/hid_device_ref_design_mouse/riscv/mouse_ref_design/hid_ref_mouse_m20/common/drivers/chip/ab162x/src/hal_ccni_config.o
[Airoha][RISC-V] object file: /workdir/out/ab1623m_evk/hid_ref_mouse_m20/hid_device_ref_design_mouse/riscv/mouse_ref_design/hid_ref_mouse_m20/common/drivers/chip/ab162x/src/hal_core_status.o
[Airoha][RISC-V] object file: /workdir/out/ab1623m_evk/hid_ref_mouse_m20/hid_device_ref_design_mouse/riscv/mouse_ref_design/hid_ref_mouse_m20/common/drivers/chip/ab162x/src/hal_cross_core_config.o
[Airoha][RISC-V] object file: /workdir/out/ab1623m_evk/hid_ref_mouse_m20/hid_device_ref_design_mouse/riscv/mouse_ref_design/hid_ref_mouse_m20/common/drivers/chip/ab162x/src/hal_hw_semaphore.o
[Airoha][RISC-V] object file: /workdir/out/ab1623m_evk/hid_ref_mouse_m20/hid_device_ref_design_mouse/riscv/mouse_ref_design/hid_ref_mouse_m20/common/applications/hid/src/hid_common.o
[Airoha][RISC-V] object file: /workdir/out/ab1623m_evk/hid_ref_mouse_m20/hid_device_ref_design_mouse/riscv/mouse_ref_design/hid_ref_mouse_m20/common/applications/hid/src/hid_common_acl_rsp_via_hid.o
[Airoha][RISC-V] object file: /workdir/out/ab1623m_evk/hid_ref_mouse_m20/hid_device_ref_design_mouse/riscv/mouse_ref_design/hid_ref_mouse_m20/common/applications/hid/src/hid_common_button.o
[Airoha][RISC-V] object file: /workdir/out/ab1623m_evk/hid_ref_mouse_m20/hid_device_ref_design_mouse/riscv/mouse_ref_design/hid_ref_mouse_m20/common/middleware/airoha/hid_express/src/riscv_hid_express.o
[Airoha][RISC-V] object file: /workdir/out/ab1623m_evk/hid_ref_mouse_m20/hid_device_ref_design_mouse/riscv/mouse_ref_design/hid_ref_mouse_m20/common/middleware/airoha/hid_express/src/riscv_hid_express_bt_mode.o
[Airoha][RISC-V] object file: /workdir/out/ab1623m_evk/hid_ref_mouse_m20/hid_device_ref_design_mouse/riscv/mouse_ref_design/hid_ref_mouse_m20/common/middleware/airoha/hid_express/src/riscv_hid_express_2_4G_mode.o
[Airoha][RISC-V] object file: /workdir/out/ab1623m_evk/hid_ref_mouse_m20/hid_device_ref_design_mouse/riscv/mouse_ref_design/hid_ref_mouse_m20/common/middleware/airoha/hid_express/src/riscv_hid_express_usb_mode.o
[Airoha][RISC-V] object file: /workdir/out/ab1623m_evk/hid_ref_mouse_m20/hid_device_ref_design_mouse/riscv/mouse_ref_design/hid_ref_mouse_m20/common/middleware/airoha/hid_express/src/riscv_hid_express_xy_queue.o
[Airoha][RISC-V] object file: /workdir/out/ab1623m_evk/hid_ref_mouse_m20/hid_device_ref_design_mouse/riscv/mouse_ref_design/hid_ref_mouse_m20/common/middleware/airoha/hid_express/src/riscv_hid_express_key_queue_mouse.o
[Airoha][RISC-V] object file: /workdir/out/ab1623m_evk/hid_ref_mouse_m20/hid_device_ref_design_mouse/riscv/mouse_ref_design/hid_ref_mouse_m20/common/middleware/airoha/hid_express/src/riscv_hid_express_key_queue_keyboard.o
[Airoha][RISC-V] object file: /workdir/out/ab1623m_evk/hid_ref_mouse_m20/hid_device_ref_design_mouse/riscv/mouse_ref_design/hid_ref_mouse_m20/common/middleware/airoha/hid_express/src/riscv_hid_express_key_queue_game_controller.o
[Airoha][RISC-V] object file: /workdir/out/ab1623m_evk/hid_ref_mouse_m20/hid_device_ref_design_mouse/riscv/mouse_ref_design/hid_ref_mouse_m20/common/middleware/airoha/hid_express/src/rv_fake_report.o
[Airoha][RISC-V] object file: /workdir/out/ab1623m_evk/hid_ref_mouse_m20/hid_device_ref_design_mouse/riscv/mouse_ref_design/hid_ref_mouse_m20/common/middleware/airoha/hid_express/src/rv_hid_exp_delay_printf.o
[Airoha][RISC-V] object file: /workdir/out/ab1623m_evk/hid_ref_mouse_m20/hid_device_ref_design_mouse/riscv/mouse_ref_design/hid_ref_mouse_m20/common/middleware/airoha/hid_express/src/riscv_hid_report_id_selector.o
[Airoha][RISC-V] object file: /workdir/out/ab1623m_evk/hid_ref_mouse_m20/hid_device_ref_design_mouse/riscv/mouse_ref_design/hid_ref_mouse_m20/common/middleware/airoha/hid_express/src/rv_burst_tx_buf_ctrl.o
[Airoha][RISC-V] object file: /workdir/out/ab1623m_evk/hid_ref_mouse_m20/hid_device_ref_design_mouse/riscv/mouse_ref_design/hid_ref_mouse_m20/common/middleware/airoha/hid_express/src/rv_latency.o
[Airoha][RISC-V] object file: /workdir/out/ab1623m_evk/hid_ref_mouse_m20/hid_device_ref_design_mouse/riscv/mouse_ref_design/hid_ref_mouse_m20/common/middleware/airoha/hid_express/src/pka.o
[Airoha][RISC-V] object file: /workdir/out/ab1623m_evk/hid_ref_mouse_m20/hid_device_ref_design_mouse/riscv/mouse_ref_design/hid_ref_mouse_m20/common/middleware/airoha/key_remap/src/key_remap_frontend.o
[Airoha][RISC-V] object file: /workdir/out/ab1623m_evk/hid_ref_mouse_m20/hid_device_ref_design_mouse/riscv/mouse_ref_design/hid_ref_mouse_m20/common/middleware/airoha/key_remap/src/key_remap_backend.o
[Airoha][RISC-V] object file: /workdir/out/ab1623m_evk/hid_ref_mouse_m20/hid_device_ref_design_mouse/riscv/mouse_ref_design/hid_ref_mouse_m20/common/middleware/airoha/key_remap/src/key_remap_queue.o
[Airoha][RISC-V] object file: /workdir/out/ab1623m_evk/hid_ref_mouse_m20/hid_device_ref_design_mouse/riscv/mouse_ref_design/hid_ref_mouse_m20/drivers/chip/ab162x/src/hal_clock.o
[Airoha][RISC-V] object file: /workdir/out/ab1623m_evk/hid_ref_mouse_m20/hid_device_ref_design_mouse/riscv/mouse_ref_design/hid_ref_mouse_m20/drivers/chip/ab162x/src/hal_comparator.o
[Airoha][RISC-V] object file: /workdir/out/ab1623m_evk/hid_ref_mouse_m20/hid_device_ref_design_mouse/riscv/mouse_ref_design/hid_ref_mouse_m20/drivers/chip/ab162x/src/hal_eint.o
[Airoha][RISC-V] object file: /workdir/out/ab1623m_evk/hid_ref_mouse_m20/hid_device_ref_design_mouse/riscv/mouse_ref_design/hid_ref_mouse_m20/drivers/chip/ab162x/src/hal_eint_internal.o
[Airoha][RISC-V] object file: /workdir/out/ab1623m_evk/hid_ref_mouse_m20/hid_device_ref_design_mouse/riscv/mouse_ref_design/hid_ref_mouse_m20/drivers/chip/ab162x/src/hal_gpio.o
[Airoha][RISC-V] object file: /workdir/out/ab1623m_evk/hid_ref_mouse_m20/hid_device_ref_design_mouse/riscv/mouse_ref_design/hid_ref_mouse_m20/drivers/chip/ab162x/src/hal_gpio_internal.o
[Airoha][RISC-V] object file: /workdir/out/ab1623m_evk/hid_ref_mouse_m20/hid_device_ref_design_mouse/riscv/mouse_ref_design/hid_ref_mouse_m20/drivers/chip/ab162x/src/hal_gpt.o
[Airoha][RISC-V] object file: /workdir/out/ab1623m_evk/hid_ref_mouse_m20/hid_device_ref_design_mouse/riscv/mouse_ref_design/hid_ref_mouse_m20/drivers/chip/ab162x/src/hal_gpt_internal.o
[Airoha][RISC-V] object file: /workdir/out/ab1623m_evk/hid_ref_mouse_m20/hid_device_ref_design_mouse/riscv/mouse_ref_design/hid_ref_mouse_m20/drivers/chip/ab162x/src/hal_hw_keyscan.o
[Airoha][RISC-V] object file: /workdir/out/ab1623m_evk/hid_ref_mouse_m20/hid_device_ref_design_mouse/riscv/mouse_ref_design/hid_ref_mouse_m20/drivers/chip/ab162x/src/hal_i2c_master.o
[Airoha][RISC-V] object file: /workdir/out/ab1623m_evk/hid_ref_mouse_m20/hid_device_ref_design_mouse/riscv/mouse_ref_design/hid_ref_mouse_m20/drivers/chip/ab162x/src/hal_i2c_master_internal.o
[Airoha][RISC-V] object file: /workdir/out/ab1623m_evk/hid_ref_mouse_m20/hid_device_ref_design_mouse/riscv/mouse_ref_design/hid_ref_mouse_m20/drivers/chip/ab162x/src/hal_memview.o
[Airoha][RISC-V] object file: /workdir/out/ab1623m_evk/hid_ref_mouse_m20/hid_device_ref_design_mouse/riscv/mouse_ref_design/hid_ref_mouse_m20/drivers/chip/ab162x/src/hal_nvic.o
[Airoha][RISC-V] object file: /workdir/out/ab1623m_evk/hid_ref_mouse_m20/hid_device_ref_design_mouse/riscv/mouse_ref_design/hid_ref_mouse_m20/drivers/chip/ab162x/src/hal_pdma_internal.o
[Airoha][RISC-V] object file: /workdir/out/ab1623m_evk/hid_ref_mouse_m20/hid_device_ref_design_mouse/riscv/mouse_ref_design/hid_ref_mouse_m20/drivers/chip/ab162x/src/hal_qdec.o
[Airoha][RISC-V] object file: /workdir/out/ab1623m_evk/hid_ref_mouse_m20/hid_device_ref_design_mouse/riscv/mouse_ref_design/hid_ref_mouse_m20/drivers/chip/ab162x/src/hal_ramboz.o
[Airoha][RISC-V] object file: /workdir/out/ab1623m_evk/hid_ref_mouse_m20/hid_device_ref_design_mouse/riscv/mouse_ref_design/hid_ref_mouse_m20/drivers/chip/ab162x/src/hal_rtc.o
[Airoha][RISC-V] object file: /workdir/out/ab1623m_evk/hid_ref_mouse_m20/hid_device_ref_design_mouse/riscv/mouse_ref_design/hid_ref_mouse_m20/drivers/chip/ab162x/src/hal_rtc_internal.o
[Airoha][RISC-V] object file: /workdir/out/ab1623m_evk/hid_ref_mouse_m20/hid_device_ref_design_mouse/riscv/mouse_ref_design/hid_ref_mouse_m20/drivers/chip/ab162x/src/hal_saradc.o
[Airoha][RISC-V] object file: /workdir/out/ab1623m_evk/hid_ref_mouse_m20/hid_device_ref_design_mouse/riscv/mouse_ref_design/hid_ref_mouse_m20/drivers/chip/ab162x/src/hal_spi_master.o
[Airoha][RISC-V] object file: /workdir/out/ab1623m_evk/hid_ref_mouse_m20/hid_device_ref_design_mouse/riscv/mouse_ref_design/hid_ref_mouse_m20/drivers/chip/ab162x/src/hal_spi_master_internal.o
[Airoha][RISC-V] object file: /workdir/out/ab1623m_evk/hid_ref_mouse_m20/hid_device_ref_design_mouse/riscv/mouse_ref_design/hid_ref_mouse_m20/drivers/chip/ab162x/src/hal_spi_slave.o
[Airoha][RISC-V] object file: /workdir/out/ab1623m_evk/hid_ref_mouse_m20/hid_device_ref_design_mouse/riscv/mouse_ref_design/hid_ref_mouse_m20/drivers/chip/ab162x/src/hal_spi_slave_internal.o
[Airoha][RISC-V] object file: /workdir/out/ab1623m_evk/hid_ref_mouse_m20/hid_device_ref_design_mouse/riscv/mouse_ref_design/hid_ref_mouse_m20/drivers/chip/ab162x/src/hal_uart.o
[Airoha][RISC-V] object file: /workdir/out/ab1623m_evk/hid_ref_mouse_m20/hid_device_ref_design_mouse/riscv/mouse_ref_design/hid_ref_mouse_m20/drivers/chip/ab162x/src/hal_uart_internal.o
[Airoha][RISC-V] object file: /workdir/out/ab1623m_evk/hid_ref_mouse_m20/hid_device_ref_design_mouse/riscv/mouse_ref_design/hid_ref_mouse_m20/drivers/chip/ab162x/src/mouse_sensor.o
[Airoha][RISC-V] object file: /workdir/out/ab1623m_evk/hid_ref_mouse_m20/hid_device_ref_design_mouse/riscv/mouse_ref_design/hid_ref_mouse_m20/drivers/chip/ab162x/src_core/hal_sleep_manager.o
[Airoha][RISC-V] object file: /workdir/out/ab1623m_evk/hid_ref_mouse_m20/hid_device_ref_design_mouse/riscv/mouse_ref_design/hid_ref_mouse_m20/drivers/chip/ab162x/src_core/hal_sleep_manager_internal.o
[Airoha][RISC-V] object file: /workdir/out/ab1623m_evk/hid_ref_mouse_m20/hid_device_ref_design_mouse/riscv/mouse_ref_design/hid_ref_mouse_m20/drivers/chip/ab162x/src_core/hal_spm.o
[Airoha][RISC-V] object file: /workdir/out/ab1623m_evk/hid_ref_mouse_m20/hid_device_ref_design_mouse/riscv/mouse_ref_design/hid_ref_mouse_m20/kernel/service/exception_handler/src/exception_portable.o
[Airoha][RISC-V] object file: /workdir/out/ab1623m_evk/hid_ref_mouse_m20/hid_device_ref_design_mouse/riscv/mouse_ref_design/hid_ref_mouse_m20/kernel/service/syslog/src/syslog_port.o
[Airoha][RISC-V] object file: /workdir/out/ab1623m_evk/hid_ref_mouse_m20/hid_device_ref_design_mouse/riscv/mouse_ref_design/hid_ref_mouse_m20/kernel/service/swla/src/swla_port.o
[Airoha][RISC-V] object file: /workdir/out/ab1623m_evk/hid_ref_mouse_m20/hid_device_ref_design_mouse/riscv/mouse_ref_design/hid_ref_mouse_m20/kernel/service/system_online_dump/src/system_online_dump.o
[Airoha][RISC-V] object file: /workdir/out/ab1623m_evk/hid_ref_mouse_m20/hid_device_ref_design_mouse/riscv/mouse_ref_design/hid_ref_mouse_m20/config/chip/ab162x/startup.o
[Airoha][RISC-V] dependency file: /workdir/out/ab1623m_evk/hid_ref_mouse_m20/hid_device_ref_design_mouse/riscv/mouse_ref_design/hid_ref_mouse_m20/projects/applications/mouse_ref_design/src/app/riscv_ccni.d
[Airoha][RISC-V] dependency file: /workdir/out/ab1623m_evk/hid_ref_mouse_m20/hid_device_ref_design_mouse/riscv/mouse_ref_design/hid_ref_mouse_m20/projects/applications/mouse_ref_design/src/app/riscv_main.d
[Airoha][RISC-V] dependency file: /workdir/out/ab1623m_evk/hid_ref_mouse_m20/hid_device_ref_design_mouse/riscv/mouse_ref_design/hid_ref_mouse_m20/projects/applications/mouse_ref_design/src/app/riscv_motion_sensor.d
[Airoha][RISC-V] dependency file: /workdir/out/ab1623m_evk/hid_ref_mouse_m20/hid_device_ref_design_mouse/riscv/mouse_ref_design/hid_ref_mouse_m20/projects/applications/mouse_ref_design/src/app/riscv_mouse_key.d
[Airoha][RISC-V] dependency file: /workdir/out/ab1623m_evk/hid_ref_mouse_m20/hid_device_ref_design_mouse/riscv/mouse_ref_design/hid_ref_mouse_m20/projects/applications/mouse_ref_design/src/app/riscv_mouse_key_ir_ctrl.d
[Airoha][RISC-V] dependency file: /workdir/out/ab1623m_evk/hid_ref_mouse_m20/hid_device_ref_design_mouse/riscv/mouse_ref_design/hid_ref_mouse_m20/projects/applications/mouse_ref_design/src/app/riscv_mouse_key_sw_debounce.d
[Airoha][RISC-V] dependency file: /workdir/out/ab1623m_evk/hid_ref_mouse_m20/hid_device_ref_design_mouse/riscv/mouse_ref_design/hid_ref_mouse_m20/projects/applications/mouse_ref_design/src/app/riscv_peripheral_sampling.d
[Airoha][RISC-V] dependency file: /workdir/out/ab1623m_evk/hid_ref_mouse_m20/hid_device_ref_design_mouse/riscv/mouse_ref_design/hid_ref_mouse_m20/projects/applications/mouse_ref_design/src/app/riscv_wheel.d
[Airoha][RISC-V] dependency file: /workdir/out/ab1623m_evk/hid_ref_mouse_m20/hid_device_ref_design_mouse/riscv/mouse_ref_design/hid_ref_mouse_m20/projects/applications/mouse_ref_design/src/app/riscv_wheel_ir_comparator.d
[Airoha][RISC-V] dependency file: /workdir/out/ab1623m_evk/hid_ref_mouse_m20/hid_device_ref_design_mouse/riscv/mouse_ref_design/hid_ref_mouse_m20/projects/applications/mouse_ref_design/src/app/riscv_wheel_queue.d
[Airoha][RISC-V] dependency file: /workdir/out/ab1623m_evk/hid_ref_mouse_m20/hid_device_ref_design_mouse/riscv/mouse_ref_design/hid_ref_mouse_m20/projects/applications/mouse_ref_design/../general_used/src/sys_init.d
[Airoha][RISC-V] dependency file: /workdir/out/ab1623m_evk/hid_ref_mouse_m20/hid_device_ref_design_mouse/riscv/mouse_ref_design/hid_ref_mouse_m20/middleware/airoha/pka/src/pka.d
[Airoha][RISC-V] dependency file: /workdir/out/ab1623m_evk/hid_ref_mouse_m20/hid_device_ref_design_mouse/riscv/mouse_ref_design/hid_ref_mouse_m20/middleware/airoha/comp_wheel/src/comp_wheel.d
[Airoha][RISC-V] dependency file: /workdir/out/ab1623m_evk/hid_ref_mouse_m20/hid_device_ref_design_mouse/riscv/mouse_ref_design/hid_ref_mouse_m20/common/middleware/airoha/share_buffer/src/share_buffer.d
[Airoha][RISC-V] dependency file: /workdir/out/ab1623m_evk/hid_ref_mouse_m20/hid_device_ref_design_mouse/riscv/mouse_ref_design/hid_ref_mouse_m20/common/middleware/airoha/pka_share/src/pka_share.d
[Airoha][RISC-V] dependency file: /workdir/out/ab1623m_evk/hid_ref_mouse_m20/hid_device_ref_design_mouse/riscv/mouse_ref_design/hid_ref_mouse_m20/common/drivers/chip/ab162x/src/hal_ccni.d
[Airoha][RISC-V] dependency file: /workdir/out/ab1623m_evk/hid_ref_mouse_m20/hid_device_ref_design_mouse/riscv/mouse_ref_design/hid_ref_mouse_m20/common/drivers/chip/ab162x/src/hal_ccni_config.d
[Airoha][RISC-V] dependency file: /workdir/out/ab1623m_evk/hid_ref_mouse_m20/hid_device_ref_design_mouse/riscv/mouse_ref_design/hid_ref_mouse_m20/common/drivers/chip/ab162x/src/hal_core_status.d
[Airoha][RISC-V] dependency file: /workdir/out/ab1623m_evk/hid_ref_mouse_m20/hid_device_ref_design_mouse/riscv/mouse_ref_design/hid_ref_mouse_m20/common/drivers/chip/ab162x/src/hal_cross_core_config.d
[Airoha][RISC-V] dependency file: /workdir/out/ab1623m_evk/hid_ref_mouse_m20/hid_device_ref_design_mouse/riscv/mouse_ref_design/hid_ref_mouse_m20/common/drivers/chip/ab162x/src/hal_hw_semaphore.d
[Airoha][RISC-V] dependency file: /workdir/out/ab1623m_evk/hid_ref_mouse_m20/hid_device_ref_design_mouse/riscv/mouse_ref_design/hid_ref_mouse_m20/common/applications/hid/src/hid_common.d
[Airoha][RISC-V] dependency file: /workdir/out/ab1623m_evk/hid_ref_mouse_m20/hid_device_ref_design_mouse/riscv/mouse_ref_design/hid_ref_mouse_m20/common/applications/hid/src/hid_common_acl_rsp_via_hid.d
[Airoha][RISC-V] dependency file: /workdir/out/ab1623m_evk/hid_ref_mouse_m20/hid_device_ref_design_mouse/riscv/mouse_ref_design/hid_ref_mouse_m20/common/applications/hid/src/hid_common_button.d
[Airoha][RISC-V] dependency file: /workdir/out/ab1623m_evk/hid_ref_mouse_m20/hid_device_ref_design_mouse/riscv/mouse_ref_design/hid_ref_mouse_m20/common/middleware/airoha/hid_express/src/riscv_hid_express.d
[Airoha][RISC-V] dependency file: /workdir/out/ab1623m_evk/hid_ref_mouse_m20/hid_device_ref_design_mouse/riscv/mouse_ref_design/hid_ref_mouse_m20/common/middleware/airoha/hid_express/src/riscv_hid_express_bt_mode.d
[Airoha][RISC-V] dependency file: /workdir/out/ab1623m_evk/hid_ref_mouse_m20/hid_device_ref_design_mouse/riscv/mouse_ref_design/hid_ref_mouse_m20/common/middleware/airoha/hid_express/src/riscv_hid_express_2_4G_mode.d
[Airoha][RISC-V] dependency file: /workdir/out/ab1623m_evk/hid_ref_mouse_m20/hid_device_ref_design_mouse/riscv/mouse_ref_design/hid_ref_mouse_m20/common/middleware/airoha/hid_express/src/riscv_hid_express_usb_mode.d
[Airoha][RISC-V] dependency file: /workdir/out/ab1623m_evk/hid_ref_mouse_m20/hid_device_ref_design_mouse/riscv/mouse_ref_design/hid_ref_mouse_m20/common/middleware/airoha/hid_express/src/riscv_hid_express_xy_queue.d
[Airoha][RISC-V] dependency file: /workdir/out/ab1623m_evk/hid_ref_mouse_m20/hid_device_ref_design_mouse/riscv/mouse_ref_design/hid_ref_mouse_m20/common/middleware/airoha/hid_express/src/riscv_hid_express_key_queue_mouse.d
[Airoha][RISC-V] dependency file: /workdir/out/ab1623m_evk/hid_ref_mouse_m20/hid_device_ref_design_mouse/riscv/mouse_ref_design/hid_ref_mouse_m20/common/middleware/airoha/hid_express/src/riscv_hid_express_key_queue_keyboard.d
[Airoha][RISC-V] dependency file: /workdir/out/ab1623m_evk/hid_ref_mouse_m20/hid_device_ref_design_mouse/riscv/mouse_ref_design/hid_ref_mouse_m20/common/middleware/airoha/hid_express/src/riscv_hid_express_key_queue_game_controller.d
[Airoha][RISC-V] dependency file: /workdir/out/ab1623m_evk/hid_ref_mouse_m20/hid_device_ref_design_mouse/riscv/mouse_ref_design/hid_ref_mouse_m20/common/middleware/airoha/hid_express/src/rv_fake_report.d
[Airoha][RISC-V] dependency file: /workdir/out/ab1623m_evk/hid_ref_mouse_m20/hid_device_ref_design_mouse/riscv/mouse_ref_design/hid_ref_mouse_m20/common/middleware/airoha/hid_express/src/rv_hid_exp_delay_printf.d
[Airoha][RISC-V] dependency file: /workdir/out/ab1623m_evk/hid_ref_mouse_m20/hid_device_ref_design_mouse/riscv/mouse_ref_design/hid_ref_mouse_m20/common/middleware/airoha/hid_express/src/riscv_hid_report_id_selector.d
[Airoha][RISC-V] dependency file: /workdir/out/ab1623m_evk/hid_ref_mouse_m20/hid_device_ref_design_mouse/riscv/mouse_ref_design/hid_ref_mouse_m20/common/middleware/airoha/hid_express/src/rv_burst_tx_buf_ctrl.d
[Airoha][RISC-V] dependency file: /workdir/out/ab1623m_evk/hid_ref_mouse_m20/hid_device_ref_design_mouse/riscv/mouse_ref_design/hid_ref_mouse_m20/common/middleware/airoha/hid_express/src/rv_latency.d
[Airoha][RISC-V] dependency file: /workdir/out/ab1623m_evk/hid_ref_mouse_m20/hid_device_ref_design_mouse/riscv/mouse_ref_design/hid_ref_mouse_m20/common/middleware/airoha/hid_express/src/pka.d
[Airoha][RISC-V] dependency file: /workdir/out/ab1623m_evk/hid_ref_mouse_m20/hid_device_ref_design_mouse/riscv/mouse_ref_design/hid_ref_mouse_m20/common/middleware/airoha/key_remap/src/key_remap_frontend.d
[Airoha][RISC-V] dependency file: /workdir/out/ab1623m_evk/hid_ref_mouse_m20/hid_device_ref_design_mouse/riscv/mouse_ref_design/hid_ref_mouse_m20/common/middleware/airoha/key_remap/src/key_remap_backend.d
[Airoha][RISC-V] dependency file: /workdir/out/ab1623m_evk/hid_ref_mouse_m20/hid_device_ref_design_mouse/riscv/mouse_ref_design/hid_ref_mouse_m20/common/middleware/airoha/key_remap/src/key_remap_queue.d
[Airoha][RISC-V] dependency file: /workdir/out/ab1623m_evk/hid_ref_mouse_m20/hid_device_ref_design_mouse/riscv/mouse_ref_design/hid_ref_mouse_m20/drivers/chip/ab162x/src/hal_clock.d
[Airoha][RISC-V] dependency file: /workdir/out/ab1623m_evk/hid_ref_mouse_m20/hid_device_ref_design_mouse/riscv/mouse_ref_design/hid_ref_mouse_m20/drivers/chip/ab162x/src/hal_comparator.d
[Airoha][RISC-V] dependency file: /workdir/out/ab1623m_evk/hid_ref_mouse_m20/hid_device_ref_design_mouse/riscv/mouse_ref_design/hid_ref_mouse_m20/drivers/chip/ab162x/src/hal_eint.d
[Airoha][RISC-V] dependency file: /workdir/out/ab1623m_evk/hid_ref_mouse_m20/hid_device_ref_design_mouse/riscv/mouse_ref_design/hid_ref_mouse_m20/drivers/chip/ab162x/src/hal_eint_internal.d
[Airoha][RISC-V] dependency file: /workdir/out/ab1623m_evk/hid_ref_mouse_m20/hid_device_ref_design_mouse/riscv/mouse_ref_design/hid_ref_mouse_m20/drivers/chip/ab162x/src/hal_gpio.d
[Airoha][RISC-V] dependency file: /workdir/out/ab1623m_evk/hid_ref_mouse_m20/hid_device_ref_design_mouse/riscv/mouse_ref_design/hid_ref_mouse_m20/drivers/chip/ab162x/src/hal_gpio_internal.d
[Airoha][RISC-V] dependency file: /workdir/out/ab1623m_evk/hid_ref_mouse_m20/hid_device_ref_design_mouse/riscv/mouse_ref_design/hid_ref_mouse_m20/drivers/chip/ab162x/src/hal_gpt.d
[Airoha][RISC-V] dependency file: /workdir/out/ab1623m_evk/hid_ref_mouse_m20/hid_device_ref_design_mouse/riscv/mouse_ref_design/hid_ref_mouse_m20/drivers/chip/ab162x/src/hal_gpt_internal.d
[Airoha][RISC-V] dependency file: /workdir/out/ab1623m_evk/hid_ref_mouse_m20/hid_device_ref_design_mouse/riscv/mouse_ref_design/hid_ref_mouse_m20/drivers/chip/ab162x/src/hal_hw_keyscan.d
[Airoha][RISC-V] dependency file: /workdir/out/ab1623m_evk/hid_ref_mouse_m20/hid_device_ref_design_mouse/riscv/mouse_ref_design/hid_ref_mouse_m20/drivers/chip/ab162x/src/hal_i2c_master.d
[Airoha][RISC-V] dependency file: /workdir/out/ab1623m_evk/hid_ref_mouse_m20/hid_device_ref_design_mouse/riscv/mouse_ref_design/hid_ref_mouse_m20/drivers/chip/ab162x/src/hal_i2c_master_internal.d
[Airoha][RISC-V] dependency file: /workdir/out/ab1623m_evk/hid_ref_mouse_m20/hid_device_ref_design_mouse/riscv/mouse_ref_design/hid_ref_mouse_m20/drivers/chip/ab162x/src/hal_memview.d
[Airoha][RISC-V] dependency file: /workdir/out/ab1623m_evk/hid_ref_mouse_m20/hid_device_ref_design_mouse/riscv/mouse_ref_design/hid_ref_mouse_m20/drivers/chip/ab162x/src/hal_nvic.d
[Airoha][RISC-V] dependency file: /workdir/out/ab1623m_evk/hid_ref_mouse_m20/hid_device_ref_design_mouse/riscv/mouse_ref_design/hid_ref_mouse_m20/drivers/chip/ab162x/src/hal_pdma_internal.d
[Airoha][RISC-V] dependency file: /workdir/out/ab1623m_evk/hid_ref_mouse_m20/hid_device_ref_design_mouse/riscv/mouse_ref_design/hid_ref_mouse_m20/drivers/chip/ab162x/src/hal_qdec.d
[Airoha][RISC-V] dependency file: /workdir/out/ab1623m_evk/hid_ref_mouse_m20/hid_device_ref_design_mouse/riscv/mouse_ref_design/hid_ref_mouse_m20/drivers/chip/ab162x/src/hal_ramboz.d
[Airoha][RISC-V] dependency file: /workdir/out/ab1623m_evk/hid_ref_mouse_m20/hid_device_ref_design_mouse/riscv/mouse_ref_design/hid_ref_mouse_m20/drivers/chip/ab162x/src/hal_rtc.d
[Airoha][RISC-V] dependency file: /workdir/out/ab1623m_evk/hid_ref_mouse_m20/hid_device_ref_design_mouse/riscv/mouse_ref_design/hid_ref_mouse_m20/drivers/chip/ab162x/src/hal_rtc_internal.d
[Airoha][RISC-V] dependency file: /workdir/out/ab1623m_evk/hid_ref_mouse_m20/hid_device_ref_design_mouse/riscv/mouse_ref_design/hid_ref_mouse_m20/drivers/chip/ab162x/src/hal_saradc.d
[Airoha][RISC-V] dependency file: /workdir/out/ab1623m_evk/hid_ref_mouse_m20/hid_device_ref_design_mouse/riscv/mouse_ref_design/hid_ref_mouse_m20/drivers/chip/ab162x/src/hal_spi_master.d
[Airoha][RISC-V] dependency file: /workdir/out/ab1623m_evk/hid_ref_mouse_m20/hid_device_ref_design_mouse/riscv/mouse_ref_design/hid_ref_mouse_m20/drivers/chip/ab162x/src/hal_spi_master_internal.d
[Airoha][RISC-V] dependency file: /workdir/out/ab1623m_evk/hid_ref_mouse_m20/hid_device_ref_design_mouse/riscv/mouse_ref_design/hid_ref_mouse_m20/drivers/chip/ab162x/src/hal_spi_slave.d
[Airoha][RISC-V] dependency file: /workdir/out/ab1623m_evk/hid_ref_mouse_m20/hid_device_ref_design_mouse/riscv/mouse_ref_design/hid_ref_mouse_m20/drivers/chip/ab162x/src/hal_spi_slave_internal.d
[Airoha][RISC-V] dependency file: /workdir/out/ab1623m_evk/hid_ref_mouse_m20/hid_device_ref_design_mouse/riscv/mouse_ref_design/hid_ref_mouse_m20/drivers/chip/ab162x/src/hal_uart.d
[Airoha][RISC-V] dependency file: /workdir/out/ab1623m_evk/hid_ref_mouse_m20/hid_device_ref_design_mouse/riscv/mouse_ref_design/hid_ref_mouse_m20/drivers/chip/ab162x/src/hal_uart_internal.d
[Airoha][RISC-V] dependency file: /workdir/out/ab1623m_evk/hid_ref_mouse_m20/hid_device_ref_design_mouse/riscv/mouse_ref_design/hid_ref_mouse_m20/drivers/chip/ab162x/src/mouse_sensor.d
[Airoha][RISC-V] dependency file: /workdir/out/ab1623m_evk/hid_ref_mouse_m20/hid_device_ref_design_mouse/riscv/mouse_ref_design/hid_ref_mouse_m20/drivers/chip/ab162x/src_core/hal_sleep_manager.d
[Airoha][RISC-V] dependency file: /workdir/out/ab1623m_evk/hid_ref_mouse_m20/hid_device_ref_design_mouse/riscv/mouse_ref_design/hid_ref_mouse_m20/drivers/chip/ab162x/src_core/hal_sleep_manager_internal.d
[Airoha][RISC-V] dependency file: /workdir/out/ab1623m_evk/hid_ref_mouse_m20/hid_device_ref_design_mouse/riscv/mouse_ref_design/hid_ref_mouse_m20/drivers/chip/ab162x/src_core/hal_spm.d
[Airoha][RISC-V] dependency file: /workdir/out/ab1623m_evk/hid_ref_mouse_m20/hid_device_ref_design_mouse/riscv/mouse_ref_design/hid_ref_mouse_m20/kernel/service/exception_handler/src/exception_portable.d
[Airoha][RISC-V] dependency file: /workdir/out/ab1623m_evk/hid_ref_mouse_m20/hid_device_ref_design_mouse/riscv/mouse_ref_design/hid_ref_mouse_m20/kernel/service/syslog/src/syslog_port.d
[Airoha][RISC-V] dependency file: /workdir/out/ab1623m_evk/hid_ref_mouse_m20/hid_device_ref_design_mouse/riscv/mouse_ref_design/hid_ref_mouse_m20/kernel/service/swla/src/swla_port.d
[Airoha][RISC-V] dependency file: /workdir/out/ab1623m_evk/hid_ref_mouse_m20/hid_device_ref_design_mouse/riscv/mouse_ref_design/hid_ref_mouse_m20/kernel/service/system_online_dump/src/system_online_dump.d
[Airoha][RISC-V] dependency file: /workdir/out/ab1623m_evk/hid_ref_mouse_m20/hid_device_ref_design_mouse/riscv/mouse_ref_design/hid_ref_mouse_m20/config/chip/ab162x/startup.d
[Airoha][RISC-V] libray file: prebuilt/system/chip/ab162x/exception_handler/libexception_handler.a
[Airoha][RISC-V] libray file: prebuilt/system/chip/ab162x/syslog/libsyslog.a
[Airoha][RISC-V] libray file: prebuilt/system/chip/ab162x/swla/libswla.a
[Airoha][RISC-V] RISCV_FIRMWARE_OUT_DIR is /workdir/out/ab1623m_evk/hid_ref_mouse_m20/hid_device_ref_design_mouse/riscv/mouse_ref_design/hid_ref_mouse_m20
[Airoha][RISC-V] RISCV_ROOT_DIR is /workdir/airoha/risc-v
[Airoha][RISC-V] COMMON_DIR is /workdir/airoha/common
[Airoha][RISC-V] OUTFILES is /workdir/out/ab1623m_evk/hid_ref_mouse_m20/hid_device_ref_design_mouse/riscv/mouse_ref_design/hid_ref_mouse_m20/mouse_ref_design.elf /workdir/out/ab1623m_evk/hid_ref_mouse_m20/hid_device_ref_design_mouse/riscv/mouse_ref_design/hid_ref_mouse_m20/mouse_ref_design.dis /workdir/out/ab1623m_evk/hid_ref_mouse_m20/hid_device_ref_design_mouse/riscv/mouse_ref_design/hid_ref_mouse_m20/mouse_ref_design.bin
[Airoha][RISC-V] CRT is /workdir/airoha/risc-v/config/chip/ab162x/startup.S
[Airoha][RISC-V] compile projects/applications/mouse_ref_design/src/app/riscv_ccni.c...
[Airoha][RISC-V] compile projects/applications/mouse_ref_design/src/app/riscv_main.c...
[Airoha][RISC-V] compile projects/applications/mouse_ref_design/src/app/riscv_motion_sensor.c...
[Airoha][RISC-V] compile projects/applications/mouse_ref_design/src/app/riscv_mouse_key.c...
[Airoha][RISC-V] compile projects/applications/mouse_ref_design/src/app/riscv_mouse_key_ir_ctrl.c...
[Airoha][RISC-V] compile projects/applications/mouse_ref_design/src/app/riscv_mouse_key_sw_debounce.c...
[Airoha][RISC-V] compile projects/applications/mouse_ref_design/src/app/riscv_peripheral_sampling.c...
[Airoha][RISC-V] compile projects/applications/mouse_ref_design/src/app/riscv_wheel.c...
[Airoha][RISC-V] compile projects/applications/mouse_ref_design/src/app/riscv_wheel_ir_comparator.c...
[Airoha][RISC-V] compile projects/applications/mouse_ref_design/src/app/riscv_wheel_queue.c...
[Airoha][RISC-V] compile projects/applications/mouse_ref_design/../general_used/src/sys_init.c...
[Airoha][RISC-V] compile middleware/airoha/pka/src/pka.c...
[Airoha][RISC-V] compile middleware/airoha/comp_wheel/src/comp_wheel.c...
[Airoha][RISC-V] compile common file middleware/airoha/share_buffer/src/share_buffer.c...
[Airoha][RISC-V] compile common file middleware/airoha/pka_share/src/pka_share.c...
[Airoha][RISC-V] compile common file drivers/chip/ab162x/src/hal_ccni.c...
[Airoha][RISC-V] compile common file drivers/chip/ab162x/src/hal_ccni_config.c...
[Airoha][RISC-V] compile common file drivers/chip/ab162x/src/hal_core_status.c...
[Airoha][RISC-V] compile common file drivers/chip/ab162x/src/hal_cross_core_config.c...
[Airoha][RISC-V] compile common file drivers/chip/ab162x/src/hal_hw_semaphore.c...
[Airoha][RISC-V] compile common file applications/hid/src/hid_common.c...
[Airoha][RISC-V] compile common file applications/hid/src/hid_common_acl_rsp_via_hid.c...
[Airoha][RISC-V] compile common file applications/hid/src/hid_common_button.c...
[Airoha][RISC-V] compile common file middleware/airoha/hid_express/src/riscv_hid_express.c...
[Airoha][RISC-V] compile common file middleware/airoha/hid_express/src/riscv_hid_express_bt_mode.c...
[Airoha][RISC-V] compile common file middleware/airoha/hid_express/src/riscv_hid_express_2_4G_mode.c...
[Airoha][RISC-V] compile common file middleware/airoha/hid_express/src/riscv_hid_express_usb_mode.c...
[Airoha][RISC-V] compile common file middleware/airoha/hid_express/src/riscv_hid_express_xy_queue.c...
[Airoha][RISC-V] compile common file middleware/airoha/hid_express/src/riscv_hid_express_key_queue_mouse.c...
[Airoha][RISC-V] compile common file middleware/airoha/hid_express/src/riscv_hid_express_key_queue_keyboard.c...
[Airoha][RISC-V] compile common file middleware/airoha/hid_express/src/riscv_hid_express_key_queue_game_controller.c...
[Airoha][RISC-V] compile common file middleware/airoha/hid_express/src/rv_fake_report.c...
[Airoha][RISC-V] compile common file middleware/airoha/hid_express/src/rv_hid_exp_delay_printf.c...
[Airoha][RISC-V] compile common file middleware/airoha/hid_express/src/riscv_hid_report_id_selector.c...
[Airoha][RISC-V] compile common file middleware/airoha/hid_express/src/rv_burst_tx_buf_ctrl.c...
[Airoha][RISC-V] compile common file middleware/airoha/hid_express/src/rv_latency.c...
[Airoha][RISC-V] compile common file middleware/airoha/hid_express/src/pka.c...
[Airoha][RISC-V] compile common file middleware/airoha/key_remap/src/key_remap_frontend.c...
[Airoha][RISC-V] compile common file middleware/airoha/key_remap/src/key_remap_backend.c...
[Airoha][RISC-V] compile common file middleware/airoha/key_remap/src/key_remap_queue.c...
[Airoha][RISC-V] compile drivers/chip/ab162x/src/hal_clock.c...
[Airoha][RISC-V] compile drivers/chip/ab162x/src/hal_comparator.c...
[Airoha][RISC-V] compile drivers/chip/ab162x/src/hal_eint.c...
[Airoha][RISC-V] compile drivers/chip/ab162x/src/hal_eint_internal.c...
[Airoha][RISC-V] compile drivers/chip/ab162x/src/hal_gpio.c...
[Airoha][RISC-V] compile drivers/chip/ab162x/src/hal_gpio_internal.c...
[Airoha][RISC-V] compile drivers/chip/ab162x/src/hal_gpt.c...
[Airoha][RISC-V] compile drivers/chip/ab162x/src/hal_gpt_internal.c...
[Airoha][RISC-V] compile drivers/chip/ab162x/src/hal_hw_keyscan.c...
[Airoha][RISC-V] compile drivers/chip/ab162x/src/hal_i2c_master.c...
[Airoha][RISC-V] compile drivers/chip/ab162x/src/hal_i2c_master_internal.c...
[Airoha][RISC-V] compile drivers/chip/ab162x/src/hal_memview.c...
[Airoha][RISC-V] compile drivers/chip/ab162x/src/hal_nvic.c...
[Airoha][RISC-V] compile drivers/chip/ab162x/src/hal_pdma_internal.c...
[Airoha][RISC-V] compile drivers/chip/ab162x/src/hal_qdec.c...
[Airoha][RISC-V] compile drivers/chip/ab162x/src/hal_ramboz.c...
[Airoha][RISC-V] compile drivers/chip/ab162x/src/hal_rtc.c...
[Airoha][RISC-V] compile drivers/chip/ab162x/src/hal_rtc_internal.c...
[Airoha][RISC-V] compile drivers/chip/ab162x/src/hal_saradc.c...
[Airoha][RISC-V] compile drivers/chip/ab162x/src/hal_spi_master.c...
[Airoha][RISC-V] compile drivers/chip/ab162x/src/hal_spi_master_internal.c...
[Airoha][RISC-V] compile drivers/chip/ab162x/src/hal_spi_slave.c...
[Airoha][RISC-V] compile drivers/chip/ab162x/src/hal_spi_slave_internal.c...
[Airoha][RISC-V] compile drivers/chip/ab162x/src/hal_uart.c...
[Airoha][RISC-V] compile drivers/chip/ab162x/src/hal_uart_internal.c...
[Airoha][RISC-V] compile drivers/chip/ab162x/src/mouse_sensor.c...
[Airoha][RISC-V] compile drivers/chip/ab162x/src_core/hal_sleep_manager.c...
[Airoha][RISC-V] compile drivers/chip/ab162x/src_core/hal_sleep_manager_internal.c...
[Airoha][RISC-V] compile drivers/chip/ab162x/src_core/hal_spm.c...
[Airoha][RISC-V] compile kernel/service/exception_handler/src/exception_portable.c...
[Airoha][RISC-V] compile kernel/service/syslog/src/syslog_port.c...
[Airoha][RISC-V] compile kernel/service/swla/src/swla_port.c...
[Airoha][RISC-V] compile kernel/service/system_online_dump/src/system_online_dump.c...
[Airoha][RISC-V] assembly config/chip/ab162x/startup.S...
[Airoha][RISC-V] generate linker script /workdir/out/ab1623m_evk/hid_ref_mouse_m20/hid_device_ref_design_mouse/riscv/mouse_ref_design/hid_ref_mouse_m20/link.ld...
/workdir/airoha/risc-v/tools/toolchain/xpack-riscv-none-elf-gcc-13.2.0-2/bin/riscv-none-elf-gcc -E -x assembler-with-cpp -D_cross_core_mem_zi_data_start=0x000000000400e540 -D_cross_core_mem_size=0x0000000000001f54 /workdir/airoha/risc-v/config/chip/ab162x/link.ld -P -o /workdir/out/ab1623m_evk/hid_ref_mouse_m20/hid_device_ref_design_mouse/riscv/mouse_ref_design/hid_ref_mouse_m20/link.ld
/workdir/airoha/risc-v/tools/toolchain/xpack-riscv-none-elf-gcc-13.2.0-2/bin/riscv-none-elf-gcc -E -x assembler-with-cpp -D_cross_core_mem_zi_data_start=0x000000000400e540 -D_cross_core_mem_size=0x0000000000001f54 /workdir/airoha/risc-v/config/chip/ab162x/link.ld -P -o /workdir/out/ab1623m_evk/hid_ref_mouse_m20/hid_device_ref_design_mouse/riscv/mouse_ref_design/hid_ref_mouse_m20/link.ld
[Airoha][RISC-V] linking to generate /workdir/out/ab1623m_evk/hid_ref_mouse_m20/hid_device_ref_design_mouse/riscv/mouse_ref_design/hid_ref_mouse_m20/mouse_ref_design.elf...
/workdir/airoha/risc-v/tools/toolchain/xpack-riscv-none-elf-gcc-13.2.0-2/bin/riscv-none-elf-gcc -DAIR_SOC_CROSS_CORE_MEMORY_ENABLE -DAIR_PKA_SHARE_ENABLE -DAIR_HID_COMMON_SERVICE -DAIR_HID_COMMON_MEMORY -DAIR_HID_DEVICE_SCENARIO_SERVICE_KEY_REMAP -DCORE_RISCV -DHAL_SPI_MASTER_MODULE_ENABLED -DHAL_RTC_MODULE_ENABLED -DAIR_BTD_IC_PREMIUM_G1 -DAIR_SHARE_BUFFER_ENABLE -DHAL_SW_DMA_MODULE_ENABLED -DHAL_HW_SEMAPHORE_MODULE_ENABLED -DHAL_CCNI_MODULE_ENABLED -DHAL_GPIO_MODULE_ENABLED -DHAL_EINT_MODULE_ENABLED -DHAL_UART_MODULE_ENABLED -DHAL_QDEC_MODULE_ENABLED -DHAL_RAMBOZ_MODULE_ENABLED -DHAL_SLEEP_MANAGER_ENABLED -DHAL_CLOCK_MODULE_ENABLED -DHAL_GPT_MODULE_ENABLED -DHAL_COMPARATOR_MODULE_ENABLED -DHAL_SARADC_MODULE_ENABLED -DHAL_HW_KEYSCAN_MODULE_ENABLED -DAIR_EXCEPTION_HANDLER_ENABLE -DAIR_LOGGING_ENABLE -DAIR_MUX_ENABLE -DAIR_DISABLE_IRQ_LOG_ENABLE -DAIR_SLEEP_MANAGER_LIGHT_MODE_ENABLE -DAIR_BYPASS_SYSLOG_WITH_LOG_FLOW_ENABLE -march=rv32ec_zicsr_zifencei -mabi=ilp32e -static -mcmodel=medany -Wall -g -Os -fvisibility=hidden -nostartfiles -ffreestanding -ffunction-sections -fdata-sections -save-temps=obj -Wall -Werror -Wl,-Map=/workdir/out/ab1623m_evk/hid_ref_mouse_m20/hid_device_ref_design_mouse/riscv/mouse_ref_design/hid_ref_mouse_m20/mouse_ref_design.map -DAIR_BT_DATA_MERGE_XY -DAIR_HID_DEVICE_SCENARIO_SERVICE_KEY_REMAP -DAIR_WHEEL_REMAP -DAIR_KEY_REMAP_FRONTEND_RISCV -DAIR_KEY_REMAP_BACKEND_RISCV -DAIR_HID_BT_MODE -DAIR_DEBUG_POLLING_LOG -DAIR_2_4G_RELIABLE_RETRASMISSION -DAIR_FAKE_REPORT -DAIR_USB_CCNI_WAKEUP_CM33 -DAIR_PRODUCT_TYPE_MOUSE -DAIR_BYPASS_SYSLOG_WITH_LOG_FLOW_ENABLE -DAIR_MOUSE_9B_DATA -Wl,--gc-sections -march=rv32ec_zicsr_zifencei -mabi=ilp32e -Wl,--print-memory-usage -T /workdir/out/ab1623m_evk/hid_ref_mouse_m20/hid_device_ref_design_mouse/riscv/mouse_ref_design/hid_ref_mouse_m20/link.ld /workdir/out/ab1623m_evk/hid_ref_mouse_m20/hid_device_ref_design_mouse/riscv/mouse_ref_design/hid_ref_mouse_m20/projects/applications/mouse_ref_design/src/app/riscv_ccni.o /workdir/out/ab1623m_evk/hid_ref_mouse_m20/hid_device_ref_design_mouse/riscv/mouse_ref_design/hid_ref_mouse_m20/projects/applications/mouse_ref_design/src/app/riscv_main.o /workdir/out/ab1623m_evk/hid_ref_mouse_m20/hid_device_ref_design_mouse/riscv/mouse_ref_design/hid_ref_mouse_m20/projects/applications/mouse_ref_design/src/app/riscv_motion_sensor.o /workdir/out/ab1623m_evk/hid_ref_mouse_m20/hid_device_ref_design_mouse/riscv/mouse_ref_design/hid_ref_mouse_m20/projects/applications/mouse_ref_design/src/app/riscv_mouse_key.o /workdir/out/ab1623m_evk/hid_ref_mouse_m20/hid_device_ref_design_mouse/riscv/mouse_ref_design/hid_ref_mouse_m20/projects/applications/mouse_ref_design/src/app/riscv_mouse_key_ir_ctrl.o /workdir/out/ab1623m_evk/hid_ref_mouse_m20/hid_device_ref_design_mouse/riscv/mouse_ref_design/hid_ref_mouse_m20/projects/applications/mouse_ref_design/src/app/riscv_mouse_key_sw_debounce.o /workdir/out/ab1623m_evk/hid_ref_mouse_m20/hid_device_ref_design_mouse/riscv/mouse_ref_design/hid_ref_mouse_m20/projects/applications/mouse_ref_design/src/app/riscv_peripheral_sampling.o /workdir/out/ab1623m_evk/hid_ref_mouse_m20/hid_device_ref_design_mouse/riscv/mouse_ref_design/hid_ref_mouse_m20/projects/applications/mouse_ref_design/src/app/riscv_wheel.o /workdir/out/ab1623m_evk/hid_ref_mouse_m20/hid_device_ref_design_mouse/riscv/mouse_ref_design/hid_ref_mouse_m20/projects/applications/mouse_ref_design/src/app/riscv_wheel_ir_comparator.o /workdir/out/ab1623m_evk/hid_ref_mouse_m20/hid_device_ref_design_mouse/riscv/mouse_ref_design/hid_ref_mouse_m20/projects/applications/mouse_ref_design/src/app/riscv_wheel_queue.o /workdir/out/ab1623m_evk/hid_ref_mouse_m20/hid_device_ref_design_mouse/riscv/mouse_ref_design/hid_ref_mouse_m20/projects/applications/mouse_ref_design/../general_used/src/sys_init.o /workdir/out/ab1623m_evk/hid_ref_mouse_m20/hid_device_ref_design_mouse/riscv/mouse_ref_design/hid_ref_mouse_m20/middleware/airoha/pka/src/pka.o /workdir/out/ab1623m_evk/hid_ref_mouse_m20/hid_device_ref_design_mouse/riscv/mouse_ref_design/hid_ref_mouse_m20/middleware/airoha/comp_wheel/src/comp_wheel.o /workdir/out/ab1623m_evk/hid_ref_mouse_m20/hid_device_ref_design_mouse/riscv/mouse_ref_design/hid_ref_mouse_m20/common/middleware/airoha/share_buffer/src/share_buffer.o /workdir/out/ab1623m_evk/hid_ref_mouse_m20/hid_device_ref_design_mouse/riscv/mouse_ref_design/hid_ref_mouse_m20/common/middleware/airoha/pka_share/src/pka_share.o /workdir/out/ab1623m_evk/hid_ref_mouse_m20/hid_device_ref_design_mouse/riscv/mouse_ref_design/hid_ref_mouse_m20/common/drivers/chip/ab162x/src/hal_ccni.o /workdir/out/ab1623m_evk/hid_ref_mouse_m20/hid_device_ref_design_mouse/riscv/mouse_ref_design/hid_ref_mouse_m20/common/drivers/chip/ab162x/src/hal_ccni_config.o /workdir/out/ab1623m_evk/hid_ref_mouse_m20/hid_device_ref_design_mouse/riscv/mouse_ref_design/hid_ref_mouse_m20/common/drivers/chip/ab162x/src/hal_core_status.o /workdir/out/ab1623m_evk/hid_ref_mouse_m20/hid_device_ref_design_mouse/riscv/mouse_ref_design/hid_ref_mouse_m20/common/drivers/chip/ab162x/src/hal_cross_core_config.o /workdir/out/ab1623m_evk/hid_ref_mouse_m20/hid_device_ref_design_mouse/riscv/mouse_ref_design/hid_ref_mouse_m20/common/drivers/chip/ab162x/src/hal_hw_semaphore.o /workdir/out/ab1623m_evk/hid_ref_mouse_m20/hid_device_ref_design_mouse/riscv/mouse_ref_design/hid_ref_mouse_m20/common/applications/hid/src/hid_common.o /workdir/out/ab1623m_evk/hid_ref_mouse_m20/hid_device_ref_design_mouse/riscv/mouse_ref_design/hid_ref_mouse_m20/common/applications/hid/src/hid_common_acl_rsp_via_hid.o /workdir/out/ab1623m_evk/hid_ref_mouse_m20/hid_device_ref_design_mouse/riscv/mouse_ref_design/hid_ref_mouse_m20/common/applications/hid/src/hid_common_button.o /workdir/out/ab1623m_evk/hid_ref_mouse_m20/hid_device_ref_design_mouse/riscv/mouse_ref_design/hid_ref_mouse_m20/common/middleware/airoha/hid_express/src/riscv_hid_express.o /workdir/out/ab1623m_evk/hid_ref_mouse_m20/hid_device_ref_design_mouse/riscv/mouse_ref_design/hid_ref_mouse_m20/common/middleware/airoha/hid_express/src/riscv_hid_express_bt_mode.o /workdir/out/ab1623m_evk/hid_ref_mouse_m20/hid_device_ref_design_mouse/riscv/mouse_ref_design/hid_ref_mouse_m20/common/middleware/airoha/hid_express/src/riscv_hid_express_2_4G_mode.o /workdir/out/ab1623m_evk/hid_ref_mouse_m20/hid_device_ref_design_mouse/riscv/mouse_ref_design/hid_ref_mouse_m20/common/middleware/airoha/hid_express/src/riscv_hid_express_usb_mode.o /workdir/out/ab1623m_evk/hid_ref_mouse_m20/hid_device_ref_design_mouse/riscv/mouse_ref_design/hid_ref_mouse_m20/common/middleware/airoha/hid_express/src/riscv_hid_express_xy_queue.o /workdir/out/ab1623m_evk/hid_ref_mouse_m20/hid_device_ref_design_mouse/riscv/mouse_ref_design/hid_ref_mouse_m20/common/middleware/airoha/hid_express/src/riscv_hid_express_key_queue_mouse.o /workdir/out/ab1623m_evk/hid_ref_mouse_m20/hid_device_ref_design_mouse/riscv/mouse_ref_design/hid_ref_mouse_m20/common/middleware/airoha/hid_express/src/riscv_hid_express_key_queue_keyboard.o /workdir/out/ab1623m_evk/hid_ref_mouse_m20/hid_device_ref_design_mouse/riscv/mouse_ref_design/hid_ref_mouse_m20/common/middleware/airoha/hid_express/src/riscv_hid_express_key_queue_game_controller.o /workdir/out/ab1623m_evk/hid_ref_mouse_m20/hid_device_ref_design_mouse/riscv/mouse_ref_design/hid_ref_mouse_m20/common/middleware/airoha/hid_express/src/rv_fake_report.o /workdir/out/ab1623m_evk/hid_ref_mouse_m20/hid_device_ref_design_mouse/riscv/mouse_ref_design/hid_ref_mouse_m20/common/middleware/airoha/hid_express/src/rv_hid_exp_delay_printf.o /workdir/out/ab1623m_evk/hid_ref_mouse_m20/hid_device_ref_design_mouse/riscv/mouse_ref_design/hid_ref_mouse_m20/common/middleware/airoha/hid_express/src/riscv_hid_report_id_selector.o /workdir/out/ab1623m_evk/hid_ref_mouse_m20/hid_device_ref_design_mouse/riscv/mouse_ref_design/hid_ref_mouse_m20/common/middleware/airoha/hid_express/src/rv_burst_tx_buf_ctrl.o /workdir/out/ab1623m_evk/hid_ref_mouse_m20/hid_device_ref_design_mouse/riscv/mouse_ref_design/hid_ref_mouse_m20/common/middleware/airoha/hid_express/src/rv_latency.o /workdir/out/ab1623m_evk/hid_ref_mouse_m20/hid_device_ref_design_mouse/riscv/mouse_ref_design/hid_ref_mouse_m20/common/middleware/airoha/hid_express/src/pka.o /workdir/out/ab1623m_evk/hid_ref_mouse_m20/hid_device_ref_design_mouse/riscv/mouse_ref_design/hid_ref_mouse_m20/common/middleware/airoha/key_remap/src/key_remap_frontend.o /workdir/out/ab1623m_evk/hid_ref_mouse_m20/hid_device_ref_design_mouse/riscv/mouse_ref_design/hid_ref_mouse_m20/common/middleware/airoha/key_remap/src/key_remap_backend.o /workdir/out/ab1623m_evk/hid_ref_mouse_m20/hid_device_ref_design_mouse/riscv/mouse_ref_design/hid_ref_mouse_m20/common/middleware/airoha/key_remap/src/key_remap_queue.o /workdir/out/ab1623m_evk/hid_ref_mouse_m20/hid_device_ref_design_mouse/riscv/mouse_ref_design/hid_ref_mouse_m20/drivers/chip/ab162x/src/hal_clock.o /workdir/out/ab1623m_evk/hid_ref_mouse_m20/hid_device_ref_design_mouse/riscv/mouse_ref_design/hid_ref_mouse_m20/drivers/chip/ab162x/src/hal_comparator.o /workdir/out/ab1623m_evk/hid_ref_mouse_m20/hid_device_ref_design_mouse/riscv/mouse_ref_design/hid_ref_mouse_m20/drivers/chip/ab162x/src/hal_eint.o /workdir/out/ab1623m_evk/hid_ref_mouse_m20/hid_device_ref_design_mouse/riscv/mouse_ref_design/hid_ref_mouse_m20/drivers/chip/ab162x/src/hal_eint_internal.o /workdir/out/ab1623m_evk/hid_ref_mouse_m20/hid_device_ref_design_mouse/riscv/mouse_ref_design/hid_ref_mouse_m20/drivers/chip/ab162x/src/hal_gpio.o /workdir/out/ab1623m_evk/hid_ref_mouse_m20/hid_device_ref_design_mouse/riscv/mouse_ref_design/hid_ref_mouse_m20/drivers/chip/ab162x/src/hal_gpio_internal.o /workdir/out/ab1623m_evk/hid_ref_mouse_m20/hid_device_ref_design_mouse/riscv/mouse_ref_design/hid_ref_mouse_m20/drivers/chip/ab162x/src/hal_gpt.o /workdir/out/ab1623m_evk/hid_ref_mouse_m20/hid_device_ref_design_mouse/riscv/mouse_ref_design/hid_ref_mouse_m20/drivers/chip/ab162x/src/hal_gpt_internal.o /workdir/out/ab1623m_evk/hid_ref_mouse_m20/hid_device_ref_design_mouse/riscv/mouse_ref_design/hid_ref_mouse_m20/drivers/chip/ab162x/src/hal_hw_keyscan.o /workdir/out/ab1623m_evk/hid_ref_mouse_m20/hid_device_ref_design_mouse/riscv/mouse_ref_design/hid_ref_mouse_m20/drivers/chip/ab162x/src/hal_i2c_master.o /workdir/out/ab1623m_evk/hid_ref_mouse_m20/hid_device_ref_design_mouse/riscv/mouse_ref_design/hid_ref_mouse_m20/drivers/chip/ab162x/src/hal_i2c_master_internal.o /workdir/out/ab1623m_evk/hid_ref_mouse_m20/hid_device_ref_design_mouse/riscv/mouse_ref_design/hid_ref_mouse_m20/drivers/chip/ab162x/src/hal_memview.o /workdir/out/ab1623m_evk/hid_ref_mouse_m20/hid_device_ref_design_mouse/riscv/mouse_ref_design/hid_ref_mouse_m20/drivers/chip/ab162x/src/hal_nvic.o /workdir/out/ab1623m_evk/hid_ref_mouse_m20/hid_device_ref_design_mouse/riscv/mouse_ref_design/hid_ref_mouse_m20/drivers/chip/ab162x/src/hal_pdma_internal.o /workdir/out/ab1623m_evk/hid_ref_mouse_m20/hid_device_ref_design_mouse/riscv/mouse_ref_design/hid_ref_mouse_m20/drivers/chip/ab162x/src/hal_qdec.o /workdir/out/ab1623m_evk/hid_ref_mouse_m20/hid_device_ref_design_mouse/riscv/mouse_ref_design/hid_ref_mouse_m20/drivers/chip/ab162x/src/hal_ramboz.o /workdir/out/ab1623m_evk/hid_ref_mouse_m20/hid_device_ref_design_mouse/riscv/mouse_ref_design/hid_ref_mouse_m20/drivers/chip/ab162x/src/hal_rtc.o /workdir/out/ab1623m_evk/hid_ref_mouse_m20/hid_device_ref_design_mouse/riscv/mouse_ref_design/hid_ref_mouse_m20/drivers/chip/ab162x/src/hal_rtc_internal.o /workdir/out/ab1623m_evk/hid_ref_mouse_m20/hid_device_ref_design_mouse/riscv/mouse_ref_design/hid_ref_mouse_m20/drivers/chip/ab162x/src/hal_saradc.o /workdir/out/ab1623m_evk/hid_ref_mouse_m20/hid_device_ref_design_mouse/riscv/mouse_ref_design/hid_ref_mouse_m20/drivers/chip/ab162x/src/hal_spi_master.o /workdir/out/ab1623m_evk/hid_ref_mouse_m20/hid_device_ref_design_mouse/riscv/mouse_ref_design/hid_ref_mouse_m20/drivers/chip/ab162x/src/hal_spi_master_internal.o /workdir/out/ab1623m_evk/hid_ref_mouse_m20/hid_device_ref_design_mouse/riscv/mouse_ref_design/hid_ref_mouse_m20/drivers/chip/ab162x/src/hal_spi_slave.o /workdir/out/ab1623m_evk/hid_ref_mouse_m20/hid_device_ref_design_mouse/riscv/mouse_ref_design/hid_ref_mouse_m20/drivers/chip/ab162x/src/hal_spi_slave_internal.o /workdir/out/ab1623m_evk/hid_ref_mouse_m20/hid_device_ref_design_mouse/riscv/mouse_ref_design/hid_ref_mouse_m20/drivers/chip/ab162x/src/hal_uart.o /workdir/out/ab1623m_evk/hid_ref_mouse_m20/hid_device_ref_design_mouse/riscv/mouse_ref_design/hid_ref_mouse_m20/drivers/chip/ab162x/src/hal_uart_internal.o /workdir/out/ab1623m_evk/hid_ref_mouse_m20/hid_device_ref_design_mouse/riscv/mouse_ref_design/hid_ref_mouse_m20/drivers/chip/ab162x/src/mouse_sensor.o /workdir/out/ab1623m_evk/hid_ref_mouse_m20/hid_device_ref_design_mouse/riscv/mouse_ref_design/hid_ref_mouse_m20/drivers/chip/ab162x/src_core/hal_sleep_manager.o /workdir/out/ab1623m_evk/hid_ref_mouse_m20/hid_device_ref_design_mouse/riscv/mouse_ref_design/hid_ref_mouse_m20/drivers/chip/ab162x/src_core/hal_sleep_manager_internal.o /workdir/out/ab1623m_evk/hid_ref_mouse_m20/hid_device_ref_design_mouse/riscv/mouse_ref_design/hid_ref_mouse_m20/drivers/chip/ab162x/src_core/hal_spm.o /workdir/out/ab1623m_evk/hid_ref_mouse_m20/hid_device_ref_design_mouse/riscv/mouse_ref_design/hid_ref_mouse_m20/kernel/service/exception_handler/src/exception_portable.o /workdir/out/ab1623m_evk/hid_ref_mouse_m20/hid_device_ref_design_mouse/riscv/mouse_ref_design/hid_ref_mouse_m20/kernel/service/syslog/src/syslog_port.o /workdir/out/ab1623m_evk/hid_ref_mouse_m20/hid_device_ref_design_mouse/riscv/mouse_ref_design/hid_ref_mouse_m20/kernel/service/swla/src/swla_port.o /workdir/out/ab1623m_evk/hid_ref_mouse_m20/hid_device_ref_design_mouse/riscv/mouse_ref_design/hid_ref_mouse_m20/kernel/service/system_online_dump/src/system_online_dump.o /workdir/out/ab1623m_evk/hid_ref_mouse_m20/hid_device_ref_design_mouse/riscv/mouse_ref_design/hid_ref_mouse_m20/config/chip/ab162x/startup.o -o /workdir/out/ab1623m_evk/hid_ref_mouse_m20/hid_device_ref_design_mouse/riscv/mouse_ref_design/hid_ref_mouse_m20/mouse_ref_design.elf /workdir/airoha/risc-v/prebuilt/system/chip/ab162x/exception_handler/libexception_handler.a /workdir/airoha/risc-v/prebuilt/system/chip/ab162x/syslog/libsyslog.a /workdir/airoha/risc-v/prebuilt/system/chip/ab162x/swla/libswla.a
/workdir/airoha/risc-v/tools/toolchain/xpack-riscv-none-elf-gcc-13.2.0-2/bin/../lib/gcc/riscv-none-elf/13.2.0/../../../../riscv-none-elf/bin/ld: warning: /workdir/out/ab1623m_evk/hid_ref_mouse_m20/hid_device_ref_design_mouse/riscv/mouse_ref_design/hid_ref_mouse_m20/mouse_ref_design.elf has a LOAD segment with RWX permissions
Memory region         Used Size  Region Size  %age Used
             ram:       29932 B      31232 B     95.84%
           stack:          0 GB        512 B      0.00%
    system_stack:          0 GB         1 KB      0.00%
             ccm:        8020 B       8020 B    100.00%
  ROM_LOG_STRING:        4306 B        32 MB      0.01%
/workdir/airoha/risc-v/tools/toolchain/xpack-riscv-none-elf-gcc-13.2.0-2/bin/riscv-none-elf-objcopy -O binary --only-section=.log_str /workdir/out/ab1623m_evk/hid_ref_mouse_m20/hid_device_ref_design_mouse/riscv/mouse_ref_design/hid_ref_mouse_m20/mouse_ref_design.elf /workdir/out/ab1623m_evk/hid_ref_mouse_m20/hid_device_ref_design_mouse/riscv/mouse_ref_design/hid_ref_mouse_m20/risc_v_log_str.bin
/workdir/airoha/risc-v/tools/toolchain/xpack-riscv-none-elf-gcc-13.2.0-2/bin/riscv-none-elf-nm /workdir/out/ab1623m_evk/hid_ref_mouse_m20/hid_device_ref_design_mouse/riscv/mouse_ref_design/hid_ref_mouse_m20/mouse_ref_design.elf > /workdir/out/ab1623m_evk/hid_ref_mouse_m20/hid_device_ref_design_mouse/riscv/mouse_ref_design/hid_ref_mouse_m20/mouse_ref_design.symbols
[Airoha][RISC-V] generate disassembly file for debugging...
[Airoha][RISC-V] generate binary firmware...
[537/538] Building C object zephyr/CMakeFiles/zephyr_final.dir/__/riscv/mouse_ref_design/hid_ref_mouse_m20/mouse_ref_design.c.obj
[538/538] Linking CXX executable zephyr/zephyr.elf
Memory region         Used Size  Region Size  %age Used
           FLASH:      760648 B       948 KB     78.36%
            SRAM:      299548 B       384 KB     76.18%
         SRAM_BT:       15856 B        16 KB     96.78%
  ROM_LOG_STRING:      372382 B        32 MB      1.11%
        IDT_LIST:          0 GB         2 KB      0.00%
Generating files from /workdir/out/ab1623m_evk/hid_ref_mouse_m20/hid_device_ref_design_mouse/zephyr/zephyr.elf for board: ab1623m_evk
[10/22] No configure step for 'mcuboot'
[11/22] Performing build step for 'mcuboot'
[1/271] Preparing syscall dependency handling

[2/271] Generating include/generated/zephyr/version.h
-- git describe failed: fatal: Not a valid object name HEAD
-- Zephyr version: 3.7.1 (/workdir/zephyr), build: 
[3/271] Generating include/generated/zephyr/app_version.h
-- git describe failed: fatal: Not a valid object name HEAD
[4/271] Generating misc/generated/syscalls_subdirs.trigger
[5/271] [Airoha] Generating partition table for airoha's boot flow
[6/271] Generating misc/generated/syscalls.json, misc/generated/struct_tags.json
[7/271] Generating include/generated/zephyr/syscall_dispatch.c, include/generated/zephyr/syscall_list.h
[8/271] Generating include/generated/zephyr/driver-validation.h
[9/271] Generating include/generated/zephyr/kobj-types-enum.h, include/generated/zephyr/otype-to-str.h, include/generated/zephyr/otype-to-size.h
[10/271] Building C object zephyr/CMakeFiles/offsets.dir/arch/arm/core/offsets/offsets.c.obj
[11/271] Generating include/generated/zephyr/offsets.h
[12/271] Building C object zephyr/CMakeFiles/zephyr.dir/lib/cpp/minimal/cpp_virtual.c.obj
[13/271] Building CXX object zephyr/CMakeFiles/zephyr.dir/lib/cpp/minimal/cpp_vtable.cpp.obj
[14/271] Building C object zephyr/CMakeFiles/zephyr.dir/lib/cpp/abi/cpp_dtors.c.obj
[15/271] Building CXX object zephyr/CMakeFiles/zephyr.dir/lib/cpp/minimal/cpp_new.cpp.obj
[16/271] Building C object zephyr/CMakeFiles/zephyr.dir/lib/utils/dec.c.obj
[17/271] Building C object zephyr/CMakeFiles/zephyr.dir/misc/generated/configs.c.obj
[18/271] Building C object zephyr/CMakeFiles/zephyr.dir/lib/utils/hex.c.obj
[19/271] Building C object zephyr/CMakeFiles/zephyr.dir/lib/os/cbprintf.c.obj
[20/271] Building C object zephyr/CMakeFiles/zephyr.dir/lib/os/assert.c.obj
[21/271] Building C object zephyr/CMakeFiles/zephyr.dir/lib/os/sem.c.obj
[22/271] Building C object zephyr/CMakeFiles/zephyr.dir/lib/os/thread_entry.c.obj
[23/271] Building C object zephyr/CMakeFiles/zephyr.dir/lib/heap/heap_stats.c.obj
[24/271] Building C object zephyr/CMakeFiles/zephyr.dir/lib/os/printk.c.obj
[25/271] Building ASM object zephyr/arch/arch/arm/core/CMakeFiles/arch__arm__core.dir/nmi_on_reset.S.obj
[26/271] Building C object zephyr/CMakeFiles/zephyr.dir/lib/utils/timeutil.c.obj
[27/271] Building C object zephyr/CMakeFiles/zephyr.dir/subsys/storage/flash_map/flash_map_layout.c.obj
[28/271] Building C object zephyr/CMakeFiles/zephyr.dir/lib/utils/ring_buffer.c.obj
[29/271] Building C object zephyr/arch/arch/arm/core/CMakeFiles/arch__arm__core.dir/__aeabi_atexit.c.obj
[30/271] Building C object zephyr/CMakeFiles/zephyr.dir/subsys/storage/flash_map/flash_map.c.obj
[31/271] Generating linker_zephyr_pre0.cmd
[32/271] Building C object zephyr/CMakeFiles/zephyr.dir/drivers/flash/flash_util.c.obj
[33/271] Building ASM object zephyr/arch/arch/arm/core/cortex_m/CMakeFiles/arch__arm__core__cortex_m.dir/fault_s.S.obj
[34/271] Building C object zephyr/CMakeFiles/zephyr.dir/subsys/tracing/user/tracing_user.c.obj
[35/271] Building C object zephyr/arch/arch/arm/core/CMakeFiles/arch__arm__core.dir/nmi.c.obj
[36/271] Building C object zephyr/CMakeFiles/zephyr.dir/workdir/airoha/mcu/applications/mcuboot/boot/zephyr/kernel/banner.c.obj
[37/271] Building C object zephyr/CMakeFiles/zephyr.dir/lib/heap/heap.c.obj
[38/271] Building ASM object zephyr/arch/arch/arm/core/cortex_m/CMakeFiles/arch__arm__core__cortex_m.dir/reset.S.obj
[39/271] Building C object zephyr/arch/arch/arm/core/CMakeFiles/arch__arm__core.dir/fatal.c.obj
[40/271] Building C object zephyr/arch/arch/arm/core/CMakeFiles/arch__arm__core.dir/tls.c.obj
[41/271] Building ASM object zephyr/arch/arch/arm/core/cortex_m/CMakeFiles/arch__arm__core__cortex_m.dir/swap_helper.S.obj
[42/271] Building ASM object zephyr/arch/arch/arm/core/cortex_m/CMakeFiles/arch__arm__core__cortex_m.dir/vector_table.S.obj
[43/271] Building C object zephyr/arch/arch/arm/core/cortex_m/CMakeFiles/arch__arm__core__cortex_m.dir/exc_exit.c.obj
[44/271] Building C object zephyr/CMakeFiles/zephyr.dir/lib/os/cbprintf_packaged.c.obj
[45/271] Linking C static library zephyr/arch/arch/arm/core/libarch__arm__core.a
[46/271] Building C object zephyr/CMakeFiles/zephyr.dir/lib/utils/rb.c.obj
[47/271] Building C object zephyr/arch/arch/arm/core/cortex_m/CMakeFiles/arch__arm__core__cortex_m.dir/fpu.c.obj
[48/271] Building ASM object zephyr/arch/arch/arm/core/cortex_m/CMakeFiles/arch__arm__core__cortex_m.dir/__aeabi_read_tp.S.obj
[49/271] Building C object zephyr/CMakeFiles/zephyr.dir/lib/utils/bitarray.c.obj
[50/271] Building C object zephyr/arch/arch/arm/core/cortex_m/CMakeFiles/arch__arm__core__cortex_m.dir/scb.c.obj
[51/271] Building C object zephyr/arch/arch/arm/core/cortex_m/CMakeFiles/arch__arm__core__cortex_m.dir/swap.c.obj
[52/271] Building ASM object zephyr/soc/soc/ab162x/ab162x/CMakeFiles/..__airoha__mcu__soc__airoha__ab162x.dir/startup.S.obj
[53/271] Building ASM object zephyr/soc/soc/ab162x/common/CMakeFiles/..__airoha__mcu__soc__airoha__common.dir/air_string_opt.s.obj
[54/271] Building C object zephyr/arch/arch/arm/core/cortex_m/CMakeFiles/arch__arm__core__cortex_m.dir/fault.c.obj
[55/271] Building C object zephyr/arch/arch/arm/core/cortex_m/CMakeFiles/arch__arm__core__cortex_m.dir/thread_abort.c.obj
[56/271] Building C object zephyr/arch/arch/arm/core/cortex_m/CMakeFiles/arch__arm__core__cortex_m.dir/irq_manage.c.obj
[57/271] Building C object zephyr/arch/arch/arm/core/cortex_m/CMakeFiles/arch__arm__core__cortex_m.dir/irq_init.c.obj
[58/271] Building C object zephyr/arch/arch/arm/core/cortex_m/CMakeFiles/arch__arm__core__cortex_m.dir/prep_c.c.obj
[59/271] Building C object zephyr/arch/arch/arm/core/cortex_m/CMakeFiles/arch__arm__core__cortex_m.dir/cpu_idle.c.obj
[60/271] Building C object zephyr/arch/arch/arm/core/cortex_m/CMakeFiles/arch__arm__core__cortex_m.dir/thread.c.obj
[61/271] Building C object zephyr/soc/soc/ab162x/common/CMakeFiles/..__airoha__mcu__soc__airoha__common.dir/air_printk.c.obj
[62/271] Generating zephyr/autogen-pubkey.c
[63/271] Building C object zephyr/CMakeFiles/zephyr.dir/lib/os/cbprintf_complete.c.obj
[64/271] Building C object zephyr/lib/libc/common/CMakeFiles/lib__libc__common.dir/source/stdlib/abort.c.obj
[65/271] Linking C static library zephyr/arch/arch/arm/core/cortex_m/libarch__arm__core__cortex_m.a
[66/271] Building C object zephyr/arch/arch/arm/core/cortex_m/cmse/CMakeFiles/arch__arm__core__cortex_m__cmse.dir/arm_core_cmse.c.obj
[67/271] Building C object zephyr/soc/soc/ab162x/common/CMakeFiles/..__airoha__mcu__soc__airoha__common.dir/air_allocation_c_lib.c.obj
[68/271] Building C object zephyr/drivers/rtc/CMakeFiles/drivers__rtc.dir/rtc_utils.c.obj
[69/271] Building C object zephyr/lib/libc/newlib/CMakeFiles/lib__libc__newlib.dir/libc-hooks.c.obj
[70/271] Building C object zephyr/drivers/timer/CMakeFiles/drivers__timer.dir/sys_clock_init.c.obj
[71/271] Building C object zephyr/soc/soc/ab162x/common/bsp_flash/CMakeFiles/..__airoha__mcu__soc__airoha__common__bsp_flash.dir/src/bsp_external_flash_utils.c.obj
[72/271] Building C object zephyr/soc/soc/ab162x/common/bsp_flash/CMakeFiles/..__airoha__mcu__soc__airoha__common__bsp_flash.dir/src/bsp_external_flash_async.c.obj
[73/271] Building C object zephyr/drivers/flash/CMakeFiles/drivers__flash.dir/flash_page_layout.c.obj
[74/271] Building C object CMakeFiles/app.dir/keys.c.obj
[75/271] Building C object zephyr/soc/soc/ab162x/common/CMakeFiles/..__airoha__mcu__soc__airoha__common.dir/air_uart_pre_init.c.obj
[76/271] Building C object zephyr/soc/soc/ab162x/common/CMakeFiles/..__airoha__mcu__soc__airoha__common.dir/air_tracing.c.obj
[77/271] Building C object zephyr/soc/soc/ab162x/common/bsp_flash/CMakeFiles/..__airoha__mcu__soc__airoha__common__bsp_flash.dir/src/bsp_external_flash.c.obj
[78/271] Building C object zephyr/soc/soc/ab162x/common/bsp_flash/CMakeFiles/..__airoha__mcu__soc__airoha__common__bsp_flash.dir/src/bsp_flash.c.obj
[79/271] Building C object zephyr/drivers/flash/CMakeFiles/drivers__flash.dir/jesd216.c.obj
[80/271] Building C object CMakeFiles/app.dir/workdir/airoha/mcu/applications/mcuboot/boot/bootutil/src/image_rsa.c.obj
[81/271] Building C object CMakeFiles/app.dir/workdir/airoha/mcu/applications/mcuboot/boot/bootutil/src/image_ecdsa.c.obj
[82/271] Building C object CMakeFiles/app.dir/io.c.obj
[83/271] Building C object CMakeFiles/app.dir/workdir/airoha/mcu/applications/mcuboot/boot/bootutil/src/encrypted.c.obj
[84/271] Building C object zephyr/soc/soc/ab162x/ab162x/CMakeFiles/..__airoha__mcu__soc__airoha__ab162x.dir/soc.c.obj
[85/271] Building C object CMakeFiles/app.dir/os.c.obj
[86/271] Building C object CMakeFiles/app.dir/workdir/airoha/mcu/applications/mcuboot/boot/bootutil/src/image_ed25519.c.obj
[87/271] Building C object CMakeFiles/app.dir/flash_map_extended.c.obj
[88/271] Building C object CMakeFiles/app.dir/workdir/airoha/mcu/applications/mcuboot/boot/bootutil/src/fault_injection_hardening.c.obj
[89/271] Building C object CMakeFiles/app.dir/zephyr/autogen-pubkey.c.obj
[90/271] Building C object zephyr/CMakeFiles/zephyr_pre0.dir/misc/empty_file.c.obj
[91/271] Building C object CMakeFiles/app.dir/workdir/airoha/mcu/applications/mcuboot/boot/bootutil/src/tlv.c.obj
[92/271] Building C object CMakeFiles/app.dir/workdir/airoha/mcu/applications/mcuboot/ext/tinycrypt/lib/source/utils.c.obj
[93/271] Linking C static library zephyr/arch/arch/arm/core/cortex_m/cmse/libarch__arm__core__cortex_m__cmse.a
[94/271] Building C object CMakeFiles/app.dir/main.c.obj
[95/271] Building C object CMakeFiles/app.dir/workdir/airoha/mcu/applications/mcuboot/boot/bootutil/src/caps.c.obj
[96/271] Linking C static library zephyr/lib/libc/newlib/liblib__libc__newlib.a
[97/271] Linking C static library zephyr/soc/soc/ab162x/ab162x/lib..__airoha__mcu__soc__airoha__ab162x.a
[98/271] Linking CXX static library zephyr/libzephyr.a
[99/271] Linking C static library zephyr/lib/libc/common/liblib__libc__common.a
[100/271] Building C object CMakeFiles/app.dir/workdir/airoha/mcu/applications/mcuboot/boot/bootutil/src/swap_misc.c.obj
[101/271] Linking C static library zephyr/soc/soc/ab162x/common/lib..__airoha__mcu__soc__airoha__common.a
[102/271] Linking C static library zephyr/soc/soc/ab162x/common/bsp_flash/lib..__airoha__mcu__soc__airoha__common__bsp_flash.a
[103/271] Linking C static library zephyr/drivers/rtc/libdrivers__rtc.a
[104/271] Building C object CMakeFiles/app.dir/workdir/airoha/mcu/applications/mcuboot/boot/bootutil/src/bootutil_misc.c.obj
[105/271] Linking C static library zephyr/drivers/timer/libdrivers__timer.a
[106/271] Linking C static library zephyr/drivers/flash/libdrivers__flash.a
[107/271] Building C object CMakeFiles/app.dir/workdir/airoha/mcu/applications/mcuboot/boot/bootutil/src/swap_move.c.obj
[108/271] Building C object CMakeFiles/app.dir/workdir/airoha/mcu/applications/mcuboot/ext/tinycrypt/lib/source/sha256.c.obj
[109/271] Building C object CMakeFiles/app.dir/arm_cleanup.c.obj
[110/271] Building C object CMakeFiles/app.dir/workdir/airoha/mcu/applications/mcuboot/boot/bootutil/src/image_validate.c.obj
/workdir/airoha/mcu/applications/mcuboot/boot/bootutil/src/image_validate.c: In function 'bootutil_img_validate':
/workdir/airoha/mcu/applications/mcuboot/boot/bootutil/src/image_validate.c:471:13: warning: unused variable 'aes_buf' [-Wunused-variable]
  471 |     uint8_t aes_buf[16];
      |             ^~~~~~~
/workdir/airoha/mcu/applications/mcuboot/boot/bootutil/src/image_validate.c: At top level:
/workdir/airoha/mcu/applications/mcuboot/boot/bootutil/src/image_validate.c:395:12: warning: 'sboot_cmac_verify_image' defined but not used [-Wunused-function]
  395 | static int sboot_cmac_verify_image(uint8_t *p_image, uint32_t img_len, uint8_t *cmac_hdr)
      |            ^~~~~~~~~~~~~~~~~~~~~~~
[111/271] Building C object modules/airoha/modules/hal/airoha/ab162x/CMakeFiles/..__airoha__mcu__modules__hal__airoha__ab162x.dir/src/hal_aesotf_esc.c.obj
[112/271] Building C object CMakeFiles/app.dir/workdir/airoha/mcu/applications/mcuboot/boot/bootutil/src/swap_scratch.c.obj
[113/271] Building C object modules/airoha/modules/hal/airoha/ab162x/CMakeFiles/..__airoha__mcu__modules__hal__airoha__ab162x.dir/src/hal_cache.c.obj
[114/271] Building C object modules/airoha/modules/hal/airoha/ab162x/CMakeFiles/..__airoha__mcu__modules__hal__airoha__ab162x.dir/src/hal_adc.c.obj
[115/271] Building C object modules/airoha/modules/hal/airoha/ab162x/CMakeFiles/..__airoha__mcu__modules__hal__airoha__ab162x.dir/src/hal_cache_internal.c.obj
[116/271] Building C object modules/airoha/modules/hal/airoha/ab162x/CMakeFiles/..__airoha__mcu__modules__hal__airoha__ab162x.dir/src/hal_aesotf.c.obj
[117/271] Building C object modules/airoha/modules/hal/airoha/ab162x/CMakeFiles/..__airoha__mcu__modules__hal__airoha__ab162x.dir/src/hal_argb.c.obj
[118/271] Building C object modules/airoha/modules/hal/airoha/ab162x/CMakeFiles/..__airoha__mcu__modules__hal__airoha__ab162x.dir/src/hal_esc_internal.c.obj
[119/271] Building C object CMakeFiles/app.dir/workdir/airoha/mcu/applications/mcuboot/boot/bootutil/src/loader.c.obj
[120/271] Building C object modules/airoha/modules/hal/airoha/ab162x/CMakeFiles/..__airoha__mcu__modules__hal__airoha__ab162x.dir/src/hal_esc.c.obj
[121/271] Building C object modules/airoha/modules/hal/airoha/ab162x/CMakeFiles/..__airoha__mcu__modules__hal__airoha__ab162x.dir/src/hal_dcxo.c.obj
[122/271] Building C object modules/airoha/modules/hal/airoha/ab162x/CMakeFiles/..__airoha__mcu__modules__hal__airoha__ab162x.dir/src/hal_dwt.c.obj
[123/271] Building C object modules/mcuboot/CMakeFiles/mcuboot_util.dir/workdir/airoha/mcu/applications/mcuboot/boot/bootutil/src/bootutil_public.c.obj
[124/271] Building C object modules/airoha/modules/hal/airoha/ab162x/CMakeFiles/..__airoha__mcu__modules__hal__airoha__ab162x.dir/src/hal_dvfs.c.obj
[125/271] Building C object modules/airoha/modules/hal/airoha/ab162x/CMakeFiles/..__airoha__mcu__modules__hal__airoha__ab162x.dir/src/hal_aioadc.c.obj
[126/271] Building C object modules/airoha/modules/hal/airoha/ab162x/CMakeFiles/..__airoha__mcu__modules__hal__airoha__ab162x.dir/src/hal_bat.c.obj
[127/271] Building C object modules/airoha/modules/hal/airoha/ab162x/CMakeFiles/..__airoha__mcu__modules__hal__airoha__ab162x.dir/src/hal_eint_s.c.obj
[128/271] Linking C static library modules/mcuboot/libmcuboot_util.a
[129/271] Linking C static library app/libapp.a
[130/271] Building C object modules/airoha/modules/hal/airoha/ab162x/CMakeFiles/..__airoha__mcu__modules__hal__airoha__ab162x.dir/src/hal_aes.c.obj
[131/271] Building C object modules/airoha/modules/hal/airoha/ab162x/CMakeFiles/..__airoha__mcu__modules__hal__airoha__ab162x.dir/src/hal_eint.c.obj
[132/271] Building C object modules/airoha/modules/hal/airoha/ab162x/CMakeFiles/..__airoha__mcu__modules__hal__airoha__ab162x.dir/src/hal_comparator.c.obj
[133/271] Building C object modules/airoha/modules/hal/airoha/ab162x/CMakeFiles/..__airoha__mcu__modules__hal__airoha__ab162x.dir/src/hal_eint_internal.c.obj
[134/271] Building C object modules/airoha/modules/hal/airoha/ab162x/CMakeFiles/..__airoha__mcu__modules__hal__airoha__ab162x.dir/src/hal_gpio_s.c.obj
[135/271] Building C object modules/airoha/modules/hal/airoha/ab162x/CMakeFiles/..__airoha__mcu__modules__hal__airoha__ab162x.dir/src/hal_flash_custom.c.obj
[136/271] Building C object modules/airoha/modules/hal/airoha/ab162x/CMakeFiles/..__airoha__mcu__modules__hal__airoha__ab162x.dir/src/hal_hw_keyscan.c.obj
[137/271] Building C object modules/airoha/modules/hal/airoha/ab162x/CMakeFiles/..__airoha__mcu__modules__hal__airoha__ab162x.dir/src/hal_flash_combo_init.c.obj
[138/271] Building C object modules/airoha/modules/hal/airoha/ab162x/CMakeFiles/..__airoha__mcu__modules__hal__airoha__ab162x.dir/src/hal_flash_custom_sfi.c.obj
[139/271] Building C object modules/airoha/modules/hal/airoha/ab162x/CMakeFiles/..__airoha__mcu__modules__hal__airoha__ab162x.dir/src/hal_flash_combo_nor.c.obj
[140/271] Building C object modules/airoha/modules/hal/airoha/ab162x/CMakeFiles/..__airoha__mcu__modules__hal__airoha__ab162x.dir/src/hal_i2c_master.c.obj
[141/271] Building C object modules/airoha/modules/hal/airoha/ab162x/CMakeFiles/..__airoha__mcu__modules__hal__airoha__ab162x.dir/src/hal_flash_mtd.c.obj
[142/271] Building C object modules/airoha/modules/hal/airoha/ab162x/CMakeFiles/..__airoha__mcu__modules__hal__airoha__ab162x.dir/src/hal_gpio_internal.c.obj
[143/271] Building C object modules/airoha/modules/hal/airoha/ab162x/CMakeFiles/..__airoha__mcu__modules__hal__airoha__ab162x.dir/src/hal_i2c_master_internal.c.obj
[144/271] Building C object modules/airoha/modules/hal/airoha/ab162x/CMakeFiles/..__airoha__mcu__modules__hal__airoha__ab162x.dir/src/hal_irtx_internal.c.obj
[145/271] Building C object modules/airoha/modules/hal/airoha/ab162x/CMakeFiles/..__airoha__mcu__modules__hal__airoha__ab162x.dir/src/hal_gpt.c.obj
[146/271] Building C object modules/airoha/modules/hal/airoha/ab162x/CMakeFiles/..__airoha__mcu__modules__hal__airoha__ab162x.dir/src/hal_flash_disk.c.obj
[147/271] Building C object modules/airoha/modules/hal/airoha/ab162x/CMakeFiles/..__airoha__mcu__modules__hal__airoha__ab162x.dir/src/hal_i3c_master.c.obj
[148/271] Building C object modules/airoha/modules/hal/airoha/ab162x/CMakeFiles/..__airoha__mcu__modules__hal__airoha__ab162x.dir/src/hal_irtx.c.obj
[149/271] Building C object modules/airoha/modules/hal/airoha/ab162x/CMakeFiles/..__airoha__mcu__modules__hal__airoha__ab162x.dir/src/hal_flash_mtd_common.c.obj
[150/271] Building C object modules/airoha/modules/hal/airoha/ab162x/CMakeFiles/..__airoha__mcu__modules__hal__airoha__ab162x.dir/src/hal_gpt_internal.c.obj
[151/271] Building C object modules/airoha/modules/hal/airoha/ab162x/CMakeFiles/..__airoha__mcu__modules__hal__airoha__ab162x.dir/src/hal_memview.c.obj
[152/271] Building C object modules/airoha/modules/hal/airoha/ab162x/CMakeFiles/..__airoha__mcu__modules__hal__airoha__ab162x.dir/src/hal_mpu.c.obj
[153/271] Building C object modules/airoha/modules/hal/airoha/ab162x/CMakeFiles/..__airoha__mcu__modules__hal__airoha__ab162x.dir/src/hal_gpio.c.obj
[154/271] Building C object modules/airoha/modules/hal/airoha/ab162x/CMakeFiles/..__airoha__mcu__modules__hal__airoha__ab162x.dir/src/hal_irrx_internal.c.obj
[155/271] Building C object modules/airoha/modules/hal/airoha/ab162x/CMakeFiles/..__airoha__mcu__modules__hal__airoha__ab162x.dir/src/hal_qdec.c.obj
[156/271] Building C object modules/airoha/modules/hal/airoha/ab162x/CMakeFiles/..__airoha__mcu__modules__hal__airoha__ab162x.dir/src/hal_irrx.c.obj
[157/271] Building C object modules/airoha/modules/hal/airoha/ab162x/CMakeFiles/..__airoha__mcu__modules__hal__airoha__ab162x.dir/src/hal_mpu_internal.c.obj
[158/271] Building C object modules/airoha/modules/hal/airoha/ab162x/CMakeFiles/..__airoha__mcu__modules__hal__airoha__ab162x.dir/src/hal_led.c.obj
[159/271] Building C object modules/airoha/modules/hal/airoha/ab162x/CMakeFiles/..__airoha__mcu__modules__hal__airoha__ab162x.dir/src/hal_i3c_master_internal.c.obj
[160/271] Building C object modules/airoha/modules/hal/airoha/ab162x/CMakeFiles/..__airoha__mcu__modules__hal__airoha__ab162x.dir/src/hal_os_timer.c.obj
[161/271] Building C object modules/airoha/modules/hal/airoha/ab162x/CMakeFiles/..__airoha__mcu__modules__hal__airoha__ab162x.dir/src/hal_clock.c.obj
[162/271] Building C object modules/airoha/modules/hal/airoha/ab162x/CMakeFiles/..__airoha__mcu__modules__hal__airoha__ab162x.dir/src/hal_nvic_internal.c.obj
[163/271] Building C object modules/airoha/modules/hal/airoha/ab162x/CMakeFiles/..__airoha__mcu__modules__hal__airoha__ab162x.dir/src/hal_pwm_internal_v2.c.obj
[164/271] Building C object modules/airoha/modules/hal/airoha/ab162x/CMakeFiles/..__airoha__mcu__modules__hal__airoha__ab162x.dir/src/hal_pwm_internal_v1.c.obj
[165/271] Building C object modules/airoha/modules/hal/airoha/ab162x/CMakeFiles/..__airoha__mcu__modules__hal__airoha__ab162x.dir/src/hal_pwm.c.obj
[166/271] Building C object modules/airoha/modules/hal/airoha/ab162x/CMakeFiles/..__airoha__mcu__modules__hal__airoha__ab162x.dir/src/hal_flash_mtd_dal.c.obj
[167/271] Building C object modules/airoha/modules/hal/airoha/ab162x/CMakeFiles/..__airoha__mcu__modules__hal__airoha__ab162x.dir/src/hal_nvic.c.obj
[168/271] Building C object modules/airoha/modules/hal/airoha/ab162x/CMakeFiles/..__airoha__mcu__modules__hal__airoha__ab162x.dir/src/hal_queue.c.obj
[169/271] Building C object modules/airoha/modules/hal/airoha/ab162x/CMakeFiles/..__airoha__mcu__modules__hal__airoha__ab162x.dir/src/hal_riscv_ctl.c.obj
[170/271] Building C object modules/airoha/modules/hal/airoha/ab162x/CMakeFiles/..__airoha__mcu__modules__hal__airoha__ab162x.dir/src/hal_sau.c.obj
[171/271] Building C object modules/airoha/modules/hal/airoha/ab162x/CMakeFiles/..__airoha__mcu__modules__hal__airoha__ab162x.dir/src/hal_sau_internal.c.obj
[172/271] Building C object modules/airoha/modules/hal/airoha/ab162x/CMakeFiles/..__airoha__mcu__modules__hal__airoha__ab162x.dir/src/hal_ramboz.c.obj
[173/271] Building C object modules/airoha/modules/hal/airoha/ab162x/CMakeFiles/..__airoha__mcu__modules__hal__airoha__ab162x.dir/src/hal_spi_slave_internal.c.obj
[174/271] Building C object modules/airoha/modules/hal/airoha/ab162x/CMakeFiles/..__airoha__mcu__modules__hal__airoha__ab162x.dir/src/hal_spi_master_internal.c.obj
[175/271] Building C object modules/airoha/modules/hal/airoha/ab162x/CMakeFiles/..__airoha__mcu__modules__hal__airoha__ab162x.dir/src/hal_pmu_cal.c.obj
[176/271] Building C object modules/airoha/modules/hal/airoha/ab162x/CMakeFiles/..__airoha__mcu__modules__hal__airoha__ab162x.dir/src/hal_spi_slave.c.obj
[177/271] Building C object modules/airoha/modules/hal/airoha/ab162x/CMakeFiles/..__airoha__mcu__modules__hal__airoha__ab162x.dir/src/hal_usb_phy.c.obj
[178/271] Building C object modules/airoha/modules/hal/airoha/ab162x/CMakeFiles/..__airoha__mcu__modules__hal__airoha__ab162x.dir/src/hal_sw_dma_internal.c.obj
[179/271] Building C object modules/airoha/modules/hal/airoha/ab162x/CMakeFiles/..__airoha__mcu__modules__hal__airoha__ab162x.dir/src/hal_trng.c.obj
[180/271] Building C object modules/airoha/modules/hal/airoha/ab162x/CMakeFiles/..__airoha__mcu__modules__hal__airoha__ab162x.dir/src/hal_rtc.c.obj
[181/271] Building C object modules/airoha/modules/hal/airoha/ab162x/CMakeFiles/..__airoha__mcu__modules__hal__airoha__ab162x.dir/src/hal_spi_master.c.obj
[182/271] Building C object modules/airoha/modules/hal/airoha/ab162x/CMakeFiles/..__airoha__mcu__modules__hal__airoha__ab162x.dir/src/hal_trng_internal.c.obj
[183/271] Building C object modules/airoha/modules/hal/airoha/ab162x/CMakeFiles/..__airoha__mcu__modules__hal__airoha__ab162x.dir/src/hal_pdma_internal.c.obj
[184/271] Building C object modules/airoha/modules/hal/airoha/ab162x/CMakeFiles/..__airoha__mcu__modules__hal__airoha__ab162x.dir/src/hal_sha.c.obj
[185/271] Building C object modules/airoha/modules/hal/airoha/ab162x/CMakeFiles/..__airoha__mcu__modules__hal__airoha__ab162x.dir/src/hal_sw_irq.c.obj
[186/271] Building C object modules/airoha/modules/hal/airoha/ab162x/CMakeFiles/..__airoha__mcu__modules__hal__airoha__ab162x.dir/src/hal_sw_dma.c.obj
[187/271] Building C object modules/airoha/modules/hal/airoha/ab162x/src_core/CMakeFiles/..__airoha__mcu__modules__hal__airoha__ab162x__src_core.dir/hal_sleep_manager_internal.c.obj
[188/271] Building C object modules/airoha/modules/hal/airoha/ab162x/CMakeFiles/..__airoha__mcu__modules__hal__airoha__ab162x.dir/src/hal_usb.c.obj
[189/271] Building C object modules/airoha/modules/hal/airoha/ab162x/src_core/CMakeFiles/..__airoha__mcu__modules__hal__airoha__ab162x__src_core.dir/hal_sleep_manager.c.obj
[190/271] Building C object modules/airoha/drivers/ab162x/flash/CMakeFiles/..__airoha__mcu__drivers__ab162x__flash.dir/flash_airoha.c.obj
[191/271] Building C object modules/airoha/modules/hal/airoha/ab162x/src_core/CMakeFiles/..__airoha__mcu__modules__hal__airoha__ab162x__src_core.dir/hal_deep_sleep.c.obj
[192/271] Building C object modules/airoha/modules/hal/airoha/ab162x/src_core/CMakeFiles/..__airoha__mcu__modules__hal__airoha__ab162x__src_core.dir/hal_spm.c.obj
[193/271] Linking C static library modules/airoha/drivers/ab162x/flash/lib..__airoha__mcu__drivers__ab162x__flash.a
[194/271] Building C object modules/airoha/modules/hal/airoha/ab162x/CMakeFiles/..__airoha__mcu__modules__hal__airoha__ab162x.dir/src/hal_pmu.c.obj
[195/271] Building C object modules/airoha/modules/hal/airoha/ab162x/CMakeFiles/..__airoha__mcu__modules__hal__airoha__ab162x.dir/src/hal_wdt.c.obj
[196/271] Building C object modules/airoha/drivers/ab162x/os_timer/CMakeFiles/..__airoha__mcu__drivers__ab162x__os_timer.dir/ost_airoha.c.obj
[197/271] Linking C static library modules/airoha/modules/hal/airoha/ab162x/src_core/lib..__airoha__mcu__modules__hal__airoha__ab162x__src_core.a
[198/271] Building C object modules/airoha/modules/hal/airoha/ab162x/CMakeFiles/..__airoha__mcu__modules__hal__airoha__ab162x.dir/src/hal_wdt_internal.c.obj
[199/271] Building C object modules/airoha/drivers/ab162x/interrupt_controller/CMakeFiles/..__airoha__mcu__drivers__ab162x__interrupt_controller.dir/intc_airoha.c.obj
[200/271] Building C object modules/airoha/drivers/ab162x/rtc/CMakeFiles/..__airoha__mcu__drivers__ab162x__rtc.dir/rtc_airoha.c.obj
[201/271] Building C object modules/airoha/drivers/ab162x/watchdog/CMakeFiles/..__airoha__mcu__drivers__ab162x__watchdog.dir/wdt_airoha.c.obj
[202/271] Linking C static library modules/airoha/drivers/ab162x/os_timer/lib..__airoha__mcu__drivers__ab162x__os_timer.a
[203/271] Building C object modules/airoha/drivers/ab162x/clock_control/CMakeFiles/..__airoha__mcu__drivers__ab162x__clock_control.dir/dcxo_airoha.c.obj
[204/271] Building C object modules/airoha/drivers/ab162x/clock_control/CMakeFiles/..__airoha__mcu__drivers__ab162x__clock_control.dir/clock_control_airoha.c.obj
[205/271] Linking C static library modules/airoha/drivers/ab162x/interrupt_controller/lib..__airoha__mcu__drivers__ab162x__interrupt_controller.a
[206/271] Building C object modules/airoha/drivers/ab162x/clock_control/CMakeFiles/..__airoha__mcu__drivers__ab162x__clock_control.dir/dvfs_airoha.c.obj
[207/271] Building C object modules/airoha/modules/hal/airoha/ab162x/CMakeFiles/..__airoha__mcu__modules__hal__airoha__ab162x.dir/src/hal_uart_internal.c.obj
[208/271] Linking C static library modules/airoha/drivers/ab162x/watchdog/lib..__airoha__mcu__drivers__ab162x__watchdog.a
[209/271] Linking C static library modules/airoha/drivers/ab162x/rtc/lib..__airoha__mcu__drivers__ab162x__rtc.a
[210/271] Linking C static library modules/airoha/drivers/ab162x/clock_control/lib..__airoha__mcu__drivers__ab162x__clock_control.a
[211/271] Building C object modules/airoha/drivers/ab162x/pmu/CMakeFiles/..__airoha__mcu__drivers__ab162x__pmu.dir/pmu_airoha.c.obj
[212/271] Building C object modules/airoha/subsys/third_party/lzma_decoder/CMakeFiles/..__airoha__mcu__subsys__third_party__lzma_decoder.dir/src/lzma_decode_interface.c.obj
[213/271] Building C object modules/airoha/subsys/airoha/partition/CMakeFiles/..__airoha__mcu__subsys__airoha__partition.dir/src/partition.c.obj
[214/271] Building C object modules/airoha/subsys/airoha/version/CMakeFiles/..__airoha__mcu__subsys__airoha__version.dir/misc/generated/air_version.c.obj
[215/271] Linking C static library modules/airoha/drivers/ab162x/pmu/lib..__airoha__mcu__drivers__ab162x__pmu.a
[216/271] Building C object modules/airoha/modules/hal/airoha/ab162x/CMakeFiles/..__airoha__mcu__modules__hal__airoha__ab162x.dir/src/hal_rtc_internal.c.obj
[217/271] Building C object modules/airoha/upper_level/drivers/chip/ab162x/CMakeFiles/..__airoha__common__drivers__chip__ab162x.dir/src/hal_ccni.c.obj
[218/271] Building C object modules/airoha/modules/hal/airoha/ab162x/CMakeFiles/..__airoha__mcu__modules__hal__airoha__ab162x.dir/src/hal_uart.c.obj
[219/271] Linking C static library modules/airoha/subsys/airoha/version/lib..__airoha__mcu__subsys__airoha__version.a
[220/271] Building C object modules/airoha/subsys/airoha/partition/CMakeFiles/..__airoha__mcu__subsys__airoha__partition.dir/src/air_flash_map.c.obj
[221/271] Building C object modules/airoha/subsys/airoha/fota/CMakeFiles/fota.dir/src/fota_flash_config.c.obj
[222/271] Building C object modules/airoha/upper_level/drivers/chip/ab162x/CMakeFiles/..__airoha__common__drivers__chip__ab162x.dir/src/hal_ccni_config.c.obj
[223/271] Building C object modules/airoha/subsys/airoha/fota/CMakeFiles/fota.dir/src/fota_flash.c.obj
[224/271] Building C object modules/airoha/upper_level/drivers/chip/ab162x/CMakeFiles/..__airoha__common__drivers__chip__ab162x.dir/src/hal_hw_semaphore.c.obj
[225/271] Linking C static library modules/airoha/subsys/airoha/partition/lib..__airoha__mcu__subsys__airoha__partition.a
[226/271] Building C object modules/airoha/upper_level/drivers/chip/ab162x/CMakeFiles/..__airoha__common__drivers__chip__ab162x.dir/src/hal_core_status.c.obj
[227/271] Building C object modules/airoha/upper_level/drivers/chip/ab162x/CMakeFiles/..__airoha__common__drivers__chip__ab162x.dir/src/hal_cross_core_config.c.obj
[228/271] Linking C static library modules/airoha/modules/hal/airoha/ab162x/lib..__airoha__mcu__modules__hal__airoha__ab162x.a
[229/271] Building C object zephyr/kernel/CMakeFiles/kernel.dir/banner.c.obj
[230/271] Linking C static library modules/airoha/upper_level/drivers/chip/ab162x/lib..__airoha__common__drivers__chip__ab162x.a
[231/271] Building C object zephyr/kernel/CMakeFiles/kernel.dir/main_weak.c.obj
[232/271] Building C object zephyr/kernel/CMakeFiles/kernel.dir/device.c.obj
[233/271] Building C object zephyr/kernel/CMakeFiles/kernel.dir/init_static.c.obj
[234/271] Building C object zephyr/kernel/CMakeFiles/kernel.dir/version.c.obj
[235/271] Building C object zephyr/kernel/CMakeFiles/kernel.dir/errno.c.obj
[236/271] Building C object zephyr/kernel/CMakeFiles/kernel.dir/busy_wait.c.obj
[237/271] Building C object modules/airoha/subsys/airoha/fota/CMakeFiles/fota.dir/src/fota_signature.c.obj
[238/271] Building C object modules/airoha/subsys/airoha/fota/CMakeFiles/fota.dir/src/fota_multi_info.c.obj
[239/271] Building C object modules/airoha/subsys/airoha/fota/CMakeFiles/fota.dir/src/fota_multi_info_util.c.obj
[240/271] Building C object modules/airoha/subsys/airoha/bootreason_check/CMakeFiles/..__airoha__mcu__subsys__airoha__bootreason_check.dir/src/bootreason_check.c.obj
[241/271] Building C object modules/airoha/subsys/airoha/fota/CMakeFiles/fota.dir/src/fota_util.c.obj
[242/271] Building C object zephyr/kernel/CMakeFiles/kernel.dir/init.c.obj
[243/271] Building C object zephyr/kernel/CMakeFiles/kernel.dir/fatal.c.obj
[244/271] Building C object zephyr/kernel/CMakeFiles/kernel.dir/mem_slab.c.obj
[245/271] Linking C static library modules/airoha/subsys/airoha/bootreason_check/lib..__airoha__mcu__subsys__airoha__bootreason_check.a
[246/271] Linking C static library modules/airoha/subsys/airoha/fota/libfota.a
[247/271] Building C object zephyr/kernel/CMakeFiles/kernel.dir/kheap.c.obj
[248/271] Building C object zephyr/kernel/CMakeFiles/kernel.dir/float.c.obj
[249/271] Building C object zephyr/kernel/CMakeFiles/kernel.dir/sem.c.obj
[250/271] Building C object zephyr/kernel/CMakeFiles/kernel.dir/mailbox.c.obj
[251/271] Building C object zephyr/kernel/CMakeFiles/kernel.dir/idle.c.obj
[252/271] Building C object zephyr/kernel/CMakeFiles/kernel.dir/system_work_q.c.obj
[253/271] Building C object zephyr/kernel/CMakeFiles/kernel.dir/msg_q.c.obj
[254/271] Building C object zephyr/kernel/CMakeFiles/kernel.dir/stack.c.obj
[255/271] Building C object zephyr/kernel/CMakeFiles/kernel.dir/mutex.c.obj
[256/271] Building C object modules/airoha/subsys/third_party/lzma_decoder/CMakeFiles/..__airoha__mcu__subsys__third_party__lzma_decoder.dir/src/lzma_decoder.c.obj
[257/271] Building C object zephyr/kernel/CMakeFiles/kernel.dir/condvar.c.obj
[258/271] Building C object zephyr/kernel/CMakeFiles/kernel.dir/priority_queues.c.obj
[259/271] Linking C static library modules/airoha/subsys/third_party/lzma_decoder/lib..__airoha__mcu__subsys__third_party__lzma_decoder.a
[260/271] Building C object zephyr/kernel/CMakeFiles/kernel.dir/queue.c.obj
[261/271] Building C object zephyr/kernel/CMakeFiles/kernel.dir/thread_monitor.c.obj
[262/271] Building C object zephyr/kernel/CMakeFiles/kernel.dir/timeslicing.c.obj
[263/271] Building C object zephyr/kernel/CMakeFiles/kernel.dir/dynamic_disabled.c.obj
[264/271] Building C object zephyr/kernel/CMakeFiles/kernel.dir/thread.c.obj
[265/271] Building C object zephyr/kernel/CMakeFiles/kernel.dir/timer.c.obj
[266/271] Building C object zephyr/kernel/CMakeFiles/kernel.dir/mempool.c.obj
[267/271] Building C object zephyr/kernel/CMakeFiles/kernel.dir/timeout.c.obj
[268/271] Building C object zephyr/kernel/CMakeFiles/kernel.dir/work.c.obj
[269/271] Building C object zephyr/kernel/CMakeFiles/kernel.dir/sched.c.obj
[270/271] Linking C static library zephyr/kernel/libkernel.a
[271/271] Linking CXX executable zephyr/zephyr.elf
Memory region         Used Size  Region Size  %age Used
            SRAM:       70976 B       384 KB     18.05%
         SRAM_BT:          0 GB        16 KB      0.00%
  ROM_LOG_STRING:          0 GB        32 MB      0.00%
        IDT_LIST:          0 GB         2 KB      0.00%
Generating files from /workdir/out/ab1623m_evk/hid_ref_mouse_m20/mcuboot/zephyr/zephyr.elf for board: ab1623m_evk
[13/22] Completed 'hid_device_ref_design_mouse'
[15/22] No install step for 'mcuboot'
[16/22] Completed 'mcuboot'
[17/22] [Airoha] collect firmware and change firmware name in flash_download.cfg
[Airoha][Collect Firmware] obtain zephyr version: 0x03070100
[Airoha][Collect Firmware] create directory /workdir/out/ab1623m_evk/hid_ref_mouse_m20/download
[Airoha][Collect Firmware] create directory /workdir/out/ab1623m_evk/hid_ref_mouse_m20/debug
[Airoha][Collect Firmware] create directory /workdir/out/ab1623m_evk/hid_ref_mouse_m20/debug/hid_device_ref_design_mouse
[Airoha][Collect Firmware] copy debug files which file extension match ('.dts', '.elf', '.map', '.bin', '.hex', '.yaml', '.config', '.cmd', '.lst', '.json', '.symbols', '.stat') from /workdir/out/ab1623m_evk/hid_ref_mouse_m20/hid_device_ref_design_mouse/zephyr to /workdir/out/ab1623m_evk/hid_ref_mouse_m20/debug/hid_device_ref_design_mouse
[Airoha][Collect Firmware] copy firmware file from /workdir/out/ab1623m_evk/hid_ref_mouse_m20/hid_device_ref_design_mouse/zephyr/zephyr.signed.bin to /workdir/out/ab1623m_evk/hid_ref_mouse_m20/download/hid_device_ref_design_mouse.signed.bin
[Airoha][Collect Firmware] copy all other download binary files from /workdir/out/ab1623m_evk/hid_ref_mouse_m20/hid_device_ref_design_mouse/download to /workdir/out/ab1623m_evk/hid_ref_mouse_m20/download
[Airoha][Collect Firmware] copy debug files which file extension match ('.dis', '.bin', '.map', '.elf', '.c', '.ld', '.symbols') from /workdir/out/ab1623m_evk/hid_ref_mouse_m20/hid_device_ref_design_mouse/riscv/mouse_ref_design/hid_ref_mouse_m20 to /workdir/out/ab1623m_evk/hid_ref_mouse_m20/debug/riscv/mouse_ref_design/hid_ref_mouse_m20
[Airoha][Collect Firmware] create directory /workdir/out/ab1623m_evk/hid_ref_mouse_m20/debug/mcuboot
[Airoha][Collect Firmware] copy debug files which file extension match ('.dts', '.elf', '.map', '.bin', '.hex', '.yaml', '.config', '.cmd', '.lst', '.json', '.symbols', '.stat') from /workdir/out/ab1623m_evk/hid_ref_mouse_m20/mcuboot/zephyr to /workdir/out/ab1623m_evk/hid_ref_mouse_m20/debug/mcuboot
[Airoha][Collect Firmware] copy firmware file from /workdir/out/ab1623m_evk/hid_ref_mouse_m20/mcuboot/zephyr/zephyr.bin to /workdir/out/ab1623m_evk/hid_ref_mouse_m20/download/mcuboot.bin
[Airoha][Collect Firmware] build dirs: ('/workdir/out/ab1623m_evk/hid_ref_mouse_m20/hid_device_ref_design_mouse', '/workdir/out/ab1623m_evk/hid_ref_mouse_m20/mcuboot')
[Airoha][Collect Firmware] default project: hid_device_ref_design_mouse
[Airoha][Collect Firmware] firmware of default project: hid_device_ref_design_mouse.signed.bin
[Airoha][Collect Firmware] bootloader project: mcuboot
[Airoha][Collect Firmware] firmware of bootloader project: mcuboot.bin
[Airoha][Collect Firmware] replace image-0.bin => hid_device_ref_design_mouse.signed.bin in flash_download.cfg
[Airoha][Collect Firmware] replace bootloader.bin => mcuboot.bin in flash_download.cfg
[Airoha][Collect Firmware] remove download entry of secure_hdr0.bin due to CONFIG_AIR_SECURITY_SECURE_BOOT_ENABLE=y not matched
[Airoha][Collect Firmware] remove download entry of secure_hdr1.bin due to CONFIG_AIR_SECURITY_SECURE_BOOT_ENABLE=y not matched
[Airoha][Collect Firmware] represent as hex format
[Airoha][Collect Firmware] generate /workdir/out/ab1623m_evk/hid_ref_mouse_m20/download/flash_download.cfg
[Airoha][Collect Firmware] generate /workdir/out/ab1623m_evk/hid_ref_mouse_m20/download/flash_download.cfg done!
[18/22] [Airoha][Release] Generating release related files...
[19/22] [Airoha] check the differences in the flash partition across different projects in sysbuild
[Airoha][FlashPartition Check] time: 0 min 0 seconds
[20/22] [Airoha][Footprint] Generating statistics data for footprint analysising...
[Airoha][Footprint][Statistics] processing /workdir/out/ab1623m_evk/hid_ref_mouse_m20
[Airoha][Footprint][Statistics] create directory /workdir/out/ab1623m_evk/hid_ref_mouse_m20/debug/footprint
[21/22] [Airoha] check sysbuild result, especially the address defined by the cross core variable
[Airoha][SysBuild Check] time: 0 min 1 seconds
[22/22] [Airoha][Build] print sysbuild time
[Airoha][Build] Real Build Time: 0 min 28 s
[Airoha][Build] Total Build Time: 0 min 30 s
