#include <stdio.h>
#include "hal_riscv_ctl.h"
#include "memory_attribute.h"

ATTR_ALIGN(4) static const uint8_t riscv_firmware[29176] =
{
    0x6F, 0x00, 0x00, 0x24, 0x6F, 0x00, 0xC0, 0x14, 0x6F, 0x00, 0x80, 0x14, 0x6F, 0x00, 0x40, 0x14, /* 0 ~ 15 */
    0x6F, 0x00, 0x00, 0x14, 0x6F, 0x00, 0xC0, 0x13, 0x6F, 0x00, 0x80, 0x13, 0x6F, 0x00, 0x40, 0x13, /* 16 ~ 31 */
    0x6F, 0x00, 0x00, 0x13, 0x6F, 0x00, 0xC0, 0x12, 0x6F, 0x00, 0x80, 0x12, 0x6F, 0x00, 0x40, 0x12, /* 32 ~ 47 */
    0x6F, 0x00, 0x00, 0x12, 0x6F, 0x00, 0xC0, 0x11, 0x6F, 0x00, 0x80, 0x11, 0x6F, 0x00, 0x40, 0x11, /* 48 ~ 63 */
    0x6F, 0x00, 0x00, 0x11, 0x6F, 0x00, 0xC0, 0x10, 0x6F, 0x00, 0x80, 0x10, 0x6F, 0x00, 0x40, 0x10, /* 64 ~ 79 */
    0x6F, 0x00, 0x00, 0x10, 0x6F, 0x00, 0xC0, 0x0F, 0x6F, 0x00, 0x80, 0x0F, 0x6F, 0x00, 0x40, 0x0F, /* 80 ~ 95 */
    0x6F, 0x00, 0x00, 0x0F, 0x6F, 0x00, 0xC0, 0x0E, 0x6F, 0x00, 0x80, 0x0E, 0x6F, 0x00, 0x40, 0x0E, /* 96 ~ 111 */
    0x6F, 0x00, 0x00, 0x0E, 0x6F, 0x00, 0xC0, 0x0D, 0x6F, 0x00, 0x80, 0x0D, 0x6F, 0x00, 0x40, 0x1C, /* 112 ~ 127 */
    0x6F, 0x00, 0x00, 0x02, 0x63, 0xD8, 0x41, 0x00, 0x23, 0xA0, 0x51, 0x00, 0x93, 0x81, 0x41, 0x00, /* 128 ~ 143 */
    0x6F, 0xF0, 0x5F, 0xFF, 0x67, 0x80, 0x00, 0x00, 0x00, 0x00, 0x00, 0x00, 0x00, 0x00, 0x00, 0x00, /* 144 ~ 159 */
    0x93, 0x00, 0x00, 0x00, 0x13, 0x01, 0x00, 0x00, 0x93, 0x01, 0x00, 0x00, 0x13, 0x02, 0x00, 0x00, /* 160 ~ 175 */
    0x93, 0x02, 0x00, 0x00, 0x13, 0x03, 0x00, 0x00, 0x93, 0x03, 0x00, 0x00, 0x13, 0x04, 0x00, 0x00, /* 176 ~ 191 */
    0x93, 0x04, 0x00, 0x00, 0x13, 0x05, 0x00, 0x00, 0x93, 0x05, 0x00, 0x00, 0x13, 0x06, 0x00, 0x00, /* 192 ~ 207 */
    0x93, 0x06, 0x00, 0x00, 0x13, 0x07, 0x00, 0x00, 0x93, 0x07, 0x00, 0x00, 0x17, 0x81, 0x00, 0x00, /* 208 ~ 223 */
    0x13, 0x01, 0x41, 0xB2, 0x97, 0x71, 0x00, 0x00, 0x93, 0x81, 0x41, 0x11, 0x17, 0x82, 0x00, 0x00, /* 224 ~ 239 */
    0x13, 0x02, 0x82, 0x8A, 0x63, 0xD7, 0x41, 0x00, 0x23, 0xA0, 0x01, 0x00, 0x91, 0x01, 0xE3, 0x5D, /* 240 ~ 255 */
    0x32, 0xFE, 0xB7, 0xA2, 0xA5, 0xA5, 0x93, 0x82, 0x52, 0x5A, 0x97, 0x81, 0x00, 0x00, 0x93, 0x81, /* 256 ~ 271 */
    0x61, 0xAF, 0x17, 0x82, 0x00, 0x00, 0x13, 0x02, 0xE2, 0xEE, 0xEF, 0xF0, 0xBF, 0xF6, 0x97, 0x81, /* 272 ~ 287 */
    0x00, 0x00, 0x93, 0x81, 0x21, 0x8E, 0x17, 0x82, 0x00, 0x00, 0x13, 0x02, 0xA2, 0xAD, 0xEF, 0xF0, /* 288 ~ 303 */
    0x7F, 0xF5, 0x01, 0x45, 0x81, 0x45, 0xEF, 0x00, 0xA0, 0x5C, 0x01, 0xA0, 0x00, 0x00, 0x00, 0x00, /* 304 ~ 319 */
    0x00, 0x00, 0x00, 0x00, 0x00, 0x00, 0x00, 0x00, 0x00, 0x00, 0x00, 0x00, 0x00, 0x00, 0x00, 0x00, /* 320 ~ 335 */
    0x13, 0x01, 0x81, 0xFB, 0x06, 0xC0, 0x0E, 0xC4, 0x12, 0xC6, 0x16, 0xC8, 0x1A, 0xCA, 0x1E, 0xCC, /* 336 ~ 351 */
    0x22, 0xCE, 0x26, 0xD0, 0x2A, 0xD2, 0x2E, 0xD4, 0x32, 0xD6, 0x36, 0xD8, 0x3A, 0xDA, 0x3E, 0xDC, /* 352 ~ 367 */
    0xF3, 0x21, 0x10, 0x34, 0x73, 0x22, 0x00, 0x30, 0xF3, 0x22, 0x40, 0x30, 0x0E, 0xDE, 0x92, 0xC0, /* 368 ~ 383 */
    0x96, 0xC2, 0x97, 0x71, 0x00, 0x00, 0x93, 0x81, 0xA1, 0x1C, 0x03, 0xA2, 0x01, 0x00, 0x63, 0x1C, /* 384 ~ 399 */
    0x02, 0x00, 0x17, 0x73, 0x00, 0x00, 0x13, 0x03, 0x63, 0x1B, 0x23, 0x20, 0x23, 0x00, 0x17, 0x81, /* 400 ~ 415 */
    0x00, 0x00, 0x13, 0x01, 0x21, 0xE6, 0x05, 0x02, 0x23, 0xA0, 0x41, 0x00, 0x73, 0x23, 0x20, 0x34, /* 416 ~ 431 */
    0xB7, 0x03, 0x00, 0x80, 0xFD, 0x13, 0x33, 0x73, 0x73, 0x00, 0x05, 0x03, 0x85, 0x43, 0x33, 0x93, /* 432 ~ 447 */
    0x63, 0x00, 0x7D, 0x13, 0x13, 0x43, 0xF3, 0xFF, 0xB3, 0xF2, 0x62, 0x00, 0x73, 0x90, 0x42, 0x30, /* 448 ~ 463 */
    0x73, 0x60, 0x04, 0x30, 0xEF, 0x50, 0x30, 0x0E, 0x73, 0x70, 0x04, 0x30, 0x97, 0x71, 0x00, 0x00, /* 464 ~ 479 */
    0x93, 0x81, 0x01, 0x17, 0x03, 0xA2, 0x01, 0x00, 0x7D, 0x12, 0x23, 0xA0, 0x41, 0x00, 0x63, 0x18, /* 480 ~ 495 */
    0x02, 0x00, 0x17, 0x73, 0x00, 0x00, 0x13, 0x03, 0x63, 0x15, 0x03, 0x21, 0x03, 0x00, 0x96, 0x42, /* 496 ~ 511 */
    0x06, 0x42, 0xF2, 0x51, 0x73, 0x90, 0x42, 0x30, 0x73, 0x10, 0x02, 0x30, 0x73, 0x90, 0x11, 0x34, /* 512 ~ 527 */
    0xE2, 0x57, 0x52, 0x57, 0xC2, 0x56, 0x32, 0x56, 0xA2, 0x55, 0x12, 0x55, 0x82, 0x54, 0x72, 0x44, /* 528 ~ 543 */
    0xE2, 0x43, 0x52, 0x43, 0xC2, 0x42, 0x32, 0x42, 0xA2, 0x41, 0x82, 0x40, 0x13, 0x01, 0x81, 0x04, /* 544 ~ 559 */
    0x73, 0x00, 0x20, 0x30, 0x13, 0x00, 0x00, 0x00, 0x13, 0x00, 0x00, 0x00, 0x13, 0x00, 0x00, 0x00, /* 560 ~ 575 */
    0x73, 0x90, 0x01, 0x34, 0x97, 0x71, 0x00, 0x00, 0x93, 0x81, 0xC1, 0xF5, 0x83, 0xA1, 0x01, 0x00, /* 576 ~ 591 */
    0x23, 0xA0, 0x11, 0x00, 0x23, 0xA2, 0x21, 0x00, 0x23, 0xA6, 0x41, 0x00, 0x23, 0xA8, 0x51, 0x00, /* 592 ~ 607 */
    0x23, 0xAA, 0x61, 0x00, 0x23, 0xAC, 0x71, 0x00, 0x23, 0xAE, 0x81, 0x00, 0x23, 0xA0, 0x91, 0x02, /* 608 ~ 623 */
    0x23, 0xA2, 0xA1, 0x02, 0x23, 0xA4, 0xB1, 0x02, 0x23, 0xA6, 0xC1, 0x02, 0x23, 0xA8, 0xD1, 0x02, /* 624 ~ 639 */
    0x23, 0xAA, 0xE1, 0x02, 0x23, 0xAC, 0xF1, 0x02, 0x73, 0x22, 0x10, 0x34, 0xF3, 0x22, 0x00, 0x30, /* 640 ~ 655 */
    0x73, 0x23, 0x40, 0x30, 0xF3, 0x23, 0x00, 0x34, 0x73, 0x24, 0x20, 0x34, 0xF3, 0x24, 0x30, 0x34, /* 656 ~ 671 */
    0x23, 0xAE, 0x41, 0x02, 0x23, 0xA0, 0x51, 0x04, 0x23, 0xA2, 0x61, 0x04, 0x23, 0xA4, 0x71, 0x00, /* 672 ~ 687 */
    0x23, 0xA4, 0x81, 0x04, 0x23, 0xA6, 0x91, 0x04, 0x17, 0x73, 0x00, 0x00, 0x13, 0x03, 0x43, 0xEE, /* 688 ~ 703 */
    0x03, 0x21, 0x03, 0x00, 0x6F, 0x50, 0xD0, 0x5C, 0x00, 0x00, 0x00, 0x00, 0x00, 0x00, 0x00, 0x00, /* 704 ~ 719 */
    0x2A, 0x86, 0x01, 0x45, 0x93, 0xF6, 0x15, 0x00, 0x91, 0xC2, 0x32, 0x95, 0x85, 0x81, 0x06, 0x06, /* 720 ~ 735 */
    0xF5, 0xF9, 0x82, 0x80, 0x00, 0x00, 0x00, 0x00, 0x63, 0x4E, 0x05, 0x02, 0x63, 0xC3, 0x05, 0x04, /* 736 ~ 751 */
    0x2E, 0x86, 0xAA, 0x85, 0x7D, 0x55, 0x15, 0xC2, 0x85, 0x46, 0x63, 0x78, 0xB6, 0x00, 0x63, 0x56, /* 752 ~ 767 */
    0xC0, 0x00, 0x06, 0x06, 0x86, 0x06, 0xE3, 0x6C, 0xB6, 0xFE, 0x01, 0x45, 0x63, 0xE4, 0xC5, 0x00, /* 768 ~ 783 */
    0x91, 0x8D, 0x55, 0x8D, 0x85, 0x82, 0x05, 0x82, 0xF5, 0xFA, 0x82, 0x80, 0x86, 0x82, 0xC9, 0x3F, /* 784 ~ 799 */
    0x2E, 0x85, 0x82, 0x82, 0x33, 0x05, 0xA0, 0x40, 0x63, 0x47, 0xB0, 0x00, 0xB3, 0x05, 0xB0, 0x40, /* 800 ~ 815 */
    0xC1, 0xB7, 0xB3, 0x05, 0xB0, 0x40, 0x86, 0x82, 0x65, 0x3F, 0x33, 0x05, 0xA0, 0x40, 0x82, 0x82, /* 816 ~ 831 */
    0x86, 0x82, 0x63, 0xC7, 0x05, 0x00, 0x63, 0x49, 0x05, 0x00, 0x5D, 0x37, 0x2E, 0x85, 0x82, 0x82, /* 832 ~ 847 */
    0xB3, 0x05, 0xB0, 0x40, 0xE3, 0x5B, 0x05, 0xFE, 0x33, 0x05, 0xA0, 0x40, 0x51, 0x3F, 0x33, 0x05, /* 848 ~ 863 */
    0xB0, 0x40, 0x82, 0x82, 0x00, 0x00, 0x3D, 0x43, 0x2A, 0x87, 0x63, 0x73, 0xC3, 0x02, 0x93, 0x77, /* 864 ~ 879 */
    0xF7, 0x00, 0xBD, 0xEF, 0xAD, 0xE5, 0x93, 0x76, 0x06, 0xFF, 0x3D, 0x8A, 0xBA, 0x96, 0x0C, 0xC3, /* 880 ~ 895 */
    0x4C, 0xC3, 0x0C, 0xC7, 0x4C, 0xC7, 0x41, 0x07, 0xE3, 0x6B, 0xD7, 0xFE, 0x11, 0xE2, 0x82, 0x80, /* 896 ~ 911 */
    0xB3, 0x06, 0xC3, 0x40, 0x8A, 0x06, 0x97, 0x02, 0x00, 0x00, 0x96, 0x96, 0x67, 0x80, 0xA6, 0x00, /* 912 ~ 927 */
    0x23, 0x07, 0xB7, 0x00, 0xA3, 0x06, 0xB7, 0x00, 0x23, 0x06, 0xB7, 0x00, 0xA3, 0x05, 0xB7, 0x00, /* 928 ~ 943 */
    0x23, 0x05, 0xB7, 0x00, 0xA3, 0x04, 0xB7, 0x00, 0x23, 0x04, 0xB7, 0x00, 0xA3, 0x03, 0xB7, 0x00, /* 944 ~ 959 */
    0x23, 0x03, 0xB7, 0x00, 0xA3, 0x02, 0xB7, 0x00, 0x23, 0x02, 0xB7, 0x00, 0xA3, 0x01, 0xB7, 0x00, /* 960 ~ 975 */
    0x23, 0x01, 0xB7, 0x00, 0xA3, 0x00, 0xB7, 0x00, 0x23, 0x00, 0xB7, 0x00, 0x82, 0x80, 0x93, 0xF5, /* 976 ~ 991 */
    0xF5, 0x0F, 0x93, 0x96, 0x85, 0x00, 0xD5, 0x8D, 0x93, 0x96, 0x05, 0x01, 0xD5, 0x8D, 0x61, 0xB7, /* 992 ~ 1007 */
    0x93, 0x96, 0x27, 0x00, 0x97, 0x02, 0x00, 0x00, 0x96, 0x96, 0x86, 0x82, 0xE7, 0x80, 0x86, 0xFA, /* 1008 ~ 1023 */
    0x96, 0x80, 0xC1, 0x17, 0x1D, 0x8F, 0x3E, 0x96, 0xE3, 0x74, 0xC3, 0xF8, 0xA5, 0xB7, 0x41, 0x11, /* 1024 ~ 1039 */
    0x22, 0xC4, 0x26, 0xC2, 0x06, 0xC6, 0x97, 0x74, 0x00, 0x00, 0x93, 0x84, 0x24, 0xDE, 0x83, 0xC7, /* 1040 ~ 1055 */
    0x04, 0x00, 0x2A, 0x84, 0x0D, 0xCD, 0x01, 0x45, 0x91, 0xE7, 0x5D, 0x45, 0x23, 0x80, 0x84, 0x00, /* 1056 ~ 1071 */
    0xEF, 0x50, 0x10, 0x1F, 0x2A, 0xC0, 0x83, 0xC7, 0x04, 0x00, 0x22, 0x87, 0x8D, 0x46, 0x17, 0xC6, /* 1072 ~ 1087 */
    0xF9, 0x81, 0x13, 0x06, 0x66, 0xD6, 0x85, 0x45, 0x17, 0x75, 0x00, 0x00, 0x13, 0x05, 0x45, 0xCC, /* 1088 ~ 1103 */
    0xEF, 0x50, 0xF0, 0x62, 0xB2, 0x40, 0x22, 0x44, 0x92, 0x44, 0x41, 0x01, 0x82, 0x80, 0x01, 0x45, /* 1104 ~ 1119 */
    0xF1, 0xDB, 0x5D, 0x45, 0x97, 0x77, 0x00, 0x00, 0x23, 0x8A, 0x07, 0xD8, 0xEF, 0x50, 0x90, 0x1B, /* 1120 ~ 1135 */
    0xD1, 0xB7, 0x05, 0x47, 0x97, 0x76, 0x00, 0x00, 0x23, 0x88, 0xE6, 0xDC, 0x03, 0xC7, 0x05, 0x00, /* 1136 ~ 1151 */
    0xB1, 0x46, 0x41, 0x17, 0x13, 0x77, 0xF7, 0x0F, 0x63, 0xED, 0xE6, 0x18, 0x97, 0x76, 0x00, 0x00, /* 1152 ~ 1167 */
    0x93, 0x86, 0x06, 0x94, 0x0A, 0x07, 0x36, 0x97, 0x18, 0x43, 0x51, 0x11, 0x06, 0xC4, 0x36, 0x97, /* 1168 ~ 1183 */
    0x22, 0xC2, 0x26, 0xC0, 0xAE, 0x87, 0x02, 0x87, 0x84, 0x41, 0x85, 0x46, 0x17, 0xC6, 0xF9, 0x81, /* 1184 ~ 1199 */
    0x13, 0x06, 0x06, 0xCC, 0xA1, 0x80, 0x13, 0xF4, 0xF4, 0x0F, 0x22, 0x87, 0x85, 0x45, 0x17, 0x75, /* 1200 ~ 1215 */
    0x00, 0x00, 0x13, 0x05, 0xE5, 0xC4, 0xEF, 0x50, 0x90, 0x5B, 0x22, 0x85, 0x35, 0x2B, 0x93, 0x07, /* 1216 ~ 1231 */
    0x20, 0x02, 0x63, 0x08, 0xF4, 0x06, 0x63, 0xE6, 0x87, 0x04, 0xCD, 0x47, 0x63, 0xE3, 0x87, 0x02, /* 1232 ~ 1247 */
    0x93, 0xF4, 0xE4, 0x0F, 0x9D, 0xC0, 0x93, 0x07, 0xE4, 0xFF, 0x45, 0x47, 0x63, 0x6F, 0xF7, 0x00, /* 1248 ~ 1263 */
    0x17, 0x77, 0x00, 0x00, 0x13, 0x07, 0x07, 0x91, 0x8A, 0x07, 0xBA, 0x97, 0x9C, 0x43, 0xBA, 0x97, /* 1264 ~ 1279 */
    0x82, 0x87, 0x93, 0x07, 0x10, 0x02, 0x63, 0x0C, 0xF4, 0x06, 0x22, 0x85, 0xEF, 0x00, 0x10, 0x51, /* 1280 ~ 1295 */
    0x97, 0x77, 0x00, 0x00, 0x23, 0xA6, 0x87, 0xCE, 0xA2, 0x40, 0x12, 0x44, 0x82, 0x44, 0x31, 0x01, /* 1296 ~ 1311 */
    0x82, 0x80, 0x93, 0x07, 0x00, 0x08, 0x63, 0x0E, 0xF4, 0x00, 0x63, 0xEE, 0x87, 0x00, 0x93, 0x07, /* 1312 ~ 1327 */
    0x10, 0x04, 0x63, 0x0D, 0xF4, 0x04, 0x93, 0xF4, 0xD4, 0x0F, 0x93, 0x07, 0x00, 0x04, 0xE3, 0x96, /* 1328 ~ 1343 */
    0xF4, 0xFC, 0x05, 0x45, 0x19, 0xA8, 0x93, 0x07, 0x10, 0x08, 0x63, 0x01, 0xF4, 0x04, 0x93, 0x07, /* 1344 ~ 1359 */
    0x30, 0x08, 0xE3, 0x08, 0xF4, 0xFE, 0x55, 0xBF, 0x01, 0x45, 0x55, 0x3D, 0x7D, 0xB7, 0x25, 0x45, /* 1360 ~ 1375 */
    0xEF, 0x20, 0x20, 0x09, 0xEF, 0x20, 0xF0, 0x5E, 0xE9, 0xBF, 0xEF, 0x00, 0x90, 0x46, 0x71, 0xBF, /* 1376 ~ 1391 */
    0x05, 0x45, 0x71, 0x3D, 0xEF, 0x20, 0x80, 0x0A, 0xEF, 0x20, 0x40, 0x79, 0x79, 0xB7, 0x05, 0x45, /* 1392 ~ 1407 */
    0x79, 0x35, 0xEF, 0x20, 0xE0, 0x7F, 0xEF, 0x00, 0x30, 0x12, 0x41, 0xB7, 0x05, 0x45, 0x41, 0x35, /* 1408 ~ 1423 */
    0xDD, 0xBF, 0x12, 0x44, 0x03, 0xA6, 0x35, 0x00, 0xA2, 0x40, 0x82, 0x44, 0x83, 0xC5, 0x25, 0x00, /* 1424 ~ 1439 */
    0x03, 0xC5, 0x17, 0x00, 0x31, 0x01, 0x6F, 0x30, 0x30, 0x38, 0xEF, 0x40, 0x80, 0x06, 0x12, 0x44, /* 1440 ~ 1455 */
    0xA2, 0x40, 0x82, 0x44, 0x31, 0x01, 0x6F, 0x40, 0xB0, 0x26, 0x12, 0x44, 0xA2, 0x40, 0x82, 0x44, /* 1456 ~ 1471 */
    0x03, 0xA5, 0x15, 0x00, 0x31, 0x01, 0x6F, 0x30, 0xB0, 0x48, 0x12, 0x44, 0x03, 0xC6, 0x35, 0x00, /* 1472 ~ 1487 */
    0xA2, 0x40, 0x82, 0x44, 0x83, 0xC5, 0x25, 0x00, 0x03, 0xC5, 0x17, 0x00, 0x31, 0x01, 0x6F, 0x20, /* 1488 ~ 1503 */
    0x50, 0x56, 0x12, 0x44, 0xA2, 0x40, 0x82, 0x44, 0x31, 0x01, 0x6F, 0x00, 0x90, 0x37, 0x03, 0xC7, /* 1504 ~ 1519 */
    0x25, 0x00, 0x81, 0x45, 0x09, 0xC7, 0x03, 0xC5, 0x17, 0x00, 0x69, 0x23, 0xAA, 0x85, 0x01, 0x45, /* 1520 ~ 1535 */
    0x12, 0x44, 0xA2, 0x40, 0x82, 0x44, 0x31, 0x01, 0x6F, 0x20, 0x40, 0x78, 0x83, 0xA5, 0x25, 0x00, /* 1536 ~ 1551 */
    0x03, 0xC5, 0x17, 0x00, 0xF5, 0xB7, 0x12, 0x44, 0xA2, 0x40, 0x82, 0x44, 0x31, 0x01, 0x6F, 0x00, /* 1552 ~ 1567 */
    0xB0, 0x08, 0x82, 0x80, 0x37, 0x05, 0x02, 0x01, 0x0D, 0x05, 0x6F, 0x10, 0x10, 0x60, 0x21, 0x47, /* 1568 ~ 1583 */
    0x63, 0x66, 0xB7, 0x08, 0xAA, 0x87, 0x71, 0x55, 0xC1, 0xC7, 0x21, 0x11, 0x2E, 0x86, 0x48, 0x00, /* 1584 ~ 1599 */
    0xBE, 0x85, 0x06, 0xCA, 0x22, 0xC8, 0xEF, 0x50, 0xB0, 0x72, 0x37, 0x05, 0x01, 0x02, 0x4C, 0x00, /* 1600 ~ 1615 */
    0x0D, 0x05, 0xEF, 0x10, 0x90, 0x5C, 0xF5, 0x57, 0x63, 0x1E, 0xF5, 0x04, 0x85, 0x47, 0x3E, 0xC0, /* 1616 ~ 1631 */
    0x01, 0x44, 0x02, 0x47, 0x85, 0x47, 0x63, 0x1D, 0xF7, 0x02, 0x93, 0x07, 0x80, 0x3E, 0x63, 0x1F, /* 1632 ~ 1647 */
    0xF4, 0x00, 0x13, 0x06, 0xF0, 0x16, 0x97, 0xC5, 0xF9, 0x81, 0x93, 0x85, 0x25, 0xA5, 0x17, 0xC5, /* 1648 ~ 1663 */
    0xF9, 0x81, 0x13, 0x05, 0xE5, 0xA9, 0xEF, 0x50, 0xF0, 0x1B, 0x39, 0xA8, 0x05, 0x04, 0x37, 0x05, /* 1664 ~ 1679 */
    0x01, 0x02, 0x42, 0x04, 0x8A, 0x85, 0x0D, 0x05, 0x41, 0x80, 0xEF, 0x10, 0xF0, 0x45, 0xD1, 0xB7, /* 1680 ~ 1695 */
    0x93, 0x07, 0x80, 0x3E, 0xE3, 0x07, 0xF4, 0xFC, 0x37, 0x05, 0x01, 0x02, 0x4C, 0x00, 0x0D, 0x05, /* 1696 ~ 1711 */
    0xEF, 0x10, 0xB0, 0x56, 0xD2, 0x40, 0x42, 0x44, 0x61, 0x01, 0x82, 0x80, 0x71, 0x55, 0x82, 0x80, /* 1712 ~ 1727 */
    0x82, 0x80, 0x41, 0x11, 0x93, 0x07, 0x40, 0xF8, 0x0A, 0x85, 0x85, 0x45, 0x06, 0xC6, 0x23, 0x00, /* 1728 ~ 1743 */
    0xF1, 0x00, 0xB1, 0x3F, 0xB2, 0x40, 0x41, 0x01, 0x82, 0x80, 0x31, 0x11, 0x23, 0x11, 0xB1, 0x00, /* 1744 ~ 1759 */
    0xC1, 0x81, 0xA3, 0x00, 0xA1, 0x00, 0x23, 0x02, 0xB1, 0x00, 0x93, 0x07, 0x30, 0xF8, 0x0A, 0x85, /* 1760 ~ 1775 */
    0x95, 0x45, 0x06, 0xC8, 0x23, 0x00, 0xF1, 0x00, 0x1D, 0x3F, 0xC2, 0x40, 0x51, 0x01, 0x82, 0x80, /* 1776 ~ 1791 */
    0x41, 0x11, 0x06, 0xC6, 0x22, 0xC4, 0xEF, 0x00, 0x90, 0x63, 0x81, 0x46, 0x17, 0xC6, 0xF9, 0x81, /* 1792 ~ 1807 */
    0x13, 0x06, 0x46, 0xB0, 0x85, 0x45, 0x17, 0x75, 0x00, 0x00, 0x13, 0x05, 0x65, 0x9F, 0xEF, 0x50, /* 1808 ~ 1823 */
    0x10, 0x36, 0xEF, 0x00, 0x10, 0x2B, 0xFD, 0x3D, 0x05, 0x45, 0xD5, 0x31, 0x17, 0x74, 0x00, 0x00, /* 1824 ~ 1839 */
    0x13, 0x04, 0x04, 0xB6, 0xEF, 0x40, 0x80, 0x7F, 0x1C, 0x40, 0x93, 0xF7, 0x07, 0x02, 0x91, 0xE3, /* 1840 ~ 1855 */
    0xFD, 0x24, 0xEF, 0x00, 0x30, 0x21, 0xEF, 0x20, 0xA0, 0x5D, 0x0A, 0x85, 0xEF, 0x50, 0x40, 0x3B, /* 1856 ~ 1871 */
    0xEF, 0x50, 0x80, 0x6D, 0x02, 0x45, 0xEF, 0x50, 0x20, 0x3B, 0xE9, 0xBF, 0x41, 0x11, 0x22, 0xC4, /* 1872 ~ 1887 */
    0x26, 0xC2, 0x2E, 0x84, 0xAA, 0x84, 0x93, 0x05, 0x21, 0x00, 0x0A, 0x85, 0x06, 0xC6, 0x23, 0x10, /* 1888 ~ 1903 */
    0x01, 0x00, 0x23, 0x11, 0x01, 0x00, 0xEF, 0x50, 0xE0, 0x60, 0x23, 0xA0, 0x04, 0x00, 0x23, 0x20, /* 1904 ~ 1919 */
    0x04, 0x00, 0x11, 0xE9, 0x03, 0x17, 0x01, 0x00, 0x83, 0x17, 0x21, 0x00, 0xB3, 0x66, 0xF7, 0x00, /* 1920 ~ 1935 */
    0x99, 0xC2, 0x98, 0xC0, 0x1C, 0xC0, 0xB2, 0x40, 0x22, 0x44, 0x92, 0x44, 0x41, 0x01, 0x82, 0x80, /* 1936 ~ 1951 */
    0x01, 0x45, 0x82, 0x80, 0x21, 0x11, 0x2C, 0x00, 0x48, 0x00, 0x06, 0xCA, 0x22, 0xC8, 0x26, 0xC6, /* 1952 ~ 1967 */
    0x97, 0x77, 0x00, 0x00, 0x23, 0xAC, 0x07, 0xA4, 0xEF, 0x40, 0x70, 0x27, 0x97, 0x77, 0x00, 0x00, /* 1968 ~ 1983 */
    0x83, 0xC7, 0x87, 0xA5, 0x3E, 0xC0, 0xB1, 0x29, 0x12, 0x45, 0x22, 0x43, 0x17, 0x74, 0x00, 0x00, /* 1984 ~ 1999 */
    0x13, 0x04, 0xC4, 0xA3, 0x18, 0x40, 0x13, 0x45, 0xF5, 0xFF, 0x13, 0x43, 0xF3, 0xFF, 0x97, 0x73, /* 2000 ~ 2015 */
    0x00, 0x00, 0x83, 0xA3, 0xE3, 0xA2, 0x97, 0x72, 0x00, 0x00, 0x93, 0x82, 0x62, 0xB7, 0x81, 0x45, /* 2016 ~ 2031 */
    0x81, 0x46, 0xFD, 0x40, 0x93, 0x04, 0xF0, 0x02, 0x05, 0x46, 0x63, 0x91, 0xD3, 0x02, 0x91, 0xC1, /* 2032 ~ 2047 */
    0x18, 0xC0, 0x0C, 0x40, 0x02, 0x45, 0x17, 0x76, 0x00, 0x00, 0x03, 0x26, 0xA6, 0x9F, 0xB5, 0x23, /* 2048 ~ 2063 */
    0xD2, 0x40, 0x08, 0xC0, 0x42, 0x44, 0xB2, 0x44, 0x61, 0x01, 0x82, 0x80, 0x83, 0xA7, 0x02, 0x00, /* 2064 ~ 2079 */
    0x63, 0xED, 0xF0, 0x00, 0xB3, 0x17, 0xF6, 0x00, 0xE9, 0x8F, 0x89, 0xC7, 0xB3, 0x17, 0xD6, 0x00, /* 2080 ~ 2095 */
    0x5D, 0x8F, 0x85, 0x45, 0x85, 0x06, 0x91, 0x02, 0xC9, 0xB7, 0xE3, 0xED, 0xF4, 0xFE, 0x81, 0x17, /* 2096 ~ 2111 */
    0xB3, 0x17, 0xF6, 0x00, 0xB3, 0xF7, 0x67, 0x00, 0xCD, 0xB7, 0x0A, 0x06, 0x97, 0x77, 0x00, 0x00, /* 2112 ~ 2127 */
    0x93, 0x87, 0x07, 0xB1, 0xB2, 0x97, 0x98, 0x43, 0xFD, 0x47, 0x63, 0xEB, 0xE7, 0x00, 0x85, 0x47, /* 2128 ~ 2143 */
    0xB3, 0x97, 0xE7, 0x00, 0x18, 0x41, 0x99, 0xEE, 0x93, 0xC7, 0xF7, 0xFF, 0xF9, 0x8F, 0x21, 0xA8, /* 2144 ~ 2159 */
    0x01, 0x17, 0x85, 0x47, 0xB3, 0x97, 0xE7, 0x00, 0x98, 0x41, 0x81, 0xEA, 0x93, 0xC7, 0xF7, 0xFF, /* 2160 ~ 2175 */
    0xF9, 0x8F, 0x29, 0xA0, 0xD9, 0x8F, 0x1C, 0xC1, 0x82, 0x80, 0xD9, 0x8F, 0x9C, 0xC1, 0x82, 0x80, /* 2176 ~ 2191 */
    0x11, 0x11, 0x6C, 0x00, 0x28, 0x00, 0x06, 0xCC, 0x22, 0xCA, 0xEF, 0x40, 0x50, 0x19, 0xA2, 0x47, /* 2192 ~ 2207 */
    0x17, 0x74, 0x00, 0x00, 0x03, 0x24, 0x84, 0x96, 0x93, 0x76, 0x14, 0x00, 0x93, 0xC7, 0xF7, 0xFF, /* 2208 ~ 2223 */
    0x3E, 0xC0, 0xB2, 0x47, 0x01, 0x46, 0x4C, 0x00, 0x93, 0xC7, 0xF7, 0xFF, 0x0A, 0x85, 0x3E, 0xC2, /* 2224 ~ 2239 */
    0x69, 0x37, 0x93, 0x56, 0x14, 0x00, 0x85, 0x8A, 0x05, 0x46, 0x4C, 0x00, 0x0A, 0x85, 0xB5, 0x3F, /* 2240 ~ 2255 */
    0x97, 0x77, 0x00, 0x00, 0x93, 0x87, 0x47, 0xAB, 0xD4, 0x43, 0x02, 0x46, 0x92, 0x45, 0x9C, 0x43, /* 2256 ~ 2271 */
    0x01, 0x45, 0x63, 0x98, 0xA6, 0x00, 0x13, 0x05, 0xF0, 0x0F, 0xE2, 0x40, 0x52, 0x44, 0x71, 0x01, /* 2272 ~ 2287 */
    0x82, 0x80, 0x98, 0x43, 0x33, 0x73, 0xE6, 0x00, 0x63, 0x17, 0xE3, 0x00, 0xD8, 0x43, 0x33, 0xF3, /* 2288 ~ 2303 */
    0xE5, 0x00, 0xE3, 0x04, 0xE3, 0xFE, 0x05, 0x05, 0xA1, 0x07, 0xE1, 0xBF, 0x51, 0x11, 0x97, 0x75, /* 2304 ~ 2319 */
    0x00, 0x00, 0x93, 0x85, 0xE5, 0xA9, 0x05, 0x45, 0x06, 0xC4, 0xEF, 0x40, 0xD0, 0x19, 0xA2, 0x40, /* 2320 ~ 2335 */
    0x31, 0x01, 0xE1, 0xA4, 0x51, 0x11, 0x22, 0xC2, 0x2A, 0x84, 0x51, 0x45, 0x06, 0xC4, 0x51, 0x24, /* 2336 ~ 2351 */
    0x97, 0x77, 0x00, 0x00, 0x23, 0xAE, 0xA7, 0xA6, 0xB5, 0x35, 0x08, 0xC0, 0xA2, 0x40, 0x12, 0x44, /* 2352 ~ 2367 */
    0x01, 0x45, 0x31, 0x01, 0x82, 0x80, 0x51, 0x11, 0x01, 0x45, 0x06, 0xC4, 0x79, 0x21, 0xA2, 0x40, /* 2368 ~ 2383 */
    0x97, 0x77, 0x00, 0x00, 0x83, 0xA7, 0x87, 0x8B, 0x17, 0x77, 0x00, 0x00, 0x23, 0x24, 0xF7, 0x8A, /* 2384 ~ 2399 */
    0x31, 0x01, 0x82, 0x80, 0x17, 0x76, 0x00, 0x00, 0x13, 0x06, 0x86, 0xA2, 0x97, 0x75, 0x00, 0x00, /* 2400 ~ 2415 */
    0x93, 0x85, 0xC5, 0xA1, 0x17, 0x75, 0x00, 0x00, 0x13, 0x05, 0x05, 0xA1, 0x6F, 0x10, 0xD0, 0x4A, /* 2416 ~ 2431 */
    0x13, 0x01, 0x81, 0xFD, 0x22, 0xD0, 0x26, 0xCE, 0x06, 0xD2, 0x17, 0x66, 0x00, 0x00, 0x03, 0x26, /* 2432 ~ 2447 */
    0x26, 0x7E, 0x83, 0x46, 0x86, 0x03, 0x97, 0x74, 0x00, 0x00, 0x93, 0x84, 0x64, 0x87, 0x17, 0x77, /* 2448 ~ 2463 */
    0x00, 0x00, 0x13, 0x07, 0xE7, 0x9B, 0x94, 0xC0, 0x81, 0x47, 0x3A, 0x84, 0x63, 0xE6, 0xD7, 0x04, /* 2464 ~ 2479 */
    0x55, 0x3F, 0x5C, 0x4C, 0x17, 0x65, 0x00, 0x00, 0x13, 0x05, 0x85, 0x75, 0xA9, 0x46, 0x3E, 0xCC, /* 2480 ~ 2495 */
    0x1C, 0x4C, 0x17, 0xC6, 0xF9, 0x81, 0x13, 0x06, 0x26, 0x93, 0x85, 0x45, 0x3E, 0xCA, 0x5C, 0x48, /* 2496 ~ 2511 */
    0x3E, 0xC8, 0x1C, 0x48, 0x3E, 0xC6, 0x5C, 0x44, 0x3E, 0xC4, 0x1C, 0x44, 0x3E, 0xC2, 0x5C, 0x40, /* 2512 ~ 2527 */
    0x3E, 0xC0, 0x1C, 0x40, 0x98, 0x40, 0xEF, 0x50, 0x90, 0x09, 0x92, 0x50, 0x02, 0x54, 0xF2, 0x44, /* 2528 ~ 2543 */
    0x01, 0x45, 0x13, 0x01, 0x81, 0x02, 0x82, 0x80, 0xB3, 0x05, 0xF6, 0x00, 0x83, 0xC5, 0xE5, 0x02, /* 2544 ~ 2559 */
    0x85, 0x07, 0x0C, 0xC3, 0x11, 0x07, 0x5D, 0xB7, 0x97, 0x77, 0x00, 0x00, 0x23, 0xA4, 0xA7, 0x98, /* 2560 ~ 2575 */
    0x82, 0x80, 0x97, 0x67, 0x00, 0x00, 0x83, 0xA7, 0x67, 0x7F, 0x01, 0x45, 0x81, 0xCB, 0x17, 0x65, /* 2576 ~ 2591 */
    0x00, 0x00, 0x03, 0x25, 0x25, 0x7E, 0x1D, 0x8D, 0x33, 0x35, 0xA0, 0x00, 0x82, 0x80, 0x31, 0x11, /* 2592 ~ 2607 */
    0x22, 0xC6, 0x17, 0x74, 0x00, 0x00, 0x13, 0x04, 0x24, 0x95, 0x5C, 0x44, 0x06, 0xC8, 0x26, 0xC4, /* 2608 ~ 2623 */
    0x13, 0xF7, 0x07, 0x0E, 0x31, 0xCB, 0x85, 0x8B, 0xA1, 0xCB, 0x02, 0xC0, 0x02, 0xC2, 0x89, 0x35, /* 2624 ~ 2639 */
    0x17, 0x67, 0x00, 0x00, 0x23, 0x28, 0xA7, 0x70, 0x97, 0x64, 0x00, 0x00, 0x93, 0x84, 0x84, 0x7B, /* 2640 ~ 2655 */
    0x98, 0x40, 0x1D, 0xC7, 0x0D, 0xE1, 0x8A, 0x85, 0xEF, 0x40, 0xF0, 0x04, 0x82, 0x45, 0x88, 0x40, /* 2656 ~ 2671 */
    0x50, 0x00, 0xEF, 0x40, 0x50, 0x0C, 0x1C, 0x44, 0x12, 0x47, 0xBE, 0x07, 0x63, 0x6E, 0xF7, 0x00, /* 2672 ~ 2687 */
    0x25, 0x45, 0xEF, 0x10, 0xB0, 0x35, 0x97, 0x67, 0x00, 0x00, 0x23, 0xA5, 0x07, 0x78, 0x29, 0xA0, /* 2688 ~ 2703 */
    0x7D, 0xF9, 0xA6, 0x85, 0xEF, 0x40, 0x30, 0x02, 0xC2, 0x40, 0x32, 0x44, 0xA2, 0x44, 0x51, 0x01, /* 2704 ~ 2719 */
    0x82, 0x80, 0x2D, 0xAE, 0x82, 0x80, 0x01, 0x11, 0x22, 0xCC, 0x26, 0xCA, 0x06, 0xCE, 0x17, 0x64, /* 2720 ~ 2735 */
    0x00, 0x00, 0x13, 0x04, 0x64, 0x75, 0x61, 0x2E, 0x97, 0x64, 0x00, 0x00, 0x93, 0x84, 0x04, 0x75, /* 2736 ~ 2751 */
    0x18, 0x40, 0x9C, 0x40, 0x63, 0x06, 0xF7, 0x04, 0x97, 0x65, 0x00, 0x00, 0x83, 0xA5, 0x45, 0x6A, /* 2752 ~ 2767 */
    0xAC, 0x45, 0x17, 0x76, 0x00, 0x00, 0x13, 0x06, 0x26, 0x8B, 0x14, 0x42, 0x2E, 0xC8, 0x97, 0x65, /* 2768 ~ 2783 */
    0x00, 0x00, 0x83, 0xA5, 0x25, 0x68, 0x2E, 0xC6, 0x50, 0x42, 0x85, 0x45, 0x17, 0x65, 0x00, 0x00, /* 2784 ~ 2799 */
    0x13, 0x05, 0x05, 0x62, 0x32, 0xC4, 0xD0, 0x42, 0x32, 0xC2, 0x94, 0x42, 0x17, 0xB6, 0xF9, 0x81, /* 2800 ~ 2815 */
    0x13, 0x06, 0xC6, 0x75, 0x36, 0xC0, 0x9D, 0x46, 0xEF, 0x50, 0x60, 0x77, 0x9C, 0x40, 0x1C, 0xC0, /* 2816 ~ 2831 */
    0xF2, 0x40, 0x62, 0x44, 0xD2, 0x44, 0x05, 0x61, 0x82, 0x80, 0x31, 0x11, 0x93, 0x07, 0x60, 0xF8, /* 2832 ~ 2847 */
    0x23, 0x00, 0xF1, 0x00, 0x93, 0x57, 0x85, 0x00, 0xA3, 0x00, 0xA1, 0x00, 0x23, 0x01, 0xF1, 0x00, /* 2848 ~ 2863 */
    0x93, 0x57, 0x05, 0x01, 0x61, 0x81, 0x23, 0x02, 0xA1, 0x00, 0x95, 0x45, 0x0A, 0x85, 0x06, 0xC8, /* 2864 ~ 2879 */
    0xA3, 0x01, 0xF1, 0x00, 0xED, 0x34, 0xC2, 0x40, 0x51, 0x01, 0x82, 0x80, 0x51, 0x11, 0x22, 0xC2, /* 2880 ~ 2895 */
    0x2A, 0x84, 0x0D, 0x45, 0x26, 0xC0, 0x06, 0xC4, 0xEF, 0x00, 0x60, 0x73, 0x97, 0x64, 0x00, 0x00, /* 2896 ~ 2911 */
    0x93, 0x84, 0x44, 0x6A, 0x11, 0xE9, 0x9C, 0x40, 0x63, 0x88, 0x87, 0x00, 0x22, 0x85, 0x75, 0x37, /* 2912 ~ 2927 */
    0xA2, 0x85, 0x01, 0x45, 0xEF, 0x20, 0x80, 0x21, 0x80, 0xC0, 0xA2, 0x40, 0x12, 0x44, 0x82, 0x44, /* 2928 ~ 2943 */
    0x31, 0x01, 0x82, 0x80, 0x17, 0x67, 0x00, 0x00, 0x13, 0x07, 0x87, 0x7D, 0x97, 0x66, 0x00, 0x00, /* 2944 ~ 2959 */
    0x83, 0xA6, 0x06, 0x68, 0x81, 0x47, 0x63, 0x94, 0xD7, 0x00, 0x01, 0x45, 0x82, 0x80, 0x10, 0x43, /* 2960 ~ 2975 */
    0x11, 0x07, 0x63, 0x04, 0xA6, 0x00, 0x85, 0x07, 0xFD, 0xB7, 0x05, 0x45, 0x33, 0x15, 0xF5, 0x00, /* 2976 ~ 2991 */
    0x82, 0x80, 0x31, 0x11, 0x26, 0xC4, 0xB7, 0x04, 0x15, 0x42, 0x22, 0xC6, 0x06, 0xC8, 0x2A, 0x84, /* 2992 ~ 3007 */
    0x93, 0x84, 0x04, 0x20, 0x8C, 0x4C, 0x50, 0x00, 0x17, 0x65, 0x00, 0x00, 0x03, 0x25, 0xC5, 0x7C, /* 3008 ~ 3023 */
    0x2E, 0xC0, 0xEF, 0x40, 0x40, 0x76, 0x92, 0x47, 0x82, 0x45, 0xE3, 0xE5, 0x87, 0xFE, 0xC2, 0x40, /* 3024 ~ 3039 */
    0x32, 0x44, 0xA2, 0x44, 0x2E, 0x85, 0x51, 0x01, 0x82, 0x80, 0x51, 0x11, 0x22, 0xC2, 0x17, 0x64, /* 3040 ~ 3055 */
    0x00, 0x00, 0x13, 0x04, 0x64, 0x7A, 0x0C, 0x44, 0x48, 0x40, 0x06, 0xC4, 0x93, 0xB5, 0x15, 0x00, /* 3056 ~ 3071 */
    0xEF, 0x40, 0x00, 0x68, 0x85, 0x47, 0x17, 0x67, 0x00, 0x00, 0x23, 0x07, 0xF7, 0x60, 0xB7, 0x07, /* 3072 ~ 3087 */
    0x15, 0x42, 0x93, 0x87, 0x07, 0x20, 0x9C, 0x4F, 0xA2, 0x40, 0x1C, 0xC0, 0x12, 0x44, 0x31, 0x01, /* 3088 ~ 3103 */
    0x82, 0x80, 0x97, 0x67, 0x00, 0x00, 0x93, 0x87, 0x27, 0x77, 0x8C, 0x47, 0xC8, 0x43, 0x51, 0x11, /* 3104 ~ 3119 */
    0x06, 0xC4, 0xEF, 0x40, 0xE0, 0x64, 0xA2, 0x40, 0x97, 0x67, 0x00, 0x00, 0x23, 0x8E, 0x07, 0x5C, /* 3120 ~ 3135 */
    0x31, 0x01, 0x82, 0x80, 0x41, 0x11, 0x06, 0xC6, 0x22, 0xC4, 0x45, 0x37, 0x17, 0x64, 0x00, 0x00, /* 3136 ~ 3151 */
    0x13, 0x04, 0x84, 0x74, 0x48, 0x44, 0xEF, 0x40, 0x30, 0x0C, 0x17, 0x67, 0x00, 0x00, 0x03, 0x27, /* 3152 ~ 3167 */
    0xE7, 0x75, 0x99, 0x47, 0x48, 0x44, 0x93, 0x05, 0xD0, 0x07, 0x63, 0xE5, 0xE7, 0x00, 0x99, 0x8F, /* 3168 ~ 3183 */
    0xB3, 0x95, 0xF5, 0x00, 0x81, 0x46, 0x17, 0x06, 0x00, 0x00, 0x13, 0x06, 0xE6, 0xFC, 0xEF, 0x40, /* 3184 ~ 3199 */
    0x70, 0x09, 0xB7, 0x07, 0x15, 0x42, 0x93, 0x87, 0x07, 0x20, 0x8C, 0x4F, 0x08, 0x40, 0x0A, 0x86, /* 3200 ~ 3215 */
    0xEF, 0x40, 0x60, 0x6A, 0x82, 0x47, 0x4D, 0x47, 0x63, 0x66, 0xF7, 0x00, 0x51, 0x45, 0x1D, 0x8D, /* 3216 ~ 3231 */
    0xEF, 0x40, 0x40, 0x6A, 0x01, 0x36, 0x5D, 0x35, 0xAD, 0x3F, 0xB2, 0x40, 0x22, 0x44, 0x41, 0x01, /* 3232 ~ 3247 */
    0x82, 0x80, 0x51, 0x11, 0x22, 0xC2, 0x17, 0x64, 0x00, 0x00, 0x13, 0x04, 0xE4, 0x6D, 0x5C, 0x44, /* 3248 ~ 3263 */
    0x06, 0xC4, 0x99, 0xE7, 0x17, 0x65, 0x00, 0x00, 0x13, 0x05, 0xC5, 0x6D, 0xEF, 0x40, 0xA0, 0x6B, /* 3264 ~ 3279 */
    0x58, 0x40, 0x85, 0x46, 0x17, 0xB6, 0xF9, 0x81, 0x13, 0x06, 0x06, 0x6F, 0x85, 0x45, 0x17, 0x65, /* 3280 ~ 3295 */
    0x00, 0x00, 0x13, 0x05, 0xE5, 0x42, 0xEF, 0x50, 0x80, 0x59, 0x97, 0x67, 0x00, 0x00, 0x83, 0xA7, /* 3296 ~ 3311 */
    0x27, 0x48, 0x03, 0xC7, 0x47, 0x01, 0x83, 0xC7, 0x57, 0x01, 0xA2, 0x40, 0x58, 0xC0, 0x85, 0x8B, /* 3312 ~ 3327 */
    0x1C, 0xC4, 0x12, 0x44, 0x31, 0x01, 0x82, 0x80, 0x51, 0x11, 0x17, 0x65, 0x00, 0x00, 0x13, 0x05, /* 3328 ~ 3343 */
    0x25, 0x40, 0x81, 0x46, 0x17, 0xB6, 0xF9, 0x81, 0x13, 0x06, 0xC6, 0x64, 0x85, 0x45, 0x06, 0xC4, /* 3344 ~ 3359 */
    0x22, 0xC2, 0xEF, 0x50, 0xC0, 0x55, 0x17, 0x64, 0x00, 0x00, 0x13, 0x04, 0xE4, 0x66, 0xD5, 0x3D, /* 3360 ~ 3375 */
    0x48, 0x44, 0x11, 0xC9, 0xEF, 0x40, 0x40, 0x7E, 0x48, 0x44, 0xEF, 0x40, 0x80, 0x76, 0x97, 0x67, /* 3376 ~ 3391 */
    0x00, 0x00, 0x23, 0xA1, 0x07, 0x66, 0xA2, 0x40, 0x12, 0x44, 0x31, 0x01, 0x82, 0x80, 0x17, 0x67, /* 3392 ~ 3407 */
    0x00, 0x00, 0x13, 0x07, 0xA7, 0x65, 0x50, 0x4B, 0xC9, 0x46, 0x8D, 0x47, 0x63, 0x0A, 0xD6, 0x00, /* 3408 ~ 3423 */
    0x18, 0x4B, 0x97, 0x67, 0x00, 0x00, 0x93, 0x87, 0xA7, 0x00, 0xBA, 0x97, 0x83, 0xC7, 0x07, 0x00, /* 3424 ~ 3439 */
    0x17, 0x67, 0x00, 0x00, 0x23, 0x2A, 0xF7, 0x62, 0x82, 0x80, 0x51, 0x11, 0x22, 0xC2, 0x26, 0xC0, /* 3440 ~ 3455 */
    0x06, 0xC4, 0x2E, 0x84, 0xB2, 0x84, 0x11, 0xE5, 0x13, 0xF4, 0xC5, 0xFF, 0x93, 0x77, 0x36, 0x00, /* 3456 ~ 3471 */
    0x5D, 0x8C, 0xEF, 0x50, 0x00, 0x08, 0x97, 0x67, 0x00, 0x00, 0x93, 0x87, 0xE7, 0x5F, 0x98, 0x4B, /* 3472 ~ 3487 */
    0x1D, 0xC5, 0x11, 0xE7, 0x6D, 0x37, 0x97, 0x67, 0x00, 0x00, 0x93, 0x87, 0xE7, 0x5E, 0x33, 0x47, /* 3488 ~ 3503 */
    0x94, 0x00, 0x0D, 0x8B, 0x11, 0xC7, 0x98, 0x4B, 0x7D, 0x17, 0x98, 0xCB, 0x63, 0x4D, 0xE0, 0x00, /* 3504 ~ 3519 */
    0x79, 0x37, 0xA2, 0x40, 0x22, 0x85, 0x12, 0x44, 0x82, 0x44, 0x31, 0x01, 0x82, 0x80, 0xE3, 0x5A, /* 3520 ~ 3535 */
    0xE0, 0xFE, 0x7D, 0x17, 0x98, 0xCB, 0x26, 0x84, 0xED, 0xB7, 0x82, 0x80, 0xCD, 0x47, 0x63, 0xEC, /* 3536 ~ 3551 */
    0xA7, 0x00, 0xBD, 0x47, 0x63, 0xED, 0xA7, 0x04, 0x8D, 0x47, 0x63, 0x09, 0xF5, 0x04, 0xA9, 0x47, /* 3552 ~ 3567 */
    0x63, 0x05, 0xF5, 0x04, 0x82, 0x80, 0x93, 0x07, 0xB0, 0x04, 0x63, 0x02, 0xF5, 0x04, 0x63, 0xE0, /* 3568 ~ 3583 */
    0xA7, 0x02, 0x93, 0x07, 0x10, 0x02, 0x63, 0xE6, 0xA7, 0x00, 0xFD, 0x47, 0x63, 0xEB, 0xA7, 0x02, /* 3584 ~ 3599 */
    0x82, 0x80, 0x13, 0x05, 0x05, 0xFC, 0x85, 0x47, 0x63, 0xF5, 0xA7, 0x02, 0x82, 0x80, 0x93, 0x07, /* 3600 ~ 3615 */
    0x10, 0x08, 0x63, 0xE7, 0xA7, 0x00, 0x93, 0x07, 0xF0, 0x07, 0x63, 0xEC, 0xA7, 0x00, 0x82, 0x80, /* 3616 ~ 3631 */
    0x93, 0x07, 0xB0, 0x08, 0x63, 0x05, 0xF5, 0x00, 0x82, 0x80, 0xA5, 0xBD, 0xF1, 0xB5, 0x01, 0x45, /* 3632 ~ 3647 */
    0x11, 0xB5, 0x17, 0x65, 0x00, 0x00, 0x03, 0x25, 0xE5, 0x55, 0x6F, 0x40, 0xE0, 0x6C, 0x82, 0x80, /* 3648 ~ 3663 */
    0x41, 0x11, 0x93, 0x07, 0x10, 0xF8, 0x0A, 0x85, 0x89, 0x45, 0x06, 0xC6, 0x23, 0x00, 0xF1, 0x00, /* 3664 ~ 3679 */
    0xEF, 0xF0, 0xEF, 0xFC, 0xB2, 0x40, 0x89, 0x47, 0x17, 0x67, 0x00, 0x00, 0x23, 0x2A, 0xF7, 0x3A, /* 3680 ~ 3695 */
    0x41, 0x01, 0x82, 0x80, 0x51, 0x11, 0x22, 0xC2, 0x06, 0xC4, 0xEF, 0x30, 0x00, 0x3E, 0x2A, 0x84, /* 3696 ~ 3711 */
    0x49, 0x3E, 0x01, 0xCD, 0x11, 0xCC, 0x01, 0x46, 0x81, 0x45, 0x01, 0x45, 0xEF, 0x30, 0xC0, 0x29, /* 3712 ~ 3727 */
    0x12, 0x44, 0xA2, 0x40, 0x31, 0x01, 0x6F, 0xF0, 0xDF, 0x82, 0x89, 0x47, 0xE3, 0x05, 0xF4, 0xFE, /* 3728 ~ 3743 */
    0xA2, 0x40, 0x12, 0x44, 0x31, 0x01, 0x82, 0x80, 0x97, 0x67, 0x00, 0x00, 0x23, 0xAA, 0x07, 0x36, /* 3744 ~ 3759 */
    0x82, 0x80, 0x97, 0x67, 0x00, 0x00, 0x83, 0xA7, 0xA7, 0x2B, 0xDC, 0x43, 0x17, 0x67, 0x00, 0x00, /* 3760 ~ 3775 */
    0x23, 0x24, 0xF7, 0x2A, 0x82, 0x80, 0x41, 0x11, 0x93, 0x07, 0x20, 0xF8, 0x0A, 0x85, 0x89, 0x45, /* 3776 ~ 3791 */
    0x06, 0xC6, 0x23, 0x00, 0xF1, 0x00, 0xEF, 0xF0, 0x8F, 0xF5, 0xB2, 0x40, 0x89, 0x47, 0x17, 0x67, /* 3792 ~ 3807 */
    0x00, 0x00, 0x23, 0x2D, 0xF7, 0x32, 0x41, 0x01, 0x82, 0x80, 0x51, 0x11, 0x22, 0xC2, 0x06, 0xC4, /* 3808 ~ 3823 */
    0x17, 0x64, 0x00, 0x00, 0x13, 0x04, 0x84, 0x32, 0xEF, 0x10, 0x90, 0x04, 0x1C, 0x40, 0x81, 0xCB, /* 3824 ~ 3839 */
    0x05, 0x47, 0x63, 0x89, 0xE7, 0x00, 0xA2, 0x40, 0x12, 0x44, 0x31, 0x01, 0x82, 0x80, 0x85, 0x47, /* 3840 ~ 3855 */
    0x1C, 0xC0, 0xD5, 0xBF, 0x93, 0x77, 0xC5, 0x05, 0x13, 0x07, 0xC0, 0x05, 0x63, 0x9E, 0xE7, 0x00, /* 3856 ~ 3871 */
    0x97, 0x67, 0x00, 0x00, 0x83, 0xA7, 0x07, 0x31, 0x03, 0xD7, 0xC7, 0x00, 0xA9, 0x47, 0xE3, 0x1C, /* 3872 ~ 3887 */
    0xF7, 0xFC, 0x51, 0x3F, 0x89, 0x47, 0xE9, 0xBF, 0x13, 0x75, 0x05, 0x09, 0x93, 0x07, 0x00, 0x09, /* 3888 ~ 3903 */
    0xE3, 0x13, 0xF5, 0xFC, 0xEF, 0x10, 0x70, 0x00, 0x5D, 0xFD, 0xE5, 0xB7, 0x51, 0x11, 0x06, 0xC4, /* 3904 ~ 3919 */
    0x22, 0xC2, 0x26, 0xC0, 0x1D, 0xE9, 0x17, 0x67, 0x00, 0x00, 0x03, 0x27, 0x67, 0x2C, 0x85, 0x47, /* 3920 ~ 3935 */
    0x63, 0x18, 0xF7, 0x00, 0x17, 0x65, 0x00, 0x00, 0x03, 0x25, 0x05, 0x2C, 0xEF, 0x40, 0x40, 0x5A, /* 3936 ~ 3951 */
    0x97, 0x67, 0x00, 0x00, 0x23, 0xA8, 0x07, 0x2A, 0x97, 0x67, 0x00, 0x00, 0x23, 0xA2, 0x07, 0x2A, /* 3952 ~ 3967 */
    0xA2, 0x40, 0x12, 0x44, 0x82, 0x44, 0x31, 0x01, 0x82, 0x80, 0x17, 0x67, 0x00, 0x00, 0x13, 0x07, /* 3968 ~ 3983 */
    0x67, 0x29, 0x1C, 0x43, 0x93, 0x06, 0xF0, 0x04, 0x63, 0xE5, 0xF6, 0x00, 0x85, 0x07, 0x1C, 0xC3, /* 3984 ~ 3999 */
    0xC5, 0xB7, 0x97, 0x67, 0x00, 0x00, 0x93, 0x87, 0xA7, 0x27, 0x98, 0x43, 0x71, 0xFB, 0x97, 0x64, /* 4000 ~ 4015 */
    0x00, 0x00, 0x93, 0x84, 0x64, 0x1B, 0x98, 0x40, 0x61, 0xD7, 0x17, 0x64, 0x00, 0x00, 0x13, 0x04, /* 4016 ~ 4031 */
    0xA4, 0x26, 0x08, 0x40, 0x05, 0x47, 0x98, 0xC3, 0xEF, 0x40, 0x80, 0x54, 0x08, 0x40, 0x12, 0x44, /* 4032 ~ 4047 */
    0x8C, 0x40, 0xA2, 0x40, 0x82, 0x44, 0x81, 0x46, 0x17, 0x06, 0x00, 0x00, 0x13, 0x06, 0x86, 0xE7, /* 4048 ~ 4063 */
    0x31, 0x01, 0x6F, 0x40, 0xA0, 0x52, 0x97, 0x67, 0x00, 0x00, 0x83, 0xA7, 0x67, 0x3D, 0x93, 0xF6, /* 4064 ~ 4079 */
    0xF7, 0xFB, 0x29, 0x47, 0x05, 0x45, 0x63, 0x8E, 0xE6, 0x00, 0x13, 0xF7, 0x07, 0x01, 0x11, 0xEB, /* 4080 ~ 4095 */
    0x13, 0x87, 0x07, 0xFC, 0x13, 0x77, 0xE7, 0xFB, 0x09, 0xC7, 0x93, 0x87, 0x67, 0xF7, 0x13, 0xB5, /* 4096 ~ 4111 */
    0x17, 0x00, 0x82, 0x80, 0x41, 0x11, 0x06, 0xC6, 0x7D, 0x2E, 0xEF, 0x10, 0xA0, 0x73, 0x3D, 0x37, /* 4112 ~ 4127 */
    0x91, 0x3D, 0xEF, 0x30, 0x90, 0x79, 0x8D, 0x47, 0x63, 0x07, 0xF5, 0x04, 0x63, 0xE3, 0xA7, 0x02, /* 4128 ~ 4143 */
    0x85, 0x47, 0x63, 0x06, 0xF5, 0x02, 0x89, 0x47, 0x63, 0x0A, 0xF5, 0x02, 0x0A, 0x85, 0xEF, 0x30, /* 4144 ~ 4159 */
    0xF0, 0x7A, 0x19, 0xC1, 0x02, 0x45, 0xD1, 0x3C, 0xEF, 0xF0, 0xFF, 0x8F, 0xB2, 0x40, 0x41, 0x01, /* 4160 ~ 4175 */
    0x82, 0x80, 0x9D, 0x47, 0xE3, 0x14, 0xF5, 0xFE, 0x81, 0x45, 0x29, 0x45, 0x19, 0xA0, 0x81, 0x45, /* 4176 ~ 4191 */
    0x19, 0x45, 0xEF, 0xF0, 0x8F, 0xE7, 0xEF, 0x30, 0xF0, 0x75, 0xC9, 0xBF, 0xEF, 0x30, 0x10, 0x77, /* 4192 ~ 4207 */
    0xAA, 0x85, 0x1D, 0x45, 0xFD, 0xB7, 0x89, 0x45, 0xED, 0xBF, 0x51, 0x11, 0x22, 0xC2, 0x06, 0xC4, /* 4208 ~ 4223 */
    0x89, 0x47, 0x2E, 0x84, 0x63, 0x02, 0xF5, 0x08, 0x63, 0xE7, 0xA7, 0x02, 0x05, 0xED, 0xA1, 0x3F, /* 4224 ~ 4239 */
    0x97, 0x67, 0x00, 0x00, 0x93, 0x87, 0x87, 0x31, 0x09, 0xC5, 0x94, 0x4B, 0x19, 0x47, 0x63, 0x87, /* 4240 ~ 4255 */
    0xE6, 0x00, 0xD8, 0x4B, 0x93, 0x07, 0x10, 0x02, 0x63, 0x1A, 0xF7, 0x00, 0x12, 0x44, 0xA2, 0x40, /* 4256 ~ 4271 */
    0x31, 0x01, 0x6F, 0xF0, 0xBF, 0x85, 0x8D, 0x47, 0x63, 0x08, 0xF5, 0x06, 0xA2, 0x40, 0x12, 0x44, /* 4272 ~ 4287 */
    0x31, 0x01, 0x82, 0x80, 0x97, 0x67, 0x00, 0x00, 0x83, 0xA7, 0x87, 0x1C, 0x93, 0xF7, 0x07, 0x20, /* 4288 ~ 4303 */
    0x89, 0xC7, 0x12, 0x44, 0xA2, 0x40, 0x31, 0x01, 0x09, 0xBD, 0xB1, 0x05, 0x13, 0x05, 0x84, 0x00, /* 4304 ~ 4319 */
    0xEF, 0xF0, 0xCF, 0xE7, 0x09, 0x37, 0x11, 0xC9, 0x17, 0x67, 0x00, 0x00, 0x03, 0x27, 0x07, 0x2D, /* 4320 ~ 4335 */
    0x99, 0x47, 0x63, 0x04, 0xF7, 0x00, 0xEF, 0xF0, 0x7F, 0x81, 0x13, 0x05, 0x04, 0x01, 0x25, 0x24, /* 4336 ~ 4351 */
    0x12, 0x44, 0xA2, 0x40, 0x31, 0x01, 0x01, 0xAC, 0x85, 0x47, 0x9C, 0xC1, 0x97, 0x67, 0x00, 0x00, /* 4352 ~ 4367 */
    0x83, 0xA7, 0x07, 0x18, 0x93, 0xF7, 0x07, 0x20, 0xD5, 0xF3, 0x12, 0x44, 0xA2, 0x40, 0x13, 0x85, /* 4368 ~ 4383 */
    0x45, 0x00, 0x31, 0x01, 0x6F, 0xF0, 0x1F, 0x80, 0x12, 0x44, 0xA2, 0x40, 0x31, 0x01, 0xDD, 0xB5, /* 4384 ~ 4399 */
    0x51, 0x11, 0x22, 0xC2, 0x17, 0x64, 0x00, 0x00, 0x13, 0x04, 0x04, 0x0F, 0x08, 0x40, 0x06, 0xC4, /* 4400 ~ 4415 */
    0xEF, 0x40, 0x00, 0x3D, 0x08, 0x40, 0xEF, 0x40, 0xC0, 0x35, 0x12, 0x44, 0xA2, 0x40, 0x31, 0x01, /* 4416 ~ 4431 */
    0x6F, 0x10, 0xB0, 0x4B, 0x51, 0x11, 0x06, 0xC4, 0xEF, 0xF0, 0xFF, 0x94, 0xA2, 0x40, 0x31, 0x01, /* 4432 ~ 4447 */
    0xE5, 0xAC, 0x41, 0x11, 0x22, 0xC4, 0x06, 0xC6, 0x17, 0x64, 0x00, 0x00, 0x13, 0x04, 0x04, 0x24, /* 4448 ~ 4463 */
    0x17, 0x67, 0x00, 0x00, 0x03, 0x27, 0xC7, 0xFF, 0x83, 0x46, 0x97, 0x03, 0x83, 0x47, 0xA7, 0x03, /* 4464 ~ 4479 */
    0x58, 0x48, 0x54, 0xC4, 0x1C, 0xC4, 0x14, 0xC8, 0x13, 0x76, 0x07, 0x02, 0x05, 0xCA, 0x1C, 0xC8, /* 4480 ~ 4495 */
    0x36, 0xC0, 0x18, 0x48, 0x8D, 0x46, 0x17, 0xB6, 0xF9, 0x81, 0x13, 0x06, 0x26, 0x29, 0x85, 0x45, /* 4496 ~ 4511 */
    0x17, 0x65, 0x00, 0x00, 0x13, 0x05, 0xC5, 0xF6, 0xEF, 0x50, 0x60, 0x0D, 0x08, 0x48, 0xEF, 0x10, /* 4512 ~ 4527 */
    0x50, 0x3A, 0x22, 0x44, 0xB2, 0x40, 0x41, 0x01, 0x6F, 0xF0, 0xDF, 0x8E, 0x13, 0x76, 0x07, 0x08, /* 4528 ~ 4543 */
    0x61, 0xFA, 0x13, 0x77, 0x07, 0x04, 0x69, 0xD7, 0x17, 0x67, 0x00, 0x00, 0x23, 0x28, 0x07, 0x1E, /* 4544 ~ 4559 */
    0xC1, 0xB7, 0x51, 0x11, 0x17, 0x65, 0x00, 0x00, 0x13, 0x05, 0x45, 0x1D, 0x06, 0xC4, 0xEF, 0x10, /* 4560 ~ 4575 */
    0xE0, 0x42, 0xDD, 0x2A, 0xEF, 0xF0, 0xCF, 0xDB, 0xEF, 0xF0, 0x8F, 0xF9, 0x9D, 0x3F, 0x17, 0x65, /* 4576 ~ 4591 */
    0x00, 0x00, 0x03, 0x25, 0xA5, 0x1B, 0xEF, 0x10, 0x10, 0x32, 0x65, 0x39, 0x17, 0x65, 0x00, 0x00, /* 4592 ~ 4607 */
    0x13, 0x05, 0x85, 0x02, 0xEF, 0x40, 0x20, 0x18, 0x17, 0x05, 0x00, 0x00, 0x13, 0x05, 0x25, 0xE7, /* 4608 ~ 4623 */
    0xEF, 0x10, 0xB0, 0x29, 0xA2, 0x40, 0x01, 0x45, 0x31, 0x01, 0x82, 0x80, 0x51, 0x11, 0x26, 0xC0, /* 4624 ~ 4639 */
    0x97, 0x64, 0x00, 0x00, 0x93, 0x84, 0x84, 0x18, 0xD8, 0x48, 0x22, 0xC2, 0x85, 0x46, 0x2A, 0x84, /* 4640 ~ 4655 */
    0x17, 0xB6, 0xF9, 0x81, 0x13, 0x06, 0xC6, 0x26, 0x85, 0x45, 0x17, 0x65, 0x00, 0x00, 0x13, 0x05, /* 4656 ~ 4671 */
    0x25, 0xED, 0x06, 0xC4, 0xEF, 0x50, 0xA0, 0x03, 0x93, 0x07, 0x00, 0x02, 0xC0, 0xC8, 0x63, 0x08, /* 4672 ~ 4687 */
    0xF4, 0x02, 0x63, 0xE1, 0x87, 0x02, 0x8D, 0x47, 0x63, 0x05, 0xF4, 0x02, 0xA9, 0x47, 0x63, 0x00, /* 4688 ~ 4703 */
    0xF4, 0x02, 0x22, 0x85, 0xEF, 0xF0, 0xFF, 0x83, 0x22, 0x85, 0x12, 0x44, 0xA2, 0x40, 0x82, 0x44, /* 4704 ~ 4719 */
    0x31, 0x01, 0xF1, 0xAA, 0x93, 0x07, 0x04, 0xFC, 0x93, 0xF7, 0xF7, 0xFB, 0xFD, 0xF3, 0xD5, 0x35, /* 4720 ~ 4735 */
    0xCD, 0xB7, 0x97, 0x67, 0x00, 0x00, 0x23, 0xAB, 0x07, 0xF8, 0x5D, 0x35, 0xD9, 0xBF, 0x8D, 0x47, /* 4736 ~ 4751 */
    0x63, 0x06, 0xF5, 0x06, 0x63, 0xEA, 0xA7, 0x00, 0x85, 0x47, 0x63, 0x01, 0xF5, 0x02, 0x89, 0x47, /* 4752 ~ 4767 */
    0x63, 0x01, 0xF5, 0x04, 0x01, 0x45, 0x82, 0x80, 0x91, 0x47, 0xE3, 0x1D, 0xF5, 0xFE, 0x17, 0x65, /* 4768 ~ 4783 */
    0x00, 0x00, 0x03, 0x25, 0xE5, 0x10, 0x15, 0x81, 0x05, 0x89, 0x82, 0x80, 0x97, 0x67, 0x00, 0x00, /* 4784 ~ 4799 */
    0x93, 0x87, 0xC7, 0x0E, 0x94, 0x4B, 0x19, 0x47, 0x01, 0x45, 0xE3, 0x98, 0xE6, 0xFE, 0xDC, 0x4B, /* 4800 ~ 4815 */
    0x13, 0xF7, 0x07, 0x0E, 0x7D, 0xD3, 0x99, 0x83, 0x93, 0xC7, 0x17, 0x00, 0x13, 0xF5, 0x17, 0x00, /* 4816 ~ 4831 */
    0x82, 0x80, 0x97, 0x67, 0x00, 0x00, 0x83, 0xA7, 0xA7, 0x0D, 0x13, 0xF7, 0x07, 0x0E, 0x01, 0x45, /* 4832 ~ 4847 */
    0x69, 0xD7, 0xBD, 0x8B, 0xFD, 0x17, 0x33, 0x35, 0xF0, 0x00, 0x82, 0x80, 0x97, 0x67, 0x00, 0x00, /* 4848 ~ 4863 */
    0x83, 0xA7, 0x07, 0x0C, 0x13, 0xF7, 0x07, 0x0E, 0x01, 0x45, 0x45, 0xDB, 0xBD, 0x8B, 0xFD, 0x17, /* 4864 ~ 4879 */
    0x13, 0xB5, 0x17, 0x00, 0x82, 0x80, 0x51, 0x11, 0x06, 0xC4, 0xEF, 0x40, 0xD0, 0x03, 0xA2, 0x40, /* 4880 ~ 4895 */
    0x01, 0x45, 0x31, 0x01, 0x82, 0x80, 0x31, 0x11, 0x22, 0xC6, 0x26, 0xC4, 0x06, 0xC8, 0x23, 0x20, /* 4896 ~ 4911 */
    0x05, 0x00, 0xAA, 0x84, 0x13, 0x05, 0x31, 0x00, 0x23, 0x12, 0x01, 0x00, 0xEF, 0x40, 0x10, 0x11, /* 4912 ~ 4927 */
    0x7D, 0x54, 0x25, 0xE9, 0x2A, 0x84, 0x48, 0x00, 0xEF, 0x40, 0x10, 0x03, 0x83, 0x17, 0x41, 0x00, /* 4928 ~ 4943 */
    0x85, 0xC7, 0x13, 0x05, 0x61, 0x00, 0x41, 0x2A, 0x03, 0x15, 0x41, 0x00, 0x63, 0x58, 0xA0, 0x00, /* 4944 ~ 4959 */
    0x83, 0x17, 0x61, 0x00, 0x63, 0x49, 0xF0, 0x00, 0x05, 0x2A, 0x39, 0xA0, 0x75, 0xDD, 0x83, 0x17, /* 4960 ~ 4975 */
    0x61, 0x00, 0xE3, 0xDB, 0x07, 0xFE, 0x7D, 0x22, 0x13, 0x05, 0x61, 0x00, 0xAD, 0x22, 0x83, 0x17, /* 4976 ~ 4991 */
    0x61, 0x00, 0x63, 0x5E, 0xF0, 0x02, 0xFD, 0x17, 0x7D, 0x55, 0x23, 0x13, 0xF1, 0x00, 0x59, 0x2A, /* 4992 ~ 5007 */
    0x83, 0x17, 0x61, 0x00, 0x91, 0xE3, 0xB5, 0x2A, 0x85, 0x47, 0x23, 0x12, 0xF1, 0x00, 0x17, 0x67, /* 5008 ~ 5023 */
    0x00, 0x00, 0x03, 0x27, 0xA7, 0xE8, 0x83, 0x17, 0x41, 0x00, 0x19, 0xC3, 0xB3, 0x07, 0xF0, 0x40, /* 5024 ~ 5039 */
    0x9C, 0xC0, 0xC2, 0x40, 0x22, 0x85, 0x32, 0x44, 0xA2, 0x44, 0x51, 0x01, 0x82, 0x80, 0xE5, 0xD3, /* 5040 ~ 5055 */
    0x85, 0x07, 0x05, 0x45, 0x23, 0x13, 0xF1, 0x00, 0xB1, 0x2A, 0x83, 0x17, 0x61, 0x00, 0x91, 0xE3, /* 5056 ~ 5071 */
    0x89, 0x22, 0xFD, 0x57, 0xD9, 0xB7, 0x82, 0x80, 0x17, 0x67, 0x00, 0x00, 0x03, 0x27, 0x47, 0xD9, /* 5072 ~ 5087 */
    0x1C, 0x43, 0x41, 0x11, 0x06, 0xC6, 0x89, 0x8B, 0x97, 0x66, 0x00, 0x00, 0x93, 0x86, 0x06, 0xE4, /* 5088 ~ 5103 */
    0x99, 0xC3, 0x85, 0x47, 0x9C, 0xC2, 0x83, 0x47, 0x67, 0x01, 0x03, 0x47, 0x77, 0x01, 0x17, 0x65, /* 5104 ~ 5119 */
    0x00, 0x00, 0x13, 0x05, 0xE5, 0xD0, 0x17, 0x66, 0x00, 0x00, 0xA3, 0x03, 0xF6, 0xE2, 0x05, 0x8B, /* 5120 ~ 5135 */
    0x3A, 0xC0, 0x17, 0x66, 0x00, 0x00, 0x23, 0x0D, 0xE6, 0xE0, 0x98, 0x42, 0x17, 0xB6, 0xF9, 0x81, /* 5136 ~ 5151 */
    0x13, 0x06, 0xC6, 0x10, 0x8D, 0x46, 0x85, 0x45, 0xEF, 0x40, 0x70, 0x65, 0x3D, 0x20, 0xB2, 0x40, /* 5152 ~ 5167 */
    0x01, 0x45, 0x41, 0x01, 0x82, 0x80, 0x81, 0x46, 0x17, 0xB6, 0xF9, 0x81, 0x13, 0x06, 0x06, 0x0C, /* 5168 ~ 5183 */
    0x85, 0x45, 0x17, 0x65, 0x00, 0x00, 0x13, 0x05, 0xA5, 0xCC, 0x6F, 0x40, 0x50, 0x63, 0x8D, 0x47, /* 5184 ~ 5199 */
    0x63, 0x13, 0xF5, 0x00, 0xCD, 0xB7, 0x82, 0x80, 0x82, 0x80, 0x97, 0x67, 0x00, 0x00, 0x93, 0x87, /* 5200 ~ 5215 */
    0x67, 0xF6, 0x23, 0xA8, 0x07, 0x00, 0x23, 0xAA, 0x07, 0x00, 0x82, 0x80, 0x97, 0x67, 0x00, 0x00, /* 5216 ~ 5231 */
    0x93, 0x87, 0x47, 0xF5, 0x88, 0x4B, 0xDC, 0x4B, 0x05, 0x05, 0x1D, 0x89, 0x1D, 0x8D, 0x13, 0x35, /* 5232 ~ 5247 */
    0x15, 0x00, 0x82, 0x80, 0x97, 0x67, 0x00, 0x00, 0x93, 0x87, 0xC7, 0xF3, 0x88, 0x4B, 0xDC, 0x4B, /* 5248 ~ 5263 */
    0x1D, 0x8D, 0x13, 0x35, 0x15, 0x00, 0x82, 0x80, 0x51, 0x11, 0x22, 0xC2, 0x06, 0xC4, 0x2A, 0x84, /* 5264 ~ 5279 */
    0xF1, 0x37, 0x05, 0xC1, 0x12, 0x44, 0xA2, 0x40, 0x81, 0x46, 0x17, 0xB6, 0xF9, 0x81, 0x13, 0x06, /* 5280 ~ 5295 */
    0xA6, 0x0F, 0x85, 0x45, 0x17, 0x65, 0x00, 0x00, 0x13, 0x05, 0x85, 0xC5, 0x31, 0x01, 0x6F, 0x40, /* 5296 ~ 5311 */
    0x10, 0x5C, 0x11, 0xCC, 0x17, 0x67, 0x00, 0x00, 0x13, 0x07, 0xC7, 0xEF, 0x1C, 0x4B, 0x93, 0x96, /* 5312 ~ 5327 */
    0x17, 0x00, 0x85, 0x07, 0xBA, 0x96, 0x9D, 0x8B, 0x23, 0x90, 0x86, 0x00, 0x1C, 0xCB, 0xA2, 0x40, /* 5328 ~ 5343 */
    0x12, 0x44, 0x31, 0x01, 0x82, 0x80, 0x51, 0x11, 0x22, 0xC2, 0x06, 0xC4, 0x2A, 0x84, 0x59, 0x3F, /* 5344 ~ 5359 */
    0x81, 0x47, 0x11, 0xE9, 0x97, 0x67, 0x00, 0x00, 0x93, 0x87, 0xC7, 0xEC, 0xD8, 0x4B, 0x06, 0x07, /* 5360 ~ 5375 */
    0xBA, 0x97, 0x83, 0x97, 0x07, 0x00, 0xA2, 0x40, 0x23, 0x10, 0xF4, 0x00, 0x12, 0x44, 0x31, 0x01, /* 5376 ~ 5391 */
    0x82, 0x80, 0x17, 0x67, 0x00, 0x00, 0x13, 0x07, 0xE7, 0xEA, 0x5C, 0x4B, 0x85, 0x07, 0x9D, 0x8B, /* 5392 ~ 5407 */
    0x5C, 0xCB, 0x82, 0x80, 0x97, 0x67, 0x00, 0x00, 0x93, 0x87, 0xC7, 0xE9, 0xD8, 0x4B, 0x06, 0x07, /* 5408 ~ 5423 */
    0xBA, 0x97, 0x03, 0xD7, 0x07, 0x00, 0x2A, 0x97, 0x23, 0x90, 0xE7, 0x00, 0x82, 0x80, 0x51, 0x11, /* 5424 ~ 5439 */
    0x06, 0xC4, 0xEF, 0x00, 0x70, 0x59, 0x85, 0x45, 0x05, 0x45, 0xEF, 0x00, 0x50, 0x7A, 0xEF, 0x40, /* 5440 ~ 5455 */
    0xF0, 0x65, 0xEF, 0x40, 0x90, 0x0D, 0x89, 0x45, 0x05, 0x45, 0xEF, 0x00, 0x50, 0x79, 0x73, 0x60, /* 5456 ~ 5471 */
    0x04, 0x30, 0xA2, 0x40, 0x31, 0x01, 0x82, 0x80, 0x09, 0xED, 0x51, 0x11, 0x06, 0xC4, 0xEF, 0x00, /* 5472 ~ 5487 */
    0xD0, 0x4A, 0xA2, 0x40, 0x85, 0x47, 0x17, 0x67, 0x00, 0x00, 0x23, 0x0C, 0xF7, 0xCA, 0x31, 0x01, /* 5488 ~ 5503 */
    0x82, 0x80, 0x81, 0x47, 0x17, 0x67, 0x00, 0x00, 0x23, 0x05, 0xF7, 0xCA, 0x82, 0x80, 0xAA, 0x87, /* 5504 ~ 5519 */
    0x48, 0x41, 0x63, 0x89, 0xA7, 0x00, 0x18, 0x41, 0x5C, 0x41, 0x5C, 0xC3, 0x98, 0xC3, 0x08, 0xC1, /* 5520 ~ 5535 */
    0x48, 0xC1, 0x82, 0x80, 0x01, 0x45, 0x82, 0x80, 0x51, 0x11, 0x22, 0xC2, 0x06, 0xC4, 0x2A, 0x84, /* 5536 ~ 5551 */
    0x09, 0xED, 0x13, 0x06, 0x60, 0x0B, 0x97, 0xB5, 0xF9, 0x81, 0x93, 0x85, 0xE5, 0x24, 0x17, 0xB5, /* 5552 ~ 5567 */
    0xF9, 0x81, 0x13, 0x05, 0xE5, 0x27, 0xEF, 0x40, 0xF0, 0x27, 0x1C, 0x44, 0x81, 0xCB, 0xFD, 0x17, /* 5568 ~ 5583 */
    0x1C, 0xC4, 0x22, 0x85, 0x12, 0x44, 0xA2, 0x40, 0x31, 0x01, 0x55, 0xBF, 0xA2, 0x40, 0x12, 0x44, /* 5584 ~ 5599 */
    0x01, 0x45, 0x31, 0x01, 0x82, 0x80, 0x51, 0x11, 0x22, 0xC2, 0x26, 0xC0, 0x06, 0xC4, 0x2A, 0x84, /* 5600 ~ 5615 */
    0xAE, 0x84, 0x09, 0xED, 0x13, 0x06, 0xB0, 0x0D, 0x97, 0xB5, 0xF9, 0x81, 0x93, 0x85, 0x45, 0x1C, /* 5616 ~ 5631 */
    0x17, 0xB5, 0xF9, 0x81, 0x13, 0x05, 0x45, 0x1F, 0xEF, 0x40, 0xD0, 0x23, 0x89, 0xEC, 0x13, 0x06, /* 5632 ~ 5647 */
    0xC0, 0x0D, 0x97, 0xB5, 0xF9, 0x81, 0x93, 0x85, 0x65, 0x16, 0x17, 0xB5, 0xF9, 0x81, 0x13, 0x05, /* 5648 ~ 5663 */
    0x65, 0x19, 0xEF, 0x40, 0x30, 0x22, 0x1C, 0x40, 0xC0, 0xC0, 0xA2, 0x40, 0x9C, 0xC0, 0xC4, 0xC3, /* 5664 ~ 5679 */
    0x1C, 0x44, 0x04, 0xC0, 0x82, 0x44, 0x85, 0x07, 0x1C, 0xC4, 0x12, 0x44, 0x31, 0x01, 0x82, 0x80, /* 5680 ~ 5695 */
    0x51, 0x11, 0x22, 0xC2, 0x26, 0xC0, 0x06, 0xC4, 0x2A, 0x84, 0xAE, 0x84, 0x09, 0xED, 0x13, 0x06, /* 5696 ~ 5711 */
    0xA0, 0x0E, 0x97, 0xB5, 0xF9, 0x81, 0x93, 0x85, 0xE5, 0x0D, 0x17, 0xB5, 0xF9, 0x81, 0x13, 0x05, /* 5712 ~ 5727 */
    0xE5, 0x10, 0xEF, 0x40, 0x30, 0x1E, 0x89, 0xEC, 0x13, 0x06, 0xB0, 0x0E, 0x97, 0xB5, 0xF9, 0x81, /* 5728 ~ 5743 */
    0x93, 0x85, 0x05, 0x08, 0x17, 0xB5, 0xF9, 0x81, 0x13, 0x05, 0x05, 0x0B, 0xEF, 0x40, 0x90, 0x1C, /* 5744 ~ 5759 */
    0x5C, 0x40, 0x80, 0xC0, 0xA2, 0x40, 0xDC, 0xC0, 0x44, 0xC0, 0x84, 0xC3, 0x1C, 0x44, 0x82, 0x44, /* 5760 ~ 5775 */
    0x85, 0x07, 0x1C, 0xC4, 0x12, 0x44, 0x31, 0x01, 0x82, 0x80, 0x31, 0x11, 0x22, 0xC6, 0x17, 0x64, /* 5776 ~ 5791 */
    0x00, 0x00, 0x13, 0x04, 0x24, 0xB9, 0x08, 0x40, 0x06, 0xC8, 0x41, 0x05, 0xF5, 0x3D, 0x2A, 0xC0, /* 5792 ~ 5807 */
    0x31, 0xC1, 0x48, 0x00, 0xEF, 0x40, 0xC0, 0x44, 0x11, 0x45, 0x61, 0x23, 0x1C, 0x40, 0x82, 0x45, /* 5808 ~ 5823 */
    0xF0, 0x4B, 0xF8, 0x47, 0x03, 0x45, 0x06, 0x00, 0x05, 0x46, 0x14, 0x43, 0x63, 0x18, 0xC5, 0x02, /* 5824 ~ 5839 */
    0x95, 0xE6, 0x83, 0xD7, 0xC7, 0x02, 0xAE, 0x97, 0x1C, 0xC3, 0x08, 0x40, 0x71, 0x05, 0x21, 0x37, /* 5840 ~ 5855 */
    0x08, 0x40, 0x41, 0x05, 0xD1, 0x35, 0xAA, 0x85, 0x11, 0xE9, 0x11, 0x45, 0x69, 0x2B, 0x12, 0x45, /* 5856 ~ 5871 */
    0xEF, 0x40, 0x80, 0x41, 0xC2, 0x40, 0x32, 0x44, 0x51, 0x01, 0x82, 0x80, 0x08, 0x40, 0x74, 0x49, /* 5872 ~ 5887 */
    0x38, 0x49, 0x03, 0xC6, 0x06, 0x00, 0x85, 0x46, 0x1C, 0x43, 0x63, 0x1B, 0xD6, 0x00, 0x89, 0xEB, /* 5888 ~ 5903 */
    0x83, 0x57, 0xC5, 0x02, 0xAE, 0x97, 0x1C, 0xC3, 0x08, 0x40, 0x71, 0x05, 0xE9, 0x35, 0xF1, 0xB7, /* 5904 ~ 5919 */
    0x41, 0x05, 0x39, 0x3F, 0xD9, 0xB7, 0x95, 0xBF, 0x41, 0x11, 0x26, 0xC2, 0x97, 0x64, 0x00, 0x00, /* 5920 ~ 5935 */
    0x93, 0x84, 0x44, 0xB0, 0x9C, 0x40, 0x22, 0xC4, 0x06, 0xC6, 0x03, 0x84, 0x47, 0x02, 0x63, 0x47, /* 5936 ~ 5951 */
    0x80, 0x00, 0xB2, 0x40, 0x22, 0x44, 0x92, 0x44, 0x41, 0x01, 0x82, 0x80, 0x88, 0x40, 0x71, 0x05, /* 5952 ~ 5967 */
    0xA1, 0x3D, 0xAA, 0x85, 0x05, 0xC1, 0x83, 0x87, 0x15, 0x01, 0x88, 0x40, 0x63, 0xD0, 0x07, 0x02, /* 5968 ~ 5983 */
    0x11, 0x05, 0x2E, 0xC0, 0x49, 0x35, 0x82, 0x45, 0x83, 0xC7, 0x15, 0x01, 0x93, 0xF7, 0xF7, 0x07, /* 5984 ~ 5999 */
    0xA3, 0x88, 0xF5, 0x00, 0x7D, 0x14, 0x62, 0x04, 0x61, 0x84, 0xD1, 0xB7, 0x71, 0x05, 0xA5, 0x35, /* 6000 ~ 6015 */
    0xD5, 0xBF, 0x31, 0x11, 0x22, 0xC6, 0x06, 0xC8, 0x26, 0xC4, 0x97, 0x66, 0x00, 0x00, 0x93, 0x86, /* 6016 ~ 6031 */
    0x56, 0xAA, 0x2A, 0xC2, 0x03, 0xC5, 0x06, 0x00, 0x17, 0x64, 0x00, 0x00, 0x13, 0x04, 0x04, 0xC4, /* 6032 ~ 6047 */
    0x32, 0xC0, 0x93, 0x17, 0x15, 0x00, 0xAA, 0x97, 0x8A, 0x07, 0xA2, 0x97, 0x83, 0xD7, 0x47, 0x00, /* 6048 ~ 6063 */
    0x63, 0x88, 0xB7, 0x02, 0xAE, 0x84, 0x05, 0x05, 0xA9, 0x45, 0xEF, 0xE0, 0x7F, 0xB8, 0x93, 0x17, /* 6064 ~ 6079 */
    0x15, 0x00, 0x12, 0x47, 0x02, 0x46, 0xAA, 0x97, 0x8A, 0x07, 0xA2, 0x97, 0x97, 0x66, 0x00, 0x00, /* 6080 ~ 6095 */
    0x93, 0x86, 0x36, 0xA6, 0x23, 0x80, 0xA6, 0x00, 0x98, 0xC3, 0x23, 0x92, 0x97, 0x00, 0x90, 0xC7, /* 6096 ~ 6111 */
    0xC2, 0x40, 0x32, 0x44, 0xA2, 0x44, 0x51, 0x01, 0x82, 0x80, 0x23, 0x15, 0xB5, 0x00, 0x23, 0x1B, /* 6112 ~ 6127 */
    0xB5, 0x00, 0x82, 0x80, 0x97, 0x67, 0x00, 0x00, 0x83, 0xA7, 0xC7, 0xA3, 0x83, 0xA7, 0x07, 0x08, /* 6128 ~ 6143 */
    0x03, 0xC5, 0xC7, 0xFF, 0x82, 0x80, 0x97, 0x67, 0x00, 0x00, 0x83, 0xA7, 0xA7, 0xA2, 0xFC, 0x5B, /* 6144 ~ 6159 */
    0x03, 0xC5, 0x07, 0x00, 0x82, 0x80, 0x97, 0x67, 0x00, 0x00, 0x83, 0xA7, 0xA7, 0xA1, 0xB8, 0x5F, /* 6160 ~ 6175 */
    0xFC, 0x5F, 0x18, 0x43, 0x83, 0xD7, 0x07, 0x00, 0x18, 0xC1, 0x23, 0x12, 0xF5, 0x00, 0x82, 0x80, /* 6176 ~ 6191 */
    0x17, 0x67, 0x00, 0x00, 0x03, 0x27, 0x07, 0xA0, 0x7C, 0x43, 0x9C, 0x43, 0x9A, 0x07, 0x99, 0x83, /* 6192 ~ 6207 */
    0x1C, 0xC1, 0x3C, 0x47, 0x83, 0xD7, 0x07, 0x00, 0xD2, 0x07, 0xD1, 0x83, 0x23, 0x12, 0xF5, 0x00, /* 6208 ~ 6223 */
    0x82, 0x80, 0xB7, 0x07, 0x01, 0xA0, 0x93, 0x87, 0x07, 0x41, 0x9C, 0x43, 0x89, 0x83, 0x1C, 0xC1, /* 6224 ~ 6239 */
    0xB7, 0x07, 0x01, 0xA0, 0x93, 0x87, 0x47, 0x41, 0x9C, 0x43, 0x23, 0x12, 0xF5, 0x00, 0x82, 0x80, /* 6240 ~ 6255 */
    0x59, 0x71, 0x86, 0xD6, 0xA2, 0xD4, 0xA6, 0xD2, 0x79, 0x37, 0x63, 0x1C, 0x05, 0x1C, 0xB7, 0x67, /* 6256 ~ 6271 */
    0x10, 0x42, 0x98, 0x4B, 0xB7, 0x07, 0x04, 0x42, 0xB1, 0x07, 0x9C, 0x43, 0x93, 0xF7, 0x07, 0x04, /* 6272 ~ 6287 */
    0xD9, 0x8F, 0x63, 0x90, 0x07, 0x1C, 0x68, 0x00, 0xBD, 0x3F, 0x48, 0x08, 0x51, 0x3F, 0xD2, 0x47, /* 6288 ~ 6303 */
    0x83, 0x56, 0x01, 0x01, 0x03, 0x54, 0x81, 0x01, 0x3E, 0xC4, 0x22, 0x47, 0xB2, 0x47, 0x99, 0x8F, /* 6304 ~ 6319 */
    0x9A, 0x07, 0x99, 0x83, 0x63, 0xEE, 0x86, 0x02, 0x81, 0x8E, 0x93, 0x94, 0x06, 0x01, 0xC1, 0x80, /* 6320 ~ 6335 */
    0x68, 0x08, 0x3E, 0xC2, 0x79, 0x37, 0xF2, 0x47, 0x3E, 0xC0, 0x3E, 0x87, 0x92, 0x47, 0x1D, 0xEB, /* 6336 ~ 6351 */
    0x26, 0x54, 0xB6, 0x50, 0x96, 0x54, 0x81, 0x46, 0x17, 0xB6, 0xF9, 0x81, 0x13, 0x06, 0x06, 0xD1, /* 6352 ~ 6367 */
    0x85, 0x45, 0x17, 0x65, 0x00, 0x00, 0x13, 0x05, 0xE5, 0x80, 0x65, 0x61, 0x6F, 0x40, 0x30, 0x19, /* 6368 ~ 6383 */
    0x05, 0x66, 0x13, 0x06, 0x46, 0x9C, 0xB2, 0x96, 0x81, 0x8E, 0x93, 0x94, 0x06, 0x01, 0xC1, 0x80, /* 6384 ~ 6399 */
    0xFD, 0x17, 0x7D, 0xBF, 0x03, 0x57, 0x01, 0x02, 0x3A, 0xC2, 0x02, 0x47, 0x63, 0xE7, 0xE7, 0x00, /* 6400 ~ 6415 */
    0x63, 0x1A, 0xF7, 0x06, 0x12, 0x47, 0x63, 0xF7, 0xE4, 0x06, 0x92, 0x47, 0x93, 0x86, 0x04, 0x7D, /* 6416 ~ 6431 */
    0xB3, 0x84, 0xF6, 0x40, 0x85, 0x66, 0x93, 0x86, 0x46, 0x9C, 0x63, 0xD3, 0x96, 0x00, 0x95, 0x8C, /* 6432 ~ 6447 */
    0x13, 0x06, 0x00, 0x02, 0x97, 0x55, 0x00, 0x00, 0x93, 0x85, 0x85, 0x45, 0x48, 0x10, 0xEF, 0x40, /* 6448 ~ 6463 */
    0x30, 0x43, 0x13, 0x03, 0x41, 0x04, 0x13, 0x06, 0x00, 0x02, 0x97, 0x55, 0x00, 0x00, 0x93, 0x85, /* 6464 ~ 6479 */
    0x25, 0x46, 0x1A, 0x85, 0xEF, 0x40, 0xD0, 0x41, 0x17, 0x66, 0x00, 0x00, 0x13, 0x06, 0x86, 0x8D, /* 6480 ~ 6495 */
    0x0C, 0x42, 0x2A, 0x83, 0x89, 0x46, 0x03, 0xC5, 0xA5, 0x08, 0x83, 0xC2, 0x95, 0x08, 0x7D, 0x15, /* 6496 ~ 6511 */
    0x13, 0x75, 0xF5, 0x0F, 0x63, 0x9C, 0xD2, 0x02, 0x95, 0x46, 0x63, 0x1F, 0xD5, 0x04, 0x93, 0x06, /* 6512 ~ 6527 */
    0xC0, 0xEF, 0x9D, 0xA0, 0x02, 0x47, 0x85, 0x65, 0x93, 0x85, 0x45, 0x9C, 0x33, 0x85, 0xE7, 0x40, /* 6528 ~ 6543 */
    0xEF, 0xE0, 0x1F, 0x94, 0x12, 0x47, 0xB3, 0x07, 0x95, 0x00, 0x93, 0x06, 0x00, 0x7D, 0xB3, 0x84, /* 6544 ~ 6559 */
    0xE7, 0x40, 0xE3, 0xD7, 0x96, 0xF8, 0x93, 0x84, 0x04, 0x83, 0xE5, 0xBF, 0x99, 0x46, 0x63, 0x07, /* 6560 ~ 6575 */
    0xD5, 0x0A, 0x83, 0xD6, 0xC5, 0x08, 0xD5, 0xC6, 0x93, 0x06, 0x00, 0xF1, 0x1A, 0x85, 0x13, 0x03, /* 6576 ~ 6591 */
    0xB0, 0xF1, 0x63, 0xC3, 0x64, 0x0A, 0xDC, 0x10, 0x63, 0x0D, 0xF5, 0x02, 0x83, 0x22, 0x05, 0x00, /* 6592 ~ 6607 */
    0x11, 0x05, 0xB3, 0x84, 0x54, 0x40, 0xF5, 0xB7, 0x99, 0x42, 0x93, 0x06, 0x40, 0xEA, 0x63, 0x05, /* 6608 ~ 6623 */
    0x55, 0x00, 0x03, 0xD5, 0xC5, 0x08, 0x79, 0xF9, 0x48, 0x10, 0x93, 0x02, 0x10, 0xF8, 0x31, 0xA0, /* 6624 ~ 6639 */
    0x83, 0x23, 0x05, 0x00, 0x11, 0x05, 0xB3, 0x84, 0x74, 0x40, 0x63, 0xC7, 0x54, 0x06, 0xE3, 0x19, /* 6640 ~ 6655 */
    0xA3, 0xFE, 0x13, 0x85, 0x66, 0xFF, 0x63, 0xC3, 0xA4, 0x06, 0x13, 0x85, 0xA6, 0x00, 0x63, 0x4F, /* 6656 ~ 6671 */
    0x95, 0x04, 0x13, 0x85, 0xD6, 0xFF, 0x63, 0xC6, 0xA4, 0x00, 0x13, 0x85, 0x36, 0x00, 0x63, 0x59, /* 6672 ~ 6687 */
    0x95, 0x0A, 0x17, 0x53, 0x00, 0x00, 0x13, 0x03, 0x63, 0x74, 0x83, 0x42, 0x03, 0x00, 0x13, 0x05, /* 6688 ~ 6703 */
    0xF0, 0x0F, 0x63, 0x93, 0xA2, 0x08, 0x92, 0x45, 0x02, 0x45, 0x26, 0x86, 0x99, 0x33, 0x97, 0x57, /* 6704 ~ 6719 */
    0x00, 0x00, 0x83, 0xC7, 0x17, 0x7F, 0x17, 0x53, 0x00, 0x00, 0x13, 0x03, 0x23, 0x72, 0x23, 0x00, /* 6720 ~ 6735 */
    0xF3, 0x00, 0xB6, 0x50, 0x26, 0x54, 0x96, 0x54, 0x65, 0x61, 0x82, 0x80, 0x93, 0x06, 0x60, 0xF7, /* 6736 ~ 6751 */
    0x61, 0xB7, 0x93, 0x06, 0x40, 0xEF, 0x49, 0xB7, 0xE3, 0x9D, 0xD4, 0xF8, 0x37, 0x67, 0x10, 0x42, /* 6752 ~ 6767 */
    0x14, 0x4B, 0x37, 0x07, 0x04, 0x42, 0x31, 0x07, 0x18, 0x43, 0x13, 0x77, 0x07, 0x04, 0x55, 0x8F, /* 6768 ~ 6783 */
    0x69, 0xFB, 0x97, 0x56, 0x00, 0x00, 0x93, 0x86, 0xA6, 0x72, 0x03, 0xD5, 0x06, 0x01, 0x41, 0x67, /* 6784 ~ 6799 */
    0x7D, 0x17, 0x63, 0x0B, 0xE5, 0x00, 0xB8, 0x45, 0x83, 0x55, 0x07, 0x00, 0x11, 0x47, 0x63, 0x9B, /* 6800 ~ 6815 */
    0xA5, 0x0A, 0xFD, 0x57, 0x23, 0x98, 0xF6, 0x00, 0xB1, 0x33, 0x26, 0x54, 0xB6, 0x50, 0x96, 0x54, /* 6816 ~ 6831 */
    0x15, 0x81, 0x05, 0x89, 0x65, 0x61, 0x8D, 0xAC, 0x13, 0x95, 0x12, 0x00, 0x16, 0x95, 0x0A, 0x05, /* 6832 ~ 6847 */
    0x97, 0x62, 0x00, 0x00, 0x93, 0x82, 0x82, 0x91, 0x16, 0x95, 0x08, 0x45, 0xE3, 0x95, 0xA4, 0xF6, /* 6848 ~ 6863 */
    0x63, 0xD6, 0x96, 0x04, 0x33, 0x07, 0x94, 0x00, 0x15, 0x8F, 0x42, 0x07, 0x85, 0x66, 0x41, 0x83, /* 6864 ~ 6879 */
    0x93, 0x86, 0x36, 0x9C, 0x63, 0xEF, 0xE6, 0x00, 0x23, 0x1C, 0xE1, 0x00, 0x83, 0x56, 0x81, 0x01, /* 6880 ~ 6895 */
    0x17, 0x57, 0x00, 0x00, 0x13, 0x07, 0xC7, 0x6B, 0x23, 0x18, 0xD7, 0x00, 0xD2, 0x46, 0x54, 0xC7, /* 6896 ~ 6911 */
    0xB5, 0xB7, 0xA2, 0x47, 0xFD, 0x76, 0x93, 0x86, 0xC6, 0x63, 0x36, 0x97, 0x23, 0x1C, 0xE1, 0x00, /* 6912 ~ 6927 */
    0x13, 0x87, 0x17, 0x00, 0x1A, 0x07, 0x19, 0x83, 0x3A, 0xCA, 0xC9, 0xBF, 0x85, 0x8E, 0x93, 0xF6, /* 6928 ~ 6943 */
    0xF6, 0x0F, 0x63, 0x67, 0xD4, 0x00, 0xB3, 0x06, 0xD4, 0x40, 0x23, 0x1C, 0xD1, 0x00, 0x7D, 0xBF, /* 6944 ~ 6959 */
    0x05, 0x65, 0x13, 0x05, 0x45, 0x9C, 0x33, 0x07, 0xA4, 0x00, 0xA2, 0x47, 0x15, 0x8F, 0x23, 0x1C, /* 6960 ~ 6975 */
    0xE1, 0x00, 0x89, 0xE7, 0x37, 0x07, 0x00, 0x04, 0x7D, 0x17, 0xF9, 0xB7, 0xA2, 0x47, 0x13, 0x87, /* 6976 ~ 6991 */
    0xF7, 0xFF, 0xD9, 0xB7, 0x7D, 0x17, 0x0D, 0xCF, 0x11, 0x45, 0x3A, 0xC4, 0xEF, 0x00, 0xF0, 0x22, /* 6992 ~ 7007 */
    0x22, 0x47, 0x17, 0x56, 0x00, 0x00, 0x13, 0x06, 0xE6, 0x6C, 0x97, 0x56, 0x00, 0x00, 0x93, 0x86, /* 7008 ~ 7023 */
    0x26, 0x64, 0x6D, 0xF1, 0x18, 0x42, 0x83, 0xD5, 0x06, 0x01, 0x11, 0x45, 0x30, 0x47, 0x23, 0x10, /* 7024 ~ 7039 */
    0xB6, 0x00, 0x70, 0x43, 0xD8, 0x46, 0xB7, 0x06, 0x00, 0x10, 0x55, 0x8F, 0x18, 0xC2, 0xE5, 0x28, /* 7040 ~ 7055 */
    0x92, 0x45, 0x02, 0x45, 0x7D, 0x57, 0x26, 0x86, 0x97, 0x56, 0x00, 0x00, 0x23, 0x88, 0xE6, 0x5C, /* 7056 ~ 7071 */
    0xEF, 0xF0, 0x3F, 0xBE, 0x11, 0xB7, 0x97, 0x57, 0x00, 0x00, 0x83, 0xA7, 0xA7, 0x68, 0x03, 0xD7, /* 7072 ~ 7087 */
    0xC7, 0x03, 0x18, 0xC1, 0x9C, 0x43, 0x17, 0x57, 0x00, 0x00, 0x03, 0x47, 0x87, 0x67, 0x98, 0xC1, /* 7088 ~ 7103 */
    0x99, 0xCB, 0x51, 0x11, 0x06, 0xC4, 0x6D, 0x2A, 0x71, 0x24, 0xEF, 0xF0, 0xFF, 0xB5, 0xA2, 0x40, /* 7104 ~ 7119 */
    0x01, 0x45, 0x31, 0x01, 0x82, 0x80, 0x05, 0x45, 0x82, 0x80, 0x97, 0x57, 0x00, 0x00, 0x83, 0xA7, /* 7120 ~ 7135 */
    0x67, 0x65, 0x83, 0xD7, 0xC7, 0x03, 0x51, 0x11, 0x06, 0xC4, 0x22, 0xC2, 0x05, 0x47, 0x63, 0x9B, /* 7136 ~ 7151 */
    0xE7, 0x00, 0x49, 0x26, 0x2A, 0x84, 0x01, 0x45, 0xA5, 0x39, 0xA2, 0x40, 0x22, 0x85, 0x12, 0x44, /* 7152 ~ 7167 */
    0x31, 0x01, 0x82, 0x80, 0x89, 0xE7, 0xEF, 0xF0, 0x5F, 0xA9, 0x01, 0x44, 0xFD, 0xB7, 0x09, 0x47, /* 7168 ~ 7183 */
    0xE3, 0x9D, 0xE7, 0xFE, 0x17, 0x55, 0x00, 0x00, 0x03, 0x45, 0xA5, 0x61, 0xEF, 0xF0, 0xDF, 0x94, /* 7184 ~ 7199 */
    0xED, 0xB7, 0x41, 0xA8, 0xAA, 0x85, 0x17, 0x55, 0x00, 0x00, 0x03, 0x25, 0xA5, 0x60, 0x41, 0x05, /* 7200 ~ 7215 */
    0x6F, 0xF0, 0x7F, 0x9B, 0x17, 0x55, 0x00, 0x00, 0x03, 0x25, 0xC5, 0x5F, 0x11, 0x05, 0x6F, 0xF0, /* 7216 ~ 7231 */
    0xBF, 0x96, 0x41, 0x11, 0x26, 0xC2, 0xB1, 0x64, 0x22, 0xC4, 0x06, 0xC6, 0x2A, 0xC0, 0x01, 0x44, /* 7232 ~ 7247 */
    0x93, 0x84, 0x04, 0x35, 0x02, 0x45, 0xEF, 0x00, 0x10, 0x14, 0x0D, 0xC1, 0x05, 0x04, 0xE3, 0xFB, /* 7248 ~ 7263 */
    0x84, 0xFE, 0x13, 0x06, 0xC0, 0x04, 0x97, 0xB5, 0xF9, 0x81, 0x93, 0x85, 0x65, 0xCD, 0x17, 0xB5, /* 7264 ~ 7279 */
    0xF9, 0x81, 0x13, 0x05, 0xA5, 0xD1, 0xEF, 0x40, 0xE0, 0x3C, 0xE9, 0xBF, 0xB2, 0x40, 0x22, 0x44, /* 7280 ~ 7295 */
    0x92, 0x44, 0x41, 0x01, 0x82, 0x80, 0x51, 0x11, 0x06, 0xC4, 0xEF, 0x00, 0x30, 0x13, 0x19, 0xCD, /* 7296 ~ 7311 */
    0xA2, 0x40, 0x13, 0x06, 0x40, 0x05, 0x97, 0xB5, 0xF9, 0x81, 0x93, 0x85, 0x65, 0xC5, 0x17, 0xB5, /* 7312 ~ 7327 */
    0xF9, 0x81, 0x13, 0x05, 0xA5, 0xC9, 0x31, 0x01, 0x6F, 0x40, 0xC0, 0x39, 0xA2, 0x40, 0x31, 0x01, /* 7328 ~ 7343 */
    0x82, 0x80, 0x97, 0x97, 0xFA, 0x7F, 0x93, 0x87, 0x27, 0xEB, 0x17, 0x57, 0x00, 0x00, 0x23, 0x2B, /* 7344 ~ 7359 */
    0xF7, 0x56, 0x97, 0x57, 0x00, 0x00, 0x23, 0xA1, 0x07, 0x7C, 0x82, 0x80, 0x97, 0x57, 0x00, 0x00, /* 7360 ~ 7375 */
    0x83, 0xA7, 0x47, 0x56, 0x83, 0xD7, 0xE7, 0x02, 0x3E, 0x95, 0x82, 0x80, 0x03, 0x47, 0xC5, 0x00, /* 7376 ~ 7391 */
    0x93, 0x77, 0xF7, 0x0D, 0x99, 0xC1, 0x93, 0x67, 0x07, 0x02, 0x23, 0x06, 0xF5, 0x00, 0x82, 0x80, /* 7392 ~ 7407 */
    0x97, 0x57, 0x00, 0x00, 0x83, 0xA7, 0x07, 0x54, 0xF8, 0x47, 0xB4, 0x53, 0x05, 0x45, 0x18, 0x43, /* 7408 ~ 7423 */
    0x63, 0x86, 0xE6, 0x00, 0xE8, 0x53, 0x19, 0x8D, 0x13, 0x35, 0x15, 0x00, 0x82, 0x80, 0x97, 0x57, /* 7424 ~ 7439 */
    0x00, 0x00, 0x83, 0xA7, 0x27, 0x52, 0x83, 0xA7, 0x47, 0x08, 0x83, 0xD7, 0x07, 0x00, 0x33, 0x85, /* 7440 ~ 7455 */
    0xA7, 0x40, 0x13, 0x35, 0x15, 0x00, 0x82, 0x80, 0x97, 0x57, 0x00, 0x00, 0x83, 0xA7, 0x87, 0x50, /* 7456 ~ 7471 */
    0x83, 0xA7, 0x47, 0x08, 0x41, 0x11, 0x22, 0xC4, 0x26, 0xC2, 0x06, 0xC6, 0xAA, 0x85, 0x23, 0x80, /* 7472 ~ 7487 */
    0xA7, 0x00, 0x01, 0x44, 0x97, 0x54, 0x00, 0x00, 0x93, 0x84, 0xC4, 0x70, 0x83, 0xC7, 0x14, 0x03, /* 7488 ~ 7503 */
    0x63, 0x6B, 0xF4, 0x00, 0x22, 0x44, 0xB2, 0x40, 0x92, 0x44, 0x17, 0x55, 0x00, 0x00, 0x03, 0x25, /* 7504 ~ 7519 */
    0xE5, 0x4D, 0x41, 0x01, 0xA5, 0xBF, 0x93, 0x17, 0x14, 0x00, 0xA2, 0x97, 0x8A, 0x07, 0xA6, 0x97, /* 7520 ~ 7535 */
    0x88, 0x43, 0x2E, 0xC0, 0x05, 0x04, 0x9D, 0x37, 0x82, 0x45, 0x13, 0x74, 0xF4, 0x0F, 0xF9, 0xB7, /* 7536 ~ 7551 */
    0x51, 0x11, 0x22, 0xC2, 0x17, 0x54, 0x00, 0x00, 0x13, 0x04, 0xC4, 0x4A, 0x10, 0x40, 0x06, 0xC4, /* 7552 ~ 7567 */
    0x83, 0x47, 0xE6, 0x03, 0xBD, 0xCF, 0x83, 0x57, 0xC6, 0x03, 0x17, 0x57, 0x00, 0x00, 0x23, 0x11, /* 7568 ~ 7583 */
    0xF7, 0x4A, 0x05, 0x47, 0x63, 0x94, 0xE7, 0x06, 0x83, 0x47, 0x86, 0x08, 0x97, 0x55, 0x00, 0x00, /* 7584 ~ 7599 */
    0x93, 0x85, 0x45, 0x6A, 0x01, 0x47, 0xA3, 0x88, 0xF5, 0x02, 0x1D, 0x45, 0x05, 0x43, 0x83, 0xC7, /* 7600 ~ 7615 */
    0x15, 0x03, 0x63, 0x6C, 0xF7, 0x04, 0x17, 0x57, 0x00, 0x00, 0x23, 0x0D, 0x07, 0x6A, 0x17, 0x57, /* 7616 ~ 7631 */
    0x00, 0x00, 0x23, 0x0A, 0x07, 0x6A, 0x11, 0x47, 0x63, 0x7E, 0xF7, 0x00, 0x13, 0x06, 0x30, 0x1F, /* 7632 ~ 7647 */
    0x97, 0xB5, 0xF9, 0x81, 0x93, 0x85, 0xC5, 0xBA, 0x17, 0xB5, 0xF9, 0x81, 0x13, 0x05, 0x85, 0xBE, /* 7648 ~ 7663 */
    0xEF, 0x40, 0x40, 0x25, 0x1C, 0x40, 0xB8, 0x5B, 0x93, 0x87, 0x07, 0x04, 0x97, 0x56, 0x00, 0x00, /* 7664 ~ 7679 */
    0x23, 0xAE, 0xE6, 0x42, 0x17, 0x57, 0x00, 0x00, 0x23, 0x2E, 0xF7, 0x42, 0x1C, 0x40, 0x23, 0x8F, /* 7680 ~ 7695 */
    0x07, 0x02, 0xA2, 0x40, 0x12, 0x44, 0x31, 0x01, 0x82, 0x80, 0x93, 0x07, 0x87, 0x01, 0x8A, 0x07, /* 7696 ~ 7711 */
    0xB2, 0x97, 0x94, 0x43, 0x93, 0x17, 0x17, 0x00, 0xBA, 0x97, 0x8A, 0x07, 0xAE, 0x97, 0x94, 0xC3, /* 7712 ~ 7727 */
    0x83, 0xC2, 0x96, 0x00, 0x23, 0x91, 0xA6, 0x00, 0x23, 0x97, 0xA6, 0x00, 0x93, 0xF2, 0xF2, 0x07, /* 7728 ~ 7743 */
    0xA3, 0x84, 0x56, 0x00, 0x05, 0x07, 0x23, 0x82, 0x67, 0x00, 0x23, 0xA4, 0x07, 0x00, 0x13, 0x77, /* 7744 ~ 7759 */
    0xF7, 0x0F, 0xB5, 0xB7, 0x17, 0x57, 0x00, 0x00, 0x03, 0x57, 0x87, 0x3E, 0x85, 0x47, 0x63, 0x03, /* 7760 ~ 7775 */
    0xF7, 0x00, 0x82, 0x80, 0x97, 0x55, 0x00, 0x00, 0x93, 0x85, 0xC5, 0x5E, 0x83, 0xC7, 0x15, 0x03, /* 7776 ~ 7791 */
    0xED, 0xDB, 0x93, 0x96, 0x17, 0x00, 0xBE, 0x96, 0x8A, 0x06, 0xAE, 0x96, 0xAE, 0x87, 0x09, 0x46, /* 7792 ~ 7807 */
    0x21, 0xA0, 0xB1, 0x07, 0xE3, 0x8F, 0xF6, 0xFC, 0x98, 0x47, 0xE3, 0x1C, 0xC7, 0xFE, 0x98, 0x43, /* 7808 ~ 7823 */
    0x03, 0x07, 0x97, 0x00, 0x13, 0x55, 0xF7, 0x01, 0x23, 0x82, 0xA7, 0x00, 0xE3, 0x53, 0x07, 0xFE, /* 7824 ~ 7839 */
    0x23, 0xA4, 0x07, 0x00, 0x03, 0xC7, 0x25, 0x03, 0x7D, 0x17, 0x23, 0x89, 0xE5, 0x02, 0xD1, 0xBF, /* 7840 ~ 7855 */
    0x17, 0x57, 0x00, 0x00, 0x03, 0x57, 0xC7, 0x38, 0x85, 0x47, 0x63, 0x16, 0xF7, 0x06, 0x21, 0x11, /* 7856 ~ 7871 */
    0x22, 0xC8, 0x06, 0xCA, 0x17, 0x54, 0x00, 0x00, 0x13, 0x04, 0xC4, 0x58, 0x03, 0x47, 0x24, 0x03, /* 7872 ~ 7887 */
    0x83, 0x47, 0x14, 0x03, 0x3A, 0xC4, 0x3E, 0xC0, 0x63, 0x79, 0xF7, 0x04, 0x26, 0xC6, 0x83, 0x44, /* 7888 ~ 7903 */
    0x04, 0x03, 0xA6, 0x97, 0x3E, 0xC2, 0x21, 0xA0, 0x92, 0x47, 0x63, 0x85, 0x97, 0x04, 0x82, 0x45, /* 7904 ~ 7919 */
    0x26, 0x85, 0x85, 0x04, 0xEF, 0xE0, 0xCF, 0xC4, 0x93, 0x17, 0x15, 0x00, 0xAA, 0x97, 0x8A, 0x07, /* 7920 ~ 7935 */
    0xA2, 0x97, 0x94, 0x47, 0xF5, 0xF2, 0x22, 0x47, 0x88, 0x43, 0x85, 0x46, 0x05, 0x07, 0x23, 0x09, /* 7936 ~ 7951 */
    0xE4, 0x02, 0x94, 0xC7, 0x17, 0x57, 0x00, 0x00, 0x23, 0x20, 0xF7, 0x32, 0xD2, 0x40, 0x42, 0x44, /* 7952 ~ 7967 */
    0xB2, 0x44, 0x61, 0x01, 0x82, 0x80, 0x01, 0x45, 0x82, 0x80, 0xD2, 0x40, 0x42, 0x44, 0x01, 0x45, /* 7968 ~ 7983 */
    0x61, 0x01, 0x82, 0x80, 0x01, 0x45, 0xDD, 0xB7, 0x97, 0x57, 0x00, 0x00, 0x83, 0xD7, 0x47, 0x30, /* 7984 ~ 7999 */
    0x05, 0x47, 0x63, 0x83, 0xE7, 0x00, 0x82, 0x80, 0x17, 0x57, 0x00, 0x00, 0x03, 0x27, 0xC7, 0x2E, /* 8000 ~ 8015 */
    0x14, 0x43, 0xE3, 0x9A, 0xA6, 0xFE, 0x14, 0x47, 0xE3, 0x97, 0xF6, 0xFE, 0x23, 0x24, 0x07, 0x00, /* 8016 ~ 8031 */
    0x17, 0x57, 0x00, 0x00, 0x13, 0x07, 0x07, 0x4F, 0x83, 0x47, 0x27, 0x03, 0xFD, 0x17, 0x23, 0x09, /* 8032 ~ 8047 */
    0xF7, 0x02, 0x82, 0x80, 0x01, 0x11, 0x22, 0xCC, 0x06, 0xCE, 0x26, 0xCA, 0x17, 0x54, 0x00, 0x00, /* 8048 ~ 8063 */
    0x13, 0x04, 0x44, 0x4D, 0x03, 0x46, 0x04, 0x03, 0x08, 0x08, 0x32, 0xC0, 0xEF, 0x30, 0x50, 0x37, /* 8064 ~ 8079 */
    0x97, 0x57, 0x00, 0x00, 0x83, 0xC7, 0x47, 0x2B, 0xB1, 0xEB, 0x02, 0x46, 0x05, 0x47, 0x54, 0x58, /* 8080 ~ 8095 */
    0x93, 0x13, 0x16, 0x00, 0xB3, 0x87, 0xC3, 0x00, 0x8A, 0x07, 0xA2, 0x97, 0x8C, 0x47, 0x63, 0x8B, /* 8096 ~ 8111 */
    0xE5, 0x04, 0x01, 0x47, 0x97, 0x54, 0x00, 0x00, 0x93, 0x84, 0xC4, 0x28, 0x03, 0xA3, 0x04, 0x00, /* 8112 ~ 8127 */
    0x97, 0x52, 0x00, 0x00, 0x93, 0x82, 0x82, 0x27, 0x83, 0xA5, 0x02, 0x00, 0x83, 0x20, 0x43, 0x01, /* 8128 ~ 8143 */
    0xB3, 0x87, 0xC3, 0x00, 0x8A, 0x07, 0x03, 0xA5, 0x00, 0x00, 0xA2, 0x97, 0x63, 0x0F, 0xB5, 0x0A, /* 8144 ~ 8159 */
    0x83, 0x20, 0xC3, 0x01, 0x03, 0xA6, 0x00, 0x00, 0x63, 0x80, 0xC5, 0x02, 0x81, 0x44, 0x5C, 0x58, /* 8160 ~ 8175 */
    0xC9, 0xC7, 0x42, 0x45, 0xEF, 0x30, 0x50, 0x31, 0xF2, 0x40, 0x62, 0x44, 0x26, 0x85, 0xD2, 0x44, /* 8176 ~ 8191 */
    0x05, 0x61, 0x82, 0x80, 0x98, 0x43, 0x7D, 0xB7, 0x03, 0x23, 0x83, 0x01, 0x03, 0x23, 0x03, 0x00, /* 8192 ~ 8207 */
    0x63, 0x84, 0x06, 0x18, 0x23, 0xA0, 0xD0, 0x00, 0x3E, 0xC6, 0x1A, 0xC4, 0x2A, 0xC2, 0x36, 0xC0, /* 8208 ~ 8223 */
    0x17, 0x57, 0x00, 0x00, 0x23, 0x22, 0x07, 0x46, 0xEF, 0x20, 0x80, 0x26, 0x82, 0x46, 0x12, 0x45, /* 8224 ~ 8239 */
    0x97, 0x52, 0x00, 0x00, 0x93, 0x82, 0x82, 0x20, 0x03, 0xA6, 0x02, 0x00, 0x22, 0x43, 0xB2, 0x47, /* 8240 ~ 8255 */
    0xB6, 0x83, 0x81, 0x44, 0xAA, 0x86, 0x03, 0xC7, 0x93, 0x00, 0x13, 0x77, 0xF7, 0x07, 0xA3, 0x84, /* 8256 ~ 8271 */
    0xE3, 0x00, 0xE3, 0x1E, 0xC3, 0xF8, 0xE3, 0x9C, 0x66, 0xF8, 0xE3, 0x9A, 0xD3, 0xF8, 0x94, 0x47, /* 8272 ~ 8287 */
    0x09, 0x47, 0xE3, 0x96, 0xE6, 0xF8, 0x98, 0x43, 0x83, 0x47, 0x97, 0x00, 0x93, 0xE7, 0x07, 0xF8, /* 8288 ~ 8303 */
    0xA3, 0x04, 0xF7, 0x00, 0xEF, 0x20, 0xC0, 0x22, 0x9D, 0xBF, 0x11, 0x45, 0xEF, 0xF0, 0x7F, 0xBC, /* 8304 ~ 8319 */
    0x97, 0x57, 0x00, 0x00, 0x83, 0xA7, 0x07, 0x1C, 0x9C, 0x4B, 0x11, 0x45, 0x98, 0x43, 0x58, 0xD8, /* 8320 ~ 8335 */
    0x23, 0xA0, 0x07, 0x00, 0xEF, 0xF0, 0x3F, 0xBF, 0xA9, 0xBF, 0xA9, 0xCA, 0x23, 0xA0, 0xD0, 0x00, /* 8336 ~ 8351 */
    0x3A, 0xC4, 0x3E, 0xC2, 0x36, 0xC0, 0x17, 0x56, 0x00, 0x00, 0x23, 0x2F, 0x06, 0x3C, 0xEF, 0x20, /* 8352 ~ 8367 */
    0x20, 0x1E, 0x82, 0x46, 0x88, 0x40, 0x97, 0x52, 0x00, 0x00, 0x93, 0x82, 0x22, 0x18, 0x83, 0xC5, /* 8368 ~ 8383 */
    0x96, 0x00, 0x03, 0xA6, 0x02, 0x00, 0x92, 0x47, 0x93, 0xF5, 0xF5, 0x07, 0xA3, 0x84, 0xB6, 0x00, /* 8384 ~ 8399 */
    0x83, 0x20, 0xC5, 0x01, 0x0C, 0x4D, 0x22, 0x47, 0x83, 0xA3, 0x00, 0x00, 0x03, 0xA3, 0x05, 0x00, /* 8400 ~ 8415 */
    0x63, 0x88, 0xC3, 0x12, 0x1D, 0x45, 0x93, 0x04, 0x95, 0xFF, 0xA5, 0xB7, 0x55, 0xC3, 0x23, 0xA0, /* 8416 ~ 8431 */
    0xE0, 0x00, 0x94, 0x40, 0x83, 0xA0, 0x46, 0x01, 0x83, 0xA6, 0x00, 0x00, 0xE3, 0x99, 0xE6, 0xFE, /* 8432 ~ 8447 */
    0x03, 0x45, 0x04, 0x03, 0xB3, 0x86, 0xC3, 0x00, 0x83, 0x45, 0x14, 0x03, 0x8A, 0x06, 0x09, 0x46, /* 8448 ~ 8463 */
    0xA2, 0x96, 0x05, 0x05, 0x90, 0xC6, 0x13, 0x75, 0xF5, 0x0F, 0x3A, 0xC4, 0x3E, 0xC2, 0xEF, 0xE0, /* 8464 ~ 8479 */
    0xEF, 0x9F, 0xB7, 0x06, 0x15, 0x42, 0x23, 0x08, 0xA4, 0x02, 0x03, 0xA5, 0x86, 0x21, 0x2A, 0xC0, /* 8480 ~ 8495 */
    0xEF, 0x20, 0x00, 0x15, 0x22, 0x47, 0x97, 0x52, 0x00, 0x00, 0x93, 0x82, 0x22, 0x10, 0x03, 0xA3, /* 8496 ~ 8511 */
    0x04, 0x00, 0x03, 0xA6, 0x02, 0x00, 0x02, 0x45, 0x92, 0x47, 0xBA, 0x86, 0x03, 0xC7, 0x96, 0x00, /* 8512 ~ 8527 */
    0x13, 0x77, 0xF7, 0x07, 0xA3, 0x84, 0xE6, 0x00, 0x83, 0x20, 0xC3, 0x01, 0x03, 0x27, 0x83, 0x01, /* 8528 ~ 8543 */
    0x83, 0xA3, 0x00, 0x00, 0x03, 0x23, 0x07, 0x00, 0xE3, 0x1F, 0x76, 0xF6, 0xB2, 0x85, 0x83, 0x43, /* 8544 ~ 8559 */
    0x04, 0x03, 0x05, 0x47, 0x93, 0x97, 0x13, 0x00, 0x9E, 0x97, 0x8A, 0x07, 0xA2, 0x97, 0x83, 0xA3, /* 8560 ~ 8575 */
    0x87, 0x00, 0x63, 0x89, 0xE3, 0x08, 0xB2, 0x83, 0x93, 0x04, 0x95, 0xFF, 0x2E, 0x86, 0x65, 0xBD, /* 8576 ~ 8591 */
    0xAA, 0x86, 0x2A, 0x86, 0x1D, 0x45, 0x5D, 0xBF, 0xAA, 0x86, 0x1D, 0x45, 0x69, 0xDB, 0xE3, 0x84, /* 8592 ~ 8607 */
    0xE6, 0xFE, 0xE3, 0x02, 0xE3, 0xFE, 0x23, 0xA0, 0xE0, 0x00, 0x90, 0x40, 0x83, 0x20, 0xC6, 0x01, /* 8608 ~ 8623 */
    0x03, 0xA6, 0x00, 0x00, 0xE3, 0x19, 0xE6, 0xFE, 0x17, 0x56, 0x00, 0x00, 0x03, 0x26, 0x86, 0x07, /* 8624 ~ 8639 */
    0x83, 0x25, 0x06, 0x08, 0x09, 0x46, 0x3A, 0xC6, 0x23, 0x80, 0xC5, 0x00, 0x90, 0xC7, 0x03, 0x45, /* 8640 ~ 8655 */
    0x04, 0x03, 0x83, 0x45, 0x14, 0x03, 0x36, 0xC4, 0x05, 0x05, 0x13, 0x75, 0xF5, 0x0F, 0x1A, 0xC2, /* 8656 ~ 8671 */
    0x3E, 0xC0, 0xEF, 0xE0, 0xAF, 0x93, 0x37, 0x06, 0x15, 0x42, 0x23, 0x08, 0xA4, 0x02, 0x83, 0x24, /* 8672 ~ 8687 */
    0x86, 0x21, 0xEF, 0x20, 0xE0, 0x08, 0x32, 0x47, 0x97, 0x52, 0x00, 0x00, 0x93, 0x82, 0x02, 0x04, /* 8688 ~ 8703 */
    0x03, 0xA6, 0x02, 0x00, 0xA2, 0x46, 0x12, 0x43, 0x82, 0x47, 0xE5, 0x14, 0xBA, 0x83, 0x25, 0xBD, /* 8704 ~ 8719 */
    0xB2, 0x85, 0x61, 0xB7, 0x98, 0x43, 0x41, 0xF7, 0xBD, 0xB7, 0x51, 0x11, 0x22, 0xC2, 0x17, 0x54, /* 8720 ~ 8735 */
    0x00, 0x00, 0x13, 0x04, 0x24, 0x01, 0x1C, 0x40, 0x26, 0xC0, 0x06, 0xC4, 0xF8, 0x4B, 0xFC, 0x53, /* 8736 ~ 8751 */
    0x1C, 0xC3, 0x1C, 0x40, 0xF8, 0x4F, 0xFC, 0x57, 0x1C, 0xC3, 0x04, 0x40, 0xFC, 0x44, 0x88, 0x43, /* 8752 ~ 8767 */
    0xEF, 0xF0, 0x1F, 0xAB, 0xBC, 0x48, 0x01, 0xCD, 0xB8, 0x50, 0x98, 0xC3, 0x1C, 0x40, 0xB8, 0x4F, /* 8768 ~ 8783 */
    0xBC, 0x57, 0xA2, 0x40, 0x12, 0x44, 0x1C, 0xC3, 0x82, 0x44, 0x31, 0x01, 0x82, 0x80, 0xF8, 0x50, /* 8784 ~ 8799 */
    0x98, 0xC3, 0x1C, 0x40, 0xB8, 0x4F, 0xFC, 0x57, 0xED, 0xB7, 0x31, 0x11, 0x13, 0x57, 0x05, 0x01, /* 8800 ~ 8815 */
    0x06, 0xC8, 0x22, 0xC6, 0x26, 0xC4, 0x32, 0xC0, 0x93, 0x57, 0x85, 0x01, 0x13, 0x77, 0xF7, 0x0F, /* 8816 ~ 8831 */
    0x63, 0x8A, 0xE7, 0x04, 0xFD, 0x17, 0x85, 0x46, 0x13, 0x74, 0xF5, 0x01, 0x71, 0x55, 0x63, 0xEA, /* 8832 ~ 8847 */
    0xF6, 0x02, 0x7D, 0x17, 0x63, 0xE7, 0xE6, 0x02, 0x48, 0x00, 0xAE, 0x84, 0xEF, 0x30, 0x50, 0x06, /* 8848 ~ 8863 */
    0xB7, 0x07, 0x2B, 0x42, 0xB3, 0x85, 0xF4, 0x00, 0x02, 0x46, 0x98, 0x41, 0x85, 0x46, 0xB3, 0x97, /* 8864 ~ 8879 */
    0x86, 0x00, 0x63, 0x1D, 0xD6, 0x00, 0xD9, 0x8F, 0x9C, 0xC1, 0x12, 0x45, 0xEF, 0x30, 0xD0, 0x04, /* 8880 ~ 8895 */
    0x01, 0x45, 0xC2, 0x40, 0x32, 0x44, 0xA2, 0x44, 0x51, 0x01, 0x82, 0x80, 0x93, 0xC7, 0xF7, 0xFF, /* 8896 ~ 8911 */
    0xF9, 0x8F, 0xDD, 0xB7, 0x71, 0x55, 0xF5, 0xB7, 0x51, 0x11, 0x97, 0x05, 0x00, 0x00, 0x93, 0x85, /* 8912 ~ 8927 */
    0x65, 0x15, 0x71, 0x45, 0x06, 0xC4, 0xEF, 0x30, 0x20, 0x7F, 0x71, 0x45, 0xEF, 0x30, 0xC0, 0x7F, /* 8928 ~ 8943 */
    0xA2, 0x40, 0x01, 0x45, 0x31, 0x01, 0x82, 0x80, 0x21, 0x11, 0x93, 0x76, 0xF5, 0x01, 0x06, 0xCA, /* 8944 ~ 8959 */
    0x22, 0xC8, 0x26, 0xC6, 0x36, 0xC2, 0xB5, 0xC5, 0x13, 0x16, 0x85, 0x00, 0xAE, 0x84, 0x29, 0x8E, /* 8960 ~ 8975 */
    0xB7, 0x05, 0x00, 0x01, 0x13, 0x57, 0x85, 0x01, 0x93, 0x57, 0x05, 0x01, 0x71, 0x55, 0x63, 0x62, /* 8976 ~ 8991 */
    0xB6, 0x04, 0x7D, 0x17, 0x05, 0x44, 0x63, 0x6E, 0xE4, 0x02, 0x93, 0xF7, 0xF7, 0x0F, 0x13, 0x87, /* 8992 ~ 9007 */
    0xF7, 0xFF, 0x3E, 0xC0, 0x63, 0x67, 0xE4, 0x02, 0x28, 0x00, 0xEF, 0x30, 0x60, 0x7C, 0x92, 0x46, /* 9008 ~ 9023 */
    0x82, 0x47, 0x09, 0x47, 0x33, 0x14, 0xD4, 0x00, 0x63, 0x82, 0xE7, 0x02, 0xB7, 0x07, 0x2C, 0x42, /* 9024 ~ 9039 */
    0xDC, 0x47, 0x22, 0x45, 0xE1, 0x8F, 0xB3, 0x37, 0xF0, 0x00, 0x9C, 0xC0, 0xEF, 0x30, 0xC0, 0x7A, /* 9040 ~ 9055 */
    0x01, 0x45, 0xD2, 0x40, 0x42, 0x44, 0xB2, 0x44, 0x61, 0x01, 0x82, 0x80, 0xB7, 0x07, 0x2B, 0x42, /* 9056 ~ 9071 */
    0xC5, 0xB7, 0x71, 0x55, 0xFD, 0xB7, 0xC1, 0x77, 0xE9, 0x8F, 0x37, 0x07, 0x01, 0x02, 0x63, 0x9C, /* 9072 ~ 9087 */
    0xE7, 0x08, 0x11, 0x11, 0x22, 0xCA, 0x26, 0xC8, 0x06, 0xCC, 0x13, 0x74, 0x05, 0x01, 0x93, 0x74, /* 9088 ~ 9103 */
    0xF5, 0x01, 0x19, 0xC0, 0x71, 0x55, 0xB1, 0xE1, 0x68, 0x00, 0x32, 0xC2, 0x2E, 0xC0, 0xEF, 0x30, /* 9104 ~ 9119 */
    0x20, 0x76, 0x12, 0x46, 0x82, 0x45, 0x85, 0x47, 0xB3, 0x97, 0x97, 0x00, 0x37, 0x07, 0x2C, 0x42, /* 9120 ~ 9135 */
    0x58, 0x47, 0x7D, 0x8F, 0x11, 0xCF, 0x01, 0xCE, 0x7D, 0x16, 0x51, 0x45, 0x2E, 0xC4, 0x3E, 0xC2, /* 9136 ~ 9151 */
    0x32, 0xC0, 0xEF, 0x20, 0x30, 0x78, 0x02, 0x46, 0x92, 0x47, 0xA2, 0x45, 0xC5, 0xB7, 0x05, 0x47, /* 9152 ~ 9167 */
    0x32, 0x45, 0x09, 0xCB, 0xEF, 0x30, 0x40, 0x73, 0x75, 0x55, 0xE2, 0x40, 0x52, 0x44, 0xC2, 0x44, /* 9168 ~ 9183 */
    0x71, 0x01, 0x82, 0x80, 0x05, 0xE0, 0x94, 0x41, 0x8E, 0x04, 0x17, 0x87, 0xFA, 0x7F, 0x13, 0x07, /* 9184 ~ 9199 */
    0xA7, 0x1A, 0x26, 0x97, 0x14, 0xC3, 0xD8, 0x41, 0x97, 0x86, 0xFA, 0x7F, 0x93, 0x86, 0x06, 0x1A, /* 9200 ~ 9215 */
    0xB6, 0x94, 0x98, 0xC0, 0x37, 0x07, 0x2C, 0x42, 0x54, 0x43, 0xD5, 0x8F, 0x5C, 0xC3, 0xEF, 0x30, /* 9216 ~ 9231 */
    0xA0, 0x6F, 0x01, 0x45, 0xD9, 0xB7, 0x71, 0x55, 0x82, 0x80, 0x7D, 0x56, 0xA9, 0xBF, 0x05, 0x46, /* 9232 ~ 9247 */
    0xA1, 0x45, 0xA1, 0xB5, 0x05, 0x46, 0x81, 0x45, 0x89, 0xB5, 0x01, 0x46, 0x81, 0x45, 0x35, 0xBD, /* 9248 ~ 9263 */
    0xB7, 0x07, 0x2B, 0x42, 0xDC, 0x47, 0x31, 0x11, 0x26, 0xC4, 0x3E, 0xC2, 0x97, 0x87, 0xFA, 0x7F, /* 9264 ~ 9279 */
    0x93, 0x87, 0x87, 0x1D, 0x06, 0xC8, 0x22, 0xC6, 0x3E, 0xC0, 0x81, 0x44, 0x92, 0x47, 0x05, 0x47, /* 9280 ~ 9295 */
    0x33, 0x17, 0x97, 0x00, 0xB3, 0x76, 0xF7, 0x00, 0xB1, 0xC2, 0xB7, 0x06, 0x2B, 0x42, 0x94, 0x42, /* 9296 ~ 9311 */
    0x75, 0x8F, 0x0D, 0xEF, 0x37, 0x04, 0x02, 0x01, 0x45, 0x8C, 0x22, 0x85, 0x65, 0x3F, 0x13, 0x97, /* 9312 ~ 9327 */
    0x24, 0x00, 0x97, 0x57, 0x00, 0x00, 0x93, 0x87, 0x67, 0xA7, 0x3E, 0x97, 0x14, 0x43, 0x91, 0xE2, /* 9328 ~ 9343 */
    0x01, 0xA0, 0x18, 0x43, 0x01, 0xCB, 0xBD, 0x46, 0x81, 0x45, 0x63, 0xE3, 0x96, 0x00, 0x82, 0x45, /* 9344 ~ 9359 */
    0x22, 0x85, 0x02, 0x97, 0x22, 0x85, 0x61, 0x37, 0x22, 0x85, 0x41, 0x3F, 0x82, 0x47, 0x85, 0x04, /* 9360 ~ 9375 */
    0x13, 0x07, 0x00, 0x02, 0xA1, 0x07, 0x3E, 0xC0, 0xE3, 0x92, 0xE4, 0xFA, 0xC2, 0x40, 0x32, 0x44, /* 9376 ~ 9391 */
    0xA2, 0x44, 0x51, 0x01, 0x82, 0x80, 0x82, 0x80, 0x82, 0x80, 0x82, 0x80, 0x82, 0x80, 0x82, 0x80, /* 9392 ~ 9407 */
    0x82, 0x80, 0x82, 0x80, 0x82, 0x80, 0x82, 0x80, 0x82, 0x80, 0x82, 0x80, 0x82, 0x80, 0x82, 0x80, /* 9408 ~ 9423 */
    0x82, 0x80, 0x82, 0x80, 0x82, 0x80, 0x82, 0x80, 0x82, 0x80, 0x82, 0x80, 0x82, 0x80, 0x82, 0x80, /* 9424 ~ 9439 */
    0x82, 0x80, 0x82, 0x80, 0x82, 0x80, 0x82, 0x80, 0x82, 0x80, 0x82, 0x80, 0x82, 0x80, 0x51, 0x11, /* 9440 ~ 9455 */
    0x26, 0xC0, 0x06, 0xC4, 0x22, 0xC2, 0x85, 0x47, 0xFD, 0x54, 0x63, 0xEB, 0xA7, 0x02, 0x2A, 0x84, /* 9456 ~ 9471 */
    0xAE, 0x84, 0x63, 0x00, 0xF5, 0x02, 0xAE, 0x87, 0x01, 0x47, 0x89, 0x46, 0x17, 0xA6, 0xF9, 0x81, /* 9472 ~ 9487 */
    0x13, 0x06, 0x86, 0x55, 0x89, 0x45, 0x17, 0x55, 0x00, 0x00, 0x13, 0x05, 0xE5, 0xB4, 0xEF, 0x30, /* 9488 ~ 9503 */
    0x10, 0x56, 0x0A, 0x04, 0x97, 0x87, 0xFA, 0x7F, 0x93, 0x87, 0x07, 0x17, 0x3E, 0x94, 0x04, 0xC0, /* 9504 ~ 9519 */
    0xA2, 0x40, 0x12, 0x44, 0x26, 0x85, 0x82, 0x44, 0x31, 0x01, 0x82, 0x80, 0x31, 0x11, 0x2A, 0xC0, /* 9520 ~ 9535 */
    0x48, 0x00, 0x22, 0xC6, 0x26, 0xC4, 0x06, 0xC8, 0xEF, 0x30, 0x80, 0x5B, 0x02, 0x47, 0xB7, 0x04, /* 9536 ~ 9551 */
    0x2A, 0x42, 0xDC, 0x40, 0x05, 0x44, 0x33, 0x14, 0xE4, 0x00, 0xE1, 0x8F, 0x91, 0xCB, 0x12, 0x45, /* 9552 ~ 9567 */
    0xEF, 0x30, 0x80, 0x5A, 0x7D, 0x55, 0xC2, 0x40, 0x32, 0x44, 0xA2, 0x44, 0x51, 0x01, 0x82, 0x80, /* 9568 ~ 9583 */
    0x23, 0xA0, 0x84, 0x20, 0x12, 0x45, 0xEF, 0x30, 0x20, 0x59, 0xDC, 0x40, 0x33, 0x75, 0xF4, 0x00, /* 9584 ~ 9599 */
    0x13, 0x35, 0x15, 0x00, 0x33, 0x05, 0xA0, 0x40, 0xF9, 0xBF, 0xFD, 0x47, 0x63, 0xE3, 0xA7, 0x00, /* 9600 ~ 9615 */
    0x75, 0xB7, 0x75, 0x55, 0x82, 0x80, 0x37, 0x07, 0x2A, 0x42, 0x54, 0x43, 0x85, 0x47, 0x33, 0x95, /* 9616 ~ 9631 */
    0xA7, 0x00, 0xE9, 0x8E, 0x91, 0xEA, 0x23, 0x20, 0xA7, 0x20, 0x5C, 0x43, 0x7D, 0x8D, 0x13, 0x35, /* 9632 ~ 9647 */
    0x15, 0x00, 0x33, 0x05, 0xA0, 0x40, 0x82, 0x80, 0x7D, 0x55, 0x82, 0x80, 0x37, 0x07, 0x2A, 0x42, /* 9648 ~ 9663 */
    0x54, 0x43, 0x85, 0x47, 0x33, 0x95, 0xA7, 0x00, 0xE9, 0x8E, 0x99, 0xE2, 0x79, 0x55, 0x82, 0x80, /* 9664 ~ 9679 */
    0x23, 0x22, 0xA7, 0x20, 0x5C, 0x43, 0x7D, 0x8D, 0x75, 0xF9, 0x82, 0x80, 0x17, 0x57, 0x00, 0x00, /* 9680 ~ 9695 */
    0x03, 0x27, 0x07, 0xB9, 0x85, 0x47, 0xB3, 0x97, 0xA7, 0x00, 0x28, 0x47, 0x5D, 0x8D, 0x28, 0xC7, /* 9696 ~ 9711 */
    0x82, 0x80, 0x97, 0x56, 0x00, 0x00, 0x83, 0xA6, 0xA6, 0xB7, 0xB8, 0x46, 0x85, 0x47, 0xB3, 0x97, /* 9712 ~ 9727 */
    0xA7, 0x00, 0x93, 0xC7, 0xF7, 0xFF, 0xF9, 0x8F, 0xBC, 0xC6, 0x82, 0x80, 0x19, 0xC5, 0x97, 0x57, /* 9728 ~ 9743 */
    0x00, 0x00, 0x83, 0xA7, 0xE7, 0xB5, 0xFC, 0x47, 0x1C, 0xC1, 0x82, 0x80, 0x97, 0x57, 0x00, 0x00, /* 9744 ~ 9759 */
    0x83, 0xA7, 0x07, 0xB5, 0xE8, 0x43, 0x82, 0x80, 0x97, 0x57, 0x00, 0x00, 0x83, 0xA7, 0x47, 0xB4, /* 9760 ~ 9775 */
    0x98, 0x47, 0x18, 0xC1, 0xD8, 0x47, 0x98, 0xC1, 0x9C, 0x4B, 0x1C, 0xC2, 0x82, 0x80, 0x93, 0x97, /* 9776 ~ 9791 */
    0x35, 0x00, 0xAE, 0x97, 0x17, 0x57, 0x00, 0x00, 0x03, 0x27, 0x87, 0xB2, 0x9A, 0x07, 0xB3, 0x05, /* 9792 ~ 9807 */
    0xF7, 0x00, 0x83, 0xD6, 0x25, 0x06, 0xF8, 0x51, 0xC1, 0x67, 0xFD, 0x17, 0x23, 0x00, 0xD5, 0x00, /* 9808 ~ 9823 */
    0x7D, 0x8F, 0xA1, 0x82, 0xA3, 0x00, 0xD5, 0x00, 0x93, 0x16, 0x07, 0x01, 0x23, 0x01, 0xE5, 0x00, /* 9824 ~ 9839 */
    0x13, 0xD7, 0x86, 0x01, 0xA3, 0x01, 0xE5, 0x00, 0x03, 0xC7, 0x65, 0x06, 0x23, 0x02, 0xE5, 0x00, /* 9840 ~ 9855 */
    0x03, 0xD7, 0x65, 0x06, 0x21, 0x83, 0xA3, 0x02, 0xE5, 0x00, 0x03, 0xC7, 0x85, 0x06, 0x23, 0x03, /* 9856 ~ 9871 */
    0xE5, 0x00, 0x03, 0xC7, 0x95, 0x06, 0xA3, 0x03, 0xE5, 0x00, 0x83, 0xD6, 0xA5, 0x06, 0xF8, 0x55, /* 9872 ~ 9887 */
    0x23, 0x04, 0xD5, 0x00, 0x7D, 0x8F, 0xA1, 0x82, 0xA3, 0x04, 0xD5, 0x00, 0x93, 0x16, 0x07, 0x01, /* 9888 ~ 9903 */
    0x23, 0x05, 0xE5, 0x00, 0x13, 0xD7, 0x86, 0x01, 0xA3, 0x05, 0xE5, 0x00, 0x03, 0xA7, 0x85, 0x18, /* 9904 ~ 9919 */
    0x83, 0xD6, 0x65, 0x18, 0xF9, 0x8F, 0x13, 0x97, 0x07, 0x01, 0x23, 0x06, 0xD5, 0x00, 0x23, 0x07, /* 9920 ~ 9935 */
    0xF5, 0x00, 0xA1, 0x82, 0x93, 0x57, 0x87, 0x01, 0xA3, 0x06, 0xD5, 0x00, 0xA3, 0x07, 0xF5, 0x00, /* 9936 ~ 9951 */
    0x82, 0x80, 0x13, 0x97, 0x35, 0x00, 0x2E, 0x97, 0x97, 0x57, 0x00, 0x00, 0x83, 0xA7, 0x47, 0xA8, /* 9952 ~ 9967 */
    0x1A, 0x07, 0xB3, 0x85, 0xE7, 0x00, 0x03, 0xD7, 0x25, 0x06, 0xFC, 0x51, 0xC1, 0x66, 0xFD, 0x16, /* 9968 ~ 9983 */
    0xF5, 0x8F, 0x23, 0x00, 0xE5, 0x00, 0x21, 0x83, 0xA3, 0x00, 0xE5, 0x00, 0x13, 0x97, 0x07, 0x01, /* 9984 ~ 9999 */
    0x23, 0x01, 0xF5, 0x00, 0x93, 0x57, 0x87, 0x01, 0xA3, 0x01, 0xF5, 0x00, 0x03, 0xD7, 0x65, 0x06, /* 10000 ~ 10015 */
    0xBC, 0x55, 0x23, 0x02, 0xE5, 0x00, 0xF5, 0x8F, 0x21, 0x83, 0xA3, 0x02, 0xE5, 0x00, 0x13, 0x97, /* 10016 ~ 10031 */
    0x07, 0x01, 0x23, 0x03, 0xF5, 0x00, 0x93, 0x57, 0x87, 0x01, 0xA3, 0x03, 0xF5, 0x00, 0x82, 0x80, /* 10032 ~ 10047 */
    0x17, 0x55, 0x00, 0x00, 0x03, 0x25, 0xC5, 0xB4, 0x82, 0x80, 0x17, 0x55, 0x00, 0x00, 0x03, 0x25, /* 10048 ~ 10063 */
    0xE5, 0xB3, 0x82, 0x80, 0x17, 0x55, 0x00, 0x00, 0x03, 0x25, 0x45, 0xB0, 0x82, 0x80, 0x41, 0x11, /* 10064 ~ 10079 */
    0x06, 0xC6, 0x22, 0xC4, 0x26, 0xC2, 0x2A, 0x84, 0xEF, 0x10, 0x10, 0x25, 0x22, 0x85, 0x97, 0x57, /* 10080 ~ 10095 */
    0x00, 0x00, 0x23, 0xAB, 0x07, 0xAE, 0xEF, 0x10, 0x70, 0x65, 0x1C, 0x48, 0x81, 0xCB, 0x17, 0x57, /* 10096 ~ 10111 */
    0x00, 0x00, 0x13, 0x07, 0xA7, 0xE4, 0x1C, 0x43, 0x85, 0x07, 0x1C, 0xC3, 0x1C, 0x44, 0x99, 0xE3, /* 10112 ~ 10127 */
    0x5C, 0x44, 0xD1, 0xC7, 0x17, 0x57, 0x00, 0x00, 0x13, 0x07, 0x47, 0xE3, 0x5C, 0x43, 0x85, 0x07, /* 10128 ~ 10143 */
    0x5C, 0xC3, 0x05, 0x45, 0x97, 0x54, 0x00, 0x00, 0x93, 0x84, 0x04, 0xAC, 0x88, 0xC0, 0x8A, 0x85, /* 10144 ~ 10159 */
    0x49, 0x45, 0xEF, 0x20, 0x30, 0x29, 0x82, 0x47, 0x81, 0xEB, 0x17, 0x57, 0x00, 0x00, 0x13, 0x07, /* 10160 ~ 10175 */
    0xE7, 0xE0, 0x1C, 0x4F, 0x85, 0x07, 0x1C, 0xCF, 0x9C, 0x40, 0x99, 0xEB, 0x97, 0x57, 0x00, 0x00, /* 10176 ~ 10191 */
    0x83, 0xA7, 0xC7, 0xAB, 0x9D, 0xEF, 0x97, 0x57, 0x00, 0x00, 0x83, 0xA7, 0xA7, 0xA8, 0x95, 0xCB, /* 10192 ~ 10207 */
    0x97, 0x57, 0x00, 0x00, 0x83, 0xA7, 0xC7, 0xAA, 0x93, 0xF6, 0x07, 0x09, 0x13, 0x07, 0x00, 0x09, /* 10208 ~ 10223 */
    0x63, 0x95, 0xE6, 0x04, 0x97, 0x56, 0x00, 0x00, 0x83, 0xA6, 0x06, 0xA8, 0x17, 0x56, 0x00, 0x00, /* 10224 ~ 10239 */
    0x03, 0x26, 0xC6, 0xA7, 0x97, 0x55, 0x00, 0x00, 0x83, 0xA5, 0x45, 0xA8, 0x22, 0x85, 0xEF, 0x10, /* 10240 ~ 10255 */
    0xA0, 0x08, 0xB2, 0x40, 0x22, 0x44, 0x92, 0x44, 0x01, 0x45, 0x41, 0x01, 0x82, 0x80, 0x97, 0x57, /* 10256 ~ 10271 */
    0x00, 0x00, 0x83, 0xA7, 0xA7, 0xA6, 0x91, 0xC7, 0x97, 0x57, 0x00, 0x00, 0x83, 0xA7, 0x87, 0xA3, /* 10272 ~ 10287 */
    0xAD, 0xFB, 0xEF, 0x10, 0xE0, 0x5A, 0x35, 0xF5, 0xB5, 0xB7, 0x13, 0xF7, 0xC7, 0x05, 0x93, 0x06, /* 10288 ~ 10303 */
    0xC0, 0x05, 0x63, 0x1F, 0xD7, 0x00, 0x85, 0x46, 0x17, 0x56, 0x00, 0x00, 0x03, 0x26, 0x06, 0xA3, /* 10304 ~ 10319 */
    0x97, 0x55, 0x00, 0x00, 0x83, 0xA5, 0x85, 0xA3, 0x22, 0x85, 0xEF, 0x00, 0x10, 0x18, 0x55, 0xBF, /* 10320 ~ 10335 */
    0x93, 0xF7, 0x07, 0x02, 0xDD, 0xD7, 0x17, 0x56, 0x00, 0x00, 0x03, 0x26, 0x26, 0xA1, 0x97, 0x55, /* 10336 ~ 10351 */
    0x00, 0x00, 0x83, 0xA5, 0xA5, 0xA1, 0x22, 0x85, 0xEF, 0x10, 0x80, 0x40, 0x59, 0xBF, 0x41, 0x11, /* 10352 ~ 10367 */
    0x22, 0xC4, 0x2E, 0xC0, 0x2A, 0x84, 0x0C, 0x49, 0x48, 0x41, 0xA1, 0x47, 0x06, 0xC6, 0x26, 0xC2, /* 10368 ~ 10383 */
    0x97, 0x54, 0x00, 0x00, 0x93, 0x84, 0x04, 0x8E, 0x9C, 0xC0, 0xEF, 0x20, 0x40, 0x73, 0x22, 0x85, /* 10384 ~ 10399 */
    0xEF, 0x10, 0x10, 0x53, 0x97, 0x57, 0x00, 0x00, 0x93, 0x87, 0xC7, 0x9C, 0x58, 0x40, 0x94, 0x43, /* 10400 ~ 10415 */
    0x02, 0x46, 0x63, 0x0A, 0xD7, 0x00, 0x98, 0xC3, 0x17, 0x57, 0x00, 0x00, 0x13, 0x07, 0x07, 0xD1, /* 10416 ~ 10431 */
    0x5C, 0x4F, 0x85, 0x07, 0x5C, 0xCF, 0xA2, 0x85, 0x17, 0x55, 0x00, 0x00, 0x13, 0x05, 0x85, 0xBE, /* 10432 ~ 10447 */
    0x32, 0xC0, 0xEF, 0x10, 0xC0, 0x60, 0x02, 0x46, 0x88, 0xC0, 0xA2, 0x85, 0x17, 0x55, 0x00, 0x00, /* 10448 ~ 10463 */
    0x13, 0x05, 0x45, 0xBD, 0xEF, 0x10, 0x20, 0x6A, 0x09, 0xC5, 0x1C, 0x48, 0x99, 0xE3, 0x5C, 0x48, /* 10464 ~ 10479 */
    0x99, 0xCB, 0x85, 0x47, 0x17, 0x57, 0x00, 0x00, 0x13, 0x07, 0x07, 0x97, 0x1C, 0xC3, 0x97, 0x57, /* 10480 ~ 10495 */
    0x00, 0x00, 0x23, 0xAF, 0x07, 0x94, 0x97, 0x57, 0x00, 0x00, 0x93, 0x87, 0xE7, 0x95, 0x94, 0x43, /* 10496 ~ 10511 */
    0x97, 0x57, 0x00, 0x00, 0x93, 0x87, 0xC7, 0x97, 0x9C, 0x43, 0x97, 0x54, 0x00, 0x00, 0x83, 0xA4, /* 10512 ~ 10527 */
    0xE4, 0x92, 0xD5, 0x8C, 0x13, 0xF7, 0x07, 0x09, 0xC9, 0xC4, 0x13, 0x06, 0x00, 0x09, 0x63, 0x1E, /* 10528 ~ 10543 */
    0xC7, 0x02, 0x97, 0x56, 0x00, 0x00, 0x83, 0xA6, 0x26, 0x94, 0x17, 0x56, 0x00, 0x00, 0x03, 0x26, /* 10544 ~ 10559 */
    0xE6, 0x93, 0x97, 0x55, 0x00, 0x00, 0x83, 0xA5, 0x65, 0x94, 0x22, 0x85, 0xEF, 0x10, 0xC0, 0x0B, /* 10560 ~ 10575 */
    0x97, 0x57, 0x00, 0x00, 0x93, 0x87, 0x47, 0x91, 0x84, 0x43, 0x93, 0xB4, 0x14, 0x00, 0xB2, 0x40, /* 10576 ~ 10591 */
    0x22, 0x44, 0x26, 0x85, 0x92, 0x44, 0x41, 0x01, 0x82, 0x80, 0x13, 0xF7, 0xC7, 0x05, 0x13, 0x06, /* 10592 ~ 10607 */
    0xC0, 0x05, 0x63, 0x1F, 0xC7, 0x00, 0x85, 0x46, 0x17, 0x56, 0x00, 0x00, 0x03, 0x26, 0x06, 0x90, /* 10608 ~ 10623 */
    0x97, 0x55, 0x00, 0x00, 0x83, 0xA5, 0x85, 0x90, 0x22, 0x85, 0xEF, 0x00, 0x50, 0x05, 0xC9, 0xB7, /* 10624 ~ 10639 */
    0x93, 0xF7, 0x07, 0x02, 0xD5, 0xDF, 0xB3, 0x36, 0xD0, 0x00, 0x17, 0x56, 0x00, 0x00, 0x03, 0x26, /* 10640 ~ 10655 */
    0xE6, 0x8D, 0x97, 0x55, 0x00, 0x00, 0x83, 0xA5, 0x65, 0x8E, 0x22, 0x85, 0xEF, 0x10, 0x00, 0x37, /* 10656 ~ 10671 */
    0x45, 0xB7, 0x93, 0x06, 0x00, 0x09, 0x63, 0x15, 0xD7, 0x02, 0x17, 0x55, 0x00, 0x00, 0x03, 0x25, /* 10672 ~ 10687 */
    0x25, 0x8F, 0xEF, 0xF0, 0x6F, 0xD7, 0x97, 0x57, 0x00, 0x00, 0x93, 0x87, 0x67, 0x8C, 0x9C, 0x43, /* 10688 ~ 10703 */
    0x13, 0x07, 0xC0, 0x05, 0x93, 0xF7, 0xC7, 0x05, 0x63, 0x8A, 0xE7, 0x00, 0x85, 0x44, 0x41, 0xB7, /* 10704 ~ 10719 */
    0x93, 0xF7, 0x07, 0x02, 0xED, 0xD3, 0xEF, 0x10, 0x80, 0x32, 0xF1, 0xBF, 0xBD, 0x29, 0x7D, 0xF5, /* 10720 ~ 10735 */
    0x81, 0x46, 0x17, 0x56, 0x00, 0x00, 0x03, 0x26, 0x66, 0x88, 0x97, 0x55, 0x00, 0x00, 0x83, 0xA5, /* 10736 ~ 10751 */
    0xE5, 0x88, 0x22, 0x85, 0xEF, 0x00, 0xA0, 0x7D, 0x99, 0xBF, 0x97, 0x56, 0x00, 0x00, 0x93, 0x86, /* 10752 ~ 10767 */
    0x66, 0x84, 0x9C, 0x42, 0x21, 0x11, 0x26, 0xC6, 0x17, 0x57, 0x00, 0x00, 0x23, 0x2A, 0xF7, 0x82, /* 10768 ~ 10783 */
    0xB7, 0x07, 0x15, 0x42, 0x93, 0x87, 0x07, 0x20, 0x9C, 0x4F, 0x06, 0xCA, 0x22, 0xC8, 0x17, 0x47, /* 10784 ~ 10799 */
    0x00, 0x00, 0x03, 0x27, 0xE7, 0x73, 0x9C, 0xC2, 0x3C, 0x47, 0x03, 0x47, 0x97, 0x03, 0x97, 0x54, /* 10800 ~ 10815 */
    0x00, 0x00, 0x93, 0x84, 0xE4, 0x84, 0x9C, 0xC0, 0x97, 0x46, 0x00, 0x00, 0x23, 0xA6, 0xE6, 0x72, /* 10816 ~ 10831 */
    0x02, 0xC4, 0x17, 0x47, 0x00, 0x00, 0x23, 0x2B, 0x07, 0x7E, 0x93, 0xF7, 0x07, 0x02, 0x99, 0xC3, /* 10832 ~ 10847 */
    0xEF, 0x10, 0xA0, 0x25, 0x97, 0x57, 0x00, 0x00, 0x93, 0x87, 0x47, 0x80, 0x9C, 0x43, 0x81, 0xC7, /* 10848 ~ 10863 */
    0x81, 0x45, 0x01, 0x45, 0x82, 0x97, 0x9C, 0x40, 0x93, 0xF7, 0x07, 0x02, 0x89, 0xE7, 0x2C, 0x00, /* 10864 ~ 10879 */
    0x48, 0x00, 0xEF, 0xF0, 0x4F, 0x92, 0xA2, 0x47, 0x8C, 0x40, 0x17, 0x44, 0x00, 0x00, 0x13, 0x04, /* 10880 ~ 10895 */
    0xE4, 0x7F, 0x17, 0x47, 0x00, 0x00, 0x23, 0x23, 0xF7, 0x7E, 0x97, 0x47, 0x00, 0x00, 0x23, 0xA7, /* 10896 ~ 10911 */
    0x07, 0x7E, 0x93, 0xF7, 0x05, 0x02, 0x63, 0x87, 0x07, 0x14, 0xA1, 0x81, 0x85, 0x89, 0x0C, 0xC0, /* 10912 ~ 10927 */
    0x01, 0x46, 0x17, 0x55, 0x00, 0x00, 0x13, 0x05, 0xE5, 0x9F, 0xEF, 0x10, 0x60, 0x65, 0x1C, 0x40, /* 10928 ~ 10943 */
    0x81, 0xCB, 0x17, 0x57, 0x00, 0x00, 0x13, 0x07, 0x67, 0xB0, 0x5C, 0x4B, 0x85, 0x07, 0x5C, 0xCB, /* 10944 ~ 10959 */
    0x97, 0x47, 0x00, 0x00, 0x93, 0x87, 0x87, 0x79, 0x98, 0x43, 0x05, 0xC7, 0x97, 0x56, 0x00, 0x00, /* 10960 ~ 10975 */
    0x93, 0x86, 0xC6, 0xAE, 0xDC, 0x46, 0x05, 0x45, 0x97, 0x55, 0x00, 0x00, 0x93, 0x85, 0x05, 0x9A, /* 10976 ~ 10991 */
    0x85, 0x07, 0xDC, 0xC6, 0x02, 0x97, 0x17, 0x55, 0x00, 0x00, 0x13, 0x05, 0x25, 0x99, 0xEF, 0xF0, /* 10992 ~ 11007 */
    0x1F, 0xC6, 0x9C, 0x40, 0x93, 0xF7, 0x07, 0x02, 0x99, 0xC3, 0xEF, 0x10, 0x60, 0x1E, 0x97, 0x47, /* 11008 ~ 11023 */
    0x00, 0x00, 0x93, 0x87, 0xA7, 0x75, 0x9C, 0x43, 0x95, 0xC7, 0x97, 0x55, 0x00, 0x00, 0x93, 0x85, /* 11024 ~ 11039 */
    0xE5, 0x96, 0x09, 0x45, 0x82, 0x97, 0x97, 0x47, 0x00, 0x00, 0x93, 0x87, 0xA7, 0x72, 0x8C, 0x43, /* 11040 ~ 11055 */
    0x17, 0x55, 0x00, 0x00, 0x13, 0x05, 0x85, 0x95, 0xEF, 0xF0, 0x7F, 0xD4, 0x97, 0x47, 0x00, 0x00, /* 11056 ~ 11071 */
    0x23, 0xAE, 0xA7, 0x70, 0x9C, 0x40, 0x02, 0xC0, 0x93, 0xF7, 0x07, 0x02, 0x81, 0xE7, 0xEF, 0xF0, /* 11072 ~ 11087 */
    0xCF, 0x88, 0x2A, 0xC0, 0xEF, 0x20, 0x20, 0x22, 0x97, 0x47, 0x00, 0x00, 0x93, 0x87, 0x07, 0x71, /* 11088 ~ 11103 */
    0x9C, 0x43, 0x85, 0xC3, 0x97, 0x55, 0x00, 0x00, 0x93, 0x85, 0x45, 0x92, 0x0D, 0x45, 0x82, 0x97, /* 11104 ~ 11119 */
    0x13, 0x06, 0x80, 0x02, 0x81, 0x45, 0x17, 0x55, 0x00, 0x00, 0x13, 0x05, 0x25, 0x91, 0xEF, 0xD0, /* 11120 ~ 11135 */
    0x8F, 0xFE, 0xEF, 0x10, 0xE0, 0x72, 0x17, 0x47, 0x00, 0x00, 0x13, 0x07, 0xE7, 0x6D, 0x1C, 0x43, /* 11136 ~ 11151 */
    0x99, 0xCB, 0x9C, 0x40, 0x93, 0x06, 0x00, 0x09, 0x93, 0xF7, 0x07, 0x09, 0x63, 0x95, 0xD7, 0x00, /* 11152 ~ 11167 */
    0x08, 0x40, 0xEF, 0x00, 0xF0, 0x70, 0x97, 0x47, 0x00, 0x00, 0x93, 0x87, 0xA7, 0x6A, 0x8C, 0x43, /* 11168 ~ 11183 */
    0x82, 0x47, 0x17, 0x55, 0x00, 0x00, 0x13, 0x05, 0xE5, 0x8F, 0xB3, 0x85, 0xB7, 0x40, 0xEF, 0x10, /* 11184 ~ 11199 */
    0x80, 0x51, 0xEF, 0x10, 0xA0, 0x64, 0x17, 0x47, 0x00, 0x00, 0x13, 0x07, 0xE7, 0x69, 0x1C, 0x43, /* 11200 ~ 11215 */
    0x17, 0x47, 0x00, 0x00, 0x23, 0x28, 0xF7, 0x68, 0x1C, 0x40, 0x17, 0x47, 0x00, 0x00, 0x23, 0x25, /* 11216 ~ 11231 */
    0xF7, 0x6A, 0x97, 0x47, 0x00, 0x00, 0x83, 0xA7, 0xE7, 0x69, 0x17, 0x47, 0x00, 0x00, 0x23, 0x29, /* 11232 ~ 11247 */
    0xF7, 0x68, 0x8D, 0xA8, 0x93, 0xF7, 0xC5, 0x05, 0x13, 0x07, 0xC0, 0x05, 0x63, 0x97, 0xE7, 0x00, /* 11248 ~ 11263 */
    0xC1, 0x23, 0xAA, 0x85, 0x08, 0xC0, 0x09, 0x46, 0x6D, 0xB5, 0x93, 0xF5, 0x05, 0x09, 0x93, 0x07, /* 11264 ~ 11279 */
    0x00, 0x09, 0x63, 0x9C, 0xF5, 0x02, 0x05, 0x46, 0x97, 0x45, 0x00, 0x00, 0x83, 0xA5, 0xC5, 0x66, /* 11280 ~ 11295 */
    0x17, 0x55, 0x00, 0x00, 0x13, 0x05, 0x05, 0x89, 0xEF, 0x10, 0x80, 0x4E, 0xEF, 0x00, 0x00, 0x78, /* 11296 ~ 11311 */
    0x08, 0xC0, 0x05, 0x45, 0xEF, 0xF0, 0xAF, 0x8D, 0x13, 0x45, 0x15, 0x00, 0x13, 0x75, 0xF5, 0x0F, /* 11312 ~ 11327 */
    0x97, 0x47, 0x00, 0x00, 0x23, 0xA4, 0xA7, 0x60, 0x9D, 0xBD, 0xEF, 0xE0, 0x1F, 0xF9, 0x97, 0x47, /* 11328 ~ 11343 */
    0x00, 0x00, 0x93, 0x87, 0xA7, 0x61, 0x9C, 0x43, 0x81, 0xC7, 0x81, 0x45, 0x11, 0x45, 0x82, 0x97, /* 11344 ~ 11359 */
    0xEF, 0x10, 0x00, 0x65, 0xD2, 0x40, 0x42, 0x44, 0x97, 0x47, 0x00, 0x00, 0x23, 0x8E, 0x07, 0x5C, /* 11360 ~ 11375 */
    0xB2, 0x44, 0x61, 0x01, 0x82, 0x80, 0x51, 0x11, 0x06, 0xC4, 0xEF, 0x20, 0x40, 0x56, 0x81, 0x45, /* 11376 ~ 11391 */
    0x15, 0x45, 0xEF, 0x20, 0xE0, 0x56, 0x85, 0x45, 0x19, 0x45, 0xEF, 0x20, 0x60, 0x56, 0x89, 0x45, /* 11392 ~ 11407 */
    0x45, 0x45, 0xEF, 0x20, 0xE0, 0x55, 0x8D, 0x45, 0x5D, 0x45, 0xEF, 0x20, 0x60, 0x55, 0xA2, 0x40, /* 11408 ~ 11423 */
    0x91, 0x45, 0x61, 0x45, 0x31, 0x01, 0x6F, 0x20, 0xA0, 0x54, 0x39, 0xCD, 0x51, 0x11, 0x06, 0xC4, /* 11424 ~ 11439 */
    0x97, 0x47, 0x00, 0x00, 0x23, 0xAC, 0xA7, 0x5A, 0xEF, 0xE0, 0xBF, 0xF6, 0x01, 0x46, 0x97, 0x05, /* 11440 ~ 11455 */
    0x00, 0x00, 0x93, 0x85, 0xC5, 0xD4, 0x01, 0x45, 0xEF, 0x20, 0x10, 0x7E, 0x6D, 0x37, 0xEF, 0x10, /* 11456 ~ 11471 */
    0xC0, 0x0C, 0xEF, 0x00, 0xD0, 0x5C, 0xA1, 0x25, 0x17, 0x45, 0x00, 0x00, 0x13, 0x05, 0x85, 0x7D, /* 11472 ~ 11487 */
    0x81, 0x45, 0xEF, 0x10, 0x80, 0x1D, 0xEF, 0x10, 0x10, 0x17, 0xEF, 0x20, 0x20, 0x39, 0xA2, 0x40, /* 11488 ~ 11503 */
    0x97, 0x47, 0x00, 0x00, 0x23, 0xA2, 0x07, 0x58, 0x99, 0x47, 0x17, 0x47, 0x00, 0x00, 0x23, 0x0D, /* 11504 ~ 11519 */
    0xF7, 0x54, 0x01, 0x45, 0x31, 0x01, 0x82, 0x80, 0x05, 0x45, 0x82, 0x80, 0x97, 0x47, 0x00, 0x00, /* 11520 ~ 11535 */
    0x23, 0xA4, 0xA7, 0x56, 0x82, 0x80, 0x97, 0x47, 0x00, 0x00, 0x23, 0xAB, 0xA7, 0x54, 0x82, 0x80, /* 11536 ~ 11551 */
    0x97, 0x47, 0x00, 0x00, 0x83, 0xC7, 0x47, 0x53, 0xC1, 0x07, 0x17, 0x47, 0x00, 0x00, 0x03, 0x27, /* 11552 ~ 11567 */
    0x27, 0x44, 0x86, 0x07, 0xBA, 0x97, 0x83, 0xD5, 0x07, 0x00, 0x51, 0x11, 0x17, 0x45, 0x00, 0x00, /* 11568 ~ 11583 */
    0x13, 0x05, 0x45, 0x77, 0x06, 0xC4, 0xEF, 0x10, 0xC0, 0x31, 0xA2, 0x40, 0x31, 0x01, 0x6F, 0x10, /* 11584 ~ 11599 */
    0x00, 0x65, 0x93, 0x77, 0xF5, 0x0F, 0x17, 0x47, 0x00, 0x00, 0x23, 0x0F, 0xF7, 0x4E, 0x17, 0x47, /* 11600 ~ 11615 */
    0x00, 0x00, 0xA3, 0x0B, 0xF7, 0x4E, 0x3E, 0x87, 0x85, 0x46, 0x17, 0xA6, 0xF9, 0x81, 0x13, 0x06, /* 11616 ~ 11631 */
    0x66, 0xD3, 0x85, 0x45, 0x17, 0x45, 0x00, 0x00, 0x13, 0x05, 0x45, 0x3B, 0x6F, 0x30, 0x20, 0x50, /* 11632 ~ 11647 */
    0x17, 0x45, 0x00, 0x00, 0x13, 0x05, 0x05, 0x73, 0x6F, 0x10, 0x60, 0x14, 0xB7, 0x07, 0x15, 0x42, /* 11648 ~ 11663 */
    0x93, 0x87, 0x07, 0x20, 0x9C, 0x4F, 0x13, 0x01, 0x81, 0xFC, 0x22, 0xD8, 0x26, 0xD6, 0x2E, 0x84, /* 11664 ~ 11679 */
    0xAA, 0x84, 0x13, 0x06, 0x80, 0x02, 0x81, 0x45, 0x48, 0x00, 0x06, 0xDA, 0x3E, 0xC0, 0xEF, 0xD0, /* 11680 ~ 11695 */
    0x8F, 0xDB, 0x17, 0x45, 0x00, 0x00, 0x13, 0x05, 0xE5, 0x6F, 0xEF, 0x10, 0xA0, 0x0C, 0x19, 0xC5, /* 11696 ~ 11711 */
    0x17, 0x45, 0x00, 0x00, 0x13, 0x05, 0x05, 0x6F, 0xEF, 0x10, 0x00, 0x27, 0x9D, 0xC8, 0x85, 0x47, /* 11712 ~ 11727 */
    0x63, 0x8B, 0xF4, 0x02, 0xD2, 0x45, 0x22, 0x45, 0xEF, 0x20, 0x60, 0x1F, 0xEF, 0x10, 0xB0, 0x79, /* 11728 ~ 11743 */
    0x48, 0x00, 0xEF, 0x10, 0xE0, 0x7E, 0x02, 0x46, 0x4C, 0x00, 0x17, 0x45, 0x00, 0x00, 0x13, 0x05, /* 11744 ~ 11759 */
    0x65, 0x6C, 0xEF, 0x10, 0xC0, 0x0E, 0xD2, 0x50, 0x42, 0x54, 0xB2, 0x54, 0x13, 0x01, 0x81, 0x03, /* 11760 ~ 11775 */
    0x82, 0x80, 0x22, 0xC4, 0xC1, 0xBF, 0x22, 0xCA, 0xF1, 0xB7, 0x6F, 0x20, 0x40, 0x2A, 0x51, 0x11, /* 11776 ~ 11791 */
    0x26, 0xC0, 0x06, 0xC4, 0x22, 0xC2, 0xAA, 0x84, 0xEF, 0xE0, 0xDF, 0xE1, 0x1D, 0xC1, 0x2A, 0x84, /* 11792 ~ 11807 */
    0xEF, 0xE0, 0xDF, 0xEA, 0xA6, 0x85, 0x3D, 0x46, 0xEF, 0x30, 0x80, 0x74, 0x22, 0x85, 0xBD, 0x45, /* 11808 ~ 11823 */
    0xEF, 0xE0, 0xBF, 0x9B, 0x22, 0x85, 0x12, 0x44, 0xA2, 0x40, 0x82, 0x44, 0x31, 0x01, 0x6F, 0xE0, /* 11824 ~ 11839 */
    0x7F, 0xDE, 0xA2, 0x40, 0x12, 0x44, 0x82, 0x44, 0x31, 0x01, 0x82, 0x80, 0x97, 0x47, 0x00, 0x00, /* 11840 ~ 11855 */
    0x23, 0x90, 0x07, 0x72, 0x89, 0x47, 0x17, 0x47, 0x00, 0x00, 0x23, 0x23, 0xF7, 0x44, 0x85, 0x47, /* 11856 ~ 11871 */
    0x17, 0x47, 0x00, 0x00, 0x23, 0x2C, 0xF7, 0x42, 0x82, 0x80, 0x97, 0x47, 0x00, 0x00, 0x93, 0x87, /* 11872 ~ 11887 */
    0x27, 0x70, 0x03, 0xC5, 0x07, 0x00, 0x83, 0xC7, 0x17, 0x00, 0x1D, 0x8D, 0x13, 0x35, 0x15, 0x00, /* 11888 ~ 11903 */
    0x82, 0x80, 0x97, 0x47, 0x00, 0x00, 0x93, 0x87, 0xA7, 0x6E, 0x03, 0xC5, 0x17, 0x00, 0x83, 0xC7, /* 11904 ~ 11919 */
    0x07, 0x00, 0x17, 0x47, 0x00, 0x00, 0x03, 0x27, 0x67, 0x40, 0x05, 0x05, 0x79, 0x8D, 0x1D, 0x8D, /* 11920 ~ 11935 */
    0x13, 0x35, 0x15, 0x00, 0x82, 0x80, 0x41, 0x11, 0x06, 0xC6, 0x22, 0xC4, 0x26, 0xC2, 0x2A, 0xC0, /* 11936 ~ 11951 */
    0xC9, 0x3F, 0x21, 0xED, 0x82, 0x45, 0x0D, 0x45, 0x83, 0xC7, 0x65, 0x00, 0x03, 0xC7, 0x55, 0x00, /* 11952 ~ 11967 */
    0xA2, 0x07, 0xD9, 0x8F, 0x17, 0x47, 0x00, 0x00, 0x03, 0x27, 0x47, 0x69, 0x63, 0x9A, 0xE7, 0x02, /* 11968 ~ 11983 */
    0x97, 0x44, 0x00, 0x00, 0x93, 0x84, 0xC4, 0x69, 0x03, 0xC4, 0x14, 0x00, 0x3D, 0x46, 0x93, 0x17, /* 11984 ~ 11999 */
    0x44, 0x00, 0x81, 0x8F, 0xA6, 0x97, 0x13, 0x85, 0x27, 0x00, 0xEF, 0x30, 0x60, 0x68, 0x05, 0x04, /* 12000 ~ 12015 */
    0x97, 0x47, 0x00, 0x00, 0x83, 0xA7, 0x87, 0x3A, 0x7D, 0x8C, 0xA3, 0x80, 0x84, 0x00, 0x01, 0x45, /* 12016 ~ 12031 */
    0xB2, 0x40, 0x22, 0x44, 0x92, 0x44, 0x41, 0x01, 0x82, 0x80, 0x09, 0x45, 0xD5, 0xBF, 0x51, 0x11, /* 12032 ~ 12047 */
    0x22, 0xC2, 0x06, 0xC4, 0x26, 0xC0, 0x2A, 0x84, 0x89, 0x3F, 0x21, 0xE1, 0x97, 0x44, 0x00, 0x00, /* 12048 ~ 12063 */
    0x93, 0x84, 0x04, 0x65, 0x83, 0xC7, 0x04, 0x00, 0x3D, 0x46, 0x22, 0x85, 0x93, 0x95, 0x47, 0x00, /* 12064 ~ 12079 */
    0x9D, 0x8D, 0x89, 0x05, 0xA6, 0x95, 0xEF, 0x30, 0xA0, 0x63, 0x83, 0xC7, 0x04, 0x00, 0x17, 0x47, /* 12080 ~ 12095 */
    0x00, 0x00, 0x03, 0x27, 0xA7, 0x35, 0x01, 0x45, 0x85, 0x07, 0xF9, 0x8F, 0x23, 0x80, 0xF4, 0x00, /* 12096 ~ 12111 */
    0xA2, 0x40, 0x12, 0x44, 0x82, 0x44, 0x31, 0x01, 0x82, 0x80, 0x05, 0x45, 0xD5, 0xBF, 0x51, 0x11, /* 12112 ~ 12127 */
    0x22, 0xC2, 0x26, 0xC0, 0x06, 0xC4, 0xAA, 0x84, 0x2E, 0x84, 0x01, 0x37, 0x2D, 0xED, 0x97, 0x47, /* 12128 ~ 12143 */
    0x00, 0x00, 0x93, 0x87, 0xE7, 0x5F, 0x03, 0xC7, 0x17, 0x00, 0x97, 0x46, 0x00, 0x00, 0x83, 0xA6, /* 12144 ~ 12159 */
    0x26, 0x32, 0x7D, 0x17, 0x36, 0x97, 0x97, 0x46, 0x00, 0x00, 0x83, 0xC6, 0x26, 0x31, 0x75, 0x8F, /* 12160 ~ 12175 */
    0x93, 0x16, 0x47, 0x00, 0x33, 0x87, 0xE6, 0x40, 0xBA, 0x97, 0x03, 0xC7, 0xC7, 0x00, 0x83, 0xC6, /* 12176 ~ 12191 */
    0xB7, 0x00, 0x22, 0x07, 0x55, 0x8F, 0x33, 0x05, 0x97, 0x00, 0x13, 0x17, 0x05, 0x01, 0x41, 0x83, /* 12192 ~ 12207 */
    0x21, 0x83, 0x23, 0x86, 0xE7, 0x00, 0x03, 0xC7, 0xE7, 0x00, 0x83, 0xC6, 0xD7, 0x00, 0xA3, 0x85, /* 12208 ~ 12223 */
    0xA7, 0x00, 0x22, 0x07, 0x55, 0x8F, 0xB3, 0x05, 0x87, 0x00, 0x13, 0x97, 0x05, 0x01, 0x41, 0x83, /* 12224 ~ 12239 */
    0x21, 0x83, 0xA3, 0x86, 0xB7, 0x00, 0x23, 0x87, 0xE7, 0x00, 0x01, 0x45, 0xA2, 0x40, 0x12, 0x44, /* 12240 ~ 12255 */
    0x82, 0x44, 0x31, 0x01, 0x82, 0x80, 0x05, 0x45, 0xD5, 0xBF, 0x17, 0x47, 0x00, 0x00, 0x03, 0x27, /* 12256 ~ 12271 */
    0x67, 0x24, 0x83, 0x57, 0xC7, 0x00, 0x13, 0x01, 0xC1, 0xFC, 0x2E, 0xC2, 0xBE, 0x85, 0x22, 0xD6, /* 12272 ~ 12287 */
    0x26, 0xD4, 0x3E, 0xC0, 0xAA, 0x84, 0x06, 0xD8, 0xEF, 0x10, 0xA0, 0x4B, 0x17, 0x47, 0x00, 0x00, /* 12288 ~ 12303 */
    0x23, 0x24, 0x07, 0x28, 0x17, 0x47, 0x00, 0x00, 0x23, 0x2E, 0x07, 0x26, 0x03, 0xC7, 0x64, 0x00, /* 12304 ~ 12319 */
    0x03, 0xC6, 0x54, 0x00, 0x97, 0x47, 0x00, 0x00, 0x93, 0x87, 0x47, 0x53, 0x22, 0x07, 0x51, 0x8F, /* 12320 ~ 12335 */
    0xD0, 0x43, 0x2A, 0x84, 0x63, 0x05, 0xC7, 0x00, 0x90, 0x47, 0x63, 0x12, 0xC7, 0x02, 0x82, 0x47, /* 12336 ~ 12351 */
    0x99, 0xCF, 0x26, 0x85, 0xEF, 0xF0, 0xBF, 0xDC, 0x85, 0x47, 0x17, 0x47, 0x00, 0x00, 0x23, 0x23, /* 12352 ~ 12367 */
    0xF7, 0x24, 0xC2, 0x50, 0x32, 0x54, 0xA2, 0x54, 0x13, 0x01, 0x41, 0x03, 0x82, 0x80, 0x63, 0x0F, /* 12368 ~ 12383 */
    0x04, 0x0C, 0xEF, 0xF0, 0x9F, 0xE0, 0x21, 0xED, 0xEF, 0xF0, 0x3F, 0xE0, 0x31, 0xE5, 0x15, 0xEC, /* 12384 ~ 12399 */
    0x92, 0x47, 0xA9, 0xCB, 0xEF, 0xF0, 0xFF, 0xE0, 0x17, 0x47, 0x00, 0x00, 0x13, 0x07, 0x87, 0x22, /* 12400 ~ 12415 */
    0x03, 0x44, 0x17, 0x00, 0x05, 0x04, 0x13, 0x74, 0xF4, 0x0F, 0x29, 0xE9, 0x3D, 0x46, 0xA6, 0x85, /* 12416 ~ 12431 */
    0x28, 0x00, 0xEF, 0x30, 0xE0, 0x4D, 0x28, 0x00, 0xEF, 0xF0, 0xFF, 0xE0, 0x17, 0x47, 0x00, 0x00, /* 12432 ~ 12447 */
    0x13, 0x07, 0x47, 0x20, 0xA3, 0x00, 0x87, 0x00, 0x31, 0xA8, 0x28, 0x08, 0x8D, 0x35, 0x28, 0x08, /* 12448 ~ 12463 */
    0xEF, 0xF0, 0xFF, 0xD5, 0x7D, 0x14, 0x4D, 0xBF, 0x92, 0x47, 0x89, 0xC7, 0x45, 0xDC, 0x26, 0x85, /* 12464 ~ 12479 */
    0xEF, 0xF0, 0xFF, 0xD4, 0x82, 0x47, 0xD1, 0xF7, 0x17, 0x47, 0x00, 0x00, 0x13, 0x07, 0x87, 0x1D, /* 12480 ~ 12495 */
    0x83, 0x47, 0x07, 0x00, 0x85, 0x07, 0x23, 0x00, 0xF7, 0x00, 0xA5, 0xBF, 0x83, 0xC6, 0x64, 0x00, /* 12496 ~ 12511 */
    0x03, 0xC6, 0x54, 0x00, 0x97, 0x47, 0x00, 0x00, 0x93, 0x87, 0x47, 0x47, 0xA2, 0x06, 0xD1, 0x8E, /* 12512 ~ 12527 */
    0x90, 0x43, 0x63, 0x98, 0xC6, 0x02, 0x83, 0xC5, 0xC4, 0x00, 0x83, 0xC6, 0xB4, 0x00, 0x03, 0xC5, /* 12528 ~ 12543 */
    0xA4, 0x00, 0xA2, 0x05, 0xD5, 0x8D, 0x83, 0xC6, 0x94, 0x00, 0x22, 0x05, 0xC2, 0x05, 0x55, 0x8D, /* 12544 ~ 12559 */
    0x42, 0x05, 0xC1, 0x85, 0x41, 0x85, 0xEF, 0xF0, 0x9F, 0xE4, 0x17, 0x47, 0x00, 0x00, 0x13, 0x07, /* 12560 ~ 12575 */
    0x67, 0x18, 0x83, 0x47, 0x27, 0x00, 0xA3, 0x00, 0x87, 0x00, 0x85, 0x07, 0x23, 0x01, 0xF7, 0x00, /* 12576 ~ 12591 */
    0x85, 0x47, 0x17, 0x47, 0x00, 0x00, 0x23, 0x21, 0xF7, 0x16, 0x69, 0xB7, 0x3A, 0xC2, 0xEF, 0xF0, /* 12592 ~ 12607 */
    0x5F, 0xD4, 0x97, 0x46, 0x00, 0x00, 0x93, 0x86, 0xE6, 0x15, 0x03, 0xC4, 0x16, 0x00, 0x12, 0x47, /* 12608 ~ 12623 */
    0x05, 0x04, 0x13, 0x74, 0xF4, 0x0F, 0x05, 0xE1, 0x3D, 0x46, 0xA6, 0x85, 0x28, 0x00, 0xEF, 0x30, /* 12624 ~ 12639 */
    0x20, 0x41, 0x28, 0x00, 0xEF, 0xF0, 0x3F, 0xD4, 0x97, 0x46, 0x00, 0x00, 0x93, 0x86, 0x86, 0x13, /* 12640 ~ 12655 */
    0xA3, 0x80, 0x86, 0x00, 0x81, 0xBF, 0x97, 0x47, 0x00, 0x00, 0x93, 0x87, 0x27, 0x3E, 0x90, 0x43, /* 12656 ~ 12671 */
    0x63, 0x18, 0xC7, 0x02, 0x83, 0xC5, 0xC4, 0x00, 0x03, 0xC7, 0xB4, 0x00, 0x03, 0xC5, 0xA4, 0x00, /* 12672 ~ 12687 */
    0xA2, 0x05, 0xD9, 0x8D, 0x03, 0xC7, 0x94, 0x00, 0x22, 0x05, 0xC2, 0x05, 0x59, 0x8D, 0x42, 0x05, /* 12688 ~ 12703 */
    0xC1, 0x85, 0x41, 0x85, 0xEF, 0xF0, 0xBF, 0xDB, 0x97, 0x46, 0x00, 0x00, 0x93, 0x86, 0x86, 0x0F, /* 12704 ~ 12719 */
    0x83, 0xC7, 0x26, 0x00, 0xA3, 0x80, 0x86, 0x00, 0x85, 0x07, 0x23, 0x81, 0xF6, 0x00, 0x8D, 0xBF, /* 12720 ~ 12735 */
    0x97, 0x47, 0x00, 0x00, 0x83, 0xA7, 0x47, 0x0D, 0x01, 0x45, 0x99, 0xC7, 0x17, 0x45, 0x00, 0x00, /* 12736 ~ 12751 */
    0x03, 0x25, 0x45, 0x0C, 0x13, 0x35, 0x15, 0x00, 0x82, 0x80, 0x01, 0x45, 0x82, 0x80, 0x11, 0x11, /* 12752 ~ 12767 */
    0x06, 0xCC, 0x22, 0xCA, 0x26, 0xC8, 0x02, 0xC0, 0x02, 0xC2, 0x02, 0xC4, 0x23, 0x16, 0x01, 0x00, /* 12768 ~ 12783 */
    0x23, 0x07, 0x01, 0x00, 0x63, 0x83, 0x06, 0x12, 0x1C, 0x41, 0x25, 0x47, 0x2A, 0x84, 0xB6, 0x84, /* 12784 ~ 12799 */
    0x63, 0x99, 0xE7, 0x0C, 0x3D, 0x46, 0x97, 0x45, 0x00, 0x00, 0x93, 0x85, 0x65, 0x38, 0x0A, 0x85, /* 12800 ~ 12815 */
    0xEF, 0x30, 0x00, 0x36, 0x97, 0x47, 0x00, 0x00, 0x83, 0xD7, 0x87, 0x34, 0xA3, 0x02, 0xF1, 0x00, /* 12816 ~ 12831 */
    0xA1, 0x83, 0x23, 0x03, 0xF1, 0x00, 0x5C, 0x4C, 0x13, 0xD7, 0x87, 0x00, 0xA3, 0x03, 0xF1, 0x00, /* 12832 ~ 12847 */
    0x23, 0x04, 0xE1, 0x00, 0x13, 0xD7, 0x07, 0x01, 0xE1, 0x83, 0x23, 0x05, 0xF1, 0x00, 0x1C, 0x50, /* 12848 ~ 12863 */
    0xA3, 0x04, 0xE1, 0x00, 0xA3, 0x05, 0xF1, 0x00, 0xA1, 0x83, 0x23, 0x06, 0xF1, 0x00, 0xA6, 0x85, /* 12864 ~ 12879 */
    0x0A, 0x85, 0xEF, 0xF0, 0x9F, 0xD9, 0x18, 0x40, 0x89, 0x47, 0x63, 0x06, 0xF7, 0x00, 0x1C, 0x44, /* 12880 ~ 12895 */
    0x99, 0xE3, 0x5C, 0x44, 0xAD, 0xC3, 0x97, 0x45, 0x00, 0x00, 0x93, 0x85, 0x65, 0x32, 0x3D, 0x46, /* 12896 ~ 12911 */
    0x0A, 0x85, 0xEF, 0x30, 0xE0, 0x2F, 0x83, 0x57, 0x44, 0x00, 0xA6, 0x85, 0xA3, 0x03, 0xF1, 0x00, /* 12912 ~ 12927 */
    0xA1, 0x83, 0x23, 0x04, 0xF1, 0x00, 0x83, 0x57, 0x84, 0x00, 0xA3, 0x04, 0xF1, 0x00, 0xA1, 0x83, /* 12928 ~ 12943 */
    0x23, 0x05, 0xF1, 0x00, 0x83, 0x57, 0xC4, 0x00, 0xA3, 0x05, 0xF1, 0x00, 0xA1, 0x83, 0x23, 0x06, /* 12944 ~ 12959 */
    0xF1, 0x00, 0x1C, 0x48, 0xA3, 0x06, 0xF1, 0x00, 0x5C, 0x48, 0x23, 0x07, 0xF1, 0x00, 0x97, 0x47, /* 12960 ~ 12975 */
    0x00, 0x00, 0x83, 0xD7, 0xA7, 0x2A, 0xA3, 0x02, 0xF1, 0x00, 0xA1, 0x83, 0x23, 0x03, 0xF1, 0x00, /* 12976 ~ 12991 */
    0x0A, 0x85, 0xEF, 0xF0, 0x9F, 0xD2, 0xE2, 0x40, 0x52, 0x44, 0xC2, 0x44, 0x01, 0x45, 0x71, 0x01, /* 12992 ~ 13007 */
    0x82, 0x80, 0x29, 0x47, 0xE3, 0x91, 0xE7, 0xF8, 0x3D, 0x46, 0x97, 0x45, 0x00, 0x00, 0x93, 0x85, /* 13008 ~ 13023 */
    0x25, 0x2B, 0x0A, 0x85, 0xEF, 0x30, 0xC0, 0x28, 0x97, 0x47, 0x00, 0x00, 0x83, 0xD7, 0x87, 0x27, /* 13024 ~ 13039 */
    0xA3, 0x02, 0xF1, 0x00, 0xA1, 0x83, 0x23, 0x03, 0xF1, 0x00, 0x5C, 0x50, 0x13, 0x97, 0x07, 0x01, /* 13040 ~ 13055 */
    0x41, 0x83, 0xA3, 0x03, 0xF1, 0x00, 0xC1, 0x83, 0x21, 0x83, 0xA3, 0x04, 0xF1, 0x00, 0xA1, 0x83, /* 13056 ~ 13071 */
    0x23, 0x04, 0xE1, 0x00, 0x23, 0x05, 0xF1, 0x00, 0x1D, 0xBF, 0x81, 0x45, 0x55, 0xB7, 0x51, 0x11, /* 13072 ~ 13087 */
    0x06, 0xC4, 0xEF, 0xF0, 0xBF, 0xB2, 0xB7, 0x07, 0x04, 0x00, 0x17, 0x47, 0x00, 0x00, 0x13, 0x07, /* 13088 ~ 13103 */
    0x27, 0x26, 0xAD, 0x07, 0x1C, 0xC3, 0xED, 0x47, 0x23, 0x02, 0xF7, 0x00, 0xA2, 0x40, 0x31, 0x01, /* 13104 ~ 13119 */
    0x82, 0x80, 0x97, 0x47, 0x00, 0x00, 0x93, 0x87, 0x67, 0x21, 0x88, 0xC3, 0xCC, 0xC3, 0x90, 0xC7, /* 13120 ~ 13135 */
    0x82, 0x80, 0x97, 0x47, 0x00, 0x00, 0x23, 0x9D, 0x07, 0x20, 0x82, 0x80, 0x97, 0x47, 0x00, 0x00, /* 13136 ~ 13151 */
    0x93, 0x87, 0x47, 0xF4, 0x98, 0x43, 0x23, 0xA0, 0x07, 0x00, 0xD8, 0xC3, 0x82, 0x80, 0x31, 0x11, /* 13152 ~ 13167 */
    0x06, 0xC8, 0x17, 0x47, 0x00, 0x00, 0x13, 0x07, 0xE7, 0xF2, 0x83, 0x47, 0x77, 0x00, 0x91, 0x46, /* 13168 ~ 13183 */
    0x17, 0x96, 0xF9, 0x81, 0x13, 0x06, 0x46, 0x76, 0x3E, 0xC2, 0x83, 0x47, 0x47, 0x00, 0x85, 0x45, /* 13184 ~ 13199 */
    0x17, 0x45, 0x00, 0x00, 0x13, 0x05, 0x85, 0xD9, 0x3E, 0xC0, 0x83, 0x47, 0x57, 0x00, 0x03, 0x47, /* 13200 ~ 13215 */
    0x67, 0x00, 0xEF, 0x20, 0xD0, 0x6D, 0xC2, 0x40, 0x51, 0x01, 0x82, 0x80, 0x51, 0x11, 0x06, 0xC4, /* 13216 ~ 13231 */
    0xEF, 0xE0, 0x1F, 0xB0, 0xA2, 0x40, 0x97, 0x47, 0x00, 0x00, 0x23, 0xAB, 0xA7, 0xEE, 0x13, 0x35, /* 13232 ~ 13247 */
    0x15, 0x00, 0x31, 0x01, 0x82, 0x80, 0x51, 0x11, 0x22, 0xC2, 0x17, 0x44, 0x00, 0x00, 0x13, 0x04, /* 13248 ~ 13263 */
    0x24, 0x1D, 0x03, 0x47, 0x84, 0x00, 0x06, 0xC4, 0x95, 0x46, 0x93, 0x77, 0xF7, 0x03, 0x63, 0x84, /* 13264 ~ 13279 */
    0xD7, 0x06, 0xAD, 0x46, 0x63, 0x89, 0xD7, 0x00, 0x05, 0x47, 0x63, 0x8E, 0xE7, 0x04, 0xA2, 0x40, /* 13280 ~ 13295 */
    0x12, 0x44, 0x31, 0x01, 0x82, 0x80, 0x97, 0x47, 0x00, 0x00, 0x83, 0xA7, 0x27, 0xEC, 0xD4, 0x43, /* 13296 ~ 13311 */
    0x03, 0x45, 0x14, 0x00, 0x97, 0x47, 0x00, 0x00, 0x83, 0xA7, 0x07, 0xEB, 0x03, 0xD6, 0x47, 0x00, /* 13312 ~ 13327 */
    0xB7, 0x05, 0xFF, 0x00, 0x93, 0x97, 0x06, 0x01, 0xA1, 0x86, 0xED, 0x8F, 0xE2, 0x06, 0x97, 0x45, /* 13328 ~ 13343 */
    0x00, 0x00, 0x83, 0xC5, 0xE5, 0xE9, 0xD5, 0x8F, 0x22, 0x05, 0x93, 0x96, 0x05, 0x01, 0xC9, 0x8F, /* 13344 ~ 13359 */
    0xD1, 0x8E, 0x1C, 0xC0, 0x54, 0xC0, 0x13, 0x67, 0x07, 0xF8, 0xA2, 0x40, 0x23, 0x04, 0xE4, 0x00, /* 13360 ~ 13375 */
    0x12, 0x44, 0x31, 0x01, 0x82, 0x80, 0x26, 0xC0, 0x97, 0x44, 0x00, 0x00, 0x93, 0x84, 0x84, 0xE6, /* 13376 ~ 13391 */
    0x9C, 0x40, 0x91, 0xC7, 0x82, 0x44, 0xA2, 0x40, 0x12, 0x44, 0x31, 0x01, 0x82, 0x80, 0x97, 0x47, /* 13392 ~ 13407 */
    0x00, 0x00, 0x93, 0x87, 0xA7, 0xE5, 0x88, 0x43, 0x93, 0x06, 0xF0, 0x7F, 0x58, 0x41, 0x63, 0xC3, /* 13408 ~ 13423 */
    0xE6, 0x0E, 0x93, 0x06, 0x00, 0x80, 0x63, 0x44, 0xD7, 0x0A, 0x17, 0x47, 0x00, 0x00, 0x13, 0x07, /* 13424 ~ 13439 */
    0xA7, 0xE3, 0x08, 0x43, 0x13, 0x06, 0xF0, 0x7F, 0x54, 0x41, 0x63, 0x47, 0xD6, 0x0A, 0x13, 0x06, /* 13440 ~ 13455 */
    0x00, 0x80, 0x63, 0xC3, 0xC6, 0x06, 0x9C, 0x43, 0x03, 0x47, 0x14, 0x00, 0x83, 0x42, 0x24, 0x00, /* 13456 ~ 13471 */
    0xD0, 0x43, 0x13, 0x93, 0x46, 0x00, 0x03, 0x45, 0x34, 0x00, 0x93, 0x57, 0x86, 0x40, 0x13, 0x73, /* 13472 ~ 13487 */
    0xF3, 0x0F, 0xBD, 0x8B, 0xC2, 0x02, 0xB3, 0xE7, 0x67, 0x00, 0x22, 0x07, 0xB2, 0x06, 0x37, 0x03, /* 13488 ~ 13503 */
    0xFF, 0x00, 0x83, 0x45, 0x84, 0x00, 0x33, 0x67, 0x57, 0x00, 0xB3, 0xF6, 0x66, 0x00, 0x97, 0x42, /* 13504 ~ 13519 */
    0x00, 0x00, 0x83, 0xC2, 0xE2, 0xDE, 0x13, 0x76, 0xF6, 0x0F, 0xD1, 0x8E, 0x33, 0x67, 0x57, 0x00, /* 13520 ~ 13535 */
    0x62, 0x05, 0xA2, 0x07, 0xD5, 0x8F, 0x49, 0x8F, 0x93, 0xE6, 0x05, 0xF8, 0x18, 0xC0, 0x5C, 0xC0, /* 13536 ~ 13551 */
    0x82, 0x44, 0x23, 0x04, 0xD4, 0x00, 0x85, 0xB7, 0x05, 0x66, 0x13, 0x06, 0x06, 0x80, 0x85, 0x45, /* 13552 ~ 13567 */
    0xEF, 0x00, 0xB0, 0x0C, 0x17, 0x47, 0x00, 0x00, 0x13, 0x07, 0x07, 0xDB, 0x97, 0x47, 0x00, 0x00, /* 13568 ~ 13583 */
    0x93, 0x87, 0xC7, 0xDA, 0x18, 0x43, 0x85, 0x46, 0x94, 0xC0, 0x54, 0x43, 0xAD, 0xBF, 0x05, 0x66, /* 13584 ~ 13599 */
    0x13, 0x06, 0x06, 0x80, 0x85, 0x45, 0xEF, 0x00, 0x50, 0x0A, 0x05, 0x47, 0x97, 0x47, 0x00, 0x00, /* 13600 ~ 13615 */
    0x93, 0x87, 0xC7, 0xD8, 0x98, 0xC0, 0x91, 0xB7, 0x13, 0x06, 0x10, 0x80, 0x85, 0x45, 0xEF, 0x00, /* 13616 ~ 13631 */
    0xD0, 0x08, 0x97, 0x47, 0x00, 0x00, 0x93, 0x87, 0x67, 0xD7, 0x17, 0x47, 0x00, 0x00, 0x13, 0x07, /* 13632 ~ 13647 */
    0xA7, 0xD6, 0xC9, 0xB7, 0x13, 0x06, 0x10, 0x80, 0xF1, 0xB7, 0x97, 0x47, 0x00, 0x00, 0x83, 0xA7, /* 13648 ~ 13663 */
    0x27, 0xD5, 0xBD, 0xCB, 0x1C, 0x49, 0x17, 0x47, 0x00, 0x00, 0x03, 0x27, 0x27, 0xD5, 0x03, 0x23, /* 13664 ~ 13679 */
    0x45, 0x00, 0x58, 0x43, 0x17, 0x46, 0x00, 0x00, 0x13, 0x06, 0x86, 0xD4, 0x0C, 0x42, 0x97, 0x46, /* 13680 ~ 13695 */
    0x00, 0x00, 0x83, 0xA6, 0x66, 0xD3, 0x96, 0x07, 0xD4, 0x42, 0x37, 0x05, 0xFF, 0x00, 0xB3, 0xE7, /* 13696 ~ 13711 */
    0x67, 0x00, 0xC1, 0x62, 0x13, 0x13, 0x07, 0x01, 0x21, 0x87, 0x85, 0x05, 0xFD, 0x12, 0x62, 0x07, /* 13712 ~ 13727 */
    0xA2, 0x07, 0x33, 0x73, 0xA3, 0x00, 0x33, 0x63, 0xE3, 0x00, 0x93, 0x93, 0x05, 0x01, 0xB3, 0xF7, /* 13728 ~ 13743 */
    0x57, 0x00, 0x33, 0xF7, 0x56, 0x00, 0xB3, 0xE7, 0x67, 0x00, 0x97, 0x46, 0x00, 0x00, 0x93, 0x86, /* 13744 ~ 13759 */
    0x26, 0xFE, 0xB3, 0xF3, 0xA3, 0x00, 0x33, 0x67, 0x77, 0x00, 0x9C, 0xC2, 0xAD, 0x47, 0x0C, 0xC2, /* 13760 ~ 13775 */
    0xD8, 0xC2, 0x23, 0x84, 0xF6, 0x00, 0x82, 0x80, 0x6F, 0xF0, 0xFF, 0xDE, 0x17, 0x47, 0x00, 0x00, /* 13776 ~ 13791 */
    0x03, 0x27, 0x07, 0xCD, 0x63, 0x0F, 0x07, 0x10, 0x17, 0x43, 0x00, 0x00, 0x13, 0x03, 0x43, 0xCD, /* 13792 ~ 13807 */
    0x03, 0x27, 0x03, 0x00, 0x41, 0x11, 0xAA, 0x87, 0x17, 0x45, 0x00, 0x00, 0x03, 0x25, 0x05, 0xCC, /* 13808 ~ 13823 */
    0x05, 0x07, 0x26, 0xC2, 0x44, 0x41, 0x23, 0x20, 0xE3, 0x00, 0x17, 0x47, 0x00, 0x00, 0x23, 0x23, /* 13824 ~ 13839 */
    0x07, 0xCA, 0x06, 0xC6, 0x22, 0xC4, 0x13, 0x07, 0xF0, 0x7F, 0x63, 0x45, 0x97, 0x08, 0x13, 0x07, /* 13840 ~ 13855 */
    0x00, 0x80, 0x63, 0xC2, 0xE4, 0x0E, 0x17, 0x45, 0x00, 0x00, 0x03, 0x25, 0xE5, 0xC8, 0x54, 0x41, /* 13856 ~ 13871 */
    0x13, 0xD4, 0x84, 0x40, 0x13, 0x07, 0xF0, 0x7F, 0x93, 0xF4, 0xF4, 0x0F, 0x3D, 0x88, 0x63, 0x4E, /* 13872 ~ 13887 */
    0xD7, 0x08, 0x13, 0x07, 0x00, 0x80, 0x63, 0xCE, 0xE6, 0x0C, 0x13, 0x97, 0x46, 0x00, 0x13, 0x77, /* 13888 ~ 13903 */
    0xF7, 0x0F, 0xB2, 0x06, 0x59, 0x8C, 0x37, 0x07, 0xFF, 0x00, 0xF9, 0x8E, 0xD8, 0x4F, 0x41, 0x65, /* 13904 ~ 13919 */
    0x83, 0x45, 0x03, 0x00, 0x93, 0x17, 0x87, 0x00, 0x13, 0x56, 0x07, 0x01, 0x13, 0x05, 0x05, 0xF0, /* 13920 ~ 13935 */
    0x62, 0x06, 0xE9, 0x8F, 0xD1, 0x8F, 0x22, 0x07, 0x37, 0x06, 0xFF, 0x00, 0xD5, 0x8C, 0xCD, 0x8F, /* 13936 ~ 13951 */
    0x71, 0x8F, 0x22, 0x04, 0x97, 0x46, 0x00, 0x00, 0x93, 0x86, 0x86, 0xF1, 0x45, 0x8C, 0xD9, 0x8F, /* 13952 ~ 13967 */
    0x9C, 0xC2, 0xC0, 0xC2, 0xB2, 0x40, 0x22, 0x44, 0x85, 0x47, 0x23, 0x84, 0xF6, 0x00, 0x92, 0x44, /* 13968 ~ 13983 */
    0x41, 0x01, 0x82, 0x80, 0x13, 0x06, 0x10, 0x80, 0x85, 0x45, 0x3E, 0xC0, 0x39, 0x2F, 0x82, 0x47, /* 13984 ~ 13999 */
    0x1D, 0x44, 0x93, 0x04, 0xF0, 0x0F, 0x17, 0x43, 0x00, 0x00, 0x13, 0x03, 0x63, 0xC0, 0x05, 0x47, /* 14000 ~ 14015 */
    0x97, 0x46, 0x00, 0x00, 0x23, 0xA8, 0xE6, 0xBE, 0x17, 0x45, 0x00, 0x00, 0x03, 0x25, 0xC5, 0xBE, /* 14016 ~ 14031 */
    0x54, 0x41, 0x13, 0x07, 0xF0, 0x7F, 0xE3, 0x56, 0xD7, 0xF6, 0x13, 0x06, 0x10, 0x80, 0x85, 0x45, /* 14032 ~ 14047 */
    0x3E, 0xC0, 0xE5, 0x25, 0x82, 0x47, 0x13, 0x64, 0x04, 0x0F, 0xB7, 0x06, 0x7F, 0x00, 0x17, 0x43, /* 14048 ~ 14063 */
    0x00, 0x00, 0x13, 0x03, 0xE3, 0xBC, 0x05, 0x47, 0x17, 0x46, 0x00, 0x00, 0x23, 0x2C, 0xE6, 0xBA, /* 14064 ~ 14079 */
    0xB1, 0xBF, 0x6F, 0xF0, 0x5F, 0xCC, 0x05, 0x66, 0x13, 0x06, 0x06, 0x80, 0x85, 0x45, 0x3E, 0xC0, /* 14080 ~ 14095 */
    0x6D, 0x2D, 0x82, 0x47, 0x21, 0x44, 0x81, 0x44, 0x17, 0x43, 0x00, 0x00, 0x13, 0x03, 0x43, 0xBA, /* 14096 ~ 14111 */
    0x79, 0xBF, 0x05, 0x66, 0x13, 0x06, 0x06, 0x80, 0x85, 0x45, 0x3E, 0xC0, 0x79, 0x2D, 0x82, 0x47, /* 14112 ~ 14127 */
    0xB7, 0x06, 0x80, 0x00, 0x17, 0x43, 0x00, 0x00, 0x13, 0x03, 0x83, 0xB8, 0x6D, 0xBF, 0x17, 0x47, /* 14128 ~ 14143 */
    0x00, 0x00, 0x03, 0x27, 0xE7, 0xB6, 0x63, 0x0B, 0x07, 0x10, 0x17, 0x43, 0x00, 0x00, 0x13, 0x03, /* 14144 ~ 14159 */
    0x23, 0xB7, 0x03, 0x27, 0x03, 0x00, 0x41, 0x11, 0xAA, 0x87, 0x17, 0x45, 0x00, 0x00, 0x03, 0x25, /* 14160 ~ 14175 */
    0xE5, 0xB5, 0x05, 0x07, 0x26, 0xC2, 0x44, 0x41, 0x23, 0x20, 0xE3, 0x00, 0x17, 0x47, 0x00, 0x00, /* 14176 ~ 14191 */
    0x23, 0x22, 0x07, 0xB4, 0x06, 0xC6, 0x22, 0xC4, 0x13, 0x07, 0xF0, 0x7F, 0x63, 0x41, 0x97, 0x08, /* 14192 ~ 14207 */
    0x13, 0x07, 0x00, 0x80, 0x63, 0xCE, 0xE4, 0x0C, 0x17, 0x45, 0x00, 0x00, 0x03, 0x25, 0xC5, 0xB2, /* 14208 ~ 14223 */
    0x58, 0x41, 0x13, 0xD4, 0x84, 0x40, 0x93, 0x06, 0xF0, 0x7F, 0x93, 0xF4, 0xF4, 0x0F, 0x3D, 0x88, /* 14224 ~ 14239 */
    0x63, 0xCA, 0xE6, 0x08, 0x93, 0x06, 0x00, 0x80, 0x63, 0x4A, 0xD7, 0x0C, 0x93, 0x16, 0x47, 0x00, /* 14240 ~ 14255 */
    0x93, 0xF6, 0xF6, 0x0F, 0x32, 0x07, 0x55, 0x8C, 0xB7, 0x06, 0xFF, 0x00, 0xF9, 0x8E, 0xD8, 0x53, /* 14256 ~ 14271 */
    0x83, 0x45, 0x03, 0x00, 0x41, 0x66, 0x93, 0x17, 0x87, 0x00, 0x13, 0x06, 0x06, 0xF0, 0xF1, 0x8F, /* 14272 ~ 14287 */
    0x22, 0x07, 0x37, 0x06, 0xFF, 0x00, 0xD5, 0x8C, 0xCD, 0x8F, 0x71, 0x8F, 0x22, 0x04, 0x97, 0x46, /* 14288 ~ 14303 */
    0x00, 0x00, 0x93, 0x86, 0xE6, 0xDB, 0x45, 0x8C, 0xD9, 0x8F, 0x9C, 0xC2, 0xC0, 0xC2, 0xB2, 0x40, /* 14304 ~ 14319 */
    0x22, 0x44, 0x95, 0x47, 0x23, 0x84, 0xF6, 0x00, 0x92, 0x44, 0x41, 0x01, 0x82, 0x80, 0x13, 0x06, /* 14320 ~ 14335 */
    0x10, 0x80, 0x85, 0x45, 0x3E, 0xC0, 0xD1, 0x23, 0x82, 0x47, 0x1D, 0x44, 0x93, 0x04, 0xF0, 0x0F, /* 14336 ~ 14351 */
    0x17, 0x43, 0x00, 0x00, 0x13, 0x03, 0xC3, 0xAA, 0x05, 0x47, 0x17, 0x45, 0x00, 0x00, 0x03, 0x25, /* 14352 ~ 14367 */
    0xA5, 0xA9, 0x97, 0x46, 0x00, 0x00, 0x23, 0xA7, 0xE6, 0xA8, 0x58, 0x41, 0x93, 0x06, 0xF0, 0x7F, /* 14368 ~ 14383 */
    0xE3, 0xDA, 0xE6, 0xF6, 0x13, 0x06, 0x10, 0x80, 0x85, 0x45, 0x3E, 0xC0, 0x79, 0x23, 0x82, 0x47, /* 14384 ~ 14399 */
    0x13, 0x64, 0x04, 0x0F, 0xB7, 0x06, 0x7F, 0x00, 0x17, 0x43, 0x00, 0x00, 0x13, 0x03, 0x43, 0xA7, /* 14400 ~ 14415 */
    0x05, 0x47, 0x17, 0x46, 0x00, 0x00, 0x23, 0x2F, 0xE6, 0xA4, 0x95, 0xB7, 0x6F, 0xF0, 0xBF, 0xB6, /* 14416 ~ 14431 */
    0x05, 0x66, 0x13, 0x06, 0x06, 0x80, 0x85, 0x45, 0x3E, 0xC0, 0x85, 0x23, 0x82, 0x47, 0x21, 0x44, /* 14432 ~ 14447 */
    0x81, 0x44, 0x17, 0x43, 0x00, 0x00, 0x13, 0x03, 0xA3, 0xA4, 0x79, 0xBF, 0x05, 0x66, 0x13, 0x06, /* 14448 ~ 14463 */
    0x06, 0x80, 0x85, 0x45, 0x3E, 0xC0, 0x91, 0x23, 0x82, 0x47, 0xB7, 0x06, 0x80, 0x00, 0x17, 0x43, /* 14464 ~ 14479 */
    0x00, 0x00, 0x13, 0x03, 0xE3, 0xA2, 0x6D, 0xBF, 0x41, 0x11, 0x97, 0x47, 0x00, 0x00, 0x83, 0xA7, /* 14480 ~ 14495 */
    0xE7, 0x8D, 0x22, 0xC4, 0x06, 0xC6, 0xDD, 0x17, 0x05, 0x47, 0x2A, 0x84, 0x63, 0x7A, 0xF7, 0x02, /* 14496 ~ 14511 */
    0x97, 0x47, 0x00, 0x00, 0x83, 0xA7, 0x07, 0xA0, 0x85, 0xE7, 0x10, 0x44, 0x17, 0x45, 0x00, 0x00, /* 14512 ~ 14527 */
    0x03, 0x25, 0xC5, 0x9F, 0x2E, 0xC0, 0x11, 0x23, 0x50, 0x44, 0x82, 0x45, 0x17, 0x45, 0x00, 0x00, /* 14528 ~ 14543 */
    0x03, 0x25, 0x85, 0x9E, 0xDD, 0x29, 0xB2, 0x40, 0x22, 0x44, 0x01, 0x45, 0x41, 0x01, 0x82, 0x80, /* 14544 ~ 14559 */
    0x85, 0x45, 0xE1, 0xBF, 0x17, 0x47, 0x00, 0x00, 0x13, 0x07, 0x87, 0xCB, 0x97, 0x47, 0x00, 0x00, /* 14560 ~ 14575 */
    0x83, 0xA7, 0x07, 0x9C, 0x0C, 0x43, 0x50, 0x43, 0x83, 0x46, 0x87, 0x00, 0x99, 0xCB, 0x25, 0x47, /* 14576 ~ 14591 */
    0xCC, 0xCB, 0x90, 0xCF, 0x23, 0x8E, 0xD7, 0x00, 0x23, 0x91, 0xE7, 0x00, 0x23, 0x97, 0xE7, 0x00, /* 14592 ~ 14607 */
    0x82, 0x80, 0x97, 0x47, 0x00, 0x00, 0x83, 0xA7, 0x67, 0x99, 0x25, 0x47, 0xCC, 0xCB, 0x90, 0xCF, /* 14608 ~ 14623 */
    0x23, 0x8E, 0xD7, 0x00, 0x23, 0x91, 0xE7, 0x00, 0x23, 0x97, 0xE7, 0x00, 0x82, 0x80, 0x97, 0x47, /* 14624 ~ 14639 */
    0x00, 0x00, 0x83, 0xA7, 0xE7, 0x97, 0xA1, 0xCB, 0x58, 0x51, 0x17, 0x45, 0x00, 0x00, 0x13, 0x05, /* 14640 ~ 14655 */
    0x25, 0x98, 0x14, 0x41, 0xC1, 0x65, 0x93, 0x17, 0x87, 0x00, 0x93, 0x85, 0x05, 0xF0, 0x13, 0x56, /* 14656 ~ 14671 */
    0x07, 0x01, 0x85, 0x06, 0xED, 0x8F, 0x62, 0x06, 0xD1, 0x8F, 0x13, 0xF3, 0xF6, 0x0F, 0x93, 0x15, /* 14672 ~ 14687 */
    0x87, 0x00, 0xB3, 0xE7, 0x67, 0x00, 0x37, 0x03, 0xFF, 0x00, 0xB3, 0xF5, 0x65, 0x00, 0x17, 0x46, /* 14688 ~ 14703 */
    0x00, 0x00, 0x13, 0x06, 0xE6, 0xC2, 0xCD, 0x8F, 0x61, 0x83, 0x58, 0xC2, 0x1C, 0xC2, 0xA9, 0x47, /* 14704 ~ 14719 */
    0x14, 0xC1, 0xA3, 0x03, 0xF6, 0x00, 0x82, 0x80, 0x97, 0x47, 0x00, 0x00, 0x83, 0xA7, 0x47, 0x92, /* 14720 ~ 14735 */
    0x99, 0xCF, 0x17, 0x47, 0x00, 0x00, 0x13, 0x07, 0xA7, 0x92, 0x1C, 0x43, 0x17, 0x36, 0x00, 0x00, /* 14736 ~ 14751 */
    0x03, 0x26, 0x86, 0x7D, 0x99, 0x46, 0x85, 0x07, 0x1C, 0xC3, 0x63, 0x03, 0xD6, 0x00, 0x82, 0x80, /* 14752 ~ 14767 */
    0x50, 0x4D, 0x14, 0x51, 0xC1, 0x62, 0xFD, 0x12, 0x93, 0x15, 0x86, 0x00, 0x13, 0x53, 0x06, 0x01, /* 14768 ~ 14783 */
    0x62, 0x03, 0x13, 0x97, 0x86, 0x00, 0xB3, 0xF5, 0x55, 0x00, 0x37, 0x05, 0xFF, 0x00, 0xB3, 0xE5, /* 14784 ~ 14799 */
    0x65, 0x00, 0x93, 0xF7, 0xF7, 0x0F, 0x13, 0x13, 0x86, 0x00, 0x33, 0x77, 0x57, 0x00, 0x61, 0x82, /* 14800 ~ 14815 */
    0xA2, 0x06, 0xDD, 0x8D, 0xE9, 0x8E, 0xB3, 0x67, 0xC7, 0x00, 0xD5, 0x8F, 0x17, 0x46, 0x00, 0x00, /* 14816 ~ 14831 */
    0x13, 0x06, 0x06, 0xBB, 0x33, 0x73, 0xA3, 0x00, 0x33, 0xE7, 0x65, 0x00, 0x5C, 0xC2, 0xA5, 0x47, /* 14832 ~ 14847 */
    0x18, 0xC2, 0x23, 0x04, 0xF6, 0x00, 0x82, 0x80, 0x41, 0x11, 0x22, 0xC4, 0x06, 0xC6, 0x26, 0xC2, /* 14848 ~ 14863 */
    0x2A, 0xC0, 0x2E, 0x84, 0xEF, 0x00, 0x70, 0x28, 0x93, 0x07, 0xF5, 0xFF, 0x25, 0x47, 0x63, 0x6B, /* 14864 ~ 14879 */
    0xF7, 0x04, 0x17, 0x37, 0x00, 0x00, 0x13, 0x07, 0x67, 0x54, 0x8A, 0x07, 0xBA, 0x97, 0x9C, 0x43, /* 14880 ~ 14895 */
    0xAA, 0x84, 0xBA, 0x97, 0x82, 0x87, 0x02, 0x45, 0xEF, 0xF0, 0x5F, 0xBA, 0xEF, 0xF0, 0x9F, 0xEA, /* 14896 ~ 14911 */
    0x97, 0x47, 0x00, 0x00, 0x83, 0xA7, 0xC7, 0x86, 0x89, 0xC7, 0x17, 0x47, 0x00, 0x00, 0x23, 0x2F, /* 14912 ~ 14927 */
    0xF7, 0x84, 0x97, 0x37, 0x00, 0x00, 0x93, 0x87, 0x67, 0x72, 0x84, 0xC3, 0x17, 0x47, 0x00, 0x00, /* 14928 ~ 14943 */
    0x03, 0x27, 0x47, 0x85, 0x01, 0xCB, 0x25, 0x47, 0x98, 0xC3, 0x09, 0xE4, 0x97, 0x47, 0x00, 0x00, /* 14944 ~ 14959 */
    0x23, 0xA2, 0x07, 0x84, 0xB2, 0x40, 0x22, 0x44, 0x92, 0x44, 0x01, 0x45, 0x41, 0x01, 0x82, 0x80, /* 14960 ~ 14975 */
    0x02, 0x45, 0xEF, 0xF0, 0xDF, 0xCB, 0x5D, 0xBF, 0x02, 0x45, 0xEF, 0xF0, 0x5F, 0xEA, 0x7D, 0xB7, /* 14976 ~ 14991 */
    0x02, 0x45, 0xDD, 0x3D, 0x65, 0xB7, 0x02, 0x45, 0xEF, 0xF0, 0x3F, 0xAC, 0x45, 0xB7, 0x97, 0x45, /* 14992 ~ 15007 */
    0x00, 0x00, 0x93, 0x85, 0x65, 0x81, 0x17, 0x45, 0x00, 0x00, 0x13, 0x05, 0x25, 0x81, 0x99, 0xAE, /* 15008 ~ 15023 */
    0x82, 0x80, 0x81, 0x45, 0x37, 0x05, 0x01, 0x02, 0x6F, 0xE0, 0x3F, 0x96, 0x58, 0x51, 0x85, 0x67, /* 15024 ~ 15039 */
    0x97, 0x36, 0x00, 0x00, 0x83, 0xA6, 0xC6, 0x6A, 0x41, 0x66, 0xBE, 0x96, 0x13, 0x06, 0x06, 0xF0, /* 15040 ~ 15055 */
    0x93, 0x17, 0x87, 0x00, 0xF1, 0x8F, 0x13, 0x56, 0x07, 0x01, 0x62, 0x06, 0xD1, 0x8F, 0x22, 0x07, /* 15056 ~ 15071 */
    0x37, 0x06, 0xFF, 0x00, 0x71, 0x8F, 0xD9, 0x8F, 0x93, 0xE7, 0xA7, 0x00, 0x23, 0xA1, 0xF6, 0x6E, /* 15072 ~ 15087 */
    0x83, 0x47, 0x75, 0x02, 0x23, 0xA3, 0xF6, 0x6E, 0x82, 0x80, 0x58, 0x4D, 0x85, 0x67, 0x97, 0x36, /* 15088 ~ 15103 */
    0x00, 0x00, 0x83, 0xA6, 0xE6, 0x66, 0x41, 0x66, 0xBE, 0x96, 0x7D, 0x16, 0x93, 0x17, 0x87, 0x00, /* 15104 ~ 15119 */
    0x93, 0x55, 0x07, 0x01, 0xF1, 0x8F, 0xE2, 0x05, 0xCD, 0x8F, 0x22, 0x07, 0xB7, 0x05, 0xFF, 0x00, /* 15120 ~ 15135 */
    0x6D, 0x8F, 0xD9, 0x8F, 0x93, 0xE7, 0x97, 0x00, 0x23, 0xA1, 0xF6, 0x6E, 0x1C, 0x51, 0x03, 0x47, /* 15136 ~ 15151 */
    0xF5, 0x01, 0x13, 0x95, 0x87, 0x00, 0x69, 0x8E, 0x51, 0x8F, 0xB3, 0x77, 0xB5, 0x00, 0xD9, 0x8F, /* 15152 ~ 15167 */
    0x23, 0xA3, 0xF6, 0x6E, 0x82, 0x80, 0x13, 0xF7, 0x15, 0x00, 0x0A, 0x07, 0x97, 0x37, 0x00, 0x00, /* 15168 ~ 15183 */
    0x83, 0xA7, 0x87, 0x77, 0xBA, 0x97, 0xD0, 0x43, 0x97, 0x36, 0x00, 0x00, 0x83, 0xA6, 0x46, 0x61, /* 15184 ~ 15199 */
    0x85, 0x67, 0x03, 0x23, 0x45, 0x00, 0xBE, 0x96, 0xB7, 0x05, 0xFF, 0x00, 0x93, 0x17, 0x06, 0x01, /* 15200 ~ 15215 */
    0x21, 0x86, 0xED, 0x8F, 0x62, 0x06, 0xD1, 0x8F, 0x41, 0x66, 0x7D, 0x16, 0x22, 0x03, 0x33, 0x73, /* 15216 ~ 15231 */
    0xC3, 0x00, 0xB3, 0xE7, 0x67, 0x00, 0x93, 0xE7, 0x27, 0x00, 0x23, 0xA1, 0xF6, 0x6E, 0x1C, 0x49, /* 15232 ~ 15247 */
    0xC2, 0x07, 0xED, 0x8F, 0x4C, 0x49, 0xE2, 0x05, 0xCD, 0x8F, 0x97, 0x35, 0x00, 0x00, 0x83, 0xA5, /* 15248 ~ 15263 */
    0x65, 0x72, 0x2E, 0x97, 0x58, 0x43, 0x71, 0x8F, 0xD9, 0x8F, 0x23, 0xA3, 0xF6, 0x6E, 0x82, 0x80, /* 15264 ~ 15279 */
    0x58, 0x4D, 0x85, 0x67, 0x97, 0x36, 0x00, 0x00, 0x83, 0xA6, 0x86, 0x5B, 0x41, 0x66, 0xBE, 0x96, /* 15280 ~ 15295 */
    0x7D, 0x16, 0x93, 0x17, 0x87, 0x00, 0x13, 0x55, 0x07, 0x01, 0x62, 0x05, 0xF1, 0x8F, 0xC9, 0x8F, /* 15296 ~ 15311 */
    0x22, 0x07, 0x37, 0x05, 0xFF, 0x00, 0x69, 0x8F, 0xD9, 0x8F, 0x93, 0xE7, 0x17, 0x00, 0x85, 0x89, /* 15312 ~ 15327 */
    0x23, 0xA1, 0xF6, 0x6E, 0x8A, 0x05, 0x97, 0x37, 0x00, 0x00, 0x83, 0xA7, 0xA7, 0x6D, 0xAE, 0x97, /* 15328 ~ 15343 */
    0xD8, 0x43, 0x93, 0x17, 0x07, 0x01, 0x21, 0x87, 0x62, 0x07, 0xE9, 0x8F, 0xD9, 0x8F, 0x17, 0x37, /* 15344 ~ 15359 */
    0x00, 0x00, 0x03, 0x27, 0x67, 0x6C, 0xBA, 0x95, 0xD8, 0x41, 0x71, 0x8F, 0xD9, 0x8F, 0x23, 0xA3, /* 15360 ~ 15375 */
    0xF6, 0x6E, 0x82, 0x80, 0x58, 0x51, 0x85, 0x67, 0x97, 0x36, 0x00, 0x00, 0x83, 0xA6, 0x46, 0x55, /* 15376 ~ 15391 */
    0x41, 0x66, 0xBE, 0x96, 0x37, 0x05, 0xFF, 0x00, 0x93, 0x17, 0x87, 0x00, 0x7D, 0x16, 0x22, 0x07, /* 15392 ~ 15407 */
    0x71, 0x8F, 0xE9, 0x8F, 0xD9, 0x8F, 0x93, 0xE7, 0x57, 0x00, 0x85, 0x89, 0x23, 0xA1, 0xF6, 0x6E, /* 15408 ~ 15423 */
    0x8A, 0x05, 0x97, 0x37, 0x00, 0x00, 0x83, 0xA7, 0xE7, 0x67, 0xAE, 0x97, 0xD8, 0x43, 0x93, 0x17, /* 15424 ~ 15439 */
    0x07, 0x01, 0x21, 0x87, 0x62, 0x07, 0xE9, 0x8F, 0xD9, 0x8F, 0x17, 0x37, 0x00, 0x00, 0x03, 0x27, /* 15440 ~ 15455 */
    0xA7, 0x66, 0x2E, 0x97, 0x58, 0x43, 0x71, 0x8F, 0xD9, 0x8F, 0x23, 0xA3, 0xF6, 0x6E, 0x82, 0x80, /* 15456 ~ 15471 */
    0x17, 0x35, 0x00, 0x00, 0x03, 0x25, 0xC5, 0x50, 0x5D, 0x15, 0x13, 0x35, 0x25, 0x00, 0x82, 0x80, /* 15472 ~ 15487 */
    0x51, 0x11, 0x22, 0xC2, 0x26, 0xC0, 0x06, 0xC4, 0xAA, 0x84, 0x2E, 0x84, 0xD5, 0x37, 0x11, 0xC1, /* 15488 ~ 15503 */
    0x05, 0x44, 0x90, 0x44, 0xA2, 0x85, 0x17, 0x35, 0x00, 0x00, 0x03, 0x25, 0xE5, 0x62, 0x29, 0x2A, /* 15504 ~ 15519 */
    0xD0, 0x44, 0xA2, 0x85, 0x17, 0x35, 0x00, 0x00, 0x03, 0x25, 0xC5, 0x61, 0x31, 0x22, 0xA2, 0x40, /* 15520 ~ 15535 */
    0x12, 0x44, 0x82, 0x44, 0x01, 0x45, 0x31, 0x01, 0x82, 0x80, 0x51, 0x11, 0x22, 0xC2, 0x17, 0x34, /* 15536 ~ 15551 */
    0x00, 0x00, 0x13, 0x04, 0xE4, 0x4A, 0x1C, 0x40, 0x06, 0xC4, 0x79, 0x47, 0x83, 0xC7, 0x47, 0x05, /* 15552 ~ 15567 */
    0x63, 0x69, 0xF7, 0x00, 0x79, 0x45, 0x1D, 0x8D, 0x13, 0x75, 0xF5, 0x0F, 0x19, 0xC1, 0xEF, 0x10, /* 15568 ~ 15583 */
    0x60, 0x66, 0x1C, 0x40, 0xA2, 0x40, 0x12, 0x44, 0x23, 0xA8, 0x07, 0x04, 0x31, 0x01, 0x82, 0x80, /* 15584 ~ 15599 */
    0x17, 0x35, 0x00, 0x00, 0x03, 0x25, 0xC5, 0x47, 0x23, 0x28, 0x05, 0x04, 0x3C, 0x49, 0x99, 0xE7, /* 15600 ~ 15615 */
    0x85, 0x67, 0x93, 0x87, 0x27, 0x6E, 0x3E, 0x95, 0x6F, 0xF0, 0xBF, 0xDA, 0x82, 0x80, 0x97, 0x37, /* 15616 ~ 15631 */
    0x00, 0x00, 0x83, 0xA7, 0xE7, 0x45, 0x05, 0x47, 0xB8, 0xCB, 0x82, 0x80, 0x31, 0x11, 0x2E, 0xC2, /* 15632 ~ 15647 */
    0x36, 0xC0, 0x06, 0xC8, 0x22, 0xC6, 0x26, 0xC4, 0xAA, 0x84, 0x85, 0x2F, 0x2A, 0x84, 0x89, 0x37, /* 15648 ~ 15663 */
    0x82, 0x46, 0x92, 0x45, 0x11, 0xC1, 0x85, 0x45, 0x97, 0x37, 0x00, 0x00, 0x23, 0xA2, 0x87, 0x44, /* 15664 ~ 15679 */
    0xA5, 0x47, 0x7D, 0x14, 0x63, 0xE4, 0x87, 0x02, 0x17, 0x37, 0x00, 0x00, 0x13, 0x07, 0x87, 0x24, /* 15680 ~ 15695 */
    0x0A, 0x04, 0x3A, 0x94, 0x1C, 0x40, 0xBA, 0x97, 0x82, 0x87, 0x26, 0x85, 0xEF, 0xF0, 0x5F, 0xE5, /* 15696 ~ 15711 */
    0x97, 0x37, 0x00, 0x00, 0x83, 0xA7, 0xC7, 0x40, 0x09, 0x47, 0xB8, 0xCB, 0xC2, 0x40, 0x32, 0x44, /* 15712 ~ 15727 */
    0xA2, 0x44, 0x01, 0x45, 0x51, 0x01, 0x82, 0x80, 0x26, 0x85, 0xEF, 0xF0, 0xBF, 0xE9, 0xCD, 0xB7, /* 15728 ~ 15743 */
    0x26, 0x85, 0xEF, 0xF0, 0xBF, 0xD3, 0xE9, 0xBF, 0x26, 0x85, 0xEF, 0xF0, 0x1F, 0xD7, 0xC9, 0xBF, /* 15744 ~ 15759 */
    0xE1, 0xDA, 0x26, 0x85, 0xEF, 0xF0, 0x3F, 0xDB, 0xE1, 0xB7, 0x97, 0x37, 0x00, 0x00, 0x83, 0xA7, /* 15760 ~ 15775 */
    0x27, 0x3D, 0x23, 0xA8, 0x07, 0x04, 0x97, 0x35, 0x00, 0x00, 0x93, 0x85, 0xA5, 0x51, 0x17, 0x35, /* 15776 ~ 15791 */
    0x00, 0x00, 0x13, 0x05, 0x65, 0x51, 0xB9, 0xA0, 0x1C, 0x41, 0x8A, 0x05, 0x50, 0xC1, 0xB2, 0x97, /* 15792 ~ 15807 */
    0x1C, 0xC5, 0xAA, 0x95, 0xDC, 0x41, 0x1C, 0xC1, 0x82, 0x80, 0x93, 0x97, 0x25, 0x00, 0xAA, 0x97, /* 15808 ~ 15823 */
    0xDC, 0x43, 0x1C, 0xC1, 0x99, 0xC1, 0x58, 0x41, 0x3A, 0x96, 0x50, 0xC1, 0x1C, 0xC5, 0x82, 0x80, /* 15824 ~ 15839 */
    0x97, 0x37, 0x00, 0x00, 0x93, 0x87, 0x87, 0x7D, 0xC8, 0x43, 0x9C, 0x47, 0x5D, 0x8D, 0x97, 0x37, /* 15840 ~ 15855 */
    0x00, 0x00, 0x93, 0x87, 0xA7, 0x7B, 0xD8, 0x43, 0x9C, 0x47, 0x59, 0x8D, 0x5D, 0x8D, 0x33, 0x35, /* 15856 ~ 15871 */
    0xA0, 0x00, 0x82, 0x80, 0x51, 0x11, 0x22, 0xC2, 0x06, 0xC4, 0x97, 0x37, 0x00, 0x00, 0x93, 0x87, /* 15872 ~ 15887 */
    0xE7, 0x7A, 0x1C, 0xC1, 0x17, 0x34, 0x00, 0x00, 0x13, 0x04, 0x44, 0x79, 0x80, 0xC1, 0x41, 0x46, /* 15888 ~ 15903 */
    0x81, 0x45, 0x3E, 0x85, 0xEF, 0xC0, 0x2F, 0xD4, 0x22, 0x85, 0x12, 0x44, 0xA2, 0x40, 0x41, 0x46, /* 15904 ~ 15919 */
    0x81, 0x45, 0x31, 0x01, 0x6F, 0xC0, 0x2F, 0xD3, 0x83, 0x27, 0xC5, 0x09, 0x03, 0x27, 0x05, 0x0A, /* 15920 ~ 15935 */
    0x85, 0x07, 0x9D, 0x8B, 0x33, 0x85, 0xE7, 0x40, 0x13, 0x35, 0x15, 0x00, 0x82, 0x80, 0x41, 0x11, /* 15936 ~ 15951 */
    0x0A, 0x86, 0x06, 0xC6, 0x02, 0xC0, 0xEF, 0x10, 0x00, 0x4E, 0x02, 0x45, 0xB2, 0x40, 0xB7, 0x87, /* 15952 ~ 15967 */
    0x1E, 0x00, 0x93, 0x87, 0x07, 0x48, 0x33, 0xB5, 0xA7, 0x00, 0x41, 0x01, 0x82, 0x80, 0x83, 0x27, /* 15968 ~ 15983 */
    0x05, 0x0A, 0x03, 0x25, 0xC5, 0x09, 0x63, 0xE5, 0xA7, 0x00, 0x33, 0x85, 0xA7, 0x40, 0x82, 0x80, /* 15984 ~ 15999 */
    0xA1, 0x07, 0xE5, 0xBF, 0x51, 0x11, 0x06, 0xC4, 0xDD, 0x37, 0xA2, 0x40, 0x79, 0x15, 0x13, 0x35, /* 16000 ~ 16015 */
    0x15, 0x00, 0x31, 0x01, 0x82, 0x80, 0x83, 0x27, 0xC5, 0x09, 0x85, 0x07, 0x9D, 0x8B, 0x23, 0x2E, /* 16016 ~ 16031 */
    0xF5, 0x08, 0x92, 0x07, 0x3E, 0x95, 0x93, 0x07, 0x00, 0x10, 0x23, 0x16, 0xF5, 0x00, 0x10, 0xC1, /* 16032 ~ 16047 */
    0x54, 0xC1, 0x23, 0x07, 0xB5, 0x00, 0x18, 0xC5, 0x82, 0x80, 0xFD, 0x47, 0x23, 0x20, 0xF5, 0x08, /* 16048 ~ 16063 */
    0x23, 0x2E, 0x05, 0x08, 0x23, 0x20, 0x05, 0x0A, 0x23, 0x22, 0xB5, 0x08, 0x82, 0x80, 0xFD, 0x47, /* 16064 ~ 16079 */
    0x23, 0x20, 0xF5, 0x08, 0x23, 0x24, 0x05, 0x08, 0x23, 0x22, 0x05, 0x08, 0x82, 0x80, 0x41, 0x11, /* 16080 ~ 16095 */
    0x22, 0xC4, 0x26, 0xC2, 0x06, 0xC6, 0x2A, 0x84, 0xAE, 0x84, 0x32, 0xC0, 0xEF, 0xF0, 0xDF, 0xF4, /* 16096 ~ 16111 */
    0x49, 0xE9, 0x83, 0x26, 0x44, 0x08, 0xD0, 0x40, 0x98, 0x48, 0x13, 0xF5, 0xF6, 0x0F, 0xCC, 0x48, /* 16112 ~ 16127 */
    0x63, 0x17, 0xC5, 0x00, 0x33, 0x63, 0xB7, 0x00, 0x1D, 0x45, 0x63, 0x05, 0x03, 0x02, 0xE2, 0x05, /* 16128 ~ 16143 */
    0x13, 0x76, 0xF6, 0x0F, 0x4D, 0x8E, 0x42, 0x07, 0xB7, 0x05, 0xFF, 0x00, 0x6D, 0x8F, 0x59, 0x8E, /* 16144 ~ 16159 */
    0x02, 0x47, 0x23, 0x24, 0xD4, 0x08, 0x22, 0x85, 0x23, 0x22, 0xC4, 0x08, 0x81, 0x46, 0x81, 0x45, /* 16160 ~ 16175 */
    0x9D, 0x37, 0x01, 0x45, 0xD0, 0x4C, 0x03, 0x27, 0x04, 0x09, 0x94, 0x50, 0x63, 0x16, 0xC7, 0x00, /* 16176 ~ 16191 */
    0x03, 0x27, 0x44, 0x09, 0x63, 0x0C, 0xD7, 0x00, 0x02, 0x47, 0x22, 0x85, 0x23, 0x28, 0xC4, 0x08, /* 16192 ~ 16207 */
    0x23, 0x2A, 0xD4, 0x08, 0x85, 0x45, 0xEF, 0xF0, 0x1F, 0xF4, 0x01, 0x45, 0xD0, 0x50, 0x83, 0x27, /* 16208 ~ 16223 */
    0x84, 0x09, 0x63, 0x8B, 0xC7, 0x00, 0x02, 0x47, 0x22, 0x85, 0x23, 0x2C, 0xC4, 0x08, 0x81, 0x46, /* 16224 ~ 16239 */
    0x89, 0x45, 0xEF, 0xF0, 0x5F, 0xF2, 0x01, 0x45, 0xB2, 0x40, 0x22, 0x44, 0x92, 0x44, 0x41, 0x01, /* 16240 ~ 16255 */
    0x82, 0x80, 0x15, 0x45, 0xD5, 0xBF, 0x31, 0x11, 0x26, 0xC4, 0x06, 0xC8, 0xAE, 0x84, 0x22, 0xC6, /* 16256 ~ 16271 */
    0x2A, 0x87, 0xB2, 0x85, 0x03, 0x24, 0x07, 0x0A, 0x83, 0x26, 0xC7, 0x09, 0x63, 0x96, 0x86, 0x00, /* 16272 ~ 16287 */
    0x09, 0x47, 0x98, 0xC0, 0x11, 0x45, 0x8D, 0xA0, 0x05, 0x04, 0x1D, 0x88, 0x23, 0x26, 0x87, 0x08, /* 16288 ~ 16303 */
    0x12, 0x04, 0x3A, 0x94, 0x08, 0x44, 0x3A, 0xC2, 0x2E, 0xC0, 0xEF, 0xF0, 0x5F, 0xE9, 0x09, 0xCD, /* 16304 ~ 16319 */
    0x12, 0x47, 0x95, 0x46, 0xA3, 0x06, 0xD4, 0x00, 0x83, 0x26, 0x07, 0x0A, 0x82, 0x45, 0x85, 0x06, /* 16320 ~ 16335 */
    0x9D, 0x8A, 0x23, 0x20, 0xD7, 0x0A, 0x7D, 0xBF, 0x03, 0x47, 0xE4, 0x00, 0x85, 0x46, 0x63, 0x0A, /* 16336 ~ 16351 */
    0xD7, 0x02, 0x89, 0x46, 0x63, 0x03, 0xD7, 0x04, 0x19, 0xEF, 0x18, 0x40, 0x94, 0xC0, 0x13, 0x76, /* 16352 ~ 16367 */
    0xF7, 0x0F, 0xD0, 0xC0, 0x13, 0x56, 0x07, 0x01, 0x13, 0x76, 0xF6, 0x0F, 0x61, 0x83, 0x90, 0xC8, /* 16368 ~ 16383 */
    0xD8, 0xC8, 0xA3, 0x06, 0xD4, 0x00, 0x01, 0x45, 0xC2, 0x40, 0x32, 0x44, 0xA2, 0x44, 0x51, 0x01, /* 16384 ~ 16399 */
    0x82, 0x80, 0x25, 0x47, 0x98, 0xC0, 0x18, 0x40, 0x89, 0x47, 0x06, 0x07, 0x05, 0x83, 0xD8, 0xCC, /* 16400 ~ 16415 */
    0x58, 0x40, 0x98, 0xD0, 0xA3, 0x06, 0xF4, 0x00, 0xF9, 0xBF, 0xA9, 0x46, 0x94, 0xC0, 0x14, 0x40, /* 16416 ~ 16431 */
    0xD4, 0xD0, 0xA3, 0x06, 0xE4, 0x00, 0xC1, 0xBF, 0x83, 0x27, 0x05, 0x0A, 0x03, 0x27, 0xC5, 0x09, /* 16432 ~ 16447 */
    0x63, 0x0F, 0xF7, 0x00, 0x03, 0x27, 0xC5, 0x08, 0x12, 0x07, 0x2A, 0x97, 0x83, 0x46, 0xD7, 0x00, /* 16448 ~ 16463 */
    0x11, 0x47, 0x63, 0x96, 0xE6, 0x00, 0x85, 0x07, 0x9D, 0x8B, 0x23, 0x20, 0xF5, 0x0A, 0x01, 0x45, /* 16464 ~ 16479 */
    0x82, 0x80, 0x03, 0x27, 0x45, 0x0A, 0x83, 0x27, 0x05, 0x0A, 0x63, 0x05, 0xF7, 0x06, 0x11, 0x11, /* 16480 ~ 16495 */
    0x93, 0x17, 0x47, 0x00, 0x22, 0xCA, 0x06, 0xCC, 0xAA, 0x97, 0x83, 0xC7, 0xD7, 0x00, 0x2A, 0x84, /* 16496 ~ 16511 */
    0x81, 0xC7, 0x95, 0x46, 0x63, 0x94, 0xD7, 0x04, 0x93, 0x07, 0x17, 0x00, 0x9D, 0x8B, 0x92, 0x07, /* 16512 ~ 16527 */
    0xA2, 0x97, 0x94, 0x47, 0x17, 0x96, 0xF9, 0x81, 0x13, 0x06, 0x46, 0xAD, 0x85, 0x45, 0x36, 0xC6, /* 16528 ~ 16543 */
    0x83, 0xC6, 0xC7, 0x00, 0x17, 0x35, 0x00, 0x00, 0x13, 0x05, 0x45, 0x08, 0x36, 0xC4, 0x94, 0x43, /* 16544 ~ 16559 */
    0x36, 0xC2, 0xD4, 0x43, 0x36, 0xC0, 0x83, 0xC7, 0xE7, 0x00, 0xA5, 0x46, 0xEF, 0x20, 0x20, 0x1C, /* 16560 ~ 16575 */
    0x83, 0x27, 0x44, 0x0A, 0x85, 0x07, 0x9D, 0x8B, 0x23, 0x22, 0xF4, 0x0A, 0xE2, 0x40, 0x52, 0x44, /* 16576 ~ 16591 */
    0x71, 0x01, 0x82, 0x80, 0x82, 0x80, 0x83, 0x27, 0xC5, 0x08, 0x92, 0x07, 0x3E, 0x95, 0x03, 0x47, /* 16592 ~ 16607 */
    0xD5, 0x00, 0x91, 0x47, 0x63, 0x14, 0xF7, 0x00, 0xA3, 0x06, 0x05, 0x00, 0x82, 0x80, 0x03, 0x27, /* 16608 ~ 16623 */
    0xC5, 0x08, 0x12, 0x07, 0xB3, 0x07, 0xE5, 0x00, 0x91, 0xE5, 0x11, 0x47, 0xA3, 0x86, 0xE7, 0x00, /* 16624 ~ 16639 */
    0x6F, 0xF0, 0x9F, 0xF3, 0x03, 0xC7, 0xC7, 0x00, 0x05, 0x07, 0x23, 0x86, 0xE7, 0x00, 0x82, 0x80, /* 16640 ~ 16655 */
    0x03, 0x27, 0xC5, 0x08, 0x12, 0x07, 0xB3, 0x07, 0xE5, 0x00, 0x03, 0xC7, 0xD7, 0x00, 0x89, 0x47, /* 16656 ~ 16671 */
    0x63, 0x13, 0xF7, 0x00, 0xE9, 0xB7, 0x82, 0x80, 0x31, 0x11, 0x2A, 0x87, 0x22, 0xC6, 0x26, 0xC4, /* 16672 ~ 16687 */
    0x32, 0xC0, 0x32, 0xC2, 0xAE, 0x87, 0xAA, 0x84, 0x2E, 0x84, 0x8D, 0x46, 0x17, 0x96, 0xF9, 0x81, /* 16688 ~ 16703 */
    0x13, 0x06, 0x46, 0xA9, 0x85, 0x45, 0x17, 0x35, 0x00, 0x00, 0x13, 0x05, 0x25, 0xFE, 0x06, 0xC8, /* 16704 ~ 16719 */
    0xEF, 0x20, 0xE0, 0x12, 0x17, 0x37, 0x00, 0x00, 0x13, 0x07, 0x07, 0x03, 0xB9, 0xC4, 0x97, 0x37, /* 16720 ~ 16735 */
    0x00, 0x00, 0x23, 0xAB, 0x87, 0x16, 0x12, 0x43, 0x93, 0x07, 0x40, 0x06, 0x19, 0xE0, 0x93, 0x07, /* 16736 ~ 16751 */
    0x80, 0x3E, 0x97, 0x36, 0x00, 0x00, 0x23, 0xAF, 0xF6, 0x14, 0x23, 0x20, 0x67, 0x00, 0x97, 0x37, /* 16752 ~ 16767 */
    0x00, 0x00, 0x23, 0xAF, 0x07, 0x14, 0x97, 0x37, 0x00, 0x00, 0x23, 0xAD, 0x07, 0xFE, 0x97, 0x37, /* 16768 ~ 16783 */
    0x00, 0x00, 0x23, 0xA5, 0x07, 0x14, 0xC2, 0x40, 0x32, 0x44, 0x97, 0x37, 0x00, 0x00, 0x23, 0x97, /* 16784 ~ 16799 */
    0x07, 0x12, 0xA2, 0x44, 0x01, 0x45, 0x51, 0x01, 0x82, 0x80, 0xFD, 0x57, 0x1C, 0xC3, 0x17, 0x37, /* 16800 ~ 16815 */
    0x00, 0x00, 0x23, 0x29, 0xF7, 0xFC, 0xC5, 0xB7, 0x97, 0x36, 0x00, 0x00, 0x93, 0x86, 0x86, 0xFC, /* 16816 ~ 16831 */
    0x9C, 0x42, 0x17, 0x37, 0x00, 0x00, 0x03, 0x27, 0x27, 0xFC, 0x63, 0xE3, 0xE7, 0x00, 0x15, 0xEF, /* 16832 ~ 16847 */
    0x17, 0x37, 0x00, 0x00, 0x13, 0x07, 0x87, 0x0F, 0x03, 0x06, 0x07, 0x00, 0x03, 0x07, 0x17, 0x00, /* 16848 ~ 16863 */
    0x10, 0xC5, 0x17, 0x36, 0x00, 0x00, 0x13, 0x06, 0xA6, 0x0F, 0x58, 0xC5, 0x18, 0x42, 0x05, 0x07, /* 16864 ~ 16879 */
    0x18, 0xC2, 0x17, 0x36, 0x00, 0x00, 0x03, 0x26, 0xE6, 0x0D, 0x63, 0x68, 0xC7, 0x00, 0x85, 0x07, /* 16880 ~ 16895 */
    0x17, 0x37, 0x00, 0x00, 0x23, 0x2E, 0x07, 0x0C, 0x9C, 0xC2, 0x82, 0x80, 0x97, 0x37, 0x00, 0x00, /* 16896 ~ 16911 */
    0x83, 0xA7, 0x87, 0xF7, 0x17, 0x37, 0x00, 0x00, 0x03, 0x27, 0xC7, 0xF6, 0x63, 0x63, 0xF7, 0x00, /* 16912 ~ 16927 */
    0x9D, 0xE7, 0x17, 0x37, 0x00, 0x00, 0x03, 0x27, 0xA7, 0x0B, 0x06, 0x07, 0x97, 0x37, 0x00, 0x00, /* 16928 ~ 16943 */
    0x83, 0xA7, 0x07, 0x0A, 0xBA, 0x97, 0x83, 0x86, 0x07, 0x00, 0x83, 0x87, 0x17, 0x00, 0x17, 0x37, /* 16944 ~ 16959 */
    0x00, 0x00, 0x13, 0x07, 0xA7, 0x08, 0x23, 0x00, 0xD7, 0x00, 0xA3, 0x00, 0xF7, 0x00, 0x82, 0x80, /* 16960 ~ 16975 */
    0x97, 0x37, 0x00, 0x00, 0x23, 0xAE, 0xA7, 0x06, 0x82, 0x80, 0x97, 0x37, 0x00, 0x00, 0x83, 0xA7, /* 16976 ~ 16991 */
    0xA7, 0xF2, 0x7D, 0x57, 0x01, 0x45, 0x63, 0x8C, 0xE7, 0x00, 0x17, 0x37, 0x00, 0x00, 0x03, 0x27, /* 16992 ~ 17007 */
    0x67, 0xF1, 0x05, 0x45, 0x63, 0x65, 0xF7, 0x00, 0x33, 0x35, 0xF0, 0x00, 0x05, 0x05, 0x82, 0x80, /* 17008 ~ 17023 */
    0x17, 0x37, 0x00, 0x00, 0x13, 0x07, 0x87, 0x34, 0x5C, 0x53, 0x85, 0x07, 0x5C, 0xD3, 0x82, 0x80, /* 17024 ~ 17039 */
    0x17, 0x37, 0x00, 0x00, 0x13, 0x07, 0x87, 0x33, 0x1C, 0x57, 0x85, 0x07, 0x1C, 0xD7, 0x82, 0x80, /* 17040 ~ 17055 */
    0x17, 0x37, 0x00, 0x00, 0x13, 0x07, 0x87, 0x32, 0x1C, 0x53, 0x85, 0x07, 0x1C, 0xD3, 0x82, 0x80, /* 17056 ~ 17071 */
    0x41, 0x11, 0x22, 0xC4, 0x17, 0x34, 0x00, 0x00, 0x13, 0x04, 0x44, 0x31, 0x1C, 0x44, 0x26, 0xC2, /* 17072 ~ 17087 */
    0x06, 0xC6, 0x85, 0x07, 0x1C, 0xC4, 0xB7, 0x07, 0x15, 0x42, 0x93, 0x87, 0x07, 0x20, 0x84, 0x4F, /* 17088 ~ 17103 */
    0x08, 0x48, 0x0A, 0x86, 0xA6, 0x85, 0xEF, 0x10, 0x00, 0x06, 0x02, 0x47, 0xB7, 0x47, 0x0F, 0x00, /* 17104 ~ 17119 */
    0x93, 0x87, 0x27, 0x20, 0x63, 0xF8, 0xE7, 0x0A, 0x85, 0x47, 0x23, 0x19, 0xF4, 0x02, 0x1C, 0x40, /* 17120 ~ 17135 */
    0x04, 0xC8, 0x13, 0x07, 0xC0, 0x05, 0x23, 0x18, 0xF4, 0x02, 0x1C, 0x44, 0x23, 0x1F, 0xF4, 0x02, /* 17136 ~ 17151 */
    0x5C, 0x40, 0x23, 0x1A, 0xF4, 0x02, 0x5C, 0x44, 0x23, 0x1B, 0xF4, 0x02, 0x5C, 0x48, 0x23, 0x10, /* 17152 ~ 17167 */
    0xF4, 0x04, 0x1C, 0x4C, 0x23, 0x11, 0xF4, 0x04, 0x5C, 0x4C, 0x23, 0x12, 0xF4, 0x04, 0x1C, 0x50, /* 17168 ~ 17183 */
    0x23, 0x1C, 0xF4, 0x02, 0x5C, 0x50, 0x23, 0x1D, 0xF4, 0x02, 0x1C, 0x54, 0x23, 0x1E, 0xF4, 0x02, /* 17184 ~ 17199 */
    0x97, 0x37, 0x00, 0x00, 0x23, 0xAC, 0x07, 0x28, 0x97, 0x37, 0x00, 0x00, 0x23, 0xAC, 0x07, 0x28, /* 17200 ~ 17215 */
    0x97, 0x37, 0x00, 0x00, 0x23, 0xA6, 0x07, 0x28, 0x97, 0x37, 0x00, 0x00, 0x23, 0xA6, 0x07, 0x28, /* 17216 ~ 17231 */
    0x97, 0x37, 0x00, 0x00, 0x23, 0xA6, 0x07, 0x28, 0x97, 0x37, 0x00, 0x00, 0x23, 0xA4, 0x07, 0x28, /* 17232 ~ 17247 */
    0x97, 0x37, 0x00, 0x00, 0x23, 0xA2, 0x07, 0x28, 0x97, 0x37, 0x00, 0x00, 0x23, 0xA0, 0x07, 0x28, /* 17248 ~ 17263 */
    0x97, 0x37, 0x00, 0x00, 0x23, 0xAE, 0x07, 0x26, 0x97, 0x37, 0x00, 0x00, 0x23, 0xAC, 0x07, 0x26, /* 17264 ~ 17279 */
    0x97, 0x37, 0x00, 0x00, 0x83, 0xA7, 0xC7, 0xF0, 0x93, 0xF7, 0xC7, 0x05, 0x63, 0x94, 0xE7, 0x00, /* 17280 ~ 17295 */
    0xEF, 0xE0, 0xDF, 0xFC, 0xB2, 0x40, 0x22, 0x44, 0x92, 0x44, 0x41, 0x01, 0x82, 0x80, 0x13, 0x01, /* 17296 ~ 17311 */
    0xC1, 0xFD, 0x22, 0xCE, 0x17, 0x34, 0x00, 0x00, 0x13, 0x04, 0x44, 0x22, 0x83, 0x57, 0x24, 0x03, /* 17312 ~ 17327 */
    0x06, 0xD0, 0x26, 0xCC, 0xE1, 0xCB, 0x97, 0x37, 0x00, 0x00, 0x83, 0xC7, 0xE7, 0xE9, 0x3E, 0xCA, /* 17328 ~ 17343 */
    0x83, 0x57, 0xE4, 0x03, 0xA1, 0x46, 0x17, 0x96, 0xF9, 0x81, 0x13, 0x06, 0xA6, 0x94, 0x3E, 0xC8, /* 17344 ~ 17359 */
    0x83, 0x57, 0x64, 0x03, 0x85, 0x45, 0x17, 0x35, 0x00, 0x00, 0x13, 0x05, 0x25, 0xD5, 0x3E, 0xC6, /* 17360 ~ 17375 */
    0x83, 0x57, 0x24, 0x04, 0x97, 0x34, 0x00, 0x00, 0x93, 0x84, 0x84, 0xEA, 0x3E, 0xC4, 0x83, 0x57, /* 17376 ~ 17391 */
    0x44, 0x03, 0x3E, 0xC2, 0x83, 0x57, 0x04, 0x04, 0x3E, 0xC0, 0x83, 0x57, 0x04, 0x03, 0x03, 0x57, /* 17392 ~ 17407 */
    0x44, 0x04, 0xEF, 0x10, 0xD0, 0x67, 0x83, 0x57, 0xC4, 0x03, 0x8D, 0x46, 0x17, 0x96, 0xF9, 0x81, /* 17408 ~ 17423 */
    0x13, 0x06, 0x06, 0x8A, 0x3E, 0xC0, 0x83, 0x57, 0xA4, 0x03, 0x03, 0x57, 0x84, 0x03, 0x85, 0x45, /* 17424 ~ 17439 */
    0x17, 0x35, 0x00, 0x00, 0x13, 0x05, 0x85, 0xD0, 0xEF, 0x10, 0x70, 0x65, 0x9C, 0x40, 0x13, 0x07, /* 17440 ~ 17455 */
    0x00, 0x09, 0x93, 0xF7, 0x07, 0x09, 0x63, 0x9A, 0xE7, 0x02, 0x03, 0x57, 0x04, 0x04, 0x83, 0x57, /* 17456 ~ 17471 */
    0xE4, 0x03, 0x63, 0x17, 0xF7, 0x04, 0x5C, 0x54, 0x09, 0x47, 0x85, 0x07, 0x5C, 0xD4, 0x63, 0x9E, /* 17472 ~ 17487 */
    0xE7, 0x00, 0x13, 0x06, 0xD0, 0x08, 0x97, 0x85, 0xF9, 0x81, 0x93, 0x85, 0x65, 0x7D, 0x17, 0x95, /* 17488 ~ 17503 */
    0xF9, 0x81, 0x13, 0x05, 0x25, 0x82, 0xEF, 0x10, 0xF0, 0x3D, 0x9C, 0x40, 0x13, 0x07, 0xC0, 0x05, /* 17504 ~ 17519 */
    0x93, 0xF7, 0xC7, 0x05, 0x63, 0x94, 0xE7, 0x00, 0xEF, 0xE0, 0x7F, 0xEF, 0x97, 0x37, 0x00, 0x00, /* 17520 ~ 17535 */
    0x23, 0x9F, 0x07, 0x16, 0x82, 0x50, 0x72, 0x44, 0xE2, 0x44, 0x13, 0x01, 0x41, 0x02, 0x82, 0x80, /* 17536 ~ 17551 */
    0x97, 0x37, 0x00, 0x00, 0x23, 0xA2, 0x07, 0x16, 0xC9, 0xBF, 0xAA, 0x87, 0x08, 0x41, 0x25, 0x47, /* 17552 ~ 17567 */
    0x63, 0x16, 0xE5, 0x00, 0x83, 0xC7, 0xF7, 0x01, 0x89, 0xCB, 0x82, 0x80, 0x29, 0x47, 0x63, 0x19, /* 17568 ~ 17583 */
    0xE5, 0x00, 0x83, 0xD7, 0x67, 0x02, 0x81, 0xC7, 0x82, 0x80, 0x05, 0x45, 0x82, 0x80, 0x15, 0x45, /* 17584 ~ 17599 */
    0x82, 0x80, 0x17, 0x33, 0x00, 0x00, 0x13, 0x03, 0xA3, 0xCC, 0x83, 0x22, 0x03, 0x00, 0x17, 0x36, /* 17600 ~ 17615 */
    0x00, 0x00, 0x13, 0x06, 0xA6, 0xCB, 0xA9, 0x46, 0x23, 0x20, 0x56, 0x00, 0x2A, 0x87, 0xB3, 0x87, /* 17616 ~ 17631 */
    0xB6, 0x40, 0x63, 0x81, 0xB6, 0x02, 0x01, 0x45, 0x63, 0x8B, 0xD7, 0x0C, 0xA5, 0x47, 0x8D, 0x8F, /* 17632 ~ 17647 */
    0x85, 0x46, 0x63, 0xF9, 0xF6, 0x00, 0x17, 0x35, 0x00, 0x00, 0x13, 0x05, 0x25, 0xDF, 0x14, 0x41, /* 17648 ~ 17663 */
    0x85, 0x06, 0x14, 0xC1, 0x83, 0x46, 0x87, 0x00, 0x03, 0x45, 0x77, 0x00, 0xA2, 0x06, 0xC9, 0x8E, /* 17664 ~ 17679 */
    0x17, 0x35, 0x00, 0x00, 0x13, 0x05, 0x05, 0xDD, 0x63, 0xEB, 0x57, 0x02, 0x83, 0x42, 0x05, 0x00, /* 17680 ~ 17695 */
    0x63, 0x90, 0xD2, 0x0A, 0x83, 0x02, 0xD7, 0x00, 0x63, 0x9C, 0x02, 0x08, 0x83, 0x42, 0x57, 0x00, /* 17696 ~ 17711 */
    0x03, 0x47, 0x67, 0x00, 0x22, 0x07, 0x33, 0x67, 0x57, 0x00, 0x97, 0x32, 0x00, 0x00, 0x83, 0xA2, /* 17712 ~ 17727 */
    0xE2, 0x01, 0x63, 0x1F, 0x57, 0x06, 0x17, 0x37, 0x00, 0x00, 0x23, 0x21, 0x07, 0xC4, 0x97, 0x35, /* 17728 ~ 17743 */
    0x00, 0x00, 0x93, 0x85, 0x65, 0xD9, 0x98, 0x41, 0x05, 0x07, 0x98, 0xC1, 0x93, 0x05, 0x40, 0x08, /* 17744 ~ 17759 */
    0x63, 0xFD, 0xE5, 0x02, 0x97, 0x35, 0x00, 0x00, 0x83, 0xA5, 0x45, 0xD8, 0x25, 0x47, 0x63, 0x7B, /* 17760 ~ 17775 */
    0xB7, 0x04, 0x29, 0x47, 0x97, 0x35, 0x00, 0x00, 0x93, 0x85, 0xC5, 0xD2, 0x23, 0x20, 0xE3, 0x00, /* 17776 ~ 17791 */
    0x03, 0xC7, 0x35, 0x00, 0x05, 0x07, 0xA3, 0x81, 0xE5, 0x00, 0x17, 0x37, 0x00, 0x00, 0x23, 0x2D, /* 17792 ~ 17807 */
    0x07, 0xD4, 0x17, 0x37, 0x00, 0x00, 0x23, 0x2B, 0x07, 0xD4, 0x03, 0x27, 0x03, 0x00, 0x63, 0xFD, /* 17808 ~ 17823 */
    0xE7, 0x00, 0x0C, 0x42, 0x91, 0xC9, 0xA9, 0x45, 0x63, 0x16, 0xB7, 0x00, 0xA1, 0x45, 0x63, 0x93, /* 17824 ~ 17839 */
    0xB7, 0x00, 0xA5, 0x47, 0x1D, 0x8F, 0x18, 0xC2, 0x23, 0x00, 0xD5, 0x00, 0x08, 0x42, 0x82, 0x80, /* 17840 ~ 17855 */
    0x0C, 0xC2, 0x71, 0xB7, 0x09, 0x47, 0x23, 0x20, 0xE3, 0x00, 0xC1, 0xB7, 0x6F, 0x00, 0xB0, 0x34, /* 17856 ~ 17871 */
    0x50, 0x41, 0x17, 0x37, 0x00, 0x00, 0x03, 0x27, 0xA7, 0xD1, 0x93, 0x67, 0x07, 0x0E, 0xF1, 0x8F, /* 17872 ~ 17887 */
    0x14, 0x49, 0xAA, 0x85, 0x89, 0xC7, 0x93, 0xC7, 0xF7, 0xFF, 0xF1, 0x8F, 0x5C, 0xC1, 0x93, 0x17, /* 17888 ~ 17903 */
    0x17, 0x00, 0x63, 0xD4, 0x07, 0x00, 0x63, 0x46, 0xD0, 0x00, 0x63, 0x56, 0x07, 0x00, 0x63, 0xD4, /* 17904 ~ 17919 */
    0x06, 0x00, 0x23, 0xA8, 0x05, 0x00, 0x17, 0x35, 0x00, 0x00, 0x13, 0x05, 0xA5, 0x05, 0x6F, 0x00, /* 17920 ~ 17935 */
    0x10, 0x34, 0x97, 0x37, 0x00, 0x00, 0x83, 0xA7, 0xA7, 0xB5, 0x9C, 0x4F, 0x51, 0x11, 0x22, 0xC2, /* 17936 ~ 17951 */
    0x26, 0xC0, 0x06, 0xC4, 0x17, 0x37, 0x00, 0x00, 0x23, 0x24, 0xF7, 0xCC, 0x01, 0x44, 0x97, 0x34, /* 17952 ~ 17967 */
    0x00, 0x00, 0x93, 0x84, 0x24, 0xFE, 0x13, 0x15, 0x34, 0x00, 0x93, 0x75, 0xF4, 0x0F, 0x26, 0x95, /* 17968 ~ 17983 */
    0xEF, 0xE0, 0x2F, 0x8A, 0x05, 0x04, 0xA9, 0x47, 0xE3, 0x17, 0xF4, 0xFE, 0xA2, 0x40, 0x12, 0x44, /* 17984 ~ 17999 */
    0x82, 0x44, 0x31, 0x01, 0x82, 0x80, 0x51, 0x11, 0x11, 0x46, 0x81, 0x45, 0x17, 0x35, 0x00, 0x00, /* 18000 ~ 18015 */
    0x13, 0x05, 0x05, 0xC9, 0x06, 0xC4, 0xEF, 0xB0, 0x1F, 0xD0, 0x17, 0x35, 0x00, 0x00, 0x13, 0x05, /* 18016 ~ 18031 */
    0x65, 0xFF, 0xEF, 0x00, 0x70, 0x26, 0x17, 0x35, 0x00, 0x00, 0x13, 0x05, 0xA5, 0xFE, 0xEF, 0x00, /* 18032 ~ 18047 */
    0x90, 0x19, 0xA2, 0x40, 0x31, 0x01, 0x6F, 0xF0, 0xDF, 0xF8, 0x97, 0x36, 0x00, 0x00, 0x83, 0xA6, /* 18048 ~ 18063 */
    0x66, 0x0F, 0x93, 0x97, 0x36, 0x00, 0xB6, 0x97, 0x92, 0x07, 0xAA, 0x97, 0x8A, 0x07, 0x17, 0x37, /* 18064 ~ 18079 */
    0x00, 0x00, 0x03, 0x27, 0xE7, 0xAC, 0x3E, 0x97, 0x83, 0x57, 0xC7, 0x06, 0x03, 0x56, 0xA7, 0x06, /* 18080 ~ 18095 */
    0xC2, 0x07, 0xD1, 0x8F, 0x13, 0x96, 0x46, 0x00, 0x97, 0x36, 0x00, 0x00, 0x93, 0x86, 0x46, 0x02, /* 18096 ~ 18111 */
    0xB2, 0x96, 0x03, 0x56, 0x67, 0x18, 0x03, 0x57, 0x87, 0x18, 0x9C, 0xC6, 0xE1, 0x83, 0x42, 0x07, /* 18112 ~ 18127 */
    0x51, 0x8F, 0xD8, 0xC6, 0x1D, 0x46, 0x63, 0x93, 0xC7, 0x00, 0x82, 0x80, 0x82, 0x80, 0x51, 0x11, /* 18128 ~ 18143 */
    0x26, 0xC0, 0x17, 0x35, 0x00, 0x00, 0x03, 0x25, 0x25, 0xC1, 0x97, 0x34, 0x00, 0x00, 0x93, 0x84, /* 18144 ~ 18159 */
    0x24, 0x09, 0x22, 0xC2, 0x06, 0xC4, 0xEF, 0x00, 0xB0, 0x61, 0xC0, 0x40, 0x97, 0x37, 0x00, 0x00, /* 18160 ~ 18175 */
    0x23, 0xA4, 0x07, 0x08, 0x97, 0x37, 0x00, 0x00, 0x23, 0xAC, 0x07, 0x06, 0x29, 0x47, 0x63, 0x0F, /* 18176 ~ 18191 */
    0xE4, 0x00, 0x01, 0x45, 0xEF, 0xF0, 0x7F, 0xF7, 0x12, 0x04, 0x97, 0x37, 0x00, 0x00, 0x93, 0x87, /* 18192 ~ 18207 */
    0x27, 0xFC, 0xA2, 0x97, 0x91, 0x46, 0x29, 0x47, 0x94, 0xC3, 0xD8, 0xC0, 0x12, 0x44, 0xA2, 0x40, /* 18208 ~ 18223 */
    0x82, 0x44, 0x51, 0x46, 0x81, 0x45, 0x17, 0x35, 0x00, 0x00, 0x13, 0x05, 0x25, 0xF9, 0x31, 0x01, /* 18224 ~ 18239 */
    0x6F, 0xB0, 0x7F, 0xC2, 0x13, 0xF7, 0x05, 0x0E, 0x93, 0x07, 0x00, 0x0E, 0x10, 0x41, 0x63, 0x0C, /* 18240 ~ 18255 */
    0xF7, 0x02, 0x93, 0x57, 0x86, 0x00, 0x93, 0xF7, 0xF7, 0x0F, 0xA1, 0xCB, 0x09, 0x47, 0x99, 0x42, /* 18256 ~ 18271 */
    0x93, 0x76, 0xC7, 0xFF, 0xAA, 0x96, 0x90, 0x42, 0x93, 0x17, 0x37, 0x00, 0xE1, 0x8B, 0x33, 0x53, /* 18272 ~ 18287 */
    0xF6, 0x00, 0x13, 0x73, 0xF3, 0x0F, 0x05, 0x07, 0x63, 0x1C, 0x03, 0x02, 0xB3, 0x97, 0xF5, 0x00, /* 18288 ~ 18303 */
    0xD1, 0x8F, 0x9C, 0xC2, 0x82, 0x80, 0x93, 0x85, 0x05, 0x02, 0x93, 0xF5, 0xF5, 0x0F, 0x1D, 0x47, /* 18304 ~ 18319 */
    0x81, 0x47, 0x63, 0x69, 0xB7, 0x00, 0x97, 0x27, 0x00, 0x00, 0x93, 0x87, 0xE7, 0x5D, 0xAE, 0x97, /* 18320 ~ 18335 */
    0x83, 0xC7, 0x07, 0x00, 0xD1, 0x8F, 0x1C, 0xC1, 0x82, 0x80, 0xAA, 0x86, 0xA1, 0x47, 0xF9, 0xB7, /* 18336 ~ 18351 */
    0xE3, 0x18, 0x57, 0xFA, 0x82, 0x80, 0xA5, 0x47, 0x63, 0xE0, 0xA7, 0x02, 0x12, 0x05, 0x97, 0x37, /* 18352 ~ 18367 */
    0x00, 0x00, 0x93, 0x87, 0xE7, 0xF1, 0xAA, 0x97, 0xC8, 0x47, 0x93, 0x15, 0x85, 0x00, 0x52, 0x05, /* 18368 ~ 18383 */
    0xD1, 0x85, 0x51, 0x85, 0x6F, 0x00, 0x70, 0x12, 0x82, 0x80, 0x1C, 0x41, 0x13, 0x97, 0x07, 0x01, /* 18384 ~ 18399 */
    0x41, 0x83, 0x11, 0xCB, 0x13, 0xD7, 0x07, 0x01, 0x11, 0xE7, 0x41, 0x47, 0xB3, 0x95, 0xE5, 0x00, /* 18400 ~ 18415 */
    0xDD, 0x8D, 0x0C, 0xC1, 0x82, 0x80, 0x01, 0x47, 0xD5, 0xBF, 0x9D, 0xC1, 0x18, 0x41, 0x93, 0x17, /* 18416 ~ 18431 */
    0x07, 0x01, 0xC1, 0x83, 0x63, 0x8F, 0xF5, 0x00, 0x93, 0x57, 0x07, 0x01, 0xC1, 0x46, 0x63, 0x8B, /* 18432 ~ 18447 */
    0xF5, 0x00, 0x1C, 0x41, 0x13, 0x97, 0x07, 0x01, 0x41, 0x83, 0x19, 0xE3, 0xC1, 0x83, 0x1C, 0xC1, /* 18448 ~ 18463 */
    0x82, 0x80, 0x81, 0x46, 0xC1, 0x67, 0xFD, 0x17, 0xB3, 0x97, 0xD7, 0x00, 0x93, 0xC7, 0xF7, 0xFF, /* 18464 ~ 18479 */
    0xF9, 0x8F, 0x1C, 0xC1, 0xF9, 0xBF, 0x97, 0x37, 0x00, 0x00, 0x93, 0x87, 0x67, 0xF4, 0xDC, 0x43, /* 18480 ~ 18495 */
    0x31, 0x11, 0x06, 0xC8, 0x3E, 0xC2, 0x12, 0x47, 0x22, 0xC6, 0x26, 0xC4, 0xA5, 0x47, 0x63, 0xEC, /* 18496 ~ 18511 */
    0xE7, 0x26, 0x02, 0xC0, 0x17, 0x34, 0x00, 0x00, 0x13, 0x04, 0x84, 0xE8, 0x92, 0x47, 0x93, 0x94, /* 18512 ~ 18527 */
    0x47, 0x00, 0xB3, 0x06, 0x94, 0x00, 0x03, 0xC7, 0xB6, 0x00, 0x2D, 0xEB, 0x03, 0xD7, 0x46, 0x00, /* 18528 ~ 18543 */
    0x97, 0x37, 0x00, 0x00, 0x23, 0xA6, 0x07, 0xF0, 0x97, 0x37, 0x00, 0x00, 0x93, 0x87, 0x47, 0xF0, /* 18544 ~ 18559 */
    0x9C, 0x47, 0x19, 0xEB, 0x03, 0xD7, 0x66, 0x00, 0x63, 0xE8, 0xE7, 0x00, 0x32, 0x44, 0xC2, 0x40, /* 18560 ~ 18575 */
    0xA2, 0x44, 0x51, 0x01, 0x6F, 0xF0, 0xBF, 0xE4, 0x85, 0x07, 0x17, 0x37, 0x00, 0x00, 0x13, 0x07, /* 18576 ~ 18591 */
    0x27, 0xEE, 0x01, 0x45, 0x1C, 0xC7, 0x26, 0x94, 0xEF, 0xF0, 0x3F, 0xDE, 0x0C, 0x44, 0xA2, 0x05, /* 18592 ~ 18607 */
    0xA1, 0x81, 0x17, 0x34, 0x00, 0x00, 0x13, 0x04, 0x24, 0xA4, 0x08, 0x40, 0x2E, 0xC0, 0xEF, 0x00, /* 18608 ~ 18623 */
    0x30, 0x45, 0x08, 0x40, 0x32, 0x44, 0x82, 0x45, 0xC2, 0x40, 0xA2, 0x44, 0x81, 0x46, 0x17, 0x06, /* 18624 ~ 18639 */
    0x00, 0x00, 0x13, 0x06, 0x86, 0xF6, 0x51, 0x01, 0x6F, 0x00, 0x50, 0x43, 0x9D, 0x47, 0x63, 0x15, /* 18640 ~ 18655 */
    0xF7, 0x04, 0x12, 0x45, 0xEF, 0xF0, 0x3F, 0xED, 0x97, 0x37, 0x00, 0x00, 0x93, 0x87, 0x47, 0xE9, /* 18656 ~ 18671 */
    0x88, 0x43, 0xA2, 0x94, 0x05, 0x05, 0x88, 0xC3, 0xEF, 0xF0, 0x3F, 0xD9, 0x98, 0x44, 0x93, 0x17, /* 18672 ~ 18687 */
    0x87, 0x00, 0x93, 0xD5, 0x87, 0x00, 0x63, 0x8C, 0x07, 0x18, 0x97, 0x37, 0x00, 0x00, 0x83, 0xC7, /* 18688 ~ 18703 */
    0xA7, 0x94, 0x85, 0x46, 0xE3, 0xEF, 0xF6, 0xF8, 0x93, 0x16, 0x87, 0x00, 0xAD, 0x82, 0xD1, 0xFA, /* 18704 ~ 18719 */
    0xA1, 0x45, 0xB3, 0xD5, 0xF5, 0x40, 0x71, 0xB7, 0x93, 0x07, 0xF7, 0xFF, 0x95, 0x46, 0xE3, 0xED, /* 18720 ~ 18735 */
    0xF6, 0xFA, 0x97, 0x26, 0x00, 0x00, 0x93, 0x86, 0x66, 0x68, 0x8A, 0x07, 0xB6, 0x97, 0x9C, 0x43, /* 18736 ~ 18751 */
    0xB6, 0x97, 0x82, 0x87, 0xB3, 0x07, 0x94, 0x00, 0x83, 0xC5, 0xC7, 0x00, 0x17, 0x35, 0x00, 0x00, /* 18752 ~ 18767 */
    0x13, 0x05, 0x45, 0xD8, 0xEF, 0xF0, 0x1F, 0xDF, 0x41, 0xBF, 0xB3, 0x07, 0x94, 0x00, 0xC8, 0x47, /* 18768 ~ 18783 */
    0x17, 0x36, 0x00, 0x00, 0x13, 0x06, 0x86, 0xD6, 0x93, 0x05, 0x00, 0x0E, 0x13, 0x73, 0x05, 0x0E, /* 18784 ~ 18799 */
    0x1C, 0x46, 0x93, 0x76, 0xF5, 0x0F, 0x63, 0x05, 0xB3, 0x08, 0xA1, 0x83, 0xA9, 0x8F, 0x93, 0xF7, /* 18800 ~ 18815 */
    0xF7, 0x0F, 0xDD, 0xC3, 0x19, 0x43, 0x97, 0x32, 0x00, 0x00, 0x93, 0x82, 0xA2, 0xD4, 0x93, 0x77, /* 18816 ~ 18831 */
    0xF7, 0x0F, 0xE3, 0x0B, 0x67, 0xF4, 0x13, 0x76, 0xC7, 0xFF, 0x16, 0x96, 0x0C, 0x42, 0x93, 0x96, /* 18832 ~ 18847 */
    0x37, 0x00, 0xE1, 0x8A, 0xB3, 0xD5, 0xD5, 0x00, 0xA9, 0x8D, 0x93, 0xF5, 0xF5, 0x0F, 0x05, 0x07, /* 18848 ~ 18863 */
    0xF9, 0xFD, 0x85, 0x07, 0x93, 0xF7, 0xF7, 0x0F, 0x97, 0x33, 0x00, 0x00, 0x93, 0x83, 0x83, 0xD1, /* 18864 ~ 18879 */
    0x93, 0x02, 0xF0, 0x0F, 0x1D, 0x43, 0x32, 0x85, 0x0C, 0x41, 0xB6, 0x80, 0x13, 0xF6, 0xC7, 0xFF, /* 18880 ~ 18895 */
    0x33, 0x97, 0x12, 0x00, 0x1E, 0x96, 0x13, 0x47, 0xF7, 0xFF, 0x6D, 0x8F, 0x0C, 0x42, 0x93, 0x96, /* 18896 ~ 18911 */
    0x37, 0x00, 0xE1, 0x8A, 0xB3, 0xD5, 0xD5, 0x00, 0x93, 0xF5, 0xF5, 0x0F, 0xB3, 0x95, 0x15, 0x00, /* 18912 ~ 18927 */
    0x4D, 0x8F, 0x85, 0x07, 0x18, 0xC1, 0x13, 0xF7, 0xF7, 0x0F, 0xE3, 0x16, 0x67, 0xFC, 0xED, 0xB5, /* 18928 ~ 18943 */
    0x93, 0x86, 0x06, 0x02, 0x93, 0xF6, 0xF6, 0x0F, 0x9D, 0x45, 0x01, 0x47, 0x63, 0xE9, 0xD5, 0x00, /* 18944 ~ 18959 */
    0x17, 0x27, 0x00, 0x00, 0x13, 0x07, 0x47, 0x36, 0x36, 0x97, 0x03, 0x47, 0x07, 0x00, 0x13, 0x47, /* 18960 ~ 18975 */
    0xF7, 0xFF, 0x7D, 0x8F, 0x18, 0xC6, 0xC9, 0xB5, 0xA1, 0x46, 0x17, 0x36, 0x00, 0x00, 0x13, 0x06, /* 18976 ~ 18991 */
    0x66, 0xCA, 0x85, 0x47, 0xBD, 0xBF, 0xB3, 0x07, 0x94, 0x00, 0x83, 0xD5, 0xC7, 0x00, 0x17, 0x35, /* 18992 ~ 19007 */
    0x00, 0x00, 0x13, 0x05, 0xA5, 0xC9, 0xEF, 0xF0, 0x5F, 0xD9, 0x79, 0xBD, 0xB3, 0x07, 0x94, 0x00, /* 19008 ~ 19023 */
    0x83, 0xD5, 0xC7, 0x00, 0x17, 0x35, 0x00, 0x00, 0x13, 0x05, 0x45, 0xC8, 0xEF, 0xF0, 0xFF, 0xD9, /* 19024 ~ 19039 */
    0x61, 0xB5, 0xB3, 0x07, 0x94, 0x00, 0xDC, 0x47, 0x91, 0x46, 0xBD, 0x8B, 0xE3, 0xEE, 0xF6, 0xE6, /* 19040 ~ 19055 */
    0x97, 0x25, 0x00, 0x00, 0x93, 0x85, 0x85, 0x58, 0x8A, 0x07, 0xAE, 0x97, 0x17, 0x36, 0x00, 0x00, /* 19056 ~ 19071 */
    0x13, 0x06, 0xC6, 0xC4, 0x95, 0x45, 0x14, 0x42, 0x9C, 0x43, 0x63, 0x15, 0xB7, 0x00, 0xDD, 0x8E, /* 19072 ~ 19087 */
    0x14, 0xC2, 0x99, 0xBD, 0x93, 0xC7, 0xF7, 0xFF, 0xF5, 0x8F, 0x1C, 0xC2, 0xB1, 0xB5, 0x02, 0x47, /* 19088 ~ 19103 */
    0xA9, 0x47, 0x63, 0xFE, 0xE7, 0x00, 0x13, 0x06, 0x20, 0x1F, 0x97, 0x85, 0xF9, 0x81, 0x93, 0x85, /* 19104 ~ 19119 */
    0xA5, 0x39, 0x17, 0x85, 0xF9, 0x81, 0x13, 0x05, 0xE5, 0x3D, 0xEF, 0x10, 0xA0, 0x58, 0x82, 0x47, /* 19120 ~ 19135 */
    0x85, 0x07, 0x3E, 0xC0, 0x61, 0xBB, 0xC2, 0x40, 0x32, 0x44, 0xA2, 0x44, 0x51, 0x01, 0x82, 0x80, /* 19136 ~ 19151 */
    0x41, 0x11, 0x22, 0xC4, 0xAA, 0x87, 0x32, 0x84, 0x17, 0x37, 0x00, 0x00, 0x13, 0x07, 0x47, 0xCA, /* 19152 ~ 19167 */
    0x06, 0xC6, 0x26, 0xC2, 0x1D, 0x46, 0x48, 0x43, 0x63, 0x6C, 0xF6, 0x04, 0x13, 0x93, 0x27, 0x00, /* 19168 ~ 19183 */
    0x17, 0x26, 0x00, 0x00, 0x13, 0x06, 0x86, 0x50, 0x1A, 0x96, 0x03, 0x23, 0x06, 0x00, 0x13, 0xC6, /* 19184 ~ 19199 */
    0xF6, 0xFF, 0x6D, 0x8E, 0x33, 0x76, 0x66, 0x00, 0x85, 0x46, 0x63, 0x00, 0x66, 0x04, 0x81, 0x46, /* 19200 ~ 19215 */
    0x17, 0x36, 0x00, 0x00, 0x13, 0x06, 0xC6, 0xBC, 0x93, 0x94, 0x47, 0x00, 0x33, 0x03, 0x96, 0x00, /* 19216 ~ 19231 */
    0x03, 0x23, 0x03, 0x00, 0xA5, 0x42, 0x7D, 0x13, 0x63, 0xE6, 0x62, 0x06, 0x97, 0x22, 0x00, 0x00, /* 19232 ~ 19247 */
    0x93, 0x82, 0x42, 0x4A, 0x0A, 0x03, 0x16, 0x93, 0x03, 0x23, 0x03, 0x00, 0x16, 0x93, 0x02, 0x83, /* 19248 ~ 19263 */
    0xA5, 0x46, 0x63, 0xE4, 0xF6, 0x02, 0x81, 0x46, 0xE1, 0xD5, 0x13, 0x13, 0x45, 0x00, 0x17, 0x36, /* 19264 ~ 19279 */
    0x00, 0x00, 0x13, 0x06, 0xE6, 0xB8, 0x1A, 0x96, 0x83, 0x22, 0x06, 0x00, 0x15, 0x43, 0xE3, 0x99, /* 19280 ~ 19295 */
    0x62, 0xFA, 0x11, 0x43, 0x23, 0x20, 0x66, 0x00, 0x65, 0xB7, 0x22, 0x44, 0xB2, 0x40, 0x92, 0x44, /* 19296 ~ 19311 */
    0x13, 0x06, 0xD0, 0x24, 0x97, 0x85, 0xF9, 0x81, 0x93, 0x85, 0x85, 0x26, 0x17, 0x85, 0xF9, 0x81, /* 19312 ~ 19327 */
    0x13, 0x05, 0xC5, 0x2A, 0x41, 0x01, 0x6F, 0x10, 0xE0, 0x4B, 0xB2, 0x94, 0x1C, 0x40, 0xD8, 0x40, /* 19328 ~ 19343 */
    0xD9, 0x8F, 0x1C, 0xC0, 0xB2, 0x40, 0x22, 0x44, 0x92, 0x44, 0x41, 0x01, 0x82, 0x80, 0xB2, 0x94, /* 19344 ~ 19359 */
    0xDC, 0x40, 0x18, 0x44, 0x93, 0xD5, 0x87, 0x00, 0x93, 0xF7, 0xF7, 0x0F, 0xD9, 0x8F, 0x1C, 0xC4, /* 19360 ~ 19375 */
    0x93, 0xF6, 0x05, 0x0E, 0x13, 0x07, 0x00, 0x0E, 0x63, 0x94, 0xE6, 0x02, 0x93, 0x85, 0x05, 0x02, /* 19376 ~ 19391 */
    0x93, 0xF5, 0xF5, 0x0F, 0x9D, 0x46, 0x01, 0x47, 0x63, 0xE9, 0xB6, 0x00, 0x17, 0x27, 0x00, 0x00, /* 19392 ~ 19407 */
    0x13, 0x07, 0x87, 0x1A, 0x2E, 0x97, 0x03, 0x47, 0x07, 0x00, 0xD9, 0x8F, 0x1C, 0xC4, 0x5D, 0xBF, /* 19408 ~ 19423 */
    0x13, 0x05, 0x84, 0x00, 0x22, 0x44, 0xB2, 0x40, 0x92, 0x44, 0x93, 0xF5, 0xF5, 0x0F, 0x41, 0x01, /* 19424 ~ 19439 */
    0x6F, 0xF0, 0x5F, 0xB5, 0xB2, 0x94, 0x13, 0x05, 0x04, 0x01, 0x22, 0x44, 0x83, 0xD5, 0x44, 0x00, /* 19440 ~ 19455 */
    0xB2, 0x40, 0x92, 0x44, 0x41, 0x01, 0x6F, 0xF0, 0x5F, 0xBD, 0x89, 0xEA, 0x81, 0xC5, 0x9D, 0x46, /* 19456 ~ 19471 */
    0x63, 0xE6, 0xF6, 0x00, 0x4C, 0x47, 0x91, 0x46, 0xE3, 0x9E, 0xD5, 0xF6, 0xA9, 0x46, 0x63, 0x05, /* 19472 ~ 19487 */
    0xD5, 0x00, 0x8D, 0x47, 0x5C, 0xC7, 0xBD, 0xB7, 0x33, 0x05, 0x96, 0x00, 0x83, 0x45, 0xB5, 0x00, /* 19488 ~ 19503 */
    0x15, 0x43, 0x54, 0x45, 0x63, 0x8B, 0x65, 0x0A, 0x63, 0x6E, 0xB3, 0x00, 0x05, 0x43, 0x63, 0x83, /* 19504 ~ 19519 */
    0x65, 0x02, 0x8D, 0x46, 0x63, 0x8D, 0xD5, 0x06, 0x5C, 0xC3, 0xB2, 0x94, 0x95, 0x47, 0x9C, 0xC0, /* 19520 ~ 19535 */
    0x85, 0x47, 0xC9, 0xBF, 0x9D, 0x46, 0xE3, 0x99, 0xD5, 0xFE, 0x3E, 0x85, 0x3E, 0xC0, 0xEF, 0xF0, /* 19536 ~ 19551 */
    0x9F, 0xB5, 0x95, 0xA8, 0x93, 0xF5, 0xF6, 0x0F, 0x13, 0x05, 0x00, 0x0E, 0x93, 0xF6, 0x06, 0x0E, /* 19552 ~ 19567 */
    0x63, 0x98, 0xA6, 0x02, 0x93, 0x85, 0x05, 0x02, 0x93, 0xF5, 0xF5, 0x0F, 0x1D, 0x45, 0x81, 0x46, /* 19568 ~ 19583 */
    0x63, 0x69, 0xB5, 0x00, 0x97, 0x26, 0x00, 0x00, 0x93, 0x86, 0x06, 0x0F, 0xAE, 0x96, 0x83, 0xC6, /* 19584 ~ 19599 */
    0x06, 0x00, 0x14, 0xC4, 0x14, 0x44, 0x97, 0x35, 0x00, 0x00, 0x23, 0xAD, 0xD5, 0xA2, 0x6D, 0xB7, /* 19600 ~ 19615 */
    0x13, 0x05, 0x84, 0x00, 0x3E, 0xC0, 0xEF, 0xF0, 0xFF, 0xA9, 0x82, 0x47, 0x17, 0x36, 0x00, 0x00, /* 19616 ~ 19631 */
    0x13, 0x06, 0x06, 0xA3, 0x17, 0x37, 0x00, 0x00, 0x13, 0x07, 0x87, 0xAC, 0xE1, 0xBF, 0x83, 0x55, /* 19632 ~ 19647 */
    0x45, 0x00, 0x13, 0x05, 0x04, 0x01, 0x3E, 0xC0, 0xEF, 0xF0, 0x3F, 0xB1, 0x14, 0x48, 0x97, 0x35, /* 19648 ~ 19663 */
    0x00, 0x00, 0x23, 0xA5, 0xD5, 0xA0, 0x82, 0x47, 0x17, 0x37, 0x00, 0x00, 0x13, 0x07, 0x47, 0xAA, /* 19664 ~ 19679 */
    0x17, 0x36, 0x00, 0x00, 0x13, 0x06, 0xC6, 0x9F, 0x85, 0xB7, 0xBD, 0x8A, 0x91, 0x45, 0xE3, 0xED, /* 19680 ~ 19695 */
    0xD5, 0xF4, 0x97, 0x25, 0x00, 0x00, 0x93, 0x85, 0x65, 0x30, 0x8A, 0x06, 0xAE, 0x96, 0x88, 0x42, /* 19696 ~ 19711 */
    0x14, 0x40, 0x97, 0x35, 0x00, 0x00, 0x93, 0x85, 0x65, 0x9C, 0xC9, 0x8E, 0x14, 0xC0, 0x94, 0x41, /* 19712 ~ 19727 */
    0xC9, 0x8E, 0x94, 0xC1, 0x15, 0xBF, 0x91, 0xE6, 0xE3, 0x8E, 0x05, 0xE6, 0x9D, 0x46, 0xE3, 0xFB, /* 19728 ~ 19743 */
    0xF6, 0xE6, 0x85, 0x47, 0x1C, 0xCB, 0xBD, 0xB5, 0x91, 0xE6, 0xE3, 0x85, 0x05, 0xE6, 0x9D, 0x46, /* 19744 ~ 19759 */
    0xE3, 0xF2, 0xF6, 0xE6, 0x89, 0x47, 0x26, 0x96, 0x1C, 0xCB, 0x5C, 0x42, 0x1C, 0xCF, 0x99, 0xBD, /* 19760 ~ 19775 */
    0x91, 0xE6, 0xE3, 0x89, 0x05, 0xE4, 0x1D, 0x47, 0xE3, 0x76, 0xF7, 0xE4, 0x85, 0x47, 0x5C, 0xC0, /* 19776 ~ 19791 */
    0x91, 0xB5, 0x91, 0xE6, 0xE3, 0x80, 0x05, 0xE4, 0x1D, 0x47, 0xE3, 0x7D, 0xF7, 0xE2, 0xFD, 0x57, /* 19792 ~ 19807 */
    0xFD, 0xB7, 0x99, 0xC2, 0x95, 0x47, 0x7D, 0xBF, 0xE3, 0x86, 0x05, 0xE2, 0x9D, 0x46, 0xE3, 0xF3, /* 19808 ~ 19823 */
    0xF6, 0xE2, 0x14, 0xCB, 0x05, 0xB5, 0x13, 0x01, 0xC1, 0xFC, 0x22, 0xD6, 0x17, 0x34, 0x00, 0x00, /* 19824 ~ 19839 */
    0x13, 0x04, 0x04, 0xA0, 0x26, 0xD4, 0x54, 0x54, 0x04, 0x54, 0x03, 0x23, 0x44, 0x00, 0x06, 0xD8, /* 19840 ~ 19855 */
    0x02, 0xCA, 0x02, 0xCC, 0x02, 0xCE, 0x02, 0xD0, 0x02, 0xD2, 0x81, 0x47, 0x17, 0x35, 0x00, 0x00, /* 19856 ~ 19871 */
    0x13, 0x05, 0xC5, 0x92, 0x51, 0x47, 0xB3, 0x85, 0xA7, 0x00, 0x8C, 0x41, 0x13, 0x86, 0x47, 0x01, /* 19872 ~ 19887 */
    0x0A, 0x96, 0x0C, 0xC2, 0x91, 0x07, 0xE3, 0x98, 0xE7, 0xFE, 0x29, 0x46, 0x1C, 0x58, 0x17, 0x37, /* 19888 ~ 19903 */
    0x00, 0x00, 0x13, 0x07, 0xE7, 0x91, 0x63, 0x02, 0xC3, 0x02, 0x13, 0x16, 0x43, 0x00, 0x3A, 0x96, /* 19904 ~ 19919 */
    0x83, 0x55, 0x46, 0x00, 0x09, 0x46, 0x63, 0x9A, 0xC5, 0x00, 0x63, 0x88, 0xD4, 0x00, 0x91, 0xC4, /* 19920 ~ 19935 */
    0x13, 0xC6, 0xF4, 0xFF, 0x75, 0x8E, 0x11, 0xE2, 0x4C, 0xC4, 0x97, 0x32, 0x00, 0x00, 0x93, 0x82, /* 19936 ~ 19951 */
    0x22, 0x8F, 0x01, 0x45, 0x97, 0x23, 0x00, 0x00, 0x93, 0x83, 0x43, 0x20, 0x50, 0x4C, 0x63, 0x66, /* 19952 ~ 19967 */
    0xC5, 0x08, 0x63, 0xD7, 0x07, 0x0C, 0x25, 0x45, 0x50, 0x50, 0x93, 0x15, 0x16, 0x00, 0x63, 0xD4, /* 19968 ~ 19983 */
    0x05, 0x00, 0x63, 0x46, 0xF0, 0x00, 0x63, 0x5F, 0x06, 0x0A, 0x63, 0xDD, 0x07, 0x0A, 0xBE, 0x85, /* 19984 ~ 19999 */
    0x50, 0x08, 0x36, 0xC2, 0x3E, 0xC0, 0xEF, 0xF0, 0xBF, 0xCA, 0x92, 0x46, 0x82, 0x47, 0x5D, 0xA0, /* 20000 ~ 20015 */
    0x63, 0x1F, 0xA3, 0x00, 0x13, 0x16, 0x43, 0x00, 0x3A, 0x96, 0x83, 0x55, 0x46, 0x00, 0x05, 0x46, /* 20016 ~ 20031 */
    0x63, 0x95, 0xC5, 0x08, 0x63, 0x83, 0xD4, 0x08, 0x09, 0x46, 0x50, 0xC4, 0xBD, 0xA8, 0x83, 0xA5, /* 20032 ~ 20047 */
    0x02, 0x00, 0x9D, 0x40, 0x63, 0x9C, 0x15, 0x00, 0x75, 0x8E, 0x09, 0xCA, 0x83, 0xC5, 0x42, 0x00, /* 20048 ~ 20063 */
    0x09, 0x46, 0x63, 0x94, 0xC5, 0x06, 0x0D, 0x46, 0x10, 0xC8, 0x85, 0xA0, 0x83, 0x20, 0x04, 0x01, /* 20064 ~ 20079 */
    0x19, 0x46, 0x63, 0x9C, 0xC0, 0x04, 0x29, 0x46, 0x63, 0x99, 0xC5, 0x04, 0x17, 0x36, 0x00, 0x00, /* 20080 ~ 20095 */
    0x23, 0x28, 0x06, 0x90, 0x05, 0x46, 0x50, 0xC8, 0x89, 0xA0, 0x21, 0x46, 0xE3, 0x0B, 0xC5, 0xF6, /* 20096 ~ 20111 */
    0x13, 0x16, 0x25, 0x00, 0x1E, 0x96, 0x10, 0x42, 0xB3, 0x75, 0x96, 0x00, 0xD1, 0xD9, 0x50, 0x08, /* 20112 ~ 20127 */
    0xA6, 0x85, 0x16, 0xC8, 0x3E, 0xC6, 0x1A, 0xC4, 0x36, 0xC2, 0x2A, 0xC0, 0xEF, 0xF0, 0x5F, 0xC2, /* 20128 ~ 20143 */
    0x02, 0x45, 0x92, 0x46, 0x22, 0x43, 0xB2, 0x47, 0xC2, 0x42, 0x17, 0x37, 0x00, 0x00, 0x13, 0x07, /* 20144 ~ 20159 */
    0x27, 0x82, 0x97, 0x23, 0x00, 0x00, 0x93, 0x83, 0x63, 0x13, 0x05, 0x05, 0xC1, 0x02, 0x3D, 0xB7, /* 20160 ~ 20175 */
    0x21, 0x45, 0x9D, 0xFB, 0x33, 0xE6, 0x97, 0x00, 0x4C, 0x08, 0x17, 0x25, 0x00, 0x00, 0x03, 0x25, /* 20176 ~ 20191 */
    0x65, 0x41, 0x36, 0xC0, 0xE1, 0x24, 0x82, 0x46, 0x17, 0x27, 0x00, 0x00, 0x13, 0x07, 0x47, 0x7F, /* 20192 ~ 20207 */
    0xA5, 0x8E, 0x93, 0xF7, 0x06, 0x04, 0x89, 0xC7, 0x3C, 0x53, 0x99, 0xE3, 0x85, 0x47, 0x5C, 0xC8, /* 20208 ~ 20223 */
    0x93, 0xF6, 0x06, 0x08, 0x89, 0xC6, 0x3C, 0x5B, 0x99, 0xE3, 0x85, 0x47, 0x5C, 0xC8, 0x18, 0x48, /* 20224 ~ 20239 */
    0x95, 0x47, 0x63, 0x16, 0xF7, 0x00, 0x85, 0x47, 0x5C, 0xC8, 0x99, 0x47, 0x1C, 0xC8, 0x44, 0xD4, /* 20240 ~ 20255 */
    0xC2, 0x50, 0x32, 0x54, 0xA2, 0x54, 0x13, 0x01, 0x41, 0x03, 0x82, 0x80, 0x51, 0x11, 0x22, 0xC2, /* 20256 ~ 20271 */
    0x17, 0x34, 0x00, 0x00, 0x13, 0x04, 0xC4, 0x84, 0x5C, 0x44, 0x26, 0xC0, 0x06, 0xC4, 0x89, 0x44, /* 20272 ~ 20287 */
    0x63, 0x8A, 0x97, 0x06, 0x0D, 0x47, 0x63, 0x8E, 0xE7, 0x04, 0x05, 0x47, 0x63, 0x9F, 0xE7, 0x04, /* 20288 ~ 20303 */
    0x05, 0x45, 0x1C, 0xC0, 0x1C, 0xC4, 0xEF, 0xF0, 0x4F, 0xF3, 0x58, 0x40, 0x97, 0x27, 0x00, 0x00, /* 20304 ~ 20319 */
    0x93, 0x87, 0x07, 0x78, 0x12, 0x07, 0xBA, 0x97, 0x8C, 0x47, 0x97, 0x27, 0x00, 0x00, 0x83, 0xC7, /* 20320 ~ 20335 */
    0xA7, 0x2E, 0xA2, 0x05, 0xA1, 0x81, 0x63, 0xE7, 0xF4, 0x00, 0x21, 0x47, 0x63, 0x64, 0xB7, 0x00, /* 20336 ~ 20351 */
    0xB3, 0x55, 0xF7, 0x40, 0x81, 0x46, 0x17, 0x06, 0x00, 0x00, 0x13, 0x06, 0x06, 0x8B, 0x17, 0x25, /* 20352 ~ 20367 */
    0x00, 0x00, 0x03, 0x25, 0x65, 0x36, 0x9D, 0x2B, 0x97, 0x27, 0x00, 0x00, 0x23, 0xA8, 0x07, 0x7E, /* 20368 ~ 20383 */
    0x29, 0xA0, 0xEF, 0xF0, 0xCF, 0xF3, 0x91, 0x47, 0x5C, 0xC4, 0xA2, 0x40, 0x12, 0x44, 0x82, 0x44, /* 20384 ~ 20399 */
    0x31, 0x01, 0x82, 0x80, 0xEF, 0xF0, 0xAF, 0xF2, 0xC5, 0xB7, 0x17, 0x25, 0x00, 0x00, 0x03, 0x25, /* 20400 ~ 20415 */
    0x25, 0x7D, 0x82, 0x80, 0x97, 0x27, 0x00, 0x00, 0x23, 0xA4, 0x07, 0x7C, 0x82, 0x80, 0x97, 0x27, /* 20416 ~ 20431 */
    0x00, 0x00, 0x93, 0x87, 0xE7, 0x7A, 0x88, 0xD7, 0x8C, 0xDB, 0x82, 0x80, 0x97, 0x27, 0x00, 0x00, /* 20432 ~ 20447 */
    0x93, 0x87, 0x07, 0x7A, 0x88, 0x4F, 0x23, 0xA8, 0x07, 0x00, 0x82, 0x80, 0x17, 0x27, 0x00, 0x00, /* 20448 ~ 20463 */
    0x13, 0x07, 0x07, 0x79, 0xAA, 0x86, 0x48, 0x4B, 0x11, 0xCD, 0x5C, 0x53, 0x10, 0x53, 0x18, 0x57, /* 20464 ~ 20479 */
    0x93, 0xC7, 0xF7, 0xFF, 0xD1, 0x8F, 0xF9, 0x8F, 0x9C, 0xC2, 0x05, 0x45, 0x97, 0x27, 0x00, 0x00, /* 20480 ~ 20495 */
    0x23, 0xA2, 0x07, 0x78, 0x82, 0x80, 0x97, 0x27, 0x00, 0x00, 0x23, 0xAD, 0xA7, 0x2C, 0x82, 0x80, /* 20496 ~ 20511 */
    0x51, 0x11, 0x22, 0xC2, 0x26, 0xC0, 0x06, 0xC4, 0x97, 0x24, 0x00, 0x00, 0x93, 0x84, 0x44, 0x6B, /* 20512 ~ 20527 */
    0x01, 0x44, 0x93, 0x75, 0xF4, 0x0F, 0x26, 0x85, 0xEF, 0xD0, 0x6F, 0xE0, 0x9C, 0x40, 0xA9, 0x46, /* 20528 ~ 20543 */
    0x63, 0x9C, 0xD7, 0x00, 0x17, 0x26, 0x00, 0x00, 0x13, 0x06, 0x86, 0x73, 0x1C, 0x52, 0x05, 0x47, /* 20544 ~ 20559 */
    0x33, 0x17, 0x87, 0x00, 0xD9, 0x8F, 0x1C, 0xD2, 0x05, 0x04, 0xC1, 0x04, 0xE3, 0x1B, 0xD4, 0xFC, /* 20560 ~ 20575 */
    0x97, 0x27, 0x00, 0x00, 0x83, 0xA7, 0xC7, 0x10, 0x9C, 0x4F, 0xA2, 0x40, 0x12, 0x44, 0x17, 0x27, /* 20576 ~ 20591 */
    0x00, 0x00, 0x23, 0x29, 0xF7, 0x72, 0x82, 0x44, 0x31, 0x01, 0x82, 0x80, 0x51, 0x11, 0x17, 0x25, /* 20592 ~ 20607 */
    0x00, 0x00, 0x13, 0x05, 0x65, 0x27, 0x06, 0xC4, 0xFD, 0x2C, 0xEF, 0xF0, 0x7F, 0xF9, 0x17, 0x27, /* 20608 ~ 20623 */
    0x00, 0x00, 0x03, 0x27, 0xE7, 0x0D, 0x03, 0x47, 0x87, 0x03, 0xA2, 0x40, 0x97, 0x27, 0x00, 0x00, /* 20624 ~ 20639 */
    0x93, 0x87, 0x07, 0x6E, 0xD8, 0xCF, 0x29, 0x47, 0xD8, 0xC3, 0x31, 0x01, 0x82, 0x80, 0x51, 0x11, /* 20640 ~ 20655 */
    0x22, 0xC2, 0x06, 0xC4, 0x17, 0x24, 0x00, 0x00, 0x13, 0x04, 0x84, 0x6C, 0x23, 0x26, 0x04, 0x02, /* 20656 ~ 20671 */
    0xEF, 0xF0, 0xEF, 0xE1, 0x23, 0x28, 0x04, 0x00, 0x12, 0x44, 0xA2, 0x40, 0x17, 0x25, 0x00, 0x00, /* 20672 ~ 20687 */
    0x03, 0x25, 0x85, 0x22, 0x31, 0x01, 0xF1, 0xA6, 0x51, 0x11, 0x13, 0x06, 0x80, 0x06, 0x81, 0x45, /* 20688 ~ 20703 */
    0x06, 0xC4, 0xEF, 0xB0, 0x4F, 0xA8, 0xA2, 0x40, 0x51, 0x46, 0x81, 0x45, 0x17, 0x25, 0x00, 0x00, /* 20704 ~ 20719 */
    0x13, 0x05, 0x45, 0x6C, 0x31, 0x01, 0x6F, 0xB0, 0x0F, 0xA7, 0x97, 0x26, 0x00, 0x00, 0x93, 0x86, /* 20720 ~ 20735 */
    0x66, 0x6B, 0x9C, 0x4A, 0x93, 0xB7, 0x17, 0x00, 0x13, 0x97, 0x37, 0x00, 0x36, 0x97, 0x08, 0xC3, /* 20736 ~ 20751 */
    0x4C, 0xC3, 0x9C, 0xCA, 0x82, 0x80, 0x97, 0x27, 0x00, 0x00, 0x93, 0x87, 0xA7, 0x69, 0x98, 0x4B, /* 20752 ~ 20767 */
    0x0E, 0x07, 0xBA, 0x97, 0x90, 0x43, 0xD4, 0x43, 0x33, 0x67, 0xD6, 0x00, 0x05, 0xC3, 0x18, 0x45, /* 20768 ~ 20783 */
    0x32, 0x97, 0x18, 0xC5, 0x58, 0x45, 0x36, 0x97, 0x58, 0xC5, 0x23, 0xA0, 0x07, 0x00, 0x23, 0xA2, /* 20784 ~ 20799 */
    0x07, 0x00, 0x1C, 0x51, 0x37, 0x07, 0x00, 0x80, 0xD9, 0x8F, 0x1C, 0xD1, 0x82, 0x80, 0x74, 0x51, /* 20800 ~ 20815 */
    0x3C, 0x51, 0x63, 0x8C, 0xD7, 0x04, 0x85, 0x06, 0x8D, 0x8A, 0x13, 0x97, 0x16, 0x00, 0xB3, 0x07, /* 20816 ~ 20831 */
    0xD7, 0x00, 0x8E, 0x07, 0xAA, 0x97, 0xD0, 0x4B, 0x29, 0xC2, 0x90, 0x47, 0x03, 0xA3, 0x07, 0x00, /* 20832 ~ 20847 */
    0xD0, 0xCD, 0xD0, 0x41, 0x33, 0x66, 0x66, 0x00, 0xD0, 0xC1, 0x03, 0xA3, 0xC7, 0x00, 0x90, 0x51, /* 20848 ~ 20863 */
    0x33, 0x66, 0x66, 0x00, 0x03, 0xA3, 0x47, 0x00, 0x90, 0xD1, 0x63, 0x07, 0x03, 0x00, 0x90, 0x49, /* 20864 ~ 20879 */
    0x1A, 0x96, 0x90, 0xC9, 0x23, 0xA2, 0x07, 0x00, 0xB3, 0x07, 0xD7, 0x00, 0x8E, 0x07, 0xAA, 0x97, /* 20880 ~ 20895 */
    0x98, 0x4B, 0xD8, 0xD1, 0x74, 0xD1, 0x23, 0xAA, 0x07, 0x00, 0x82, 0x80, 0x3C, 0x51, 0x78, 0x51, /* 20896 ~ 20911 */
    0x85, 0x07, 0x8D, 0x8B, 0x63, 0x84, 0xE7, 0x02, 0x13, 0x97, 0x17, 0x00, 0x94, 0x41, 0x3C, 0xD1, /* 20912 ~ 20927 */
    0xBA, 0x97, 0x8E, 0x07, 0x3E, 0x95, 0x14, 0xC1, 0xDC, 0x41, 0x5C, 0xC1, 0x9C, 0x45, 0x1C, 0xC5, /* 20928 ~ 20943 */
    0xDC, 0x45, 0x5C, 0xC5, 0x9C, 0x49, 0x1C, 0xC9, 0x85, 0x47, 0x5C, 0xC9, 0x82, 0x80, 0x97, 0x27, /* 20944 ~ 20959 */
    0x00, 0x00, 0x83, 0xA7, 0x67, 0x01, 0x05, 0x47, 0x23, 0xA0, 0xE7, 0x10, 0x01, 0x45, 0x82, 0x80, /* 20960 ~ 20975 */
    0x13, 0x07, 0x70, 0x03, 0xAA, 0x87, 0x63, 0x6A, 0xA7, 0x02, 0x25, 0x47, 0x79, 0x55, 0x63, 0x67, /* 20976 ~ 20991 */
    0xB7, 0x02, 0x93, 0x86, 0x45, 0x03, 0x17, 0x27, 0x00, 0x00, 0x03, 0x27, 0xE7, 0xFE, 0x8A, 0x06, /* 20992 ~ 21007 */
    0x36, 0x97, 0x1C, 0xC7, 0x17, 0x27, 0x00, 0x00, 0x13, 0x07, 0x07, 0x5B, 0x93, 0xF7, 0xF7, 0x0F, /* 21008 ~ 21023 */
    0x2E, 0x97, 0x23, 0x00, 0xF7, 0x00, 0x01, 0x45, 0x82, 0x80, 0x79, 0x55, 0x82, 0x80, 0x97, 0x27, /* 21024 ~ 21039 */
    0x00, 0x00, 0x83, 0xA7, 0x67, 0xFC, 0x03, 0xA7, 0x07, 0x31, 0x18, 0xC1, 0x83, 0xA7, 0x47, 0x31, /* 21040 ~ 21055 */
    0x9C, 0xC1, 0x82, 0x80, 0x13, 0x07, 0xF0, 0x02, 0xAA, 0x87, 0x63, 0x69, 0xA7, 0x02, 0x7D, 0x55, /* 21056 ~ 21071 */
    0x9D, 0xC5, 0x13, 0xD7, 0x57, 0x00, 0x21, 0x07, 0x97, 0x26, 0x00, 0x00, 0x83, 0xA6, 0x86, 0xF3, /* 21072 ~ 21087 */
    0x0A, 0x07, 0x36, 0x97, 0x14, 0x43, 0x05, 0x47, 0xB3, 0x17, 0xF7, 0x00, 0xF5, 0x8F, 0x81, 0xC7, /* 21088 ~ 21103 */
    0x98, 0xC1, 0x01, 0x45, 0x82, 0x80, 0x23, 0xA0, 0x05, 0x00, 0xE5, 0xBF, 0x79, 0x55, 0x82, 0x80, /* 21104 ~ 21119 */
    0x93, 0x07, 0xF0, 0x02, 0x63, 0xE7, 0xA7, 0x02, 0x85, 0x46, 0x93, 0x57, 0x55, 0x00, 0x17, 0x27, /* 21120 ~ 21135 */
    0x00, 0x00, 0x03, 0x27, 0x27, 0xF0, 0x33, 0x95, 0xA6, 0x00, 0x63, 0x99, 0xD5, 0x00, 0x93, 0x87, /* 21136 ~ 21151 */
    0x07, 0x05, 0x8A, 0x07, 0x3E, 0x97, 0x08, 0xC3, 0x01, 0x45, 0x82, 0x80, 0x93, 0x87, 0x47, 0x05, /* 21152 ~ 21167 */
    0xCD, 0xBF, 0x79, 0x55, 0x82, 0x80, 0x51, 0x11, 0x26, 0xC0, 0x06, 0xC4, 0x22, 0xC2, 0xAE, 0x84, /* 21168 ~ 21183 */
    0x15, 0xED, 0x17, 0x24, 0x00, 0x00, 0x13, 0x04, 0xE4, 0x04, 0x18, 0x40, 0x85, 0x47, 0x63, 0x0B, /* 21184 ~ 21199 */
    0xF7, 0x00, 0x37, 0x05, 0x15, 0x42, 0x01, 0x46, 0xC1, 0x45, 0x13, 0x05, 0x05, 0x10, 0x09, 0x26, /* 21200 ~ 21215 */
    0x85, 0x47, 0x1C, 0xC0, 0x37, 0x05, 0x15, 0x42, 0x13, 0x05, 0x05, 0x10, 0x5D, 0x24, 0x88, 0xC0, /* 21216 ~ 21231 */
    0x01, 0x45, 0xA2, 0x40, 0x12, 0x44, 0x82, 0x44, 0x31, 0x01, 0x82, 0x80, 0x2A, 0x84, 0x85, 0x47, /* 21232 ~ 21247 */
    0x7D, 0x55, 0xE3, 0x18, 0xF4, 0xFE, 0x97, 0x27, 0x00, 0x00, 0x93, 0x87, 0xA7, 0x00, 0xD8, 0x43, /* 21248 ~ 21263 */
    0x63, 0x0E, 0x87, 0x00, 0x37, 0x05, 0x15, 0x42, 0x35, 0x46, 0x81, 0x45, 0x13, 0x05, 0x05, 0x20, /* 21264 ~ 21279 */
    0xC1, 0x24, 0x97, 0x27, 0x00, 0x00, 0x93, 0x87, 0xE7, 0xFE, 0xC0, 0xC3, 0x37, 0x05, 0x15, 0x42, /* 21280 ~ 21295 */
    0x13, 0x05, 0x05, 0x20, 0x65, 0xBF, 0x09, 0xC6, 0x89, 0x8D, 0x0C, 0xC2, 0x01, 0x45, 0x82, 0x80, /* 21296 ~ 21311 */
    0x7D, 0x55, 0x82, 0x80, 0x41, 0x11, 0x26, 0xC2, 0x97, 0x24, 0x00, 0x00, 0x93, 0x84, 0x84, 0xFC, /* 21312 ~ 21327 */
    0xD8, 0x40, 0x22, 0xC4, 0x06, 0xC6, 0x2A, 0xC0, 0x05, 0x44, 0x63, 0x0A, 0x87, 0x00, 0x37, 0x05, /* 21328 ~ 21343 */
    0x15, 0x42, 0x35, 0x46, 0x81, 0x45, 0x13, 0x05, 0x05, 0x20, 0x9D, 0x2C, 0xC0, 0xC0, 0x82, 0x45, /* 21344 ~ 21359 */
    0x37, 0x05, 0x15, 0x42, 0x13, 0x05, 0x05, 0x20, 0x95, 0x2C, 0xB2, 0x40, 0x22, 0x44, 0x92, 0x44, /* 21360 ~ 21375 */
    0x01, 0x45, 0x41, 0x01, 0x82, 0x80, 0x41, 0x11, 0x97, 0x27, 0x00, 0x00, 0x23, 0xA8, 0x07, 0xF6, /* 21376 ~ 21391 */
    0x22, 0xC4, 0x06, 0xC6, 0x26, 0xC2, 0x17, 0x24, 0x00, 0x00, 0x13, 0x04, 0x24, 0xF6, 0x85, 0x47, /* 21392 ~ 21407 */
    0x5C, 0xC0, 0x63, 0x0E, 0x05, 0x0E, 0xAA, 0x84, 0x0A, 0x85, 0xEF, 0x00, 0x60, 0x75, 0x97, 0x25, /* 21408 ~ 21423 */
    0x00, 0x00, 0x83, 0xC5, 0xA5, 0x4E, 0xA5, 0x47, 0x97, 0x26, 0x00, 0x00, 0x93, 0x86, 0x86, 0x41, /* 21424 ~ 21439 */
    0x01, 0x47, 0x29, 0x46, 0x63, 0xFE, 0xB7, 0x00, 0x02, 0x45, 0xEF, 0x00, 0xE0, 0x73, 0x6D, 0x55, /* 21440 ~ 21455 */
    0xB2, 0x40, 0x22, 0x44, 0x92, 0x44, 0x41, 0x01, 0x82, 0x80, 0x05, 0x07, 0x63, 0x05, 0xC7, 0x02, /* 21456 ~ 21471 */
    0x93, 0x17, 0x27, 0x00, 0xBA, 0x97, 0x8A, 0x07, 0xB6, 0x97, 0xCC, 0x43, 0xFD, 0xF5, 0x37, 0x06, /* 21472 ~ 21487 */
    0xAA, 0xAA, 0x51, 0x8F, 0x98, 0xC0, 0x05, 0x47, 0xD8, 0xC3, 0x23, 0xA0, 0x07, 0x00, 0x23, 0xA6, /* 21488 ~ 21503 */
    0x07, 0x00, 0x23, 0xA8, 0x07, 0x00, 0x83, 0xC7, 0x86, 0x0C, 0x02, 0x45, 0x97, 0x24, 0x00, 0x00, /* 21504 ~ 21519 */
    0x93, 0x84, 0x44, 0xEF, 0x85, 0x07, 0x93, 0xF7, 0xF7, 0x0F, 0x23, 0x84, 0xF6, 0x0C, 0xEF, 0x00, /* 21520 ~ 21535 */
    0xA0, 0x6E, 0x97, 0x27, 0x00, 0x00, 0x83, 0xC7, 0xE7, 0xED, 0x99, 0xEB, 0x17, 0x25, 0x00, 0x00, /* 21536 ~ 21551 */
    0x03, 0x25, 0xC5, 0xDA, 0xEF, 0x00, 0x90, 0x1E, 0x97, 0x27, 0x00, 0x00, 0x23, 0x89, 0xA7, 0xEC, /* 21552 ~ 21567 */
    0x0A, 0x85, 0x7D, 0x2D, 0x83, 0xC7, 0x04, 0x00, 0xB9, 0xE7, 0x85, 0x47, 0x15, 0x45, 0x23, 0x80, /* 21568 ~ 21583 */
    0xF4, 0x00, 0xE9, 0x20, 0xAA, 0x84, 0x19, 0x45, 0xD1, 0x20, 0x33, 0xE7, 0xA4, 0x00, 0x85, 0x47, /* 21584 ~ 21599 */
    0x63, 0xF6, 0xE7, 0x00, 0x02, 0x45, 0x4D, 0x25, 0x79, 0x55, 0x9D, 0xB7, 0x97, 0x27, 0x00, 0x00, /* 21600 ~ 21615 */
    0x93, 0x87, 0x07, 0x43, 0x92, 0x04, 0xBE, 0x94, 0x17, 0x07, 0x00, 0x00, 0x13, 0x07, 0x67, 0x2D, /* 21616 ~ 21631 */
    0x12, 0x05, 0xD8, 0xC0, 0xAA, 0x97, 0x80, 0xC4, 0xD8, 0xC3, 0x17, 0x27, 0x00, 0x00, 0x13, 0x07, /* 21632 ~ 21647 */
    0x27, 0xE7, 0x98, 0xC7, 0x95, 0x22, 0x02, 0x45, 0x85, 0x2D, 0x01, 0x45, 0x15, 0xBF, 0x7D, 0x55, /* 21648 ~ 21663 */
    0x05, 0xBF, 0xB7, 0x07, 0xAA, 0xAA, 0x33, 0x77, 0xF5, 0x00, 0x63, 0x1E, 0xF7, 0x04, 0x93, 0x17, /* 21664 ~ 21679 */
    0x05, 0x01, 0xC1, 0x83, 0x25, 0x47, 0x7D, 0x55, 0x63, 0x69, 0xF7, 0x04, 0x41, 0x11, 0x22, 0xC4, /* 21680 ~ 21695 */
    0x13, 0x94, 0x27, 0x00, 0x3E, 0x94, 0x26, 0xC2, 0x0A, 0x04, 0x97, 0x24, 0x00, 0x00, 0x93, 0x84, /* 21696 ~ 21711 */
    0x64, 0x30, 0x26, 0x94, 0x58, 0x40, 0x06, 0xC6, 0x85, 0x47, 0x75, 0x55, 0x63, 0x10, 0xF7, 0x02, /* 21712 ~ 21727 */
    0x0A, 0x85, 0x39, 0x2D, 0x23, 0x22, 0x04, 0x00, 0x83, 0xC7, 0x84, 0x0C, 0x02, 0x45, 0xFD, 0x17, /* 21728 ~ 21743 */
    0x93, 0xF7, 0xF7, 0x0F, 0x23, 0x84, 0xF4, 0x0C, 0x01, 0x2D, 0x01, 0x45, 0xB2, 0x40, 0x22, 0x44, /* 21744 ~ 21759 */
    0x92, 0x44, 0x41, 0x01, 0x82, 0x80, 0x7D, 0x55, 0x82, 0x80, 0x82, 0x80, 0x01, 0x47, 0x9D, 0xAE, /* 21760 ~ 21775 */
    0x81, 0x45, 0x4D, 0xA1, 0x05, 0x47, 0xBD, 0xA6, 0x85, 0x45, 0x69, 0xA9, 0x15, 0x47, 0xAA, 0x87, /* 21776 ~ 21791 */
    0x63, 0x09, 0xE5, 0x00, 0x19, 0x47, 0x13, 0x05, 0xF0, 0x0F, 0x63, 0x95, 0xE7, 0x00, 0x05, 0x45, /* 21792 ~ 21807 */
    0x82, 0x80, 0x01, 0x45, 0x82, 0x80, 0x31, 0x11, 0x22, 0xC6, 0x26, 0xC4, 0x06, 0xC8, 0x81, 0x44, /* 21808 ~ 21823 */
    0x17, 0x24, 0x00, 0x00, 0x13, 0x04, 0xC4, 0x35, 0x26, 0x85, 0xEF, 0xF0, 0x3F, 0xFD, 0x85, 0x46, /* 21824 ~ 21839 */
    0x63, 0xE8, 0xA6, 0x02, 0x37, 0x07, 0x15, 0x42, 0x93, 0x97, 0x84, 0x00, 0xBA, 0x97, 0x98, 0x4B, /* 21840 ~ 21855 */
    0x3A, 0xC0, 0xD8, 0x47, 0x3A, 0xC2, 0x02, 0x47, 0x05, 0x8B, 0x19, 0xCB, 0x12, 0x47, 0x05, 0x8B, /* 21856 ~ 21871 */
    0x01, 0xCB, 0x12, 0x05, 0x22, 0x95, 0xD4, 0xCB, 0x5C, 0x41, 0x99, 0xC3, 0x08, 0x45, 0x82, 0x97, /* 21872 ~ 21887 */
    0x85, 0x04, 0x9D, 0x47, 0xE3, 0x92, 0xF4, 0xFC, 0xC2, 0x40, 0x32, 0x44, 0xA2, 0x44, 0x51, 0x01, /* 21888 ~ 21903 */
    0x82, 0x80, 0x08, 0x4D, 0x82, 0x80, 0x41, 0x11, 0x93, 0x17, 0x35, 0x00, 0x22, 0xC4, 0xA9, 0x45, /* 21904 ~ 21919 */
    0x2A, 0x84, 0x33, 0x85, 0xA7, 0x40, 0x06, 0xC6, 0x26, 0xC2, 0x3E, 0xC0, 0xEF, 0xA0, 0x5F, 0xD4, /* 21920 ~ 21935 */
    0xAA, 0x84, 0x13, 0x15, 0x14, 0x00, 0x22, 0x95, 0x93, 0x05, 0x40, 0x06, 0x06, 0x05, 0xEF, 0xA0, /* 21936 ~ 21951 */
    0x3F, 0xD3, 0x82, 0x47, 0xAA, 0x94, 0x16, 0x04, 0x93, 0x05, 0x80, 0x3E, 0x3E, 0x85, 0xEF, 0xA0, /* 21952 ~ 21967 */
    0x3F, 0xD2, 0x26, 0x94, 0xB2, 0x40, 0x22, 0x95, 0x22, 0x44, 0x92, 0x44, 0x41, 0x01, 0x82, 0x80, /* 21968 ~ 21983 */
    0xD1, 0x8D, 0x0C, 0xC5, 0x93, 0x07, 0x10, 0x30, 0x1C, 0xC1, 0x82, 0x80, 0x18, 0x4D, 0x1C, 0x4D, /* 21984 ~ 21999 */
    0x99, 0x8F, 0xE3, 0xFE, 0xF5, 0xFE, 0x82, 0x80, 0x51, 0x11, 0x22, 0xC2, 0x17, 0x24, 0x00, 0x00, /* 22000 ~ 22015 */
    0x13, 0x04, 0xF4, 0xD0, 0x83, 0x47, 0x04, 0x00, 0x06, 0xC4, 0x91, 0xEF, 0x51, 0x45, 0xDD, 0x21, /* 22016 ~ 22031 */
    0x97, 0x05, 0x00, 0x00, 0x93, 0x85, 0x65, 0xF2, 0x51, 0x45, 0x7D, 0x29, 0x51, 0x45, 0xE9, 0x21, /* 22032 ~ 22047 */
    0x85, 0x47, 0x23, 0x00, 0xF4, 0x00, 0xA2, 0x40, 0x12, 0x44, 0x31, 0x01, 0x82, 0x80, 0x51, 0x11, /* 22048 ~ 22063 */
    0xB7, 0x02, 0x00, 0x80, 0x22, 0xC4, 0x26, 0xC2, 0x32, 0xC0, 0x17, 0x27, 0x00, 0x00, 0x13, 0x07, /* 22064 ~ 22079 */
    0x67, 0x19, 0xA9, 0x43, 0x7D, 0x53, 0x81, 0x47, 0x89, 0x44, 0xF9, 0x12, 0x29, 0x44, 0x50, 0x43, /* 22080 ~ 22095 */
    0x63, 0x1D, 0x96, 0x00, 0x10, 0x47, 0x63, 0x1A, 0xD6, 0x00, 0x10, 0x43, 0x09, 0x8E, 0x63, 0xE3, /* 22096 ~ 22111 */
    0xC2, 0x02, 0x63, 0x74, 0x66, 0x00, 0xBE, 0x83, 0x32, 0x83, 0x85, 0x07, 0x51, 0x07, 0xE3, 0x90, /* 22112 ~ 22127 */
    0x87, 0xFE, 0x9E, 0x87, 0x9C, 0xC1, 0x82, 0x47, 0x22, 0x44, 0x92, 0x44, 0x23, 0xA0, 0x67, 0x00, /* 22128 ~ 22143 */
    0x31, 0x01, 0x82, 0x80, 0x01, 0x43, 0xFD, 0xB7, 0x41, 0x11, 0x26, 0xC2, 0xAA, 0x84, 0x0A, 0x85, /* 22144 ~ 22159 */
    0x22, 0xC4, 0x06, 0xC6, 0x2E, 0x84, 0xAD, 0x21, 0xB7, 0x17, 0x42, 0x00, 0x93, 0x87, 0x07, 0x50, /* 22160 ~ 22175 */
    0xA2, 0x97, 0xA2, 0x07, 0x98, 0x43, 0xC1, 0x76, 0xFD, 0x16, 0x75, 0x8F, 0x98, 0xC3, 0x23, 0xA6, /* 22176 ~ 22191 */
    0x07, 0x00, 0x03, 0xC7, 0x07, 0x00, 0x37, 0x16, 0x15, 0x42, 0x13, 0x06, 0x06, 0xC0, 0x13, 0x77, /* 22192 ~ 22207 */
    0xE7, 0x0F, 0x23, 0x80, 0xE7, 0x00, 0x23, 0xA4, 0x07, 0x00, 0x05, 0x47, 0xC4, 0xCF, 0x33, 0x17, /* 22208 ~ 22223 */
    0x87, 0x00, 0x14, 0x4E, 0xF9, 0x8E, 0xF5, 0xFE, 0x85, 0x46, 0xD4, 0xCB, 0x37, 0x16, 0x15, 0x42, /* 22224 ~ 22239 */
    0xD4, 0xC3, 0x13, 0x06, 0x06, 0xC0, 0x54, 0x4A, 0xF9, 0x8E, 0xF5, 0xFE, 0x95, 0x46, 0x63, 0x17, /* 22240 ~ 22255 */
    0xD4, 0x04, 0xB7, 0x06, 0x15, 0x42, 0x93, 0x86, 0x06, 0x50, 0x41, 0x46, 0x90, 0xC6, 0x94, 0x43, /* 22256 ~ 22271 */
    0x13, 0x47, 0xF7, 0xFF, 0x93, 0xF6, 0xF6, 0xCF, 0x94, 0xC3, 0x83, 0xC6, 0x07, 0x00, 0x93, 0xE6, /* 22272 ~ 22287 */
    0x16, 0x00, 0x23, 0x80, 0xD7, 0x00, 0xB7, 0x16, 0x15, 0x42, 0x93, 0x86, 0x06, 0xC0, 0x90, 0x46, /* 22288 ~ 22303 */
    0x79, 0x8E, 0x90, 0xC6, 0x90, 0x4A, 0x71, 0x8F, 0x98, 0xCA, 0x02, 0x45, 0x05, 0x47, 0xD8, 0xC7, /* 22304 ~ 22319 */
    0xE1, 0x2E, 0xB2, 0x40, 0x22, 0x44, 0x92, 0x44, 0x41, 0x01, 0x82, 0x80, 0x99, 0x46, 0xE3, 0x10, /* 22320 ~ 22335 */
    0xD4, 0xFC, 0xB7, 0x06, 0x15, 0x42, 0x93, 0x86, 0x06, 0x60, 0x35, 0x46, 0x45, 0xBF, 0x13, 0x01, /* 22336 ~ 22351 */
    0x41, 0xFD, 0x22, 0xD2, 0x00, 0x41, 0x06, 0xD4, 0x26, 0xD0, 0x93, 0x17, 0x24, 0x00, 0x3E, 0xC4, /* 22352 ~ 22367 */
    0x13, 0x17, 0x24, 0x00, 0x97, 0x27, 0x00, 0x00, 0x93, 0x87, 0x07, 0xA3, 0xBA, 0x97, 0x02, 0xCA, /* 22368 ~ 22383 */
    0x29, 0x47, 0x98, 0xC3, 0x9D, 0x47, 0x3E, 0xC0, 0x63, 0x15, 0x04, 0x0E, 0x4C, 0x08, 0x01, 0x45, /* 22384 ~ 22399 */
    0xEF, 0xF0, 0x7F, 0xB3, 0x95, 0x47, 0x3E, 0xC0, 0x97, 0x24, 0x00, 0x00, 0x93, 0x84, 0x84, 0x04, /* 22400 ~ 22415 */
    0x02, 0xC2, 0x08, 0x08, 0xB5, 0x26, 0xD4, 0x40, 0x09, 0x47, 0x42, 0x45, 0x63, 0x9C, 0xE6, 0x0C, /* 22416 ~ 22431 */
    0x98, 0x44, 0x63, 0x19, 0x87, 0x0C, 0x98, 0x40, 0xD2, 0x46, 0x99, 0x8E, 0x37, 0x07, 0x00, 0x80, /* 22432 ~ 22447 */
    0x79, 0x17, 0x63, 0x61, 0xD7, 0x0C, 0x85, 0x47, 0xD8, 0x44, 0xDC, 0xC0, 0x9C, 0x48, 0x3A, 0xC6, /* 22448 ~ 22463 */
    0x3E, 0xC2, 0x99, 0x26, 0x12, 0x45, 0x32, 0x47, 0x02, 0x97, 0x85, 0x47, 0x3E, 0xC2, 0xD1, 0x04, /* 22464 ~ 22479 */
    0x97, 0x27, 0x00, 0x00, 0x93, 0x87, 0x87, 0x0C, 0xE3, 0x9D, 0xF4, 0xFA, 0x92, 0x47, 0x05, 0x47, /* 22480 ~ 22495 */
    0xE3, 0x8C, 0xE7, 0xF8, 0x08, 0x08, 0x29, 0x2E, 0x22, 0x47, 0x97, 0x27, 0x00, 0x00, 0x93, 0x87, /* 22496 ~ 22511 */
    0xA7, 0x9A, 0xBA, 0x97, 0x03, 0xA3, 0x07, 0x00, 0x29, 0x47, 0x63, 0x1C, 0xE3, 0x04, 0x52, 0x45, /* 22512 ~ 22527 */
    0xA2, 0x86, 0x70, 0x08, 0x2C, 0x08, 0x1A, 0xC4, 0x3E, 0xC2, 0xEF, 0xF0, 0x5F, 0xE2, 0x62, 0x47, /* 22528 ~ 22543 */
    0x22, 0x43, 0x92, 0x47, 0x63, 0x12, 0x67, 0x06, 0x02, 0x47, 0xB7, 0x17, 0x42, 0x00, 0x93, 0x87, /* 22544 ~ 22559 */
    0x07, 0x50, 0xBA, 0x97, 0xA2, 0x07, 0x23, 0x80, 0x07, 0x00, 0x85, 0x47, 0x63, 0x13, 0xF4, 0x02, /* 22560 ~ 22575 */
    0x97, 0x27, 0x00, 0x00, 0x83, 0xC7, 0xC7, 0xAD, 0x89, 0xCF, 0x97, 0x27, 0x00, 0x00, 0x23, 0x89, /* 22576 ~ 22591 */
    0x07, 0xAC, 0x97, 0x27, 0x00, 0x00, 0x93, 0x87, 0x27, 0xAC, 0xBA, 0x97, 0x03, 0xC5, 0x07, 0x00, /* 22592 ~ 22607 */
    0xD1, 0x2B, 0x42, 0x45, 0x55, 0x2C, 0xA2, 0x50, 0x12, 0x54, 0x82, 0x54, 0x13, 0x01, 0xC1, 0x02, /* 22608 ~ 22623 */
    0x82, 0x80, 0x85, 0x47, 0xE3, 0x12, 0xF4, 0xF2, 0x4C, 0x08, 0x05, 0x45, 0xEF, 0xF0, 0xBF, 0xA4, /* 22624 ~ 22639 */
    0x99, 0x47, 0x11, 0xBF, 0x51, 0x2C, 0xA1, 0xBF, 0x98, 0xC3, 0x82, 0x45, 0x72, 0x45, 0xEF, 0xF0, /* 22640 ~ 22655 */
    0xBF, 0xE0, 0xC1, 0xBF, 0x93, 0x17, 0x05, 0x01, 0x13, 0x01, 0x41, 0xFD, 0xC1, 0x83, 0x06, 0xD4, /* 22656 ~ 22671 */
    0x22, 0xD2, 0x26, 0xD0, 0x32, 0xC2, 0x36, 0xC4, 0x3E, 0xC0, 0x02, 0xC8, 0x63, 0x08, 0x06, 0x10, /* 22672 ~ 22687 */
    0xB7, 0x07, 0xAA, 0xAA, 0x7D, 0x8D, 0x63, 0x13, 0xF5, 0x10, 0x3A, 0x84, 0x02, 0x47, 0xA5, 0x47, /* 22688 ~ 22703 */
    0x63, 0xEE, 0xE7, 0x0E, 0xB7, 0x07, 0xE8, 0x03, 0xAE, 0x84, 0x63, 0xEC, 0xF5, 0x00, 0x63, 0x09, /* 22704 ~ 22719 */
    0x04, 0x0E, 0x63, 0xDF, 0x05, 0x04, 0x85, 0x47, 0x63, 0x04, 0xF4, 0x0E, 0x1D, 0x43, 0x81, 0x44, /* 22720 ~ 22735 */
    0x19, 0xA8, 0x39, 0xE4, 0x0C, 0x08, 0x01, 0x45, 0xEF, 0xF0, 0xFF, 0x9D, 0x26, 0x85, 0xEF, 0xF0, /* 22736 ~ 22751 */
    0x9F, 0xCB, 0xAA, 0x84, 0x15, 0x43, 0xC2, 0x47, 0x48, 0x08, 0x1A, 0xC6, 0xBE, 0x94, 0x09, 0x2C, /* 22752 ~ 22767 */
    0x82, 0x47, 0x32, 0x43, 0x13, 0x97, 0x27, 0x00, 0x3E, 0x97, 0x0A, 0x07, 0x97, 0x27, 0x00, 0x00, /* 22768 ~ 22783 */
    0x93, 0x87, 0x47, 0xED, 0xBA, 0x97, 0xD4, 0x43, 0x05, 0x47, 0x63, 0x8A, 0xE6, 0x04, 0x52, 0x45, /* 22784 ~ 22799 */
    0xE5, 0x2A, 0x65, 0x55, 0xA2, 0x50, 0x12, 0x54, 0x82, 0x54, 0x13, 0x01, 0xC1, 0x02, 0x82, 0x80, /* 22800 ~ 22815 */
    0x85, 0x47, 0xE3, 0x15, 0xF4, 0xFA, 0x48, 0x08, 0xE1, 0x2A, 0x97, 0x27, 0x00, 0x00, 0x93, 0x87, /* 22816 ~ 22831 */
    0x27, 0x9E, 0x03, 0xC7, 0x07, 0x00, 0x01, 0xEF, 0x17, 0x25, 0x00, 0x00, 0x03, 0x45, 0x25, 0x9D, /* 22832 ~ 22847 */
    0xC5, 0x21, 0x97, 0x27, 0x00, 0x00, 0x93, 0x87, 0xA7, 0x9C, 0x23, 0x80, 0x87, 0x00, 0x52, 0x45, /* 22848 ~ 22863 */
    0x65, 0x2A, 0x0C, 0x08, 0x05, 0x45, 0xEF, 0xF0, 0x1F, 0x96, 0x19, 0x43, 0x69, 0xB7, 0x09, 0x47, /* 22864 ~ 22879 */
    0xD8, 0xC3, 0x12, 0x47, 0x42, 0x45, 0xA2, 0x86, 0xD8, 0xC7, 0x22, 0x47, 0x70, 0x08, 0x2C, 0x08, /* 22880 ~ 22895 */
    0x98, 0xCB, 0x1A, 0xC0, 0x84, 0xC3, 0x80, 0xC7, 0xEF, 0xF0, 0x7F, 0xCB, 0x62, 0x47, 0xA9, 0x47, /* 22896 ~ 22911 */
    0x02, 0x43, 0x63, 0x13, 0xF7, 0x00, 0x01, 0xA0, 0x0A, 0x04, 0x97, 0x27, 0x00, 0x00, 0x93, 0x87, /* 22912 ~ 22927 */
    0xA7, 0x80, 0xA2, 0x97, 0x94, 0x43, 0x63, 0x07, 0xD7, 0x00, 0x98, 0xC3, 0x72, 0x45, 0x9A, 0x85, /* 22928 ~ 22943 */
    0xEF, 0xF0, 0x9F, 0xCE, 0x52, 0x45, 0x8D, 0x22, 0x01, 0x45, 0xAD, 0xB7, 0x7D, 0x55, 0x9D, 0xB7, /* 22944 ~ 22959 */
    0x69, 0x55, 0x8D, 0xB7, 0x01, 0x11, 0xB7, 0x07, 0xAA, 0xAA, 0x26, 0xCA, 0x06, 0xCE, 0x93, 0x14, /* 22960 ~ 22975 */
    0x05, 0x01, 0x22, 0xCC, 0x02, 0xC4, 0x7D, 0x8D, 0x63, 0x15, 0xF5, 0x0E, 0xC1, 0x80, 0xA5, 0x47, /* 22976 ~ 22991 */
    0x7D, 0x55, 0x63, 0xE1, 0x97, 0x0A, 0x2E, 0x84, 0xDD, 0xE1, 0x2C, 0x00, 0x01, 0x45, 0xEF, 0xF0, /* 22992 ~ 23007 */
    0x9F, 0x8D, 0x15, 0x47, 0x48, 0x00, 0x3A, 0xC0, 0x21, 0x2A, 0x93, 0x97, 0x24, 0x00, 0xA6, 0x97, /* 23008 ~ 23023 */
    0x97, 0x26, 0x00, 0x00, 0x93, 0x86, 0x06, 0xDE, 0x8A, 0x07, 0xB6, 0x97, 0xD0, 0x43, 0x89, 0x46, /* 23024 ~ 23039 */
    0x63, 0x15, 0xD6, 0x0A, 0x22, 0x45, 0x05, 0x43, 0xA2, 0x86, 0x10, 0x08, 0x6C, 0x00, 0x23, 0xA2, /* 23040 ~ 23055 */
    0x67, 0x00, 0xEF, 0xF0, 0xDF, 0xC1, 0xB2, 0x47, 0x29, 0x46, 0x02, 0x47, 0x97, 0x14, 0x00, 0x00, /* 23056 ~ 23071 */
    0x93, 0x84, 0x84, 0x77, 0x93, 0x16, 0x24, 0x00, 0x05, 0x43, 0x63, 0x94, 0xC7, 0x06, 0xB7, 0x17, /* 23072 ~ 23087 */
    0x42, 0x00, 0x93, 0x87, 0x07, 0x50, 0xBA, 0x97, 0xA2, 0x07, 0x23, 0x80, 0x07, 0x00, 0x63, 0x15, /* 23088 ~ 23103 */
    0x64, 0x02, 0x97, 0x27, 0x00, 0x00, 0x83, 0xC7, 0xA7, 0x8C, 0x99, 0xCF, 0x97, 0x27, 0x00, 0x00, /* 23104 ~ 23119 */
    0x23, 0x80, 0x07, 0x8C, 0x97, 0x27, 0x00, 0x00, 0x93, 0x87, 0x07, 0x8B, 0xBA, 0x97, 0x03, 0xC5, /* 23120 ~ 23135 */
    0x07, 0x00, 0x36, 0xC0, 0xC1, 0x26, 0x82, 0x46, 0xA6, 0x96, 0xA9, 0x47, 0x9C, 0xC2, 0x12, 0x45, /* 23136 ~ 23151 */
    0x61, 0x28, 0x01, 0x45, 0xF2, 0x40, 0x62, 0x44, 0xD2, 0x44, 0x05, 0x61, 0x82, 0x80, 0x85, 0x47, /* 23152 ~ 23167 */
    0x1D, 0x47, 0xE3, 0x91, 0xF5, 0xF6, 0x2C, 0x00, 0x05, 0x45, 0xEF, 0xF0, 0xDF, 0x82, 0x19, 0x47, /* 23168 ~ 23183 */
    0x91, 0xBF, 0xB6, 0x94, 0x94, 0x40, 0x3E, 0xC0, 0xE3, 0x8B, 0xD7, 0xFC, 0x42, 0x45, 0xBA, 0x85, /* 23184 ~ 23199 */
    0xEF, 0xF0, 0x9F, 0xBE, 0x82, 0x47, 0x9C, 0xC0, 0xD9, 0xB7, 0x12, 0x45, 0xB1, 0x28, 0x75, 0x55, /* 23200 ~ 23215 */
    0xD1, 0xB7, 0x7D, 0x55, 0xC1, 0xB7, 0xF3, 0x27, 0x20, 0x34, 0x63, 0xDE, 0x07, 0x00, 0x86, 0x07, /* 23216 ~ 23231 */
    0x13, 0xD5, 0x17, 0x00, 0x17, 0x27, 0x00, 0x00, 0x13, 0x07, 0x87, 0xDF, 0x86, 0x07, 0xBA, 0x97, /* 23232 ~ 23247 */
    0x9C, 0x43, 0x91, 0xC3, 0x82, 0x87, 0x82, 0x80, 0x0A, 0x05, 0x97, 0x27, 0x00, 0x00, 0x93, 0x87, /* 23248 ~ 23263 */
    0x27, 0xDE, 0xAA, 0x97, 0x8C, 0xC3, 0x82, 0x80, 0x85, 0x47, 0xB3, 0x97, 0xA7, 0x00, 0x73, 0xA0, /* 23264 ~ 23279 */
    0x47, 0x30, 0x82, 0x80, 0x85, 0x47, 0xB3, 0x97, 0xA7, 0x00, 0x73, 0xB0, 0x47, 0x30, 0x82, 0x80, /* 23280 ~ 23295 */
    0xF3, 0x77, 0x04, 0x30, 0x1C, 0xC1, 0x82, 0x80, 0x21, 0x89, 0x73, 0x20, 0x05, 0x30, 0x82, 0x80, /* 23296 ~ 23311 */
    0x17, 0x25, 0x00, 0x00, 0x03, 0x25, 0xC5, 0x83, 0x33, 0x35, 0xA0, 0x00, 0x82, 0x80, 0x95, 0x47, /* 23312 ~ 23327 */
    0x63, 0xE9, 0xA7, 0x02, 0x0A, 0x05, 0x97, 0x17, 0x00, 0x00, 0x93, 0x87, 0x67, 0x6B, 0xAA, 0x97, /* 23328 ~ 23343 */
    0x98, 0x43, 0x09, 0x46, 0x83, 0x47, 0x57, 0x00, 0x93, 0xF6, 0xF7, 0x0F, 0x63, 0x96, 0xC7, 0x00, /* 23344 ~ 23359 */
    0x93, 0xF7, 0x35, 0x00, 0x7D, 0x55, 0x99, 0xE7, 0xB3, 0xD5, 0xD5, 0x40, 0x2C, 0xCB, 0x01, 0x45, /* 23360 ~ 23375 */
    0x82, 0x80, 0x79, 0x55, 0x82, 0x80, 0x97, 0x17, 0x00, 0x00, 0x83, 0xC7, 0x47, 0x7C, 0x79, 0x55, /* 23376 ~ 23391 */
    0x99, 0xEB, 0x85, 0x47, 0x37, 0x17, 0x10, 0x42, 0x23, 0x04, 0xF7, 0x02, 0x17, 0x17, 0x00, 0x00, /* 23392 ~ 23407 */
    0x23, 0x07, 0xF7, 0x7A, 0x01, 0x45, 0x82, 0x80, 0x97, 0x17, 0x00, 0x00, 0x83, 0xC7, 0x27, 0x7A, /* 23408 ~ 23423 */
    0xE1, 0xC7, 0x97, 0x17, 0x00, 0x00, 0x83, 0xA7, 0xA7, 0x79, 0x71, 0x11, 0x17, 0x17, 0x00, 0x00, /* 23424 ~ 23439 */
    0x03, 0x47, 0xF7, 0x78, 0xA5, 0xEF, 0xB7, 0x17, 0x10, 0x42, 0x83, 0xD7, 0x47, 0x03, 0xC2, 0x07, /* 23440 ~ 23455 */
    0xC1, 0x83, 0x23, 0x10, 0xF1, 0x00, 0x97, 0x17, 0x00, 0x00, 0x23, 0x8A, 0x07, 0x76, 0x19, 0xC7, /* 23456 ~ 23471 */
    0x23, 0x10, 0x01, 0x00, 0x97, 0x17, 0x00, 0x00, 0xA3, 0x83, 0x07, 0x76, 0x83, 0x57, 0x01, 0x00, /* 23472 ~ 23487 */
    0x93, 0xF7, 0x07, 0x20, 0x9D, 0xCF, 0x83, 0x57, 0x01, 0x00, 0x93, 0xE7, 0x07, 0xC0, 0xC2, 0x07, /* 23488 ~ 23503 */
    0xC1, 0x87, 0x97, 0x16, 0x00, 0x00, 0x93, 0x86, 0x66, 0x74, 0x03, 0xD7, 0x06, 0x00, 0xBA, 0x97, /* 23504 ~ 23519 */
    0x13, 0x97, 0x07, 0x01, 0x41, 0x87, 0x23, 0x90, 0xE6, 0x00, 0x85, 0x8B, 0x81, 0xEB, 0x05, 0x87, /* 23520 ~ 23535 */
    0x23, 0x10, 0xE5, 0x00, 0x97, 0x17, 0x00, 0x00, 0x23, 0x92, 0x07, 0x72, 0x01, 0x45, 0x11, 0x01, /* 23536 ~ 23551 */
    0x82, 0x80, 0x83, 0x57, 0x01, 0x00, 0x93, 0xF7, 0xF7, 0x3F, 0xE1, 0xB7, 0xB7, 0x17, 0x10, 0x42, /* 23552 ~ 23567 */
    0x83, 0xD7, 0x67, 0x03, 0xC2, 0x07, 0xC1, 0x83, 0x23, 0x11, 0xF1, 0x00, 0x97, 0x17, 0x00, 0x00, /* 23568 ~ 23583 */
    0x23, 0x8F, 0x07, 0x6E, 0x19, 0xC7, 0x23, 0x11, 0x01, 0x00, 0x97, 0x17, 0x00, 0x00, 0xA3, 0x88, /* 23584 ~ 23599 */
    0x07, 0x6E, 0x83, 0x57, 0x21, 0x00, 0x93, 0xF7, 0x07, 0x10, 0x81, 0xC7, 0x83, 0x57, 0x21, 0x00, /* 23600 ~ 23615 */
    0x69, 0xB7, 0x83, 0x57, 0x21, 0x00, 0xC1, 0xB7, 0x79, 0x55, 0x82, 0x80, 0x37, 0x17, 0x10, 0x42, /* 23616 ~ 23631 */
    0x83, 0x47, 0x27, 0x02, 0x71, 0x11, 0x93, 0xF7, 0xF7, 0x0F, 0xA3, 0x01, 0xF1, 0x00, 0x83, 0x46, /* 23632 ~ 23647 */
    0x31, 0x00, 0x85, 0x47, 0x63, 0x8E, 0xF6, 0x00, 0x03, 0x47, 0x97, 0x02, 0x63, 0x17, 0xF7, 0x00, /* 23648 ~ 23663 */
    0x23, 0x00, 0x05, 0x00, 0x01, 0x45, 0x11, 0x01, 0x82, 0x80, 0x23, 0x00, 0xF5, 0x00, 0xDD, 0xBF, /* 23664 ~ 23679 */
    0x79, 0x55, 0xD5, 0xBF, 0x39, 0x15, 0x13, 0x35, 0x15, 0x00, 0x93, 0x16, 0x25, 0x00, 0x17, 0x17, /* 23680 ~ 23695 */
    0x00, 0x00, 0x13, 0x07, 0xA7, 0x69, 0x97, 0x17, 0x00, 0x00, 0x93, 0x87, 0xA7, 0x69, 0x36, 0x97, /* 23696 ~ 23711 */
    0xB6, 0x97, 0x10, 0x43, 0x8C, 0x43, 0xB1, 0xA8, 0x05, 0x47, 0x63, 0x69, 0xA7, 0x04, 0xAA, 0x87, /* 23712 ~ 23727 */
    0x7D, 0x55, 0xB9, 0xC5, 0x41, 0x11, 0x13, 0x95, 0x27, 0x00, 0x97, 0x17, 0x00, 0x00, 0x93, 0x87, /* 23728 ~ 23743 */
    0x67, 0x67, 0x06, 0xC6, 0xAA, 0x97, 0x8C, 0xC3, 0x97, 0x17, 0x00, 0x00, 0x93, 0x87, 0x07, 0x66, /* 23744 ~ 23759 */
    0xAA, 0x97, 0x90, 0xC3, 0x97, 0x17, 0x00, 0x00, 0x93, 0x87, 0x87, 0x0A, 0xAA, 0x97, 0x88, 0x43, /* 23760 ~ 23775 */
    0x97, 0x05, 0x00, 0x00, 0x93, 0x85, 0x45, 0xFA, 0x2A, 0xC0, 0xEF, 0xF0, 0xFF, 0xDE, 0x02, 0x45, /* 23776 ~ 23791 */
    0xEF, 0xF0, 0x9F, 0xDF, 0xB2, 0x40, 0x01, 0x45, 0x41, 0x01, 0x82, 0x80, 0x79, 0x55, 0x82, 0x80, /* 23792 ~ 23807 */
    0x82, 0x80, 0x0A, 0x05, 0x17, 0x17, 0x00, 0x00, 0x13, 0x07, 0x07, 0x08, 0x2A, 0x97, 0x18, 0x43, /* 23808 ~ 23823 */
    0xAE, 0x87, 0xB2, 0x85, 0x58, 0x5F, 0x05, 0x8B, 0x19, 0xCB, 0x91, 0xCB, 0x17, 0x17, 0x00, 0x00, /* 23824 ~ 23839 */
    0x13, 0x07, 0x47, 0x60, 0x2A, 0x97, 0x08, 0x43, 0x33, 0x35, 0xA0, 0x00, 0x82, 0x87, 0x82, 0x80, /* 23840 ~ 23855 */
    0x93, 0x97, 0x15, 0x00, 0xAE, 0x97, 0xAA, 0x97, 0x8A, 0x07, 0x17, 0x17, 0x00, 0x00, 0x13, 0x07, /* 23856 ~ 23871 */
    0xE7, 0x2D, 0xBA, 0x97, 0x88, 0x43, 0x51, 0x11, 0xB2, 0x85, 0x06, 0xC4, 0xEF, 0xF0, 0x3F, 0xDD, /* 23872 ~ 23887 */
    0x11, 0xC1, 0x71, 0x55, 0xA2, 0x40, 0x31, 0x01, 0x82, 0x80, 0x41, 0x11, 0x0A, 0x85, 0x06, 0xC6, /* 23888 ~ 23903 */
    0xEF, 0xF0, 0x1F, 0xDA, 0x02, 0x45, 0x97, 0x17, 0x00, 0x00, 0x23, 0x8B, 0x07, 0x5C, 0xEF, 0xF0, /* 23904 ~ 23919 */
    0xBF, 0xD9, 0xB2, 0x40, 0x41, 0x01, 0x82, 0x80, 0x37, 0x05, 0x01, 0x02, 0x81, 0x45, 0x3D, 0x05, /* 23920 ~ 23935 */
    0x6F, 0xC0, 0xAF, 0xE9, 0x17, 0x57, 0xFA, 0x7F, 0x03, 0x47, 0x47, 0x92, 0x49, 0xC3, 0x97, 0x57, /* 23936 ~ 23951 */
    0xFA, 0x7F, 0x93, 0x87, 0x27, 0x91, 0x03, 0xC7, 0x17, 0x00, 0x21, 0x8B, 0x97, 0x16, 0x00, 0x00, /* 23952 ~ 23967 */
    0x23, 0xAE, 0xE6, 0x58, 0x03, 0xC7, 0x27, 0x00, 0x93, 0x06, 0x70, 0x0B, 0x13, 0x77, 0x77, 0x0F, /* 23968 ~ 23983 */
    0x63, 0x0D, 0xD7, 0x02, 0x41, 0x11, 0x22, 0xC4, 0x06, 0xC6, 0x17, 0x14, 0x00, 0x00, 0x13, 0x04, /* 23984 ~ 23999 */
    0x24, 0x58, 0x83, 0x47, 0x04, 0x00, 0x89, 0xEF, 0x0A, 0x85, 0xEF, 0xF0, 0x7F, 0xD3, 0x02, 0x45, /* 24000 ~ 24015 */
    0x85, 0x47, 0x23, 0x00, 0xF4, 0x00, 0xEF, 0xF0, 0x3F, 0xD3, 0x01, 0x45, 0xEF, 0xF0, 0xDF, 0xF9, /* 24016 ~ 24031 */
    0xB2, 0x40, 0x22, 0x44, 0x5D, 0x55, 0x41, 0x01, 0x82, 0x80, 0x83, 0xC6, 0x37, 0x00, 0x03, 0xC7, /* 24032 ~ 24047 */
    0x47, 0x00, 0x22, 0x07, 0x55, 0x8F, 0x23, 0x10, 0xE5, 0x00, 0x03, 0xC7, 0x57, 0x00, 0x83, 0xC7, /* 24048 ~ 24063 */
    0x67, 0x00, 0x01, 0x45, 0xA2, 0x07, 0xD9, 0x8F, 0x23, 0x90, 0xF5, 0x00, 0x82, 0x80, 0x61, 0x55, /* 24064 ~ 24079 */
    0x82, 0x80, 0x17, 0x15, 0x00, 0x00, 0x03, 0x25, 0x65, 0x52, 0x82, 0x80, 0x01, 0x45, 0x82, 0x80, /* 24080 ~ 24095 */
    0x01, 0x45, 0x82, 0x80, 0x01, 0x45, 0x82, 0x80, 0x21, 0xA8, 0x51, 0x11, 0x06, 0xC4, 0x59, 0x28, /* 24096 ~ 24111 */
    0xA2, 0x40, 0x97, 0x17, 0x00, 0x00, 0xA3, 0x85, 0x07, 0x50, 0x01, 0x45, 0x31, 0x01, 0x82, 0x80, /* 24112 ~ 24127 */
    0x73, 0x00, 0x50, 0x10, 0x01, 0x00, 0x82, 0x80, 0x41, 0x11, 0x22, 0xC4, 0x2A, 0x84, 0x0A, 0x85, /* 24128 ~ 24143 */
    0x06, 0xC6, 0xEF, 0xF0, 0xFF, 0xCA, 0xB7, 0x07, 0x13, 0x42, 0x13, 0x07, 0x00, 0x02, 0xA1, 0x07, /* 24144 ~ 24159 */
    0x63, 0x1B, 0xE4, 0x00, 0x7D, 0x57, 0x98, 0xC3, 0x02, 0x45, 0xEF, 0xF0, 0xFF, 0xC9, 0xB2, 0x40, /* 24160 ~ 24175 */
    0x22, 0x44, 0x41, 0x01, 0x82, 0x80, 0x98, 0x43, 0x05, 0x45, 0x33, 0x15, 0x85, 0x00, 0x59, 0x8D, /* 24176 ~ 24191 */
    0x88, 0xC3, 0xDD, 0xB7, 0x41, 0x11, 0x22, 0xC4, 0x2A, 0x84, 0x0A, 0x85, 0x06, 0xC6, 0xEF, 0xF0, /* 24192 ~ 24207 */
    0x3F, 0xC7, 0x37, 0x07, 0x13, 0x42, 0x93, 0x07, 0x00, 0x02, 0x21, 0x07, 0x63, 0x1B, 0xF4, 0x00, /* 24208 ~ 24223 */
    0x23, 0x20, 0x07, 0x00, 0x02, 0x45, 0xEF, 0xF0, 0x3F, 0xC6, 0xB2, 0x40, 0x22, 0x44, 0x41, 0x01, /* 24224 ~ 24239 */
    0x82, 0x80, 0x14, 0x43, 0x85, 0x47, 0xB3, 0x97, 0x87, 0x00, 0x93, 0xC7, 0xF7, 0xFF, 0xF5, 0x8F, /* 24240 ~ 24255 */
    0x1C, 0xC3, 0xCD, 0xB7, 0x51, 0x11, 0x13, 0x05, 0x00, 0x02, 0x06, 0xC4, 0xEF, 0xF0, 0x9F, 0xFB, /* 24256 ~ 24271 */
    0x05, 0x45, 0xEF, 0xF0, 0x7F, 0xF7, 0x0D, 0x45, 0xEF, 0xF0, 0x1F, 0xF7, 0x11, 0x45, 0xEF, 0xF0, /* 24272 ~ 24287 */
    0xBF, 0xF6, 0x2D, 0x45, 0xEF, 0xF0, 0x5F, 0xF6, 0x1D, 0x45, 0xEF, 0xF0, 0xFF, 0xF5, 0x19, 0x45, /* 24288 ~ 24303 */
    0xEF, 0xF0, 0x9F, 0xF5, 0x37, 0x07, 0x13, 0x42, 0x1C, 0x47, 0x21, 0x07, 0x17, 0x15, 0x00, 0x00, /* 24304 ~ 24319 */
    0x13, 0x05, 0x85, 0x16, 0x89, 0x46, 0x17, 0x76, 0xF9, 0x81, 0x13, 0x06, 0xA6, 0xFA, 0x85, 0x45, /* 24320 ~ 24335 */
    0xBD, 0x26, 0xA2, 0x40, 0x01, 0x45, 0x31, 0x01, 0x82, 0x80, 0x51, 0x11, 0x13, 0x06, 0x90, 0x04, /* 24336 ~ 24351 */
    0x97, 0x75, 0xF9, 0x81, 0x93, 0x85, 0x45, 0xFE, 0x17, 0x75, 0xF9, 0x81, 0x13, 0x05, 0x05, 0x03, /* 24352 ~ 24367 */
    0x06, 0xC4, 0x09, 0x2A, 0xA2, 0x40, 0x97, 0x17, 0x00, 0x00, 0x83, 0xC7, 0x07, 0x26, 0x31, 0x01, /* 24368 ~ 24383 */
    0x82, 0x80, 0x37, 0x05, 0x01, 0x02, 0x81, 0x45, 0x41, 0x05, 0x6F, 0xC0, 0x0F, 0xCD, 0xAA, 0x85, /* 24384 ~ 24399 */
    0x05, 0x45, 0x6F, 0xF0, 0x4F, 0xB6, 0xAA, 0x85, 0x01, 0x45, 0x6F, 0xF0, 0xCF, 0xB5, 0x82, 0x80, /* 24400 ~ 24415 */
    0x37, 0x05, 0x02, 0x01, 0x41, 0x05, 0x6F, 0xC0, 0x8F, 0xCB, 0x41, 0x11, 0x06, 0xC6, 0x02, 0xC0, /* 24416 ~ 24431 */
    0x02, 0x47, 0x85, 0x47, 0x63, 0x16, 0xF7, 0x00, 0xB2, 0x40, 0x01, 0x45, 0x41, 0x01, 0x82, 0x80, /* 24432 ~ 24447 */
    0x37, 0x05, 0x02, 0x01, 0x8A, 0x85, 0x41, 0x05, 0xEF, 0xC0, 0x0F, 0xB7, 0xD5, 0xB7, 0x51, 0x11, /* 24448 ~ 24463 */
    0x06, 0xC4, 0xEF, 0xF0, 0xFF, 0xB7, 0xA2, 0x40, 0x33, 0x35, 0xA0, 0x00, 0x31, 0x01, 0x82, 0x80, /* 24464 ~ 24479 */
    0x51, 0x11, 0x22, 0xC2, 0x06, 0xC4, 0x2A, 0x84, 0x22, 0x85, 0xEF, 0xC0, 0xCF, 0xDE, 0x6D, 0xFD, /* 24480 ~ 24495 */
    0xA2, 0x40, 0x12, 0x44, 0x31, 0x01, 0x82, 0x80, 0x51, 0x11, 0x06, 0xC4, 0xEF, 0xC0, 0x0F, 0xE0, /* 24496 ~ 24511 */
    0x11, 0xCD, 0xA2, 0x40, 0x13, 0x06, 0x30, 0x05, 0x97, 0x75, 0xF9, 0x81, 0x93, 0x85, 0xC5, 0xF9, /* 24512 ~ 24527 */
    0x17, 0x75, 0xF9, 0x81, 0x13, 0x05, 0x45, 0xFD, 0x31, 0x01, 0xAD, 0xA0, 0xA2, 0x40, 0x31, 0x01, /* 24528 ~ 24543 */
    0x82, 0x80, 0x2A, 0x87, 0x85, 0x46, 0x17, 0x76, 0xF9, 0x81, 0x13, 0x06, 0x26, 0x02, 0x89, 0x45, /* 24544 ~ 24559 */
    0x17, 0x15, 0x00, 0x00, 0x13, 0x05, 0x45, 0x15, 0x59, 0xA4, 0xA1, 0xC5, 0x41, 0x11, 0x26, 0xC2, /* 24560 ~ 24575 */
    0x84, 0x41, 0x22, 0xC4, 0x8D, 0x46, 0x26, 0xC0, 0xDC, 0x41, 0x2E, 0x84, 0x26, 0x87, 0x17, 0x76, /* 24576 ~ 24591 */
    0xF9, 0x81, 0x13, 0x06, 0xA6, 0xF9, 0x85, 0x45, 0x17, 0x15, 0x00, 0x00, 0x13, 0x05, 0xC5, 0x12, /* 24592 ~ 24607 */
    0x06, 0xC6, 0xB1, 0x2C, 0x85, 0x47, 0x63, 0x99, 0xF4, 0x00, 0x48, 0x40, 0x22, 0x44, 0xB2, 0x40, /* 24608 ~ 24623 */
    0x92, 0x44, 0x41, 0x01, 0x6F, 0xF0, 0xFF, 0xFA, 0xB2, 0x40, 0x22, 0x44, 0x92, 0x44, 0x41, 0x01, /* 24624 ~ 24639 */
    0x82, 0x80, 0x82, 0x80, 0x97, 0x17, 0x00, 0x00, 0x93, 0x87, 0x07, 0x30, 0x98, 0x43, 0x21, 0xE3, /* 24640 ~ 24655 */
    0x05, 0x47, 0x98, 0xC3, 0xF3, 0x77, 0x04, 0x30, 0x17, 0x17, 0x00, 0x00, 0x23, 0x24, 0xF7, 0x2E, /* 24656 ~ 24671 */
    0x97, 0x17, 0x00, 0x00, 0x83, 0xA7, 0x87, 0x13, 0x93, 0x87, 0x07, 0x10, 0x09, 0x47, 0x98, 0xCF, /* 24672 ~ 24687 */
    0x37, 0x07, 0x00, 0xFA, 0x3A, 0x95, 0xBA, 0x95, 0x17, 0x77, 0xF9, 0x81, 0x13, 0x07, 0x87, 0xFF, /* 24688 ~ 24703 */
    0xC8, 0xCF, 0x8C, 0xD3, 0xD0, 0xD3, 0x98, 0xD7, 0x73, 0x00, 0x00, 0x00, 0x01, 0xA0, 0x82, 0x80, /* 24704 ~ 24719 */
    0x51, 0x11, 0x22, 0xC2, 0x17, 0x14, 0x00, 0x00, 0x13, 0x04, 0x44, 0x10, 0x08, 0x40, 0xB7, 0xA7, /* 24720 ~ 24735 */
    0xAD, 0xDE, 0x06, 0xC4, 0x93, 0x87, 0x57, 0x5A, 0x1C, 0xC1, 0xD1, 0x47, 0x23, 0x26, 0xF5, 0x12, /* 24736 ~ 24751 */
    0x23, 0x22, 0x05, 0x10, 0x13, 0x05, 0xC5, 0x10, 0xEF, 0xF0, 0x7F, 0xE9, 0x08, 0x40, 0x13, 0x05, /* 24752 ~ 24767 */
    0x05, 0x11, 0xEF, 0xF0, 0x5F, 0xE9, 0x18, 0x40, 0x83, 0x27, 0x87, 0x10, 0x85, 0x07, 0x23, 0x24, /* 24768 ~ 24783 */
    0xF7, 0x10, 0xEF, 0xF0, 0x1F, 0xE7, 0xEF, 0xF0, 0x9F, 0xE8, 0x18, 0x40, 0xB7, 0xE7, 0xA5, 0xA5, /* 24784 ~ 24799 */
    0x93, 0x87, 0xD7, 0xEA, 0x23, 0x24, 0xF7, 0x18, 0xEF, 0xF0, 0x3F, 0xE8, 0x75, 0xFD, 0xEF, 0xF0, /* 24800 ~ 24815 */
    0x3F, 0xE7, 0x01, 0xA0, 0x51, 0x11, 0x22, 0xC2, 0x13, 0x14, 0x15, 0x00, 0x2A, 0x94, 0x12, 0x04, /* 24816 ~ 24831 */
    0x17, 0x45, 0xFA, 0x7F, 0x13, 0x05, 0x85, 0x7B, 0x13, 0x06, 0x00, 0x03, 0x97, 0x15, 0x00, 0x00, /* 24832 ~ 24847 */
    0x93, 0x85, 0x45, 0xF2, 0x22, 0x95, 0x06, 0xC4, 0x45, 0x26, 0x17, 0x55, 0xFA, 0x7F, 0x13, 0x05, /* 24848 ~ 24863 */
    0xE5, 0x82, 0x22, 0x95, 0x12, 0x44, 0xA2, 0x40, 0x13, 0x06, 0x00, 0x03, 0x97, 0x15, 0x00, 0x00, /* 24864 ~ 24879 */
    0x93, 0x85, 0x45, 0xF1, 0x31, 0x01, 0x49, 0xA6, 0x17, 0x16, 0x00, 0x00, 0x03, 0x26, 0x06, 0x22, /* 24880 ~ 24895 */
    0x13, 0x07, 0x86, 0x03, 0x93, 0x05, 0x86, 0x05, 0x93, 0x07, 0x00, 0x02, 0x83, 0x46, 0x07, 0x00, /* 24896 ~ 24911 */
    0x13, 0x93, 0x86, 0x01, 0x13, 0x53, 0x83, 0x41, 0x63, 0x5C, 0x03, 0x00, 0x93, 0xF6, 0xF6, 0xF7, /* 24912 ~ 24927 */
    0x63, 0x88, 0xA6, 0x00, 0x83, 0x46, 0x17, 0x00, 0x09, 0x07, 0xB6, 0x97, 0xE3, 0x10, 0xB7, 0xFE, /* 24928 ~ 24943 */
    0x93, 0x87, 0x87, 0x03, 0x33, 0x05, 0xF6, 0x00, 0x82, 0x80, 0x13, 0x01, 0x41, 0xF8, 0xA2, 0xDA, /* 24944 ~ 24959 */
    0x17, 0x14, 0x00, 0x00, 0x13, 0x04, 0x84, 0x1D, 0xA6, 0xD8, 0xB6, 0x84, 0x14, 0x40, 0x86, 0xDC, /* 24960 ~ 24975 */
    0x32, 0xC0, 0x03, 0xC6, 0x96, 0x01, 0x3A, 0xC2, 0x02, 0xC4, 0x85, 0x46, 0x63, 0x03, 0xD6, 0x0C, /* 24976 ~ 24991 */
    0x2E, 0x86, 0xAA, 0x85, 0x28, 0x10, 0xEF, 0x00, 0xD0, 0x39, 0x45, 0xCD, 0xA9, 0x46, 0x63, 0xEA, /* 24992 ~ 25007 */
    0x96, 0x0A, 0x12, 0x47, 0x93, 0x96, 0x24, 0x00, 0x13, 0x03, 0x81, 0x04, 0x81, 0x44, 0x63, 0x98, /* 25008 ~ 25023 */
    0xD4, 0x0A, 0x19, 0x67, 0x13, 0x07, 0x57, 0xD0, 0x23, 0x18, 0xE1, 0x00, 0x13, 0x87, 0x04, 0x01, /* 25024 ~ 25039 */
    0x23, 0x19, 0xE1, 0x00, 0x05, 0x67, 0x13, 0x07, 0x17, 0xF4, 0x23, 0x1A, 0xE1, 0x00, 0x18, 0x08, /* 25040 ~ 25055 */
    0x3A, 0xD4, 0x19, 0x47, 0x3A, 0xD6, 0x68, 0x00, 0x05, 0x47, 0x23, 0x0C, 0xE1, 0x00, 0xEF, 0xF0, /* 25056 ~ 25071 */
    0x3F, 0x91, 0x14, 0x40, 0x32, 0x45, 0xD8, 0x46, 0x13, 0x06, 0x17, 0x00, 0xD0, 0xC6, 0xA3, 0x0C, /* 25072 ~ 25087 */
    0xE1, 0x00, 0xEF, 0xF0, 0x7F, 0x90, 0x37, 0x17, 0x10, 0x42, 0x23, 0x1D, 0x01, 0x00, 0x23, 0x1E, /* 25088 ~ 25103 */
    0x01, 0x00, 0x03, 0x25, 0x87, 0x81, 0x13, 0x06, 0x80, 0x3E, 0x81, 0x46, 0x81, 0x45, 0x15, 0x24, /* 25104 ~ 25119 */
    0x82, 0x47, 0x37, 0x07, 0x00, 0xFA, 0xC6, 0x05, 0x3E, 0x97, 0x3D, 0x81, 0x23, 0x11, 0xF1, 0x02, /* 25120 ~ 25135 */
    0x1C, 0x40, 0x4D, 0x8D, 0x23, 0x1F, 0xA1, 0x00, 0x41, 0x81, 0x41, 0x83, 0x23, 0x10, 0xA1, 0x02, /* 25136 ~ 25151 */
    0x88, 0x43, 0x23, 0x12, 0xE1, 0x02, 0x38, 0x08, 0x3A, 0xD8, 0x13, 0x03, 0x81, 0x04, 0x39, 0x47, /* 25152 ~ 25167 */
    0x34, 0x00, 0x0D, 0x46, 0x2C, 0x10, 0x3A, 0xDA, 0x1A, 0xDC, 0x26, 0xDE, 0x82, 0xC0, 0xEF, 0x00, /* 25168 ~ 25183 */
    0xB0, 0x1A, 0xE6, 0x50, 0x56, 0x54, 0xC6, 0x54, 0x13, 0x01, 0xC1, 0x07, 0x82, 0x80, 0xB3, 0x05, /* 25184 ~ 25199 */
    0x97, 0x00, 0x8C, 0x41, 0x33, 0x06, 0x93, 0x00, 0x91, 0x04, 0x0C, 0xC2, 0x89, 0xB7, 0x13, 0x01, /* 25200 ~ 25215 */
    0xC1, 0xFD, 0x22, 0xCA, 0x06, 0xCC, 0x2A, 0x84, 0x2E, 0xC4, 0x32, 0xC2, 0x36, 0xC0, 0x3A, 0xCE, /* 25216 ~ 25231 */
    0x3E, 0xD0, 0xEF, 0xF0, 0xDF, 0xCF, 0x09, 0xE9, 0x82, 0x46, 0x12, 0x46, 0xA2, 0x45, 0x78, 0x08, /* 25232 ~ 25247 */
    0x22, 0x85, 0x3A, 0xC6, 0xEF, 0xF0, 0x7F, 0xED, 0xE2, 0x40, 0x52, 0x44, 0x13, 0x01, 0x41, 0x02, /* 25248 ~ 25263 */
    0x82, 0x80, 0x97, 0x17, 0x00, 0x00, 0x93, 0x87, 0x67, 0x0A, 0x98, 0x43, 0x41, 0x11, 0x26, 0xC2, /* 25264 ~ 25279 */
    0x44, 0x43, 0x06, 0xC6, 0x22, 0xC4, 0x09, 0x47, 0x63, 0x94, 0xE4, 0x08, 0x05, 0x45, 0xEF, 0xF0, /* 25280 ~ 25295 */
    0x7F, 0xE2, 0x17, 0x14, 0x00, 0x00, 0x13, 0x04, 0x24, 0xD9, 0x17, 0x15, 0x00, 0x00, 0x13, 0x05, /* 25296 ~ 25311 */
    0x65, 0xE8, 0x01, 0x8D, 0xF1, 0x45, 0xEF, 0xA0, 0xAF, 0x80, 0x97, 0x17, 0x00, 0x00, 0x93, 0x87, /* 25312 ~ 25327 */
    0xE7, 0x06, 0x9C, 0x43, 0xAA, 0x86, 0x03, 0xC7, 0x87, 0x03, 0x23, 0xA2, 0x87, 0x12, 0x13, 0x84, /* 25328 ~ 25343 */
    0x87, 0x03, 0x13, 0x16, 0x87, 0x01, 0x61, 0x86, 0x63, 0x5A, 0x06, 0x04, 0x13, 0x77, 0xF7, 0xF7, /* 25344 ~ 25359 */
    0x05, 0x46, 0x63, 0x0F, 0xC7, 0x00, 0x03, 0xC7, 0xA7, 0x03, 0x93, 0x15, 0x87, 0x01, 0xE1, 0x85, /* 25360 ~ 25375 */
    0x63, 0xD5, 0x05, 0x06, 0x13, 0x77, 0xF7, 0xF7, 0x63, 0x1B, 0xC7, 0x02, 0x13, 0x84, 0xA7, 0x03, /* 25376 ~ 25391 */
    0x83, 0x47, 0x14, 0x00, 0x63, 0x89, 0xD7, 0x04, 0x13, 0x06, 0xE0, 0x44, 0x97, 0x75, 0xF9, 0x81, /* 25392 ~ 25407 */
    0x93, 0x85, 0x05, 0xD6, 0x17, 0x75, 0xF9, 0x81, 0x13, 0x05, 0x45, 0xD9, 0xEF, 0xF0, 0x9F, 0xCF, /* 25408 ~ 25423 */
    0x01, 0x45, 0xB2, 0x40, 0x22, 0x44, 0x92, 0x44, 0x41, 0x01, 0x82, 0x80, 0x81, 0x44, 0x05, 0x45, /* 25424 ~ 25439 */
    0x36, 0xC0, 0xEF, 0xF0, 0x7F, 0xDD, 0x82, 0x46, 0x17, 0x16, 0x00, 0x00, 0x13, 0x06, 0xC6, 0xCF, /* 25440 ~ 25455 */
    0x01, 0x47, 0x63, 0x1E, 0xD7, 0x00, 0x86, 0x04, 0x26, 0x94, 0x93, 0x07, 0x10, 0xF8, 0x23, 0x00, /* 25456 ~ 25471 */
    0xF4, 0x00, 0xA3, 0x00, 0xE4, 0x00, 0x05, 0x45, 0xE9, 0xB7, 0x85, 0x44, 0xC9, 0xBF, 0x5C, 0x42, /* 25472 ~ 25487 */
    0x03, 0x23, 0x86, 0x00, 0xB3, 0x05, 0xE5, 0x00, 0x92, 0x07, 0xB3, 0xE7, 0x67, 0x00, 0x93, 0xF7, /* 25488 ~ 25503 */
    0xF7, 0x0F, 0x23, 0x80, 0xF5, 0x00, 0x05, 0x07, 0x71, 0x06, 0xE1, 0xB7, 0x97, 0x47, 0xFA, 0x7F, /* 25504 ~ 25519 */
    0x93, 0x87, 0x47, 0x3A, 0x17, 0x17, 0x00, 0x00, 0x23, 0x22, 0xF7, 0xFA, 0x03, 0xC7, 0x47, 0x00, /* 25520 ~ 25535 */
    0x83, 0xC6, 0x57, 0x00, 0xA2, 0x06, 0xD9, 0x8E, 0x03, 0xC7, 0x67, 0x00, 0x83, 0xC7, 0x77, 0x00, /* 25536 ~ 25551 */
    0x42, 0x07, 0x55, 0x8F, 0xE2, 0x07, 0xD9, 0x8F, 0x09, 0x47, 0x63, 0x92, 0xE7, 0x06, 0x97, 0x17, /* 25552 ~ 25567 */
    0x00, 0x00, 0x83, 0xA7, 0xA7, 0xDC, 0xD4, 0x47, 0x51, 0x11, 0x06, 0xC4, 0x17, 0x17, 0x00, 0x00, /* 25568 ~ 25583 */
    0x13, 0x07, 0x07, 0x55, 0x14, 0xC3, 0xD4, 0x47, 0x54, 0xC3, 0x94, 0x4B, 0x14, 0xC7, 0xD4, 0x47, /* 25584 ~ 25599 */
    0x54, 0xC7, 0xD4, 0x47, 0x90, 0x4B, 0xB2, 0x96, 0x14, 0xCB, 0x97, 0x16, 0x00, 0x00, 0x23, 0xA3, /* 25600 ~ 25615 */
    0x06, 0x54, 0xD4, 0x43, 0x54, 0xCF, 0xD4, 0x43, 0x14, 0xD3, 0x94, 0x47, 0x54, 0xD3, 0xD4, 0x43, /* 25616 ~ 25631 */
    0x14, 0xD7, 0xD4, 0x43, 0x9C, 0x47, 0xB6, 0x97, 0x5C, 0xD7, 0x97, 0x17, 0x00, 0x00, 0x23, 0xA5, /* 25632 ~ 25647 */
    0x07, 0x54, 0xEF, 0xF0, 0x1F, 0xE8, 0xA2, 0x40, 0x01, 0x45, 0x31, 0x01, 0x82, 0x80, 0x7D, 0x55, /* 25648 ~ 25663 */
    0x82, 0x80, 0x21, 0x11, 0x2A, 0x83, 0x32, 0x85, 0x2E, 0x86, 0xB6, 0x82, 0x06, 0xCA, 0x22, 0xC8, /* 25664 ~ 25679 */
    0x26, 0xC6, 0x1A, 0x87, 0xAA, 0x86, 0x81, 0x47, 0x81, 0x45, 0x81, 0x43, 0x1A, 0xC0, 0x32, 0xC2, /* 25680 ~ 25695 */
    0x2A, 0xC4, 0x33, 0x06, 0x77, 0x00, 0x13, 0xF3, 0x16, 0x00, 0x33, 0x84, 0xF5, 0x00, 0x13, 0x55, /* 25696 ~ 25711 */
    0xF7, 0x01, 0x85, 0x82, 0xB3, 0x34, 0xE6, 0x00, 0x86, 0x07, 0x63, 0x05, 0x03, 0x00, 0xB2, 0x83, /* 25712 ~ 25727 */
    0xB3, 0x85, 0x84, 0x00, 0x06, 0x07, 0xC9, 0x8F, 0xE9, 0xFE, 0x12, 0x46, 0x02, 0x43, 0x22, 0x45, /* 25728 ~ 25743 */
    0xAE, 0x87, 0x09, 0xC6, 0xB2, 0x85, 0xEF, 0x90, 0xBF, 0xE3, 0xAA, 0x97, 0x63, 0x87, 0x02, 0x00, /* 25744 ~ 25759 */
    0x1A, 0x85, 0x96, 0x85, 0xEF, 0x90, 0xDF, 0xE2, 0xAA, 0x97, 0xD2, 0x40, 0x42, 0x44, 0xB2, 0x44, /* 25760 ~ 25775 */
    0x1E, 0x85, 0xBE, 0x85, 0x61, 0x01, 0x82, 0x80, 0xB3, 0xE7, 0xA5, 0x00, 0x8D, 0x8B, 0x81, 0xE7, /* 25776 ~ 25791 */
    0x8D, 0x47, 0x63, 0xE2, 0xC7, 0x02, 0x2A, 0x87, 0x11, 0xA8, 0x83, 0xC6, 0xF5, 0xFF, 0x13, 0x03, /* 25792 ~ 25807 */
    0xF6, 0xFF, 0xA3, 0x8F, 0xD7, 0xFE, 0xA5, 0xCA, 0x3E, 0x87, 0x1A, 0x86, 0x85, 0x05, 0x93, 0x07, /* 25808 ~ 25823 */
    0x17, 0x00, 0x65, 0xF6, 0x82, 0x80, 0x71, 0x11, 0xB7, 0x02, 0xFF, 0xFE, 0x37, 0x83, 0x80, 0x80, /* 25824 ~ 25839 */
    0x22, 0xC0, 0x2A, 0x87, 0x93, 0x82, 0xF2, 0xEF, 0x13, 0x03, 0x03, 0x08, 0x8D, 0x43, 0x39, 0xA0, /* 25840 ~ 25855 */
    0x14, 0xC3, 0x71, 0x16, 0x11, 0x07, 0x91, 0x05, 0x63, 0xF8, 0xC3, 0x02, 0x94, 0x41, 0xB3, 0x87, /* 25856 ~ 25871 */
    0x56, 0x00, 0x13, 0xC4, 0xF6, 0xFF, 0xE1, 0x8F, 0xB3, 0xF7, 0x67, 0x00, 0xF5, 0xD3, 0x85, 0x05, /* 25872 ~ 25887 */
    0x93, 0x07, 0x17, 0x00, 0x11, 0xCE, 0x83, 0xC6, 0xF5, 0xFF, 0x13, 0x03, 0xF6, 0xFF, 0xA3, 0x8F, /* 25888 ~ 25903 */
    0xD7, 0xFE, 0x9D, 0xC2, 0x3E, 0x87, 0x1A, 0x86, 0x85, 0x05, 0x93, 0x07, 0x17, 0x00, 0x65, 0xF6, /* 25904 ~ 25919 */
    0x02, 0x44, 0x11, 0x01, 0x82, 0x80, 0x32, 0x97, 0x63, 0x03, 0x03, 0x02, 0x85, 0x07, 0xA3, 0x8F, /* 25920 ~ 25935 */
    0x07, 0xFE, 0xE3, 0x9D, 0xE7, 0xFE, 0x82, 0x80, 0x32, 0x97, 0xE3, 0x03, 0x03, 0xFE, 0x85, 0x07, /* 25936 ~ 25951 */
    0xA3, 0x8F, 0x07, 0xFE, 0xE3, 0x9D, 0xE7, 0xFE, 0x02, 0x44, 0x11, 0x01, 0x82, 0x80, 0x82, 0x80, /* 25952 ~ 25967 */
    0xB3, 0xC7, 0xA5, 0x00, 0x8D, 0x8B, 0xB3, 0x06, 0xC5, 0x00, 0xA9, 0xE7, 0x8D, 0x47, 0x63, 0xF3, /* 25968 ~ 25983 */
    0xC7, 0x04, 0x13, 0x77, 0x35, 0x00, 0xAA, 0x87, 0x31, 0xEB, 0x13, 0xF7, 0xC6, 0xFF, 0x33, 0x03, /* 25984 ~ 25999 */
    0xF7, 0x40, 0x13, 0x06, 0x00, 0x02, 0x63, 0x47, 0x66, 0x06, 0x2E, 0x83, 0x3E, 0x86, 0x63, 0xF0, /* 26000 ~ 26015 */
    0xE7, 0x02, 0x83, 0x22, 0x03, 0x00, 0x11, 0x06, 0x11, 0x03, 0x23, 0x2E, 0x56, 0xFE, 0xE3, 0x6A, /* 26016 ~ 26031 */
    0xE6, 0xFE, 0x7D, 0x17, 0x1D, 0x8F, 0x71, 0x9B, 0x11, 0x07, 0xBA, 0x97, 0xBA, 0x95, 0x63, 0xE6, /* 26032 ~ 26047 */
    0xD7, 0x00, 0x82, 0x80, 0xAA, 0x87, 0x63, 0x7E, 0xD5, 0x02, 0x03, 0xC7, 0x05, 0x00, 0x85, 0x07, /* 26048 ~ 26063 */
    0x85, 0x05, 0xA3, 0x8F, 0xE7, 0xFE, 0xE3, 0x9A, 0xF6, 0xFE, 0x82, 0x80, 0x03, 0xC6, 0x05, 0x00, /* 26064 ~ 26079 */
    0x85, 0x07, 0x13, 0xF7, 0x37, 0x00, 0xA3, 0x8F, 0xC7, 0xFE, 0x85, 0x05, 0x59, 0xDF, 0x03, 0xC6, /* 26080 ~ 26095 */
    0x05, 0x00, 0x85, 0x07, 0x13, 0xF7, 0x37, 0x00, 0xA3, 0x8F, 0xC7, 0xFE, 0x85, 0x05, 0x79, 0xFF, /* 26096 ~ 26111 */
    0x69, 0xB7, 0x82, 0x80, 0x61, 0x11, 0x22, 0xC2, 0x26, 0xC0, 0x13, 0x04, 0x00, 0x02, 0x84, 0x41, /* 26112 ~ 26127 */
    0x83, 0xA3, 0x45, 0x00, 0x83, 0xA2, 0x85, 0x00, 0x84, 0xC3, 0x84, 0x49, 0x03, 0xA3, 0xC5, 0x00, /* 26128 ~ 26143 */
    0x93, 0x87, 0x47, 0x02, 0x23, 0xA6, 0x97, 0xFE, 0xC4, 0x49, 0x33, 0x06, 0xF7, 0x40, 0x23, 0xA0, /* 26144 ~ 26159 */
    0x77, 0xFE, 0x23, 0xA8, 0x97, 0xFE, 0x84, 0x4D, 0x23, 0xA2, 0x57, 0xFE, 0x23, 0xA4, 0x67, 0xFE, /* 26160 ~ 26175 */
    0x23, 0xAA, 0x97, 0xFE, 0xC4, 0x4D, 0x93, 0x85, 0x45, 0x02, 0x23, 0xAC, 0x97, 0xFE, 0x83, 0xA4, /* 26176 ~ 26191 */
    0xC5, 0xFF, 0x23, 0xAE, 0x97, 0xFE, 0xE3, 0x4C, 0xC4, 0xFA, 0x2E, 0x83, 0x3E, 0x86, 0x63, 0xF0, /* 26192 ~ 26207 */
    0xE7, 0x02, 0x83, 0x22, 0x03, 0x00, 0x11, 0x06, 0x11, 0x03, 0x23, 0x2E, 0x56, 0xFE, 0xE3, 0x6A, /* 26208 ~ 26223 */
    0xE6, 0xFE, 0x7D, 0x17, 0x1D, 0x8F, 0x71, 0x9B, 0x11, 0x07, 0xBA, 0x97, 0xBA, 0x95, 0x63, 0xE6, /* 26224 ~ 26239 */
    0xD7, 0x00, 0x12, 0x44, 0x82, 0x44, 0x21, 0x01, 0x82, 0x80, 0x03, 0xC7, 0x05, 0x00, 0x85, 0x07, /* 26240 ~ 26255 */
    0x85, 0x05, 0xA3, 0x8F, 0xE7, 0xFE, 0xE3, 0x86, 0xF6, 0xFE, 0x03, 0xC7, 0x05, 0x00, 0x85, 0x07, /* 26256 ~ 26271 */
    0x85, 0x05, 0xA3, 0x8F, 0xE7, 0xFE, 0xE3, 0x92, 0xF6, 0xFE, 0xE1, 0xBF, 0x17, 0x45, 0xFA, 0x7F, /* 26272 ~ 26287 */
    0x03, 0x45, 0x45, 0xEE, 0x82, 0x80, 0x8D, 0x47, 0x63, 0xE5, 0xA7, 0x00, 0x23, 0xA0, 0x05, 0x00, /* 26288 ~ 26303 */
    0x82, 0x80, 0x51, 0x11, 0x17, 0x75, 0xF9, 0x81, 0x13, 0x05, 0x45, 0xA5, 0x13, 0x06, 0x90, 0x2A, /* 26304 ~ 26319 */
    0x97, 0x75, 0xF9, 0x81, 0x93, 0x85, 0xC5, 0xA0, 0x06, 0xC4, 0xEF, 0xF0, 0xBF, 0x96, 0xA2, 0x40, /* 26320 ~ 26335 */
    0x37, 0xC5, 0xAD, 0xDE, 0x13, 0x05, 0xF5, 0xEE, 0x31, 0x01, 0x82, 0x80, 0x1C, 0x41, 0x18, 0x49, /* 26336 ~ 26351 */
    0x14, 0x41, 0xB3, 0xB7, 0xE7, 0x00, 0x58, 0x45, 0x93, 0xB7, 0x17, 0x00, 0x63, 0xF4, 0xE6, 0x00, /* 26352 ~ 26367 */
    0x93, 0xE7, 0x27, 0x00, 0x54, 0x41, 0x18, 0x49, 0x63, 0xE4, 0xE6, 0x00, 0x93, 0xE7, 0x47, 0x00, /* 26368 ~ 26383 */
    0x54, 0x41, 0x58, 0x45, 0x63, 0xF4, 0xE6, 0x00, 0x93, 0xE7, 0x87, 0x00, 0x14, 0x41, 0x58, 0x41, /* 26384 ~ 26399 */
    0x63, 0x91, 0xE6, 0x08, 0x58, 0x49, 0x19, 0xC7, 0x54, 0x49, 0x18, 0x45, 0x63, 0x84, 0xE6, 0x00, /* 26400 ~ 26415 */
    0x93, 0xE7, 0x07, 0x01, 0x54, 0x4D, 0x58, 0x55, 0x63, 0xE4, 0xE6, 0x00, 0x93, 0xE7, 0x07, 0x08, /* 26416 ~ 26431 */
    0x54, 0x4D, 0x18, 0x55, 0x63, 0xF4, 0xE6, 0x00, 0x93, 0xE7, 0x07, 0x10, 0x14, 0x51, 0x58, 0x55, /* 26432 ~ 26447 */
    0x63, 0xE4, 0xE6, 0x00, 0x93, 0xE7, 0x07, 0x20, 0x14, 0x51, 0x18, 0x55, 0x63, 0xF4, 0xE6, 0x00, /* 26448 ~ 26463 */
    0x93, 0xE7, 0x07, 0x40, 0x50, 0x4D, 0x18, 0x51, 0x97, 0x16, 0x00, 0x00, 0x93, 0x86, 0x86, 0xBE, /* 26464 ~ 26479 */
    0x63, 0x14, 0xE6, 0x06, 0x18, 0x5D, 0x51, 0xCF, 0x10, 0x5D, 0x58, 0x51, 0x63, 0x0B, 0xE6, 0x08, /* 26480 ~ 26495 */
    0x05, 0x67, 0x13, 0x07, 0x07, 0x80, 0x5D, 0x8F, 0x98, 0xC2, 0x13, 0x06, 0x60, 0x1B, 0x97, 0x75, /* 26496 ~ 26511 */
    0xF9, 0x81, 0x93, 0x85, 0xE5, 0x9C, 0x17, 0x75, 0xF9, 0x81, 0x13, 0x05, 0x25, 0xA0, 0x6F, 0xF0, /* 26512 ~ 26527 */
    0x7F, 0x8A, 0x14, 0x41, 0x58, 0x41, 0x63, 0xFB, 0xE6, 0x00, 0x54, 0x49, 0x58, 0x41, 0x10, 0x41, /* 26528 ~ 26543 */
    0x11, 0x8F, 0xE3, 0x81, 0xE6, 0xF8, 0x93, 0xE7, 0x07, 0x02, 0xAD, 0xBF, 0x18, 0x49, 0x0C, 0x41, /* 26544 ~ 26559 */
    0x03, 0x23, 0x45, 0x00, 0x50, 0x45, 0x54, 0x49, 0x1A, 0x97, 0x0D, 0x8F, 0x11, 0x8F, 0xE3, 0x83, /* 26560 ~ 26575 */
    0xE6, 0xF6, 0x93, 0xE7, 0x07, 0x04, 0xB9, 0xBF, 0x50, 0x4D, 0x18, 0x51, 0x63, 0x7C, 0xE6, 0x00, /* 26576 ~ 26591 */
    0x10, 0x5D, 0x18, 0x51, 0x4C, 0x4D, 0x0D, 0x8F, 0x63, 0x05, 0xE6, 0x02, 0x05, 0x67, 0xD9, 0x8F, /* 26592 ~ 26607 */
    0x9C, 0xC2, 0x61, 0xBF, 0x58, 0x55, 0x03, 0x23, 0xC5, 0x01, 0x83, 0x22, 0x05, 0x02, 0x0C, 0x55, /* 26608 ~ 26623 */
    0x10, 0x5D, 0x16, 0x97, 0x33, 0x07, 0x67, 0x40, 0x0D, 0x8F, 0x63, 0x04, 0xE6, 0x00, 0x09, 0x67, /* 26624 ~ 26639 */
    0xF9, 0xBF, 0x9C, 0xC2, 0xBD, 0xFB, 0x82, 0x80, 0x91, 0xC5, 0x1C, 0x41, 0x58, 0x45, 0x33, 0x85, /* 26640 ~ 26655 */
    0xE7, 0x40, 0x82, 0x80, 0x5C, 0x4D, 0x18, 0x55, 0xDD, 0xBF, 0x91, 0xC5, 0x5C, 0x41, 0x58, 0x45, /* 26656 ~ 26671 */
    0x33, 0x85, 0xE7, 0x40, 0x82, 0x80, 0x1C, 0x51, 0x18, 0x55, 0xDD, 0xBF, 0x1C, 0x51, 0x58, 0x55, /* 26672 ~ 26687 */
    0xAE, 0x97, 0x63, 0xEE, 0xE7, 0x00, 0x1C, 0x55, 0x14, 0x51, 0x58, 0x55, 0xB6, 0x97, 0xAE, 0x97, /* 26688 ~ 26703 */
    0x99, 0x8F, 0x1C, 0xD1, 0x1C, 0x5D, 0xAE, 0x97, 0x1C, 0xDD, 0x6F, 0xF0, 0x3F, 0xE9, 0x1C, 0x51, /* 26704 ~ 26719 */
    0xAE, 0x97, 0xC5, 0xBF, 0xA9, 0xCD, 0x5C, 0x4D, 0x58, 0x55, 0x51, 0x11, 0x22, 0xC2, 0x06, 0xC4, /* 26720 ~ 26735 */
    0xAE, 0x97, 0x2A, 0x84, 0x63, 0xE2, 0xE7, 0x04, 0x1C, 0x55, 0x54, 0x4D, 0x58, 0x55, 0xB6, 0x97, /* 26736 ~ 26751 */
    0xAE, 0x97, 0x99, 0x8F, 0x5C, 0xCC, 0x1C, 0x5C, 0x8D, 0x8F, 0x1C, 0xDC, 0x58, 0x4C, 0x5C, 0x54, /* 26752 ~ 26767 */
    0x63, 0x6E, 0xF7, 0x00, 0x13, 0x06, 0x50, 0x1E, 0x97, 0x75, 0xF9, 0x81, 0x93, 0x85, 0x45, 0x88, /* 26768 ~ 26783 */
    0x17, 0x75, 0xF9, 0x81, 0x13, 0x05, 0x85, 0x8B, 0xEF, 0xF0, 0xCF, 0xF9, 0x22, 0x85, 0x12, 0x44, /* 26784 ~ 26799 */
    0xA2, 0x40, 0x31, 0x01, 0x6F, 0xF0, 0x9F, 0xE3, 0x5C, 0x4D, 0xAE, 0x97, 0xE1, 0xB7, 0x82, 0x80, /* 26800 ~ 26815 */
    0x41, 0x11, 0x22, 0xC4, 0x06, 0xC6, 0x2E, 0xC0, 0x2A, 0x84, 0x11, 0xED, 0xEF, 0xF0, 0x1F, 0xDE, /* 26816 ~ 26831 */
    0x82, 0x45, 0x11, 0xC9, 0x22, 0x44, 0xB2, 0x40, 0x17, 0x15, 0x00, 0x00, 0x13, 0x05, 0x45, 0x06, /* 26832 ~ 26847 */
    0x41, 0x01, 0x6F, 0xF0, 0x7F, 0xF3, 0x0E, 0x04, 0x97, 0x17, 0x00, 0x00, 0x93, 0x87, 0x47, 0x8F, /* 26848 ~ 26863 */
    0xA2, 0x97, 0x9C, 0x43, 0xB2, 0x40, 0x22, 0x44, 0xD8, 0x4F, 0xC8, 0x53, 0x41, 0x01, 0x19, 0x8D, /* 26864 ~ 26879 */
    0x82, 0x80, 0x41, 0x11, 0x22, 0xC4, 0x06, 0xC6, 0x2E, 0xC0, 0x2A, 0x84, 0x11, 0xED, 0xEF, 0xF0, /* 26880 ~ 26895 */
    0xFF, 0xD9, 0x82, 0x45, 0x11, 0xC9, 0x22, 0x44, 0xB2, 0x40, 0x17, 0x15, 0x00, 0x00, 0x13, 0x05, /* 26896 ~ 26911 */
    0x25, 0x02, 0x41, 0x01, 0x6F, 0xF0, 0x7F, 0xF0, 0x0E, 0x04, 0x97, 0x17, 0x00, 0x00, 0x93, 0x87, /* 26912 ~ 26927 */
    0x27, 0x8B, 0xA2, 0x97, 0x9C, 0x43, 0xB2, 0x40, 0x22, 0x44, 0xD8, 0x4F, 0x88, 0x53, 0x41, 0x01, /* 26928 ~ 26943 */
    0x19, 0x8D, 0x82, 0x80, 0x17, 0x17, 0x00, 0x00, 0x13, 0x07, 0x07, 0x86, 0x2A, 0x97, 0x03, 0x47, /* 26944 ~ 26959 */
    0x07, 0x00, 0x31, 0x11, 0x22, 0xC6, 0x26, 0xC4, 0x06, 0xC8, 0x17, 0x14, 0x00, 0x00, 0x13, 0x04, /* 26960 ~ 26975 */
    0xE4, 0x02, 0x93, 0x14, 0x25, 0x00, 0x21, 0xCB, 0xAA, 0x87, 0x15, 0xED, 0x2E, 0xC2, 0x2A, 0xC0, /* 26976 ~ 26991 */
    0xEF, 0xF0, 0xDF, 0xD3, 0x82, 0x47, 0x92, 0x45, 0x1D, 0xC5, 0x17, 0x15, 0x00, 0x00, 0x13, 0x05, /* 26992 ~ 27007 */
    0x25, 0xFC, 0x2E, 0xC0, 0xEF, 0xF0, 0x9F, 0xEB, 0x82, 0x45, 0x17, 0x15, 0x00, 0x00, 0x13, 0x05, /* 27008 ~ 27023 */
    0x25, 0xFB, 0xEF, 0xF0, 0x3F, 0xED, 0xA2, 0x94, 0x23, 0xA0, 0x04, 0x00, 0xC2, 0x40, 0x32, 0x44, /* 27024 ~ 27039 */
    0xA2, 0x44, 0x51, 0x01, 0x82, 0x80, 0x13, 0x96, 0x05, 0x01, 0x41, 0x82, 0x81, 0x45, 0x3E, 0x85, /* 27040 ~ 27055 */
    0xEF, 0xF0, 0x0F, 0xB8, 0xCD, 0xB7, 0x26, 0x94, 0x0C, 0xC0, 0xCD, 0xB7, 0x51, 0x11, 0x22, 0xC2, /* 27056 ~ 27071 */
    0x06, 0xC4, 0x2A, 0x84, 0x01, 0xED, 0xEF, 0xF0, 0x7F, 0xCE, 0x09, 0xC9, 0x17, 0x15, 0x00, 0x00, /* 27072 ~ 27087 */
    0x03, 0x25, 0x85, 0x98, 0xA2, 0x40, 0x12, 0x44, 0x31, 0x01, 0x82, 0x80, 0x93, 0x17, 0x34, 0x00, /* 27088 ~ 27103 */
    0x81, 0x8F, 0x8E, 0x07, 0x17, 0x07, 0x00, 0x00, 0x03, 0x27, 0x47, 0x7C, 0xBA, 0x97, 0xC8, 0x4B, /* 27104 ~ 27119 */
    0xD5, 0xB7, 0x51, 0x11, 0x22, 0xC2, 0x06, 0xC4, 0x2A, 0x84, 0x01, 0xED, 0xEF, 0xF0, 0x1F, 0xCB, /* 27120 ~ 27135 */
    0x09, 0xC9, 0x17, 0x15, 0x00, 0x00, 0x03, 0x25, 0xE5, 0xF5, 0xA2, 0x40, 0x12, 0x44, 0x31, 0x01, /* 27136 ~ 27151 */
    0x82, 0x80, 0x93, 0x17, 0x34, 0x00, 0x81, 0x8F, 0x8E, 0x07, 0x17, 0x07, 0x00, 0x00, 0x03, 0x27, /* 27152 ~ 27167 */
    0xE7, 0x78, 0xBA, 0x97, 0x88, 0x47, 0xD5, 0xB7, 0x93, 0x77, 0xF5, 0x0F, 0x31, 0x11, 0x3E, 0x85, /* 27168 ~ 27183 */
    0x81, 0x45, 0x06, 0xC8, 0x3E, 0xC0, 0x22, 0xC6, 0x26, 0xC4, 0xEF, 0xF0, 0x7F, 0xE8, 0x2A, 0x84, /* 27184 ~ 27199 */
    0x02, 0x45, 0x81, 0x45, 0xEF, 0xF0, 0xFF, 0xEB, 0x2A, 0xC2, 0x02, 0x45, 0xEF, 0xF0, 0x1F, 0xF7, /* 27200 ~ 27215 */
    0xAA, 0x84, 0x02, 0x45, 0xEF, 0xF0, 0xFF, 0xF9, 0x12, 0x47, 0xAA, 0x86, 0x33, 0x05, 0x94, 0x40, /* 27216 ~ 27231 */
    0x63, 0x67, 0x87, 0x00, 0x63, 0xE5, 0xE4, 0x00, 0x36, 0x94, 0x33, 0x05, 0x94, 0x40, 0x91, 0x47, /* 27232 ~ 27247 */
    0x63, 0x73, 0xF5, 0x00, 0x11, 0x45, 0xC2, 0x40, 0x32, 0x44, 0xA2, 0x44, 0x71, 0x15, 0x51, 0x01, /* 27248 ~ 27263 */
    0x82, 0x80, 0x11, 0x11, 0x97, 0x02, 0x00, 0x00, 0x93, 0x82, 0x42, 0x72, 0x26, 0xC8, 0x13, 0x17, /* 27264 ~ 27279 */
    0x35, 0x00, 0xB6, 0x84, 0x83, 0xA6, 0x02, 0x00, 0x09, 0x8F, 0x0E, 0x07, 0xBA, 0x96, 0xDC, 0x42, /* 27280 ~ 27295 */
    0x94, 0x46, 0x22, 0xCA, 0x06, 0xCC, 0xB6, 0x97, 0x2E, 0xC6, 0x3A, 0xC0, 0xB3, 0x86, 0xC7, 0x40, /* 27296 ~ 27311 */
    0x3E, 0xC4, 0x32, 0x84, 0x63, 0xEA, 0xD4, 0x04, 0x36, 0x86, 0x22, 0x85, 0x36, 0xC2, 0xEF, 0xF0, /* 27312 ~ 27327 */
    0x3F, 0xAB, 0x97, 0x02, 0x00, 0x00, 0x93, 0x82, 0x62, 0x6E, 0x03, 0xA6, 0x02, 0x00, 0x02, 0x47, /* 27328 ~ 27343 */
    0xA2, 0x47, 0x92, 0x46, 0x3A, 0x96, 0x32, 0x43, 0x48, 0x42, 0x1D, 0x8C, 0x33, 0x86, 0x84, 0x00, /* 27344 ~ 27359 */
    0xB3, 0x05, 0xD3, 0x00, 0xEF, 0xF0, 0xDF, 0xA8, 0x97, 0x02, 0x00, 0x00, 0x93, 0x82, 0x02, 0x6C, /* 27360 ~ 27375 */
    0x83, 0xA7, 0x02, 0x00, 0x02, 0x47, 0xBA, 0x97, 0xC8, 0x43, 0x26, 0x95, 0x22, 0x95, 0xE2, 0x40, /* 27376 ~ 27391 */
    0x52, 0x44, 0xC2, 0x44, 0x71, 0x01, 0x82, 0x80, 0x26, 0x86, 0x22, 0x85, 0xEF, 0xF0, 0x5F, 0xA6, /* 27392 ~ 27407 */
    0x33, 0x05, 0x94, 0x00, 0xED, 0xB7, 0x11, 0x11, 0xA9, 0x47, 0x6C, 0x00, 0x3E, 0xC6, 0x06, 0xCC, /* 27408 ~ 27423 */
    0x22, 0xCA, 0x26, 0xC8, 0x2A, 0x84, 0x02, 0xC4, 0xEF, 0xF0, 0xFF, 0xB8, 0xAA, 0x84, 0x2C, 0x00, /* 27424 ~ 27439 */
    0x25, 0x45, 0xEF, 0xF0, 0xEF, 0xC6, 0x13, 0x17, 0x34, 0x00, 0x01, 0x8F, 0x0E, 0x07, 0x97, 0x07, /* 27440 ~ 27455 */
    0x00, 0x00, 0x83, 0xA7, 0xA7, 0x66, 0xBA, 0x97, 0x98, 0x4F, 0x7D, 0x17, 0x98, 0xCF, 0x9C, 0x4F, /* 27456 ~ 27471 */
    0x95, 0xEF, 0x93, 0xF7, 0xF4, 0x0F, 0x81, 0x45, 0x3E, 0x85, 0x3E, 0xC0, 0xEF, 0xF0, 0x7F, 0xDA, /* 27472 ~ 27487 */
    0x93, 0x77, 0xF4, 0x0F, 0xAA, 0x84, 0x3E, 0x85, 0x3E, 0xC2, 0xEF, 0xF0, 0x3F, 0xE5, 0x2A, 0x84, /* 27488 ~ 27503 */
    0x12, 0x45, 0xEF, 0xF0, 0x1F, 0xE8, 0xB3, 0x05, 0x94, 0x40, 0x63, 0x76, 0x94, 0x00, 0xB3, 0x07, /* 27504 ~ 27519 */
    0xA4, 0x00, 0xB3, 0x85, 0x97, 0x40, 0x02, 0x45, 0xEF, 0xF0, 0xDF, 0xDB, 0xA2, 0x45, 0x25, 0x45, /* 27520 ~ 27535 */
    0xEF, 0xF0, 0x8F, 0xC2, 0xE2, 0x40, 0x52, 0x44, 0xC2, 0x44, 0x71, 0x01, 0x82, 0x80, 0x41, 0x11, /* 27536 ~ 27551 */
    0x22, 0xC4, 0x26, 0xC2, 0x2E, 0x84, 0xAA, 0x84, 0x8A, 0x85, 0x25, 0x45, 0x06, 0xC6, 0x02, 0xC0, /* 27552 ~ 27567 */
    0xEF, 0xF0, 0x0F, 0xBF, 0x26, 0x85, 0xEF, 0xF0, 0x3F, 0xE7, 0x82, 0x45, 0x63, 0x7C, 0x85, 0x00, /* 27568 ~ 27583 */
    0x25, 0x45, 0xEF, 0xF0, 0x6F, 0xBF, 0x01, 0x44, 0xB2, 0x40, 0x22, 0x85, 0x22, 0x44, 0x92, 0x44, /* 27584 ~ 27599 */
    0x41, 0x01, 0x82, 0x80, 0x13, 0x95, 0x34, 0x00, 0x05, 0x8D, 0x0E, 0x05, 0x97, 0x07, 0x00, 0x00, /* 27600 ~ 27615 */
    0x83, 0xA7, 0xC7, 0x5C, 0xAA, 0x97, 0xD4, 0x4B, 0x90, 0x47, 0x33, 0x07, 0xD4, 0x00, 0x63, 0x63, /* 27616 ~ 27631 */
    0xC7, 0x00, 0x11, 0x8F, 0xD8, 0xCB, 0x98, 0x4F, 0x25, 0x45, 0x05, 0x07, 0x98, 0xCF, 0xC0, 0x43, /* 27632 ~ 27647 */
    0x36, 0x94, 0xEF, 0xF0, 0x6F, 0xBB, 0xC9, 0xB7, 0x11, 0x11, 0x13, 0x77, 0xF5, 0x0F, 0x22, 0xCA, /* 27648 ~ 27663 */
    0x06, 0xCC, 0x26, 0xC8, 0x3A, 0xC0, 0x23, 0xA0, 0x06, 0x00, 0x36, 0x84, 0x82, 0x46, 0x0E, 0x07, /* 27664 ~ 27679 */
    0x32, 0xC2, 0x15, 0x8F, 0x0E, 0x07, 0x97, 0x06, 0x00, 0x00, 0x83, 0xA6, 0x26, 0x58, 0x36, 0x97, /* 27680 ~ 27695 */
    0x03, 0x46, 0x47, 0x03, 0x85, 0x46, 0x05, 0x45, 0x63, 0x16, 0xD6, 0x04, 0xAE, 0x87, 0x13, 0x86, /* 27696 ~ 27711 */
    0x45, 0x00, 0x81, 0x44, 0x81, 0x46, 0x92, 0x45, 0x63, 0x96, 0xB6, 0x02, 0x18, 0x47, 0x05, 0xC3, /* 27712 ~ 27727 */
    0x02, 0x45, 0xA6, 0x85, 0x3E, 0xC4, 0xEF, 0xF0, 0x9F, 0xF4, 0x2A, 0x86, 0x0D, 0xC1, 0xA2, 0x47, /* 27728 ~ 27743 */
    0x01, 0x47, 0x92, 0x46, 0x63, 0x15, 0xD7, 0x02, 0x02, 0x45, 0xEF, 0xF0, 0xDF, 0xEA, 0x04, 0xC0, /* 27744 ~ 27759 */
    0x01, 0x45, 0x09, 0xA8, 0x0C, 0x42, 0x85, 0x06, 0x21, 0x06, 0xAE, 0x94, 0xE9, 0xB7, 0x23, 0x20, /* 27760 ~ 27775 */
    0x04, 0x00, 0x35, 0x45, 0xE2, 0x40, 0x52, 0x44, 0xC2, 0x44, 0x71, 0x01, 0x82, 0x80, 0xD4, 0x43, /* 27776 ~ 27791 */
    0x8C, 0x43, 0x02, 0x45, 0x3A, 0xC6, 0x3E, 0xC4, 0xEF, 0xF0, 0xBF, 0xDE, 0x32, 0x47, 0xA2, 0x47, /* 27792 ~ 27807 */
    0x2A, 0x86, 0x05, 0x07, 0xA1, 0x07, 0x75, 0xBF, 0x21, 0x11, 0x22, 0xC8, 0x26, 0xC6, 0x06, 0xCA, /* 27808 ~ 27823 */
    0x97, 0x07, 0x00, 0x00, 0x93, 0x87, 0x07, 0x4B, 0x2E, 0x84, 0xB2, 0x84, 0x63, 0xF8, 0xF5, 0x00, /* 27824 ~ 27839 */
    0x97, 0x07, 0x00, 0x00, 0x93, 0x87, 0x47, 0x3A, 0x63, 0xF9, 0xF5, 0x02, 0x58, 0x40, 0x85, 0x47, /* 27840 ~ 27855 */
    0x01, 0x45, 0x63, 0x0F, 0xF7, 0x00, 0x97, 0x07, 0x00, 0x00, 0x83, 0xA7, 0x27, 0x68, 0x83, 0xC7, /* 27856 ~ 27871 */
    0x97, 0x02, 0x63, 0xE7, 0xF4, 0x00, 0x08, 0x44, 0x33, 0xB5, 0xA4, 0x00, 0x13, 0x45, 0x15, 0x00, /* 27872 ~ 27887 */
    0xD2, 0x40, 0x42, 0x44, 0xB2, 0x44, 0x61, 0x01, 0x82, 0x80, 0x97, 0x06, 0x00, 0x00, 0x83, 0xA6, /* 27888 ~ 27903 */
    0xE6, 0x65, 0x03, 0xA7, 0x46, 0x12, 0x05, 0x45, 0x36, 0xC4, 0x3A, 0xC2, 0xEF, 0xF0, 0xCF, 0xC2, /* 27904 ~ 27919 */
    0x12, 0x47, 0x2A, 0xC0, 0xF1, 0x45, 0x33, 0x05, 0xE4, 0x40, 0xEF, 0x90, 0x6F, 0xDD, 0x82, 0x47, /* 27920 ~ 27935 */
    0x05, 0x46, 0xAA, 0x97, 0x03, 0xC7, 0x07, 0x00, 0x01, 0x45, 0x11, 0x83, 0xE3, 0x02, 0xC7, 0xFC, /* 27936 ~ 27951 */
    0xA2, 0x46, 0x03, 0xC7, 0x96, 0x02, 0xE3, 0xED, 0xE4, 0xFA, 0x03, 0xC5, 0x07, 0x00, 0x3D, 0x89, /* 27952 ~ 27967 */
    0x65, 0xB7, 0x97, 0x07, 0x00, 0x00, 0x83, 0xA7, 0x67, 0x61, 0x91, 0xCF, 0xD8, 0x43, 0x01, 0xCF, /* 27968 ~ 27983 */
    0xD4, 0x43, 0x0D, 0x47, 0x63, 0x89, 0xE6, 0x00, 0xD4, 0x43, 0x09, 0x47, 0x85, 0x47, 0x63, 0x95, /* 27984 ~ 27999 */
    0xE6, 0x00, 0x6F, 0xF0, 0x7F, 0xF4, 0x81, 0x47, 0x3E, 0x85, 0x82, 0x80, 0x02, 0x04, 0x08, 0x10, /* 28000 ~ 28015 */
    0x20, 0x40, 0x80, 0x00, 0x01, 0x02, 0x04, 0x08, 0x10, 0x20, 0x40, 0x80, 0x1B, 0x00, 0x00, 0x00, /* 28016 ~ 28031 */
    0x12, 0x00, 0x00, 0x00, 0x00, 0x00, 0x1F, 0x42, 0x00, 0x00, 0x20, 0x42, 0x00, 0x01, 0x00, 0x00, /* 28032 ~ 28047 */
    0xF0, 0x00, 0x00, 0x00, 0xF0, 0x00, 0x00, 0x00, 0x10, 0x01, 0x00, 0x00, 0xF0, 0x00, 0x00, 0x00, /* 28048 ~ 28063 */
    0xF0, 0x00, 0x00, 0x00, 0xF0, 0x00, 0x00, 0x00, 0x10, 0x01, 0x00, 0x00, 0xF0, 0x00, 0x00, 0x00, /* 28064 ~ 28079 */
    0x04, 0x01, 0x00, 0x00, 0xF0, 0x00, 0x00, 0x00, 0x04, 0x01, 0x00, 0x00, 0xF0, 0x00, 0x00, 0x00, /* 28080 ~ 28095 */
    0x04, 0x01, 0x00, 0x00, 0xF0, 0x00, 0x00, 0x00, 0x04, 0x01, 0x00, 0x00, 0xDC, 0x96, 0xFF, 0xFF, /* 28096 ~ 28111 */
    0xC6, 0x97, 0xFF, 0xFF, 0xEE, 0x97, 0xFF, 0xFF, 0xDE, 0x97, 0xFF, 0xFF, 0x4C, 0x97, 0xFF, 0xFF, /* 28112 ~ 28127 */
    0xFE, 0x97, 0xFF, 0xFF, 0x4C, 0x97, 0xFF, 0xFF, 0x4C, 0x97, 0xFF, 0xFF, 0x4C, 0x97, 0xFF, 0xFF, /* 28128 ~ 28143 */
    0x16, 0x98, 0xFF, 0xFF, 0x22, 0x98, 0xFF, 0xFF, 0x4A, 0x98, 0xFF, 0xFF, 0x40, 0x98, 0xFF, 0xFF, /* 28144 ~ 28159 */
    0x58, 0x97, 0xFF, 0xFF, 0x5E, 0x97, 0xFF, 0xFF, 0x0A, 0x97, 0xFF, 0xFF, 0x0A, 0x97, 0xFF, 0xFF, /* 28160 ~ 28175 */
    0x0A, 0x97, 0xFF, 0xFF, 0x0A, 0x97, 0xFF, 0xFF, 0x0A, 0x97, 0xFF, 0xFF, 0x0A, 0x97, 0xFF, 0xFF, /* 28176 ~ 28191 */
    0x6A, 0x97, 0xFF, 0xFF, 0x0A, 0x97, 0xFF, 0xFF, 0x0A, 0x97, 0xFF, 0xFF, 0x0A, 0x97, 0xFF, 0xFF, /* 28192 ~ 28207 */
    0x0A, 0x97, 0xFF, 0xFF, 0x0A, 0x97, 0xFF, 0xFF, 0x42, 0x97, 0xFF, 0xFF, 0x42, 0x97, 0xFF, 0xFF, /* 28208 ~ 28223 */
    0x42, 0x97, 0xFF, 0xFF, 0x70, 0x97, 0xFF, 0xFF, 0x72, 0x69, 0x73, 0x63, 0x76, 0x5F, 0x70, 0x73, /* 28224 ~ 28239 */
    0x00, 0x00, 0x00, 0x00, 0x72, 0x69, 0x73, 0x63, 0x76, 0x5F, 0x70, 0x6B, 0x61, 0x00, 0x00, 0x00, /* 28240 ~ 28255 */
    0x63, 0x6F, 0x6D, 0x70, 0x5F, 0x77, 0x68, 0x65, 0x65, 0x6C, 0x00, 0x00, 0x63, 0x6F, 0x6D, 0x6D, /* 28256 ~ 28271 */
    0x6F, 0x6E, 0x00, 0x00, 0x72, 0x76, 0x5F, 0x65, 0x78, 0x70, 0x00, 0x00, 0x6B, 0x72, 0x5F, 0x66, /* 28272 ~ 28287 */
    0x72, 0x6F, 0x6E, 0x74, 0x65, 0x6E, 0x64, 0x00, 0x6B, 0x72, 0x5F, 0x62, 0x61, 0x63, 0x6B, 0x65, /* 28288 ~ 28303 */
    0x6E, 0x64, 0x00, 0x00, 0x6B, 0x72, 0x5F, 0x71, 0x00, 0x00, 0x00, 0x00, 0x47, 0x50, 0x54, 0x30, /* 28304 ~ 28319 */
    0x00, 0x00, 0x00, 0x00, 0x47, 0x50, 0x54, 0x31, 0x00, 0x00, 0x00, 0x00, 0x47, 0x50, 0x54, 0x32, /* 28320 ~ 28335 */
    0x00, 0x00, 0x00, 0x00, 0x47, 0x50, 0x54, 0x33, 0x00, 0x00, 0x00, 0x00, 0x47, 0x50, 0x54, 0x34, /* 28336 ~ 28351 */
    0x00, 0x00, 0x00, 0x00, 0x47, 0x50, 0x54, 0x35, 0x00, 0x00, 0x00, 0x00, 0x47, 0x50, 0x54, 0x36, /* 28352 ~ 28367 */
    0x00, 0x00, 0x00, 0x00, 0x73, 0x79, 0x73, 0x74, 0x65, 0x6D, 0x5F, 0x6F, 0x6E, 0x6C, 0x69, 0x6E, /* 28368 ~ 28383 */
    0x65, 0x5F, 0x64, 0x73, 0x70, 0x00, 0x00, 0x00, 0xB6, 0x64, 0x06, 0x84, 0xBA, 0x64, 0x06, 0x84, /* 28384 ~ 28399 */
    0xBC, 0x64, 0x06, 0x84, 0x72, 0x44, 0x06, 0x84, 0xBE, 0x64, 0x06, 0x84, 0xC0, 0x64, 0x06, 0x84, /* 28400 ~ 28415 */
    0xC2, 0x64, 0x06, 0x84, 0xC4, 0x64, 0x06, 0x84, 0xC6, 0x64, 0x06, 0x84, 0xC8, 0x64, 0x06, 0x84, /* 28416 ~ 28431 */
    0xCA, 0x64, 0x06, 0x84, 0xCC, 0x64, 0x06, 0x84, 0xCE, 0x64, 0x06, 0x84, 0xD0, 0x64, 0x06, 0x84, /* 28432 ~ 28447 */
    0xD2, 0x64, 0x06, 0x84, 0xFA, 0x9F, 0x06, 0x84, 0x1A, 0x9F, 0x06, 0x84, 0xD4, 0x64, 0x06, 0x84, /* 28448 ~ 28463 */
    0xD6, 0x64, 0x06, 0x84, 0xD8, 0x64, 0x06, 0x84, 0x5A, 0x9D, 0x06, 0x84, 0xDA, 0x64, 0x06, 0x84, /* 28464 ~ 28479 */
    0xDC, 0x64, 0x06, 0x84, 0xDE, 0x64, 0x06, 0x84, 0xE0, 0x64, 0x06, 0x84, 0xE2, 0x64, 0x06, 0x84, /* 28480 ~ 28495 */
    0xE4, 0x64, 0x06, 0x84, 0xE6, 0x64, 0x06, 0x84, 0xE8, 0x64, 0x06, 0x84, 0xEA, 0x64, 0x06, 0x84, /* 28496 ~ 28511 */
    0xEC, 0x64, 0x06, 0x84, 0xB8, 0x64, 0x06, 0x84, 0xCE, 0xCA, 0xFF, 0xFF, 0x2E, 0xCB, 0xFF, 0xFF, /* 28512 ~ 28527 */
    0x0C, 0xCB, 0xFF, 0xFF, 0x0C, 0xCB, 0xFF, 0xFF, 0x18, 0xCB, 0xFF, 0xFF, 0x0C, 0xCB, 0xFF, 0xFF, /* 28528 ~ 28543 */
    0x0C, 0xCB, 0xFF, 0xFF, 0x0C, 0xCB, 0xFF, 0xFF, 0x28, 0xCB, 0xFF, 0xFF, 0x20, 0xCB, 0xFF, 0xFF, /* 28544 ~ 28559 */
    0xCA, 0xCD, 0xFF, 0xFF, 0x00, 0xCE, 0xFF, 0xFF, 0xDC, 0xCD, 0xFF, 0xFF, 0xDC, 0xCD, 0xFF, 0xFF, /* 28560 ~ 28575 */
    0xE8, 0xCD, 0xFF, 0xFF, 0xDC, 0xCD, 0xFF, 0xFF, 0xDC, 0xCD, 0xFF, 0xFF, 0xDC, 0xCD, 0xFF, 0xFF, /* 28576 ~ 28591 */
    0xF8, 0xCD, 0xFF, 0xFF, 0xF0, 0xCD, 0xFF, 0xFF, 0x8C, 0xD9, 0xFF, 0xFF, 0xA2, 0xD9, 0xFF, 0xFF, /* 28592 ~ 28607 */
    0x7E, 0xDA, 0xFF, 0xFF, 0x94, 0xDA, 0xFF, 0xFF, 0xAA, 0xDA, 0xFF, 0xFF, 0xAA, 0xDA, 0xFF, 0xFF, /* 28608 ~ 28623 */
    0xBA, 0xDB, 0xFF, 0xFF, 0xCE, 0xDB, 0xFF, 0xFF, 0x24, 0xDC, 0xFF, 0xFF, 0x3A, 0xDC, 0xFF, 0xFF, /* 28624 ~ 28639 */
    0xC4, 0xDB, 0xFF, 0xFF, 0x46, 0xDD, 0xFF, 0xFF, 0x58, 0xDD, 0xFF, 0xFF, 0x70, 0xDD, 0xFF, 0xFF, /* 28640 ~ 28655 */
    0x82, 0xDD, 0xFF, 0xFF, 0x92, 0xDD, 0xFF, 0xFF, 0x01, 0x00, 0x00, 0x00, 0x02, 0x00, 0x00, 0x00, /* 28656 ~ 28671 */
    0x04, 0x00, 0x00, 0x00, 0x10, 0x00, 0x00, 0x00, 0x08, 0x00, 0x00, 0x00, 0x20, 0x00, 0x00, 0x00, /* 28672 ~ 28687 */
    0x40, 0x00, 0x00, 0x00, 0x80, 0x00, 0x00, 0x00, 0x00, 0x00, 0x00, 0x00, 0x02, 0x00, 0x00, 0x00, /* 28688 ~ 28703 */
    0x04, 0x00, 0x00, 0x00, 0x01, 0x00, 0x00, 0x00, 0x03, 0x00, 0x00, 0x00, 0x05, 0x00, 0x00, 0x00, /* 28704 ~ 28719 */
    0x56, 0x65, 0x72, 0x73, 0x69, 0x6F, 0x6E, 0x3A, 0x20, 0x76, 0x30, 0x2E, 0x30, 0x2E, 0x31, 0x00, /* 28720 ~ 28735 */
    0x42, 0x75, 0x69, 0x6C, 0x64, 0x54, 0x69, 0x6D, 0x65, 0x3A, 0x20, 0x32, 0x30, 0x32, 0x35, 0x2F, /* 28736 ~ 28751 */
    0x30, 0x34, 0x2F, 0x32, 0x34, 0x20, 0x31, 0x30, 0x3A, 0x33, 0x32, 0x3A, 0x32, 0x38, 0x20, 0x55, /* 28752 ~ 28767 */
    0x54, 0x43, 0x00, 0x00, 0x6C, 0xAE, 0x06, 0x84, 0x00, 0x00, 0x00, 0x00, 0x01, 0x00, 0x00, 0x00, /* 28768 ~ 28783 */
    0x00, 0x00, 0x00, 0x00, 0x00, 0x00, 0x00, 0x00, 0x00, 0x00, 0x00, 0x00, 0x7E, 0xA2, 0x06, 0x84, /* 28784 ~ 28799 */
    0x60, 0xAE, 0x06, 0x84, 0x00, 0x00, 0x00, 0x00, 0x01, 0x00, 0x00, 0x00, 0x00, 0x00, 0x00, 0x00, /* 28800 ~ 28815 */
    0x00, 0x00, 0x00, 0x00, 0x00, 0x00, 0x00, 0x00, 0x7E, 0xA2, 0x06, 0x84, 0x88, 0xAE, 0x06, 0x84, /* 28816 ~ 28831 */
    0x00, 0x00, 0x00, 0x00, 0x01, 0x00, 0x00, 0x00, 0x00, 0x00, 0x00, 0x00, 0x00, 0x00, 0x00, 0x00, /* 28832 ~ 28847 */
    0x00, 0x00, 0x00, 0x00, 0x7E, 0xA2, 0x06, 0x84, 0x7C, 0xAE, 0x06, 0x84, 0x00, 0x00, 0x00, 0x00, /* 28848 ~ 28863 */
    0x01, 0x00, 0x00, 0x00, 0x00, 0x00, 0x00, 0x00, 0x00, 0x00, 0x00, 0x00, 0x00, 0x00, 0x00, 0x00, /* 28864 ~ 28879 */
    0x7E, 0xA2, 0x06, 0x84, 0x94, 0xAE, 0x06, 0x84, 0x00, 0x00, 0x00, 0x00, 0x01, 0x00, 0x00, 0x00, /* 28880 ~ 28895 */
    0x00, 0x00, 0x00, 0x00, 0x00, 0x00, 0x00, 0x00, 0x00, 0x00, 0x00, 0x00, 0x7E, 0xA2, 0x06, 0x84, /* 28896 ~ 28911 */
    0x54, 0xAE, 0x06, 0x84, 0x00, 0x00, 0x00, 0x00, 0x01, 0x00, 0x00, 0x00, 0x00, 0x00, 0x00, 0x00, /* 28912 ~ 28927 */
    0x00, 0x00, 0x00, 0x00, 0x00, 0x00, 0x00, 0x00, 0x7E, 0xA2, 0x06, 0x84, 0x48, 0xAE, 0x06, 0x84, /* 28928 ~ 28943 */
    0x00, 0x00, 0x00, 0x00, 0x01, 0x00, 0x00, 0x00, 0x00, 0x00, 0x00, 0x00, 0x00, 0x00, 0x00, 0x00, /* 28944 ~ 28959 */
    0x00, 0x00, 0x00, 0x00, 0x7E, 0xA2, 0x06, 0x84, 0x74, 0xAE, 0x06, 0x84, 0x00, 0x00, 0x00, 0x00, /* 28960 ~ 28975 */
    0x01, 0x00, 0x00, 0x00, 0x00, 0x00, 0x00, 0x00, 0x00, 0x00, 0x00, 0x00, 0x00, 0x00, 0x00, 0x00, /* 28976 ~ 28991 */
    0x7E, 0xA2, 0x06, 0x84, 0xD4, 0xAE, 0x06, 0x84, 0x00, 0x00, 0x00, 0x00, 0x01, 0x00, 0x00, 0x00, /* 28992 ~ 29007 */
    0x00, 0x00, 0x00, 0x00, 0x00, 0x00, 0x00, 0x00, 0x00, 0x00, 0x00, 0x00, 0x7E, 0xA2, 0x06, 0x84, /* 29008 ~ 29023 */
    0xFF, 0x00, 0x00, 0x00, 0x10, 0x27, 0x00, 0x00, 0xFF, 0x00, 0x00, 0x00, 0xF8, 0xEB, 0x00, 0x04, /* 29024 ~ 29039 */
    0x08, 0x00, 0x00, 0x00, 0x07, 0x00, 0x00, 0x00, 0x02, 0x00, 0x00, 0x00, 0x02, 0x00, 0x00, 0x00, /* 29040 ~ 29055 */
    0xFF, 0xFF, 0xFF, 0xFF, 0xFF, 0xFF, 0xFF, 0xFF, 0x02, 0x00, 0x00, 0x00, 0x02, 0x00, 0x00, 0x00, /* 29056 ~ 29071 */
    0x00, 0x00, 0x0B, 0x42, 0x0A, 0x0A, 0x01, 0x00, 0xD8, 0xE9, 0x00, 0x04, 0xDC, 0xEA, 0x00, 0x04, /* 29072 ~ 29087 */
    0x08, 0xEB, 0x00, 0x04, 0x01, 0x01, 0x01, 0x00, 0xE4, 0x02, 0x01, 0x04, 0x26, 0x57, 0x06, 0x84, /* 29088 ~ 29103 */
    0x70, 0x58, 0x06, 0x84, 0x68, 0x55, 0x06, 0x84, 0x00, 0x00, 0x00, 0x00, 0xFF, 0xFF, 0x00, 0x00, /* 29104 ~ 29119 */
    0x9C, 0xAE, 0x06, 0x84, 0xA4, 0xAE, 0x06, 0x84, 0xAC, 0xAE, 0x06, 0x84, 0xB4, 0xAE, 0x06, 0x84, /* 29120 ~ 29135 */
    0xBC, 0xAE, 0x06, 0x84, 0xC4, 0xAE, 0x06, 0x84, 0xCC, 0xAE, 0x06, 0x84, 0x10, 0x01, 0x27, 0x42, /* 29136 ~ 29151 */
    0x10, 0x02, 0x27, 0x42, 0x10, 0x01, 0x28, 0x42, 0x10, 0x02, 0x28, 0x42, 0x10, 0x01, 0x29, 0x42, /* 29152 ~ 29167 */
    0x10, 0x02, 0x29, 0x42, 0x00, 0x00, 0x14, 0x42, /* 29168 ~ 29175 */
};

__attribute__((section(".riscv_scenario" "." "0" "." "mouse_ref_design" "." "hid_ref_mouse_m20_pro")))
const riscv_scenario_info_t riscv_firmware_0_mouse_ref_design_hid_ref_mouse_m20_pro =
{
    .firmware_load_addr = (uint32_t)(&riscv_firmware[0]),
    .firmware_len = 29176,
};